$MeshFormat
4.1 0 8
$EndMeshFormat
$PhysicalNames
9
0 9 "anchor"
2 3 "xmin"
2 4 "xmax"
2 5 "ymin"
2 6 "ymax"
2 7 "zmin"
2 8 "zmax"
3 1 "matrix"
3 2 "core"
$EndPhysicalNames
$Entities
64 144 108 27
1 0 0 0 1 9 
2 0 0 0.25 0 
3 0 0.25 0.25 0 
4 0 0.25 0 0 
5 0.25 0 0 0 
6 0.25 0 0.25 0 
7 0.25 0.25 0.25 0 
8 0.25 0.25 0 0 
9 0 0 0.75 0 
10 0 0.25 0.75 0 
11 0.25 0 0.75 0 
12 0.25 0.25 0.75 0 
13 0 0 1 0 
14 0 0.25 1 0 
15 0.25 0 1 0 
16 0.25 0.25 1 0 
17 0 0.75 0.25 0 
18 0 0.75 0 0 
19 0.25 0.75 0.25 0 
20 0.25 0.75 0 0 
21 0 0.75 0.75 0 
22 0.25 0.75 0.75 0 
23 0 0.75 1 0 
24 0.25 0.75 1 0 
25 0 1 0.25 0 
26 0 1 0 0 
27 0.25 1 0.25 0 
28 0.25 1 0 0 
29 0 1 0.75 0 
30 0.25 1 0.75 0 
31 0 1 1 0 
32 0.25 1 1 0 
33 0.75 0 0 0 
34 0.75 0 0.25 0 
35 0.75 0.25 0.25 0 
36 0.75 0.25 0 0 
37 0.75 0 0.75 0 
38 0.75 0.25 0.75 0 
39 0.75 0 1 0 
40 0.75 0.25 1 0 
41 0.75 0.75 0.25 0 
42 0.75 0.75 0 0 
43 0.75 0.75 0.75 0 
44 0.75 0.75 1 0 
45 0.75 1 0.25 0 
46 0.75 1 0 0 
47 0.75 1 0.75 0 
48 0.75 1 1 0 
49 1 0 0 0 
50 1 0 0.25 0 
51 1 0.25 0.25 0 
52 1 0.25 0 0 
53 1 0 0.75 0 
54 1 0.25 0.75 0 
55 1 0 1 0 
56 1 0.25 1 0 
57 1 0.75 0.25 0 
58 1 0.75 0 0 
59 1 0.75 0.75 0 
60 1 0.75 1 0 
61 1 1 0.25 0 
62 1 1 0 0 
63 1 1 0.75 0 
64 1 1 1 0 
1 -1e-07 -1e-07 -1.000000000028756e-07 1e-07 1e-07 0.2500001 0 2 1 -2 
2 -1e-07 -1.000000000028756e-07 0.2499999 1e-07 0.2500001 0.2500001 0 2 2 -3 
3 -1e-07 0.2499999 -1.000000000028756e-07 1e-07 0.2500001 0.2500001 0 2 4 -3 
4 -1e-07 -1.000000000028756e-07 -1e-07 1e-07 0.2500001 1e-07 0 2 1 -4 
5 0.2499999 -1e-07 -1.000000000028756e-07 0.2500001 1e-07 0.2500001 0 2 5 -6 
6 0.2499999 -1.000000000028756e-07 0.2499999 0.2500001 0.2500001 0.2500001 0 2 6 -7 
7 0.2499999 0.2499999 -1.000000000028756e-07 0.2500001 0.2500001 0.2500001 0 2 8 -7 
8 0.2499999 -1.000000000028756e-07 -1e-07 0.2500001 0.2500001 1e-07 0 2 5 -8 
9 -1.000000000028756e-07 -1e-07 -1e-07 0.2500001 1e-07 1e-07 0 2 1 -5 
10 -1.000000000028756e-07 -1e-07 0.2499999 0.2500001 1e-07 0.2500001 0 2 2 -6 
11 -1.000000000028756e-07 0.2499999 -1e-07 0.2500001 0.2500001 1e-07 0 2 4 -8 
12 -1.000000000028756e-07 0.2499999 0.2499999 0.2500001 0.2500001 0.2500001 0 2 3 -7 
13 -1e-07 -1e-07 0.2499999 1e-07 1e-07 0.7500000999999999 0 2 2 -9 
14 -1e-07 -1.000000000028756e-07 0.7499999000000001 1e-07 0.2500001 0.7500000999999999 0 2 9 -10 
15 -1e-07 0.2499999 0.2499999 1e-07 0.2500001 0.7500000999999999 0 2 3 -10 
16 0.2499999 -1e-07 0.2499999 0.2500001 1e-07 0.7500000999999999 0 2 6 -11 
17 0.2499999 -1.000000000028756e-07 0.7499999000000001 0.2500001 0.2500001 0.7500000999999999 0 2 11 -12 
18 0.2499999 0.2499999 0.2499999 0.2500001 0.2500001 0.7500000999999999 0 2 7 -12 
19 -1.000000000028756e-07 -1e-07 0.7499999000000001 0.2500001 1e-07 0.7500000999999999 0 2 9 -11 
20 -1.000000000028756e-07 0.2499999 0.7499999000000001 0.2500001 0.2500001 0.7500000999999999 0 2 10 -12 
21 -1e-07 -1e-07 0.7499999000000001 1e-07 1e-07 1.0000001 0 2 9 -13 
22 -1e-07 -1.000000000028756e-07 0.9999999000000001 1e-07 0.2500001 1.0000001 0 2 13 -14 
23 -1e-07 0.2499999 0.7499999000000001 1e-07 0.2500001 1.0000001 0 2 10 -14 
24 0.2499999 -1e-07 0.7499999000000001 0.2500001 1e-07 1.0000001 0 2 11 -15 
25 0.2499999 -1.000000000028756e-07 0.9999999000000001 0.2500001 0.2500001 1.0000001 0 2 15 -16 
26 0.2499999 0.2499999 0.7499999000000001 0.2500001 0.2500001 1.0000001 0 2 12 -16 
27 -1.000000000028756e-07 -1e-07 0.9999999000000001 0.2500001 1e-07 1.0000001 0 2 13 -15 
28 -1.000000000028756e-07 0.2499999 0.9999999000000001 0.2500001 0.2500001 1.0000001 0 2 14 -16 
29 -1e-07 0.2499999 0.2499999 1e-07 0.7500000999999999 0.2500001 0 2 3 -17 
30 -1e-07 0.7499999000000001 -1.000000000028756e-07 1e-07 0.7500000999999999 0.2500001 0 2 18 -17 
31 -1e-07 0.2499999 -1e-07 1e-07 0.7500000999999999 1e-07 0 2 4 -18 
32 0.2499999 0.2499999 0.2499999 0.2500001 0.7500000999999999 0.2500001 0 2 7 -19 
33 0.2499999 0.7499999000000001 -1.000000000028756e-07 0.2500001 0.7500000999999999 0.2500001 0 2 20 -19 
34 0.2499999 0.2499999 -1e-07 0.2500001 0.7500000999999999 1e-07 0 2 8 -20 
35 -1.000000000028756e-07 0.7499999000000001 -1e-07 0.2500001 0.7500000999999999 1e-07 0 2 18 -20 
36 -1.000000000028756e-07 0.7499999000000001 0.2499999 0.2500001 0.7500000999999999 0.2500001 0 2 17 -19 
37 -1e-07 0.2499999 0.7499999000000001 1e-07 0.7500000999999999 0.7500000999999999 0 2 10 -21 
38 -1e-07 0.7499999000000001 0.2499999 1e-07 0.7500000999999999 0.7500000999999999 0 2 17 -21 
39 0.2499999 0.2499999 0.7499999000000001 0.2500001 0.7500000999999999 0.7500000999999999 0 2 12 -22 
40 0.2499999 0.7499999000000001 0.2499999 0.2500001 0.7500000999999999 0.7500000999999999 0 2 19 -22 
41 -1.000000000028756e-07 0.7499999000000001 0.7499999000000001 0.2500001 0.7500000999999999 0.7500000999999999 0 2 21 -22 
42 -1e-07 0.2499999 0.9999999000000001 1e-07 0.7500000999999999 1.0000001 0 2 14 -23 
43 -1e-07 0.7499999000000001 0.7499999000000001 1e-07 0.7500000999999999 1.0000001 0 2 21 -23 
44 0.2499999 0.2499999 0.9999999000000001 0.2500001 0.7500000999999999 1.0000001 0 2 16 -24 
45 0.2499999 0.7499999000000001 0.7499999000000001 0.2500001 0.7500000999999999 1.0000001 0 2 22 -24 
46 -1.000000000028756e-07 0.7499999000000001 0.9999999000000001 0.2500001 0.7500000999999999 1.0000001 0 2 23 -24 
47 -1e-07 0.7499999000000001 0.2499999 1e-07 1.0000001 0.2500001 0 2 17 -25 
48 -1e-07 0.9999999000000001 -1.000000000028756e-07 1e-07 1.0000001 0.2500001 0 2 26 -25 
49 -1e-07 0.7499999000000001 -1e-07 1e-07 1.0000001 1e-07 0 2 18 -26 
50 0.2499999 0.7499999000000001 0.2499999 0.2500001 1.0000001 0.2500001 0 2 19 -27 
51 0.2499999 0.9999999000000001 -1.000000000028756e-07 0.2500001 1.0000001 0.2500001 0 2 28 -27 
52 0.2499999 0.7499999000000001 -1e-07 0.2500001 1.0000001 1e-07 0 2 20 -28 
53 -1.000000000028756e-07 0.9999999000000001 -1e-07 0.2500001 1.0000001 1e-07 0 2 26 -28 
54 -1.000000000028756e-07 0.9999999000000001 0.2499999 0.2500001 1.0000001 0.2500001 0 2 25 -27 
55 -1e-07 0.7499999000000001 0.7499999000000001 1e-07 1.0000001 0.7500000999999999 0 2 21 -29 
56 -1e-07 0.9999999000000001 0.2499999 1e-07 1.0000001 0.7500000999999999 0 2 25 -29 
57 0.2499999 0.7499999000000001 0.7499999000000001 0.2500001 1.0000001 0.7500000999999999 0 2 22 -30 
58 0.2499999 0.9999999000000001 0.2499999 0.2500001 1.0000001 0.7500000999999999 0 2 27 -30 
59 -1.000000000028756e-07 0.9999999000000001 0.7499999000000001 0.2500001 1.0000001 0.7500000999999999 0 2 29 -30 
60 -1e-07 0.7499999000000001 0.9999999000000001 1e-07 1.0000001 1.0000001 0 2 23 -31 
61 -1e-07 0.9999999000000001 0.7499999000000001 1e-07 1.0000001 1.0000001 0 2 29 -31 
62 0.2499999 0.7499999000000001 0.9999999000000001 0.2500001 1.0000001 1.0000001 0 2 24 -32 
63 0.2499999 0.9999999000000001 0.7499999000000001 0.2500001 1.0000001 1.0000001 0 2 30 -32 
64 -1.000000000028756e-07 0.9999999000000001 0.9999999000000001 0.2500001 1.0000001 1.0000001 0 2 31 -32 
65 0.7499999000000001 -1e-07 -1.000000000028756e-07 0.7500000999999999 1e-07 0.2500001 0 2 33 -34 
66 0.7499999000000001 -1.000000000028756e-07 0.2499999 0.7500000999999999 0.2500001 0.2500001 0 2 34 -35 
67 0.7499999000000001 0.2499999 -1.000000000028756e-07 0.7500000999999999 0.2500001 0.2500001 0 2 36 -35 
68 0.7499999000000001 -1.000000000028756e-07 -1e-07 0.7500000999999999 0.2500001 1e-07 0 2 33 -36 
69 0.2499999 -1e-07 -1e-07 0.7500000999999999 1e-07 1e-07 0 2 5 -33 
70 0.2499999 -1e-07 0.2499999 0.7500000999999999 1e-07 0.2500001 0 2 6 -34 
71 0.2499999 0.2499999 -1e-07 0.7500000999999999 0.2500001 1e-07 0 2 8 -36 
72 0.2499999 0.2499999 0.2499999 0.7500000999999999 0.2500001 0.2500001 0 2 7 -35 
73 0.7499999000000001 -1e-07 0.2499999 0.7500000999999999 1e-07 0.7500000999999999 0 2 34 -37 
74 0.7499999000000001 -1.000000000028756e-07 0.7499999000000001 0.7500000999999999 0.2500001 0.7500000999999999 0 2 37 -38 
75 0.7499999000000001 0.2499999 0.2499999 0.7500000999999999 0.2500001 0.7500000999999999 0 2 35 -38 
76 0.2499999 -1e-07 0.7499999000000001 0.7500000999999999 1e-07 0.7500000999999999 0 2 11 -37 
77 0.2499999 0.2499999 0.7499999000000001 0.7500000999999999 0.2500001 0.7500000999999999 0 2 12 -38 
78 0.7499999000000001 -1e-07 0.7499999000000001 0.7500000999999999 1e-07 1.0000001 0 2 37 -39 
79 0.7499999000000001 -1.000000000028756e-07 0.9999999000000001 0.7500000999999999 0.2500001 1.0000001 0 2 39 -40 
80 0.7499999000000001 0.2499999 0.7499999000000001 0.7500000999999999 0.2500001 1.0000001 0 2 38 -40 
81 0.2499999 -1e-07 0.9999999000000001 0.7500000999999999 1e-07 1.0000001 0 2 15 -39 
82 0.2499999 0.2499999 0.9999999000000001 0.7500000999999999 0.2500001 1.0000001 0 2 16 -40 
83 0.7499999000000001 0.2499999 0.2499999 0.7500000999999999 0.7500000999999999 0.2500001 0 2 35 -41 
84 0.7499999000000001 0.7499999000000001 -1.000000000028756e-07 0.7500000999999999 0.7500000999999999 0.2500001 0 2 42 -41 
85 0.7499999000000001 0.2499999 -1e-07 0.7500000999999999 0.7500000999999999 1e-07 0 2 36 -42 
86 0.2499999 0.7499999000000001 -1e-07 0.7500000999999999 0.7500000999999999 1e-07 0 2 20 -42 
87 0.2499999 0.7499999000000001 0.2499999 0.7500000999999999 0.7500000999999999 0.2500001 0 2 19 -41 
88 0.7499999000000001 0.2499999 0.7499999000000001 0.7500000999999999 0.7500000999999999 0.7500000999999999 0 2 38 -43 
89 0.7499999000000001 0.7499999000000001 0.2499999 0.7500000999999999 0.7500000999999999 0.7500000999999999 0 2 41 -43 
90 0.2499999 0.7499999000000001 0.7499999000000001 0.7500000999999999 0.7500000999999999 0.7500000999999999 0 2 22 -43 
91 0.7499999000000001 0.2499999 0.9999999000000001 0.7500000999999999 0.7500000999999999 1.0000001 0 2 40 -44 
92 0.7499999000000001 0.7499999000000001 0.7499999000000001 0.7500000999999999 0.7500000999999999 1.0000001 0 2 43 -44 
93 0.2499999 0.7499999000000001 0.9999999000000001 0.7500000999999999 0.7500000999999999 1.0000001 0 2 24 -44 
94 0.7499999000000001 0.7499999000000001 0.2499999 0.7500000999999999 1.0000001 0.2500001 0 2 41 -45 
95 0.7499999000000001 0.9999999000000001 -1.000000000028756e-07 0.7500000999999999 1.0000001 0.2500001 0 2 46 -45 
96 0.7499999000000001 0.7499999000000001 -1e-07 0.7500000999999999 1.0000001 1e-07 0 2 42 -46 
97 0.2499999 0.9999999000000001 -1e-07 0.7500000999999999 1.0000001 1e-07 0 2 28 -46 
98 0.2499999 0.9999999000000001 0.2499999 0.7500000999999999 1.0000001 0.2500001 0 2 27 -45 
99 0.7499999000000001 0.7499999000000001 0.7499999000000001 0.7500000999999999 1.0000001 0.7500000999999999 0 2 43 -47 
100 0.7499999000000001 0.9999999000000001 0.2499999 0.7500000999999999 1.0000001 0.7500000999999999 0 2 45 -47 
101 0.2499999 0.9999999000000001 0.7499999000000001 0.7500000999999999 1.0000001 0.7500000999999999 0 2 30 -47 
102 0.7499999000000001 0.7499999000000001 0.9999999000000001 0.7500000999999999 1.0000001 1.0000001 0 2 44 -48 
103 0.7499999000000001 0.9999999000000001 0.7499999000000001 0.7500000999999999 1.0000001 1.0000001 0 2 47 -48 
104 0.2499999 0.9999999000000001 0.9999999000000001 0.7500000999999999 1.0000001 1.0000001 0 2 32 -48 
105 0.9999999000000001 -1e-07 -1.000000000028756e-07 1.0000001 1e-07 0.2500001 0 2 49 -50 
106 0.9999999000000001 -1.000000000028756e-07 0.2499999 1.0000001 0.2500001 0.2500001 0 2 50 -51 
107 0.9999999000000001 0.2499999 -1.000000000028756e-07 1.0000001 0.2500001 0.2500001 0 2 52 -51 
108 0.9999999000000001 -1.000000000028756e-07 -1e-07 1.0000001 0.2500001 1e-07 0 2 49 -52 
109 0.7499999000000001 -1e-07 -1e-07 1.0000001 1e-07 1e-07 0 2 33 -49 
110 0.7499999000000001 -1e-07 0.2499999 1.0000001 1e-07 0.2500001 0 2 34 -50 
111 0.7499999000000001 0.2499999 -1e-07 1.0000001 0.2500001 1e-07 0 2 36 -52 
112 0.7499999000000001 0.2499999 0.2499999 1.0000001 0.2500001 0.2500001 0 2 35 -51 
113 0.9999999000000001 -1e-07 0.2499999 1.0000001 1e-07 0.7500000999999999 0 2 50 -53 
114 0.9999999000000001 -1.000000000028756e-07 0.7499999000000001 1.0000001 0.2500001 0.7500000999999999 0 2 53 -54 
115 0.9999999000000001 0.2499999 0.2499999 1.0000001 0.2500001 0.7500000999999999 0 2 51 -54 
116 0.7499999000000001 -1e-07 0.7499999000000001 1.0000001 1e-07 0.7500000999999999 0 2 37 -53 
117 0.7499999000000001 0.2499999 0.7499999000000001 1.0000001 0.2500001 0.7500000999999999 0 2 38 -54 
118 0.9999999000000001 -1e-07 0.7499999000000001 1.0000001 1e-07 1.0000001 0 2 53 -55 
119 0.9999999000000001 -1.000000000028756e-07 0.9999999000000001 1.0000001 0.2500001 1.0000001 0 2 55 -56 
120 0.9999999000000001 0.2499999 0.7499999000000001 1.0000001 0.2500001 1.0000001 0 2 54 -56 
121 0.7499999000000001 -1e-07 0.9999999000000001 1.0000001 1e-07 1.0000001 0 2 39 -55 
122 0.7499999000000001 0.2499999 0.9999999000000001 1.0000001 0.2500001 1.0000001 0 2 40 -56 
123 0.9999999000000001 0.2499999 0.2499999 1.0000001 0.7500000999999999 0.2500001 0 2 51 -57 
124 0.9999999000000001 0.7499999000000001 -1.000000000028756e-07 1.0000001 0.7500000999999999 0.2500001 0 2 58 -57 
125 0.9999999000000001 0.2499999 -1e-07 1.0000001 0.7500000999999999 1e-07 0 2 52 -58 
126 0.7499999000000001 0.7499999000000001 -1e-07 1.0000001 0.7500000999999999 1e-07 0 2 42 -58 
127 0.7499999000000001 0.7499999000000001 0.2499999 1.0000001 0.7500000999999999 0.2500001 0 2 41 -57 
128 0.9999999000000001 0.2499999 0.7499999000000001 1.0000001 0.7500000999999999 0.7500000999999999 0 2 54 -59 
129 0.9999999000000001 0.7499999000000001 0.2499999 1.0000001 0.7500000999999999 0.7500000999999999 0 2 57 -59 
130 0.7499999000000001 0.7499999000000001 0.7499999000000001 1.0000001 0.7500000999999999 0.7500000999999999 0 2 43 -59 
131 0.9999999000000001 0.2499999 0.9999999000000001 1.0000001 0.7500000999999999 1.0000001 0 2 56 -60 
132 0.9999999000000001 0.7499999000000001 0.7499999000000001 1.0000001 0.7500000999999999 1.0000001 0 2 59 -60 
133 0.7499999000000001 0.7499999000000001 0.9999999000000001 1.0000001 0.7500000999999999 1.0000001 0 2 44 -60 
134 0.9999999000000001 0.7499999000000001 0.2499999 1.0000001 1.0000001 0.2500001 0 2 57 -61 
135 0.9999999000000001 0.9999999000000001 -1.000000000028756e-07 1.0000001 1.0000001 0.2500001 0 2 62 -61 
136 0.9999999000000001 0.7499999000000001 -1e-07 1.0000001 1.0000001 1e-07 0 2 58 -62 
137 0.7499999000000001 0.9999999000000001 -1e-07 1.0000001 1.0000001 1e-07 0 2 46 -62 
138 0.7499999000000001 0.9999999000000001 0.2499999 1.0000001 1.0000001 0.2500001 0 2 45 -61 
139 0.9999999000000001 0.7499999000000001 0.7499999000000001 1.0000001 1.0000001 0.7500000999999999 0 2 59 -63 
140 0.9999999000000001 0.9999999000000001 0.2499999 1.0000001 1.0000001 0.7500000999999999 0 2 61 -63 
141 0.7499999000000001 0.9999999000000001 0.7499999000000001 1.0000001 1.0000001 0.7500000999999999 0 2 47 -63 
142 0.9999999000000001 0.7499999000000001 0.9999999000000001 1.0000001 1.0000001 1.0000001 0 2 60 -64 
143 0.9999999000000001 0.9999999000000001 0.7499999000000001 1.0000001 1.0000001 1.0000001 0 2 63 -64 
144 0.7499999000000001 0.9999999000000001 0.9999999000000001 1.0000001 1.0000001 1.0000001 0 2 48 -64 
1 -1e-07 -1.000000000028756e-07 -1.000000000028756e-07 1e-07 0.2500001 0.2500001 1 3 4 -1 4 3 -2 
2 0.2499999 -1.000000000028756e-07 -1.000000000028756e-07 0.2500001 0.2500001 0.2500001 0 4 -5 8 7 -6 
3 -1.000000000028756e-07 -1e-07 -1.000000000028756e-07 0.2500001 1e-07 0.2500001 1 5 4 -9 1 10 -5 
4 -1.000000000028756e-07 0.2499999 -1.000000000028756e-07 0.2500001 0.2500001 0.2500001 0 4 -11 3 12 -7 
5 -1.000000000028756e-07 -1.000000000028756e-07 -1e-07 0.2500001 0.2500001 1e-07 1 7 4 -4 9 8 -11 
6 -1.000000000028756e-07 -1.000000000028756e-07 0.2499999 0.2500001 0.2500001 0.2500001 0 4 -2 10 6 -12 
7 -1e-07 -1.000000000028756e-07 0.2499999 1e-07 0.2500001 0.7500000999999999 1 3 4 -13 2 15 -14 
8 0.2499999 -1.000000000028756e-07 0.2499999 0.2500001 0.2500001 0.7500000999999999 0 4 -16 6 18 -17 
9 -1.000000000028756e-07 -1e-07 0.2499999 0.2500001 1e-07 0.7500000999999999 1 5 4 -10 13 19 -16 
10 -1.000000000028756e-07 0.2499999 0.2499999 0.2500001 0.2500001 0.7500000999999999 0 4 -12 15 20 -18 
11 -1.000000000028756e-07 -1.000000000028756e-07 0.7499999000000001 0.2500001 0.2500001 0.7500000999999999 0 4 -14 19 17 -20 
12 -1e-07 -1.000000000028756e-07 0.7499999000000001 1e-07 0.2500001 1.0000001 1 3 4 -21 14 23 -22 
13 0.2499999 -1.000000000028756e-07 0.7499999000000001 0.2500001 0.2500001 1.0000001 0 4 -24 17 26 -25 
14 -1.000000000028756e-07 -1e-07 0.7499999000000001 0.2500001 1e-07 1.0000001 1 5 4 -19 21 27 -24 
15 -1.000000000028756e-07 0.2499999 0.7499999000000001 0.2500001 0.2500001 1.0000001 0 4 -20 23 28 -26 
16 -1.000000000028756e-07 -1.000000000028756e-07 0.9999999000000001 0.2500001 0.2500001 1.0000001 1 8 4 -22 27 25 -28 
17 -1e-07 0.2499999 -1.000000000028756e-07 1e-07 0.7500000999999999 0.2500001 1 3 4 -3 31 30 -29 
18 0.2499999 0.2499999 -1.000000000028756e-07 0.2500001 0.7500000999999999 0.2500001 0 4 -7 34 33 -32 
19 -1.000000000028756e-07 0.7499999000000001 -1.000000000028756e-07 0.2500001 0.7500000999999999 0.2500001 0 4 -35 30 36 -33 
20 -1.000000000028756e-07 0.2499999 -1e-07 0.2500001 0.7500000999999999 1e-07 1 7 4 -31 11 34 -35 
21 -1.000000000028756e-07 0.2499999 0.2499999 0.2500001 0.7500000999999999 0.2500001 0 4 -29 12 32 -36 
22 -1e-07 0.2499999 0.2499999 1e-07 0.7500000999999999 0.7500000999999999 1 3 4 -15 29 38 -37 
23 0.2499999 0.2499999 0.2499999 0.2500001 0.7500000999999999 0.7500000999999999 0 4 -18 32 40 -39 
24 -1.000000000028756e-07 0.7499999000000001 0.2499999 0.2500001 0.7500000999999999 0.7500000999999999 0 4 -36 38 41 -40 
25 -1.000000000028756e-07 0.2499999 0.7499999000000001 0.2500001 0.7500000999999999 0.7500000999999999 0 4 -37 20 39 -41 
26 -1e-07 0.2499999 0.7499999000000001 1e-07 0.7500000999999999 1.0000001 1 3 4 -23 37 43 -42 
27 0.2499999 0.2499999 0.7499999000000001 0.2500001 0.7500000999999999 1.0000001 0 4 -26 39 45 -44 
28 -1.000000000028756e-07 0.7499999000000001 0.7499999000000001 0.2500001 0.7500000999999999 1.0000001 0 4 -41 43 46 -45 
29 -1.000000000028756e-07 0.2499999 0.9999999000000001 0.2500001 0.7500000999999999 1.0000001 1 8 4 -42 28 44 -46 
30 -1e-07 0.7499999000000001 -1.000000000028756e-07 1e-07 1.0000001 0.2500001 1 3 4 -30 49 48 -47 
31 0.2499999 0.7499999000000001 -1.000000000028756e-07 0.2500001 1.0000001 0.2500001 0 4 -33 52 51 -50 
32 -1.000000000028756e-07 0.9999999000000001 -1.000000000028756e-07 0.2500001 1.0000001 0.2500001 1 6 4 -53 48 54 -51 
33 -1.000000000028756e-07 0.7499999000000001 -1e-07 0.2500001 1.0000001 1e-07 1 7 4 -49 35 52 -53 
34 -1.000000000028756e-07 0.7499999000000001 0.2499999 0.2500001 1.0000001 0.2500001 0 4 -47 36 50 -54 
35 -1e-07 0.7499999000000001 0.2499999 1e-07 1.0000001 0.7500000999999999 1 3 4 -38 47 56 -55 
36 0.2499999 0.7499999000000001 0.2499999 0.2500001 1.0000001 0.7500000999999999 0 4 -40 50 58 -57 
37 -1.000000000028756e-07 0.9999999000000001 0.2499999 0.2500001 1.0000001 0.7500000999999999 1 6 4 -54 56 59 -58 
38 -1.000000000028756e-07 0.7499999000000001 0.7499999000000001 0.2500001 1.0000001 0.7500000999999999 0 4 -55 41 57 -59 
39 -1e-07 0.7499999000000001 0.7499999000000001 1e-07 1.0000001 1.0000001 1 3 4 -43 55 61 -60 
40 0.2499999 0.7499999000000001 0.7499999000000001 0.2500001 1.0000001 1.0000001 0 4 -45 57 63 -62 
41 -1.000000000028756e-07 0.9999999000000001 0.7499999000000001 0.2500001 1.0000001 1.0000001 1 6 4 -59 61 64 -63 
42 -1.000000000028756e-07 0.7499999000000001 0.9999999000000001 0.2500001 1.0000001 1.0000001 1 8 4 -60 46 62 -64 
43 0.7499999000000001 -1.000000000028756e-07 -1.000000000028756e-07 0.7500000999999999 0.2500001 0.2500001 0 4 -65 68 67 -66 
44 0.2499999 -1e-07 -1.000000000028756e-07 0.7500000999999999 1e-07 0.2500001 1 5 4 -69 5 70 -65 
45 0.2499999 0.2499999 -1.000000000028756e-07 0.7500000999999999 0.2500001 0.2500001 0 4 -71 7 72 -67 
46 0.2499999 -1.000000000028756e-07 -1e-07 0.7500000999999999 0.2500001 1e-07 1 7 4 -8 69 68 -71 
47 0.2499999 -1.000000000028756e-07 0.2499999 0.7500000999999999 0.2500001 0.2500001 0 4 -6 70 66 -72 
48 0.7499999000000001 -1.000000000028756e-07 0.2499999 0.7500000999999999 0.2500001 0.7500000999999999 0 4 -73 66 75 -74 
49 0.2499999 -1e-07 0.2499999 0.7500000999999999 1e-07 0.7500000999999999 1 5 4 -70 16 76 -73 
50 0.2499999 0.2499999 0.2499999 0.7500000999999999 0.2500001 0.7500000999999999 0 4 -72 18 77 -75 
51 0.2499999 -1.000000000028756e-07 0.7499999000000001 0.7500000999999999 0.2500001 0.7500000999999999 0 4 -17 76 74 -77 
52 0.7499999000000001 -1.000000000028756e-07 0.7499999000000001 0.7500000999999999 0.2500001 1.0000001 0 4 -78 74 80 -79 
53 0.2499999 -1e-07 0.7499999000000001 0.7500000999999999 1e-07 1.0000001 1 5 4 -76 24 81 -78 
54 0.2499999 0.2499999 0.7499999000000001 0.7500000999999999 0.2500001 1.0000001 0 4 -77 26 82 -80 
55 0.2499999 -1.000000000028756e-07 0.9999999000000001 0.7500000999999999 0.2500001 1.0000001 1 8 4 -25 81 79 -82 
56 0.7499999000000001 0.2499999 -1.000000000028756e-07 0.7500000999999999 0.7500000999999999 0.2500001 0 4 -67 85 84 -83 
57 0.2499999 0.7499999000000001 -1.000000000028756e-07 0.7500000999999999 0.7500000999999999 0.2500001 0 4 -86 33 87 -84 
58 0.2499999 0.2499999 -1e-07 0.7500000999999999 0.7500000999999999 1e-07 1 7 4 -34 71 85 -86 
59 0.2499999 0.2499999 0.2499999 0.7500000999999999 0.7500000999999999 0.2500001 0 4 -32 72 83 -87 
60 0.7499999000000001 0.2499999 0.2499999 0.7500000999999999 0.7500000999999999 0.7500000999999999 0 4 -75 83 89 -88 
61 0.2499999 0.7499999000000001 0.2499999 0.7500000999999999 0.7500000999999999 0.7500000999999999 0 4 -87 40 90 -89 
62 0.2499999 0.2499999 0.7499999000000001 0.7500000999999999 0.7500000999999999 0.7500000999999999 0 4 -39 77 88 -90 
63 0.7499999000000001 0.2499999 0.7499999000000001 0.7500000999999999 0.7500000999999999 1.0000001 0 4 -80 88 92 -91 
64 0.2499999 0.7499999000000001 0.7499999000000001 0.7500000999999999 0.7500000999999999 1.0000001 0 4 -90 45 93 -92 
65 0.2499999 0.2499999 0.9999999000000001 0.7500000999999999 0.7500000999999999 1.0000001 1 8 4 -44 82 91 -93 
66 0.7499999000000001 0.7499999000000001 -1.000000000028756e-07 0.7500000999999999 1.0000001 0.2500001 0 4 -84 96 95 -94 
67 0.2499999 0.9999999000000001 -1.000000000028756e-07 0.7500000999999999 1.0000001 0.2500001 1 6 4 -97 51 98 -95 
68 0.2499999 0.7499999000000001 -1e-07 0.7500000999999999 1.0000001 1e-07 1 7 4 -52 86 96 -97 
69 0.2499999 0.7499999000000001 0.2499999 0.7500000999999999 1.0000001 0.2500001 0 4 -50 87 94 -98 
70 0.7499999000000001 0.7499999000000001 0.2499999 0.7500000999999999 1.0000001 0.7500000999999999 0 4 -89 94 100 -99 
71 0.2499999 0.9999999000000001 0.2499999 0.7500000999999999 1.0000001 0.7500000999999999 1 6 4 -98 58 101 -100 
72 0.2499999 0.7499999000000001 0.7499999000000001 0.7500000999999999 1.0000001 0.7500000999999999 0 4 -57 90 99 -101 
73 0.7499999000000001 0.7499999000000001 0.7499999000000001 0.7500000999999999 1.0000001 1.0000001 0 4 -92 99 103 -102 
74 0.2499999 0.9999999000000001 0.7499999000000001 0.7500000999999999 1.0000001 1.0000001 1 6 4 -101 63 104 -103 
75 0.2499999 0.7499999000000001 0.9999999000000001 0.7500000999999999 1.0000001 1.0000001 1 8 4 -62 93 102 -104 
76 0.9999999000000001 -1.000000000028756e-07 -1.000000000028756e-07 1.0000001 0.2500001 0.2500001 1 4 4 -105 108 107 -106 
77 0.7499999000000001 -1e-07 -1.000000000028756e-07 1.0000001 1e-07 0.2500001 1 5 4 -109 65 110 -105 
78 0.7499999000000001 0.2499999 -1.000000000028756e-07 1.0000001 0.2500001 0.2500001 0 4 -111 67 112 -107 
79 0.7499999000000001 -1.000000000028756e-07 -1e-07 1.0000001 0.2500001 1e-07 1 7 4 -68 109 108 -111 
80 0.7499999000000001 -1.000000000028756e-07 0.2499999 1.0000001 0.2500001 0.2500001 0 4 -66 110 106 -112 
81 0.9999999000000001 -1.000000000028756e-07 0.2499999 1.0000001 0.2500001 0.7500000999999999 1 4 4 -113 106 115 -114 
82 0.7499999000000001 -1e-07 0.2499999 1.0000001 1e-07 0.7500000999999999 1 5 4 -110 73 116 -113 
83 0.7499999000000001 0.2499999 0.2499999 1.0000001 0.2500001 0.7500000999999999 0 4 -112 75 117 -115 
84 0.7499999000000001 -1.000000000028756e-07 0.7499999000000001 1.0000001 0.2500001 0.7500000999999999 0 4 -74 116 114 -117 
85 0.9999999000000001 -1.000000000028756e-07 0.7499999000000001 1.0000001 0.2500001 1.0000001 1 4 4 -118 114 120 -119 
86 0.7499999000000001 -1e-07 0.7499999000000001 1.0000001 1e-07 1.0000001 1 5 4 -116 78 121 -118 
87 0.7499999000000001 0.2499999 0.7499999000000001 1.0000001 0.2500001 1.0000001 0 4 -117 80 122 -120 
88 0.7499999000000001 -1.000000000028756e-07 0.9999999000000001 1.0000001 0.2500001 1.0000001 1 8 4 -79 121 119 -122 
89 0.9999999000000001 0.2499999 -1.000000000028756e-07 1.0000001 0.7500000999999999 0.2500001 1 4 4 -107 125 124 -123 
90 0.7499999000000001 0.7499999000000001 -1.000000000028756e-07 1.0000001 0.7500000999999999 0.2500001 0 4 -126 84 127 -124 
91 0.7499999000000001 0.2499999 -1e-07 1.0000001 0.7500000999999999 1e-07 1 7 4 -85 111 125 -126 
92 0.7499999000000001 0.2499999 0.2499999 1.0000001 0.7500000999999999 0.2500001 0 4 -83 112 123 -127 
93 0.9999999000000001 0.2499999 0.2499999 1.0000001 0.7500000999999999 0.7500000999999999 1 4 4 -115 123 129 -128 
94 0.7499999000000001 0.7499999000000001 0.2499999 1.0000001 0.7500000999999999 0.7500000999999999 0 4 -127 89 130 -129 
95 0.7499999000000001 0.2499999 0.7499999000000001 1.0000001 0.7500000999999999 0.7500000999999999 0 4 -88 117 128 -130 
96 0.9999999000000001 0.2499999 0.7499999000000001 1.0000001 0.7500000999999999 1.0000001 1 4 4 -120 128 132 -131 
97 0.7499999000000001 0.7499999000000001 0.7499999000000001 1.0000001 0.7500000999999999 1.0000001 0 4 -130 92 133 -132 
98 0.7499999000000001 0.2499999 0.9999999000000001 1.0000001 0.7500000999999999 1.0000001 1 8 4 -91 122 131 -133 
99 0.9999999000000001 0.7499999000000001 -1.000000000028756e-07 1.0000001 1.0000001 0.2500001 1 4 4 -124 136 135 -134 
100 0.7499999000000001 0.9999999000000001 -1.000000000028756e-07 1.0000001 1.0000001 0.2500001 1 6 4 -137 95 138 -135 
101 0.7499999000000001 0.7499999000000001 -1e-07 1.0000001 1.0000001 1e-07 1 7 4 -96 126 136 -137 
102 0.7499999000000001 0.7499999000000001 0.2499999 1.0000001 1.0000001 0.2500001 0 4 -94 127 134 -138 
103 0.9999999000000001 0.7499999000000001 0.2499999 1.0000001 1.0000001 0.7500000999999999 1 4 4 -129 134 140 -139 
104 0.7499999000000001 0.9999999000000001 0.2499999 1.0000001 1.0000001 0.7500000999999999 1 6 4 -138 100 141 -140 
105 0.7499999000000001 0.7499999000000001 0.7499999000000001 1.0000001 1.0000001 0.7500000999999999 0 4 -99 130 139 -141 
106 0.9999999000000001 0.7499999000000001 0.7499999000000001 1.0000001 1.0000001 1.0000001 1 4 4 -132 139 143 -142 
107 0.7499999000000001 0.9999999000000001 0.7499999000000001 1.0000001 1.0000001 1.0000001 1 6 4 -141 103 144 -143 
108 0.7499999000000001 0.7499999000000001 0.9999999000000001 1.0000001 1.0000001 1.0000001 1 8 4 -102 133 142 -144 
1 -1.000000000028756e-07 -1.000000000028756e-07 -1.000000000028756e-07 0.2500001 0.2500001 0.2500001 1 1 6 -1 2 -3 4 -5 6 
2 -1.000000000028756e-07 -1.000000000028756e-07 0.2499999 0.2500001 0.2500001 0.7500000999999999 1 1 6 -7 8 -9 10 -6 11 
3 -1.000000000028756e-07 -1.000000000028756e-07 0.7499999000000001 0.2500001 0.2500001 1.0000001 1 1 6 -12 13 -14 15 -11 16 
4 -1.000000000028756e-07 0.2499999 -1.000000000028756e-07 0.2500001 0.7500000999999999 0.2500001 1 1 6 -17 18 -4 19 -20 21 
5 -1.000000000028756e-07 0.2499999 0.2499999 0.2500001 0.7500000999999999 0.7500000999999999 1 1 6 -22 23 -10 24 -21 25 
6 -1.000000000028756e-07 0.2499999 0.7499999000000001 0.2500001 0.7500000999999999 1.0000001 1 1 6 -26 27 -15 28 -25 29 
7 -1.000000000028756e-07 0.7499999000000001 -1.000000000028756e-07 0.2500001 1.0000001 0.2500001 1 1 6 -30 31 -19 32 -33 34 
8 -1.000000000028756e-07 0.7499999000000001 0.2499999 0.2500001 1.0000001 0.7500000999999999 1 1 6 -35 36 -24 37 -34 38 
9 -1.000000000028756e-07 0.7499999000000001 0.7499999000000001 0.2500001 1.0000001 1.0000001 1 1 6 -39 40 -28 41 -38 42 
10 0.2499999 -1.000000000028756e-07 -1.000000000028756e-07 0.7500000999999999 0.2500001 0.2500001 1 1 6 -2 43 -44 45 -46 47 
11 0.2499999 -1.000000000028756e-07 0.2499999 0.7500000999999999 0.2500001 0.7500000999999999 1 1 6 -8 48 -49 50 -47 51 
12 0.2499999 -1.000000000028756e-07 0.7499999000000001 0.7500000999999999 0.2500001 1.0000001 1 1 6 -13 52 -53 54 -51 55 
13 0.2499999 0.2499999 -1.000000000028756e-07 0.7500000999999999 0.7500000999999999 0.2500001 1 1 6 -18 56 -45 57 -58 59 
14 0.2499999 0.2499999 0.2499999 0.7500000999999999 0.7500000999999999 0.7500000999999999 1 2 6 -23 60 -50 61 -59 62 
15 0.2499999 0.2499999 0.7499999000000001 0.7500000999999999 0.7500000999999999 1.0000001 1 1 6 -27 63 -54 64 -62 65 
16 0.2499999 0.7499999000000001 -1.000000000028756e-07 0.7500000999999999 1.0000001 0.2500001 1 1 6 -31 66 -57 67 -68 69 
17 0.2499999 0.7499999000000001 0.2499999 0.7500000999999999 1.0000001 0.7500000999999999 1 1 6 -36 70 -61 71 -69 72 
18 0.2499999 0.7499999000000001 0.7499999000000001 0.7500000999999999 1.0000001 1.0000001 1 1 6 -40 73 -64 74 -72 75 
19 0.7499999000000001 -1.000000000028756e-07 -1.000000000028756e-07 1.0000001 0.2500001 0.2500001 1 1 6 -43 76 -77 78 -79 80 
20 0.7499999000000001 -1.000000000028756e-07 0.2499999 1.0000001 0.2500001 0.7500000999999999 1 1 6 -48 81 -82 83 -80 84 
21 0.7499999000000001 -1.000000000028756e-07 0.7499999000000001 1.0000001 0.2500001 1.0000001 1 1 6 -52 85 -86 87 -84 88 
22 0.7499999000000001 0.2499999 -1.000000000028756e-07 1.0000001 0.7500000999999999 0.2500001 1 1 6 -56 89 -78 90 -91 92 
23 0.7499999000000001 0.2499999 0.2499999 1.0000001 0.7500000999999999 0.7500000999999999 1 1 6 -60 93 -83 94 -92 95 
24 0.7499999000000001 0.2499999 0.7499999000000001 1.0000001 0.7500000999999999 1.0000001 1 1 6 -63 96 -87 97 -95 98 
25 0.7499999000000001 0.7499999000000001 -1.000000000028756e-07 1.0000001 1.0000001 0.2500001 1 1 6 -66 99 -90 100 -101 102 
26 0.7499999000000001 0.7499999000000001 0.2499999 1.0000001 1.0000001 0.7500000999999999 1 1 6 -70 103 -94 104 -102 105 
27 0.7499999000000001 0.7499999000000001 0.7499999000000001 1.0000001 1.0000001 1.0000001 1 1 6 -73 106 -97 107 -105 108 
$EndEntities
$Nodes
343 4913 1 4913
0 1 0 1
1
0 0 0
0 2 0 1
2
0 0 0.25
0 3 0 1
3
0 0.25 0.25
0 4 0 1
4
0 0.25 0
0 5 0 1
5
0.25 0 0
0 6 0 1
6
0.25 0 0.25
0 7 0 1
7
0.25 0.25 0.25
0 8 0 1
8
0.25 0.25 0
0 9 0 1
9
0 0 0.75
0 10 0 1
10
0 0.25 0.75
0 11 0 1
11
0.25 0 0.75
0 12 0 1
12
0.25 0.25 0.75
0 13 0 1
13
0 0 1
0 14 0 1
14
0 0.25 1
0 15 0 1
15
0.25 0 1
0 16 0 1
16
0.25 0.25 1
0 17 0 1
17
0 0.75 0.25
0 18 0 1
18
0 0.75 0
0 19 0 1
19
0.25 0.75 0.25
0 20 0 1
20
0.25 0.75 0
0 21 0 1
21
0 0.75 0.75
0 22 0 1
22
0.25 0.75 0.75
0 23 0 1
23
0 0.75 1
0 24 0 1
24
0.25 0.75 1
0 25 0 1
25
0 1 0.25
0 26 0 1
26
0 1 0
0 27 0 1
27
0.25 1 0.25
0 28 0 1
28
0.25 1 0
0 29 0 1
29
0 1 0.75
0 30 0 1
30
0.25 1 0.75
0 31 0 1
31
0 1 1
0 32 0 1
32
0.25 1 1
0 33 0 1
33
0.75 0 0
0 34 0 1
34
0.75 0 0.25
0 35 0 1
35
0.75 0.25 0.25
0 36 0 1
36
0.75 0.25 0
0 37 0 1
37
0.75 0 0.75
0 38 0 1
38
0.75 0.25 0.75
0 39 0 1
39
0.75 0 1
0 40 0 1
40
0.75 0.25 1
0 41 0 1
41
0.75 0.75 0.25
0 42 0 1
42
0.75 0.75 0
0 43 0 1
43
0.75 0.75 0.75
0 44 0 1
44
0.75 0.75 1
0 45 0 1
45
0.75 1 0.25
0 46 0 1
46
0.75 1 0
0 47 0 1
47
0.75 1 0.75
0 48 0 1
48
0.75 1 1
0 49 0 1
49
1 0 0
0 50 0 1
50
1 0 0.25
0 51 0 1
51
1 0.25 0.25
0 52 0 1
52
1 0.25 0
0 53 0 1
53
1 0 0.75
0 54 0 1
54
1 0.25 0.75
0 55 0 1
55
1 0 1
0 56 0 1
56
1 0.25 1
0 57 0 1
57
1 0.75 0.25
0 58 0 1
58
1 0.75 0
0 59 0 1
59
1 0.75 0.75
0 60 0 1
60
1 0.75 1
0 61 0 1
61
1 1 0.25
0 62 0 1
62
1 1 0
0 63 0 1
63
1 1 0.75
0 64 0 1
64
1 1 1
1 1 0 3
65
66
67
0 0 0.0625
0 0 0.125
0 0 0.1875
1 2 0 3
68
69
70
0 0.0625 0.25
0 0.125 0.25
0 0.1875 0.25
1 3 0 3
71
72
73
0 0.25 0.0625
0 0.25 0.125
0 0.25 0.1875
1 4 0 3
74
75
76
0 0.0625 0
0 0.125 0
0 0.1875 0
1 5 0 3
77
78
79
0.25 0 0.0625
0.25 0 0.125
0.25 0 0.1875
1 6 0 3
80
81
82
0.25 0.0625 0.25
0.25 0.125 0.25
0.25 0.1875 0.25
1 7 0 3
83
84
85
0.25 0.25 0.0625
0.25 0.25 0.125
0.25 0.25 0.1875
1 8 0 3
86
87
88
0.25 0.0625 0
0.25 0.125 0
0.25 0.1875 0
1 9 0 3
89
90
91
0.0625 0 0
0.125 0 0
0.1875 0 0
1 10 0 3
92
93
94
0.0625 0 0.25
0.125 0 0.25
0.1875 0 0.25
1 11 0 3
95
96
97
0.0625 0.25 0
0.125 0.25 0
0.1875 0.25 0
1 12 0 3
98
99
100
0.0625 0.25 0.25
0.125 0.25 0.25
0.1875 0.25 0.25
1 13 0 7
101
102
103
104
105
106
107
0 0 0.3125
0 0 0.375
0 0 0.4375
0 0 0.5
0 0 0.5625
0 0 0.625
0 0 0.6875
1 14 0 3
108
109
110
0 0.0625 0.75
0 0.125 0.75
0 0.1875 0.75
1 15 0 7
111
112
113
114
115
116
117
0 0.25 0.3125
0 0.25 0.375
0 0.25 0.4375
0 0.25 0.5
0 0.25 0.5625
0 0.25 0.625
0 0.25 0.6875
1 16 0 7
118
119
120
121
122
123
124
0.25 0 0.3125
0.25 0 0.375
0.25 0 0.4375
0.25 0 0.5
0.25 0 0.5625
0.25 0 0.625
0.25 0 0.6875
1 17 0 3
125
126
127
0.25 0.0625 0.75
0.25 0.125 0.75
0.25 0.1875 0.75
1 18 0 7
128
129
130
131
132
133
134
0.25 0.25 0.3125
0.25 0.25 0.375
0.25 0.25 0.4375
0.25 0.25 0.5
0.25 0.25 0.5625
0.25 0.25 0.625
0.25 0.25 0.6875
1 19 0 3
135
136
137
0.0625 0 0.75
0.125 0 0.75
0.1875 0 0.75
1 20 0 3
138
139
140
0.0625 0.25 0.75
0.125 0.25 0.75
0.1875 0.25 0.75
1 21 0 3
141
142
143
0 0 0.8125
0 0 0.875
0 0 0.9375
1 22 0 3
144
145
146
0 0.0625 1
0 0.125 1
0 0.1875 1
1 23 0 3
147
148
149
0 0.25 0.8125
0 0.25 0.875
0 0.25 0.9375
1 24 0 3
150
151
152
0.25 0 0.8125
0.25 0 0.875
0.25 0 0.9375
1 25 0 3
153
154
155
0.25 0.0625 1
0.25 0.125 1
0.25 0.1875 1
1 26 0 3
156
157
158
0.25 0.25 0.8125
0.25 0.25 0.875
0.25 0.25 0.9375
1 27 0 3
159
160
161
0.0625 0 1
0.125 0 1
0.1875 0 1
1 28 0 3
162
163
164
0.0625 0.25 1
0.125 0.25 1
0.1875 0.25 1
1 29 0 7
165
166
167
168
169
170
171
0 0.3125 0.25
0 0.375 0.25
0 0.4375 0.25
0 0.5 0.25
0 0.5625 0.25
0 0.625 0.25
0 0.6875 0.25
1 30 0 3
172
173
174
0 0.75 0.0625
0 0.75 0.125
0 0.75 0.1875
1 31 0 7
175
176
177
178
179
180
181
0 0.3125 0
0 0.375 0
0 0.4375 0
0 0.5 0
0 0.5625 0
0 0.625 0
0 0.6875 0
1 32 0 7
182
183
184
185
186
187
188
0.25 0.3125 0.25
0.25 0.375 0.25
0.25 0.4375 0.25
0.25 0.5 0.25
0.25 0.5625 0.25
0.25 0.625 0.25
0.25 0.6875 0.25
1 33 0 3
189
190
191
0.25 0.75 0.0625
0.25 0.75 0.125
0.25 0.75 0.1875
1 34 0 7
192
193
194
195
196
197
198
0.25 0.3125 0
0.25 0.375 0
0.25 0.4375 0
0.25 0.5 0
0.25 0.5625 0
0.25 0.625 0
0.25 0.6875 0
1 35 0 3
199
200
201
0.0625 0.75 0
0.125 0.75 0
0.1875 0.75 0
1 36 0 3
202
203
204
0.0625 0.75 0.25
0.125 0.75 0.25
0.1875 0.75 0.25
1 37 0 7
205
206
207
208
209
210
211
0 0.3125 0.75
0 0.375 0.75
0 0.4375 0.75
0 0.5 0.75
0 0.5625 0.75
0 0.625 0.75
0 0.6875 0.75
1 38 0 7
212
213
214
215
216
217
218
0 0.75 0.3125
0 0.75 0.375
0 0.75 0.4375
0 0.75 0.5
0 0.75 0.5625
0 0.75 0.625
0 0.75 0.6875
1 39 0 7
219
220
221
222
223
224
225
0.25 0.3125 0.75
0.25 0.375 0.75
0.25 0.4375 0.75
0.25 0.5 0.75
0.25 0.5625 0.75
0.25 0.625 0.75
0.25 0.6875 0.75
1 40 0 7
226
227
228
229
230
231
232
0.25 0.75 0.3125
0.25 0.75 0.375
0.25 0.75 0.4375
0.25 0.75 0.5
0.25 0.75 0.5625
0.25 0.75 0.625
0.25 0.75 0.6875
1 41 0 3
233
234
235
0.0625 0.75 0.75
0.125 0.75 0.75
0.1875 0.75 0.75
1 42 0 7
236
237
238
239
240
241
242
0 0.3125 1
0 0.375 1
0 0.4375 1
0 0.5 1
0 0.5625 1
0 0.625 1
0 0.6875 1
1 43 0 3
243
244
245
0 0.75 0.8125
0 0.75 0.875
0 0.75 0.9375
1 44 0 7
246
247
248
249
250
251
252
0.25 0.3125 1
0.25 0.375 1
0.25 0.4375 1
0.25 0.5 1
0.25 0.5625 1
0.25 0.625 1
0.25 0.6875 1
1 45 0 3
253
254
255
0.25 0.75 0.8125
0.25 0.75 0.875
0.25 0.75 0.9375
1 46 0 3
256
257
258
0.0625 0.75 1
0.125 0.75 1
0.1875 0.75 1
1 47 0 3
259
260
261
0 0.8125 0.25
0 0.875 0.25
0 0.9375 0.25
1 48 0 3
262
263
264
0 1 0.0625
0 1 0.125
0 1 0.1875
1 49 0 3
265
266
267
0 0.8125 0
0 0.875 0
0 0.9375 0
1 50 0 3
268
269
270
0.25 0.8125 0.25
0.25 0.875 0.25
0.25 0.9375 0.25
1 51 0 3
271
272
273
0.25 1 0.0625
0.25 1 0.125
0.25 1 0.1875
1 52 0 3
274
275
276
0.25 0.8125 0
0.25 0.875 0
0.25 0.9375 0
1 53 0 3
277
278
279
0.0625 1 0
0.125 1 0
0.1875 1 0
1 54 0 3
280
281
282
0.0625 1 0.25
0.125 1 0.25
0.1875 1 0.25
1 55 0 3
283
284
285
0 0.8125 0.75
0 0.875 0.75
0 0.9375 0.75
1 56 0 7
286
287
288
289
290
291
292
0 1 0.3125
0 1 0.375
0 1 0.4375
0 1 0.5
0 1 0.5625
0 1 0.625
0 1 0.6875
1 57 0 3
293
294
295
0.25 0.8125 0.75
0.25 0.875 0.75
0.25 0.9375 0.75
1 58 0 7
296
297
298
299
300
301
302
0.25 1 0.3125
0.25 1 0.375
0.25 1 0.4375
0.25 1 0.5
0.25 1 0.5625
0.25 1 0.625
0.25 1 0.6875
1 59 0 3
303
304
305
0.0625 1 0.75
0.125 1 0.75
0.1875 1 0.75
1 60 0 3
306
307
308
0 0.8125 1
0 0.875 1
0 0.9375 1
1 61 0 3
309
310
311
0 1 0.8125
0 1 0.875
0 1 0.9375
1 62 0 3
312
313
314
0.25 0.8125 1
0.25 0.875 1
0.25 0.9375 1
1 63 0 3
315
316
317
0.25 1 0.8125
0.25 1 0.875
0.25 1 0.9375
1 64 0 3
318
319
320
0.0625 1 1
0.125 1 1
0.1875 1 1
1 65 0 3
321
322
323
0.75 0 0.0625
0.75 0 0.125
0.75 0 0.1875
1 66 0 3
324
325
326
0.75 0.0625 0.25
0.75 0.125 0.25
0.75 0.1875 0.25
1 67 0 3
327
328
329
0.75 0.25 0.0625
0.75 0.25 0.125
0.75 0.25 0.1875
1 68 0 3
330
331
332
0.75 0.0625 0
0.75 0.125 0
0.75 0.1875 0
1 69 0 7
333
334
335
336
337
338
339
0.3125 0 0
0.375 0 0
0.4375 0 0
0.5 0 0
0.5625 0 0
0.625 0 0
0.6875 0 0
1 70 0 7
340
341
342
343
344
345
346
0.3125 0 0.25
0.375 0 0.25
0.4375 0 0.25
0.5 0 0.25
0.5625 0 0.25
0.625 0 0.25
0.6875 0 0.25
1 71 0 7
347
348
349
350
351
352
353
0.3125 0.25 0
0.375 0.25 0
0.4375 0.25 0
0.5 0.25 0
0.5625 0.25 0
0.625 0.25 0
0.6875 0.25 0
1 72 0 7
354
355
356
357
358
359
360
0.3125 0.25 0.25
0.375 0.25 0.25
0.4375 0.25 0.25
0.5 0.25 0.25
0.5625 0.25 0.25
0.625 0.25 0.25
0.6875 0.25 0.25
1 73 0 7
361
362
363
364
365
366
367
0.75 0 0.3125
0.75 0 0.375
0.75 0 0.4375
0.75 0 0.5
0.75 0 0.5625
0.75 0 0.625
0.75 0 0.6875
1 74 0 3
368
369
370
0.75 0.0625 0.75
0.75 0.125 0.75
0.75 0.1875 0.75
1 75 0 7
371
372
373
374
375
376
377
0.75 0.25 0.3125
0.75 0.25 0.375
0.75 0.25 0.4375
0.75 0.25 0.5
0.75 0.25 0.5625
0.75 0.25 0.625
0.75 0.25 0.6875
1 76 0 7
378
379
380
381
382
383
384
0.3125 0 0.75
0.375 0 0.75
0.4375 0 0.75
0.5 0 0.75
0.5625 0 0.75
0.625 0 0.75
0.6875 0 0.75
1 77 0 7
385
386
387
388
389
390
391
0.3125 0.25 0.75
0.375 0.25 0.75
0.4375 0.25 0.75
0.5 0.25 0.75
0.5625 0.25 0.75
0.625 0.25 0.75
0.6875 0.25 0.75
1 78 0 3
392
393
394
0.75 0 0.8125
0.75 0 0.875
0.75 0 0.9375
1 79 0 3
395
396
397
0.75 0.0625 1
0.75 0.125 1
0.75 0.1875 1
1 80 0 3
398
399
400
0.75 0.25 0.8125
0.75 0.25 0.875
0.75 0.25 0.9375
1 81 0 7
401
402
403
404
405
406
407
0.3125 0 1
0.375 0 1
0.4375 0 1
0.5 0 1
0.5625 0 1
0.625 0 1
0.6875 0 1
1 82 0 7
408
409
410
411
412
413
414
0.3125 0.25 1
0.375 0.25 1
0.4375 0.25 1
0.5 0.25 1
0.5625 0.25 1
0.625 0.25 1
0.6875 0.25 1
1 83 0 7
415
416
417
418
419
420
421
0.75 0.3125 0.25
0.75 0.375 0.25
0.75 0.4375 0.25
0.75 0.5 0.25
0.75 0.5625 0.25
0.75 0.625 0.25
0.75 0.6875 0.25
1 84 0 3
422
423
424
0.75 0.75 0.0625
0.75 0.75 0.125
0.75 0.75 0.1875
1 85 0 7
425
426
427
428
429
430
431
0.75 0.3125 0
0.75 0.375 0
0.75 0.4375 0
0.75 0.5 0
0.75 0.5625 0
0.75 0.625 0
0.75 0.6875 0
1 86 0 7
432
433
434
435
436
437
438
0.3125 0.75 0
0.375 0.75 0
0.4375 0.75 0
0.5 0.75 0
0.5625 0.75 0
0.625 0.75 0
0.6875 0.75 0
1 87 0 7
439
440
441
442
443
444
445
0.3125 0.75 0.25
0.375 0.75 0.25
0.4375 0.75 0.25
0.5 0.75 0.25
0.5625 0.75 0.25
0.625 0.75 0.25
0.6875 0.75 0.25
1 88 0 7
446
447
448
449
450
451
452
0.75 0.3125 0.75
0.75 0.375 0.75
0.75 0.4375 0.75
0.75 0.5 0.75
0.75 0.5625 0.75
0.75 0.625 0.75
0.75 0.6875 0.75
1 89 0 7
453
454
455
456
457
458
459
0.75 0.75 0.3125
0.75 0.75 0.375
0.75 0.75 0.4375
0.75 0.75 0.5
0.75 0.75 0.5625
0.75 0.75 0.625
0.75 0.75 0.6875
1 90 0 7
460
461
462
463
464
465
466
0.3125 0.75 0.75
0.375 0.75 0.75
0.4375 0.75 0.75
0.5 0.75 0.75
0.5625 0.75 0.75
0.625 0.75 0.75
0.6875 0.75 0.75
1 91 0 7
467
468
469
470
471
472
473
0.75 0.3125 1
0.75 0.375 1
0.75 0.4375 1
0.75 0.5 1
0.75 0.5625 1
0.75 0.625 1
0.75 0.6875 1
1 92 0 3
474
475
476
0.75 0.75 0.8125
0.75 0.75 0.875
0.75 0.75 0.9375
1 93 0 7
477
478
479
480
481
482
483
0.3125 0.75 1
0.375 0.75 1
0.4375 0.75 1
0.5 0.75 1
0.5625 0.75 1
0.625 0.75 1
0.6875 0.75 1
1 94 0 3
484
485
486
0.75 0.8125 0.25
0.75 0.875 0.25
0.75 0.9375 0.25
1 95 0 3
487
488
489
0.75 1 0.0625
0.75 1 0.125
0.75 1 0.1875
1 96 0 3
490
491
492
0.75 0.8125 0
0.75 0.875 0
0.75 0.9375 0
1 97 0 7
493
494
495
496
497
498
499
0.3125 1 0
0.375 1 0
0.4375 1 0
0.5 1 0
0.5625 1 0
0.625 1 0
0.6875 1 0
1 98 0 7
500
501
502
503
504
505
506
0.3125 1 0.25
0.375 1 0.25
0.4375 1 0.25
0.5 1 0.25
0.5625 1 0.25
0.625 1 0.25
0.6875 1 0.25
1 99 0 3
507
508
509
0.75 0.8125 0.75
0.75 0.875 0.75
0.75 0.9375 0.75
1 100 0 7
510
511
512
513
514
515
516
0.75 1 0.3125
0.75 1 0.375
0.75 1 0.4375
0.75 1 0.5
0.75 1 0.5625
0.75 1 0.625
0.75 1 0.6875
1 101 0 7
517
518
519
520
521
522
523
0.3125 1 0.75
0.375 1 0.75
0.4375 1 0.75
0.5 1 0.75
0.5625 1 0.75
0.625 1 0.75
0.6875 1 0.75
1 102 0 3
524
525
526
0.75 0.8125 1
0.75 0.875 1
0.75 0.9375 1
1 103 0 3
527
528
529
0.75 1 0.8125
0.75 1 0.875
0.75 1 0.9375
1 104 0 7
530
531
532
533
534
535
536
0.3125 1 1
0.375 1 1
0.4375 1 1
0.5 1 1
0.5625 1 1
0.625 1 1
0.6875 1 1
1 105 0 3
537
538
539
1 0 0.0625
1 0 0.125
1 0 0.1875
1 106 0 3
540
541
542
1 0.0625 0.25
1 0.125 0.25
1 0.1875 0.25
1 107 0 3
543
544
545
1 0.25 0.0625
1 0.25 0.125
1 0.25 0.1875
1 108 0 3
546
547
548
1 0.0625 0
1 0.125 0
1 0.1875 0
1 109 0 3
549
550
551
0.8125 0 0
0.875 0 0
0.9375 0 0
1 110 0 3
552
553
554
0.8125 0 0.25
0.875 0 0.25
0.9375 0 0.25
1 111 0 3
555
556
557
0.8125 0.25 0
0.875 0.25 0
0.9375 0.25 0
1 112 0 3
558
559
560
0.8125 0.25 0.25
0.875 0.25 0.25
0.9375 0.25 0.25
1 113 0 7
561
562
563
564
565
566
567
1 0 0.3125
1 0 0.375
1 0 0.4375
1 0 0.5
1 0 0.5625
1 0 0.625
1 0 0.6875
1 114 0 3
568
569
570
1 0.0625 0.75
1 0.125 0.75
1 0.1875 0.75
1 115 0 7
571
572
573
574
575
576
577
1 0.25 0.3125
1 0.25 0.375
1 0.25 0.4375
1 0.25 0.5
1 0.25 0.5625
1 0.25 0.625
1 0.25 0.6875
1 116 0 3
578
579
580
0.8125 0 0.75
0.875 0 0.75
0.9375 0 0.75
1 117 0 3
581
582
583
0.8125 0.25 0.75
0.875 0.25 0.75
0.9375 0.25 0.75
1 118 0 3
584
585
586
1 0 0.8125
1 0 0.875
1 0 0.9375
1 119 0 3
587
588
589
1 0.0625 1
1 0.125 1
1 0.1875 1
1 120 0 3
590
591
592
1 0.25 0.8125
1 0.25 0.875
1 0.25 0.9375
1 121 0 3
593
594
595
0.8125 0 1
0.875 0 1
0.9375 0 1
1 122 0 3
596
597
598
0.8125 0.25 1
0.875 0.25 1
0.9375 0.25 1
1 123 0 7
599
600
601
602
603
604
605
1 0.3125 0.25
1 0.375 0.25
1 0.4375 0.25
1 0.5 0.25
1 0.5625 0.25
1 0.625 0.25
1 0.6875 0.25
1 124 0 3
606
607
608
1 0.75 0.0625
1 0.75 0.125
1 0.75 0.1875
1 125 0 7
609
610
611
612
613
614
615
1 0.3125 0
1 0.375 0
1 0.4375 0
1 0.5 0
1 0.5625 0
1 0.625 0
1 0.6875 0
1 126 0 3
616
617
618
0.8125 0.75 0
0.875 0.75 0
0.9375 0.75 0
1 127 0 3
619
620
621
0.8125 0.75 0.25
0.875 0.75 0.25
0.9375 0.75 0.25
1 128 0 7
622
623
624
625
626
627
628
1 0.3125 0.75
1 0.375 0.75
1 0.4375 0.75
1 0.5 0.75
1 0.5625 0.75
1 0.625 0.75
1 0.6875 0.75
1 129 0 7
629
630
631
632
633
634
635
1 0.75 0.3125
1 0.75 0.375
1 0.75 0.4375
1 0.75 0.5
1 0.75 0.5625
1 0.75 0.625
1 0.75 0.6875
1 130 0 3
636
637
638
0.8125 0.75 0.75
0.875 0.75 0.75
0.9375 0.75 0.75
1 131 0 7
639
640
641
642
643
644
645
1 0.3125 1
1 0.375 1
1 0.4375 1
1 0.5 1
1 0.5625 1
1 0.625 1
1 0.6875 1
1 132 0 3
646
647
648
1 0.75 0.8125
1 0.75 0.875
1 0.75 0.9375
1 133 0 3
649
650
651
0.8125 0.75 1
0.875 0.75 1
0.9375 0.75 1
1 134 0 3
652
653
654
1 0.8125 0.25
1 0.875 0.25
1 0.9375 0.25
1 135 0 3
655
656
657
1 1 0.0625
1 1 0.125
1 1 0.1875
1 136 0 3
658
659
660
1 0.8125 0
1 0.875 0
1 0.9375 0
1 137 0 3
661
662
663
0.8125 1 0
0.875 1 0
0.9375 1 0
1 138 0 3
664
665
666
0.8125 1 0.25
0.875 1 0.25
0.9375 1 0.25
1 139 0 3
667
668
669
1 0.8125 0.75
1 0.875 0.75
1 0.9375 0.75
1 140 0 7
670
671
672
673
674
675
676
1 1 0.3125
1 1 0.375
1 1 0.4375
1 1 0.5
1 1 0.5625
1 1 0.625
1 1 0.6875
1 141 0 3
677
678
679
0.8125 1 0.75
0.875 1 0.75
0.9375 1 0.75
1 142 0 3
680
681
682
1 0.8125 1
1 0.875 1
1 0.9375 1
1 143 0 3
683
684
685
1 1 0.8125
1 1 0.875
1 1 0.9375
1 144 0 3
686
687
688
0.8125 1 1
0.875 1 1
0.9375 1 1
2 1 0 9
689
690
691
692
693
694
695
696
697
0 0.0625 0.0625
0 0.125 0.0625
0 0.1875 0.0625
0 0.0625 0.125
0 0.125 0.125
0 0.1875 0.125
0 0.0625 0.1875
0 0.125 0.1875
0 0.1875 0.1875
2 2 0 9
698
699
700
701
702
703
704
705
706
0.25 0.0625 0.0625
0.25 0.125 0.0625
0.25 0.1875 0.0625
0.25 0.0625 0.125
0.25 0.125 0.125
0.25 0.1875 0.125
0.25 0.0625 0.1875
0.25 0.125 0.1875
0.25 0.1875 0.1875
2 3 0 9
707
708
709
710
711
712
713
714
715
0.0625 0 0.0625
0.0625 0 0.125
0.0625 0 0.1875
0.125 0 0.0625
0.125 0 0.125
0.125 0 0.1875
0.1875 0 0.0625
0.1875 0 0.125
0.1875 0 0.1875
2 4 0 9
716
717
718
719
720
721
722
723
724
0.0625 0.25 0.0625
0.0625 0.25 0.125
0.0625 0.25 0.1875
0.125 0.25 0.0625
0.125 0.25 0.125
0.125 0.25 0.1875
0.1875 0.25 0.0625
0.1875 0.25 0.125
0.1875 0.25 0.1875
2 5 0 9
725
726
727
728
729
730
731
732
733
0.0625 0.0625 0
0.125 0.0625 0
0.1875 0.0625 0
0.0625 0.125 0
0.125 0.125 0
0.1875 0.125 0
0.0625 0.1875 0
0.125 0.1875 0
0.1875 0.1875 0
2 6 0 9
734
735
736
737
738
739
740
741
742
0.0625 0.0625 0.25
0.125 0.0625 0.25
0.1875 0.0625 0.25
0.0625 0.125 0.25
0.125 0.125 0.25
0.1875 0.125 0.25
0.0625 0.1875 0.25
0.125 0.1875 0.25
0.1875 0.1875 0.25
2 7 0 21
743
744
745
746
747
748
749
750
751
752
753
754
755
756
757
758
759
760
761
762
763
0 0.0625 0.3125
0 0.125 0.3125
0 0.1875 0.3125
0 0.0625 0.375
0 0.125 0.375
0 0.1875 0.375
0 0.0625 0.4375
0 0.125 0.4375
0 0.1875 0.4375
0 0.0625 0.5
0 0.125 0.5
0 0.1875 0.5
0 0.0625 0.5625
0 0.125 0.5625
0 0.1875 0.5625
0 0.0625 0.625
0 0.125 0.625
0 0.1875 0.625
0 0.0625 0.6875
0 0.125 0.6875
0 0.1875 0.6875
2 8 0 21
764
765
766
767
768
769
770
771
772
773
774
775
776
777
778
779
780
781
782
783
784
0.25 0.0625 0.3125
0.25 0.125 0.3125
0.25 0.1875 0.3125
0.25 0.0625 0.375
0.25 0.125 0.375
0.25 0.1875 0.375
0.25 0.0625 0.4375
0.25 0.125 0.4375
0.25 0.1875 0.4375
0.25 0.0625 0.5
0.25 0.125 0.5
0.25 0.1875 0.5
0.25 0.0625 0.5625
0.25 0.125 0.5625
0.25 0.1875 0.5625
0.25 0.0625 0.625
0.25 0.125 0.625
0.25 0.1875 0.625
0.25 0.0625 0.6875
0.25 0.125 0.6875
0.25 0.1875 0.6875
2 9 0 21
785
786
787
788
789
790
791
792
793
794
795
796
797
798
799
800
801
802
803
804
805
0.0625 0 0.3125
0.0625 0 0.375
0.0625 0 0.4375
0.0625 0 0.5
0.0625 0 0.5625
0.0625 0 0.625
0.0625 0 0.6875
0.125 0 0.3125
0.125 0 0.375
0.125 0 0.4375
0.125 0 0.5
0.125 0 0.5625
0.125 0 0.625
0.125 0 0.6875
0.1875 0 0.3125
0.1875 0 0.375
0.1875 0 0.4375
0.1875 0 0.5
0.1875 0 0.5625
0.1875 0 0.625
0.1875 0 0.6875
2 10 0 21
806
807
808
809
810
811
812
813
814
815
816
817
818
819
820
821
822
823
824
825
826
0.0625 0.25 0.3125
0.0625 0.25 0.375
0.0625 0.25 0.4375
0.0625 0.25 0.5
0.0625 0.25 0.5625
0.0625 0.25 0.625
0.0625 0.25 0.6875
0.125 0.25 0.3125
0.125 0.25 0.375
0.125 0.25 0.4375
0.125 0.25 0.5
0.125 0.25 0.5625
0.125 0.25 0.625
0.125 0.25 0.6875
0.1875 0.25 0.3125
0.1875 0.25 0.375
0.1875 0.25 0.4375
0.1875 0.25 0.5
0.1875 0.25 0.5625
0.1875 0.25 0.625
0.1875 0.25 0.6875
2 11 0 9
827
828
829
830
831
832
833
834
835
0.0625 0.0625 0.75
0.125 0.0625 0.75
0.1875 0.0625 0.75
0.0625 0.125 0.75
0.125 0.125 0.75
0.1875 0.125 0.75
0.0625 0.1875 0.75
0.125 0.1875 0.75
0.1875 0.1875 0.75
2 12 0 9
836
837
838
839
840
841
842
843
844
0 0.0625 0.8125
0 0.125 0.8125
0 0.1875 0.8125
0 0.0625 0.875
0 0.125 0.875
0 0.1875 0.875
0 0.0625 0.9375
0 0.125 0.9375
0 0.1875 0.9375
2 13 0 9
845
846
847
848
849
850
851
852
853
0.25 0.0625 0.8125
0.25 0.125 0.8125
0.25 0.1875 0.8125
0.25 0.0625 0.875
0.25 0.125 0.875
0.25 0.1875 0.875
0.25 0.0625 0.9375
0.25 0.125 0.9375
0.25 0.1875 0.9375
2 14 0 9
854
855
856
857
858
859
860
861
862
0.0625 0 0.8125
0.0625 0 0.875
0.0625 0 0.9375
0.125 0 0.8125
0.125 0 0.875
0.125 0 0.9375
0.1875 0 0.8125
0.1875 0 0.875
0.1875 0 0.9375
2 15 0 9
863
864
865
866
867
868
869
870
871
0.0625 0.25 0.8125
0.0625 0.25 0.875
0.0625 0.25 0.9375
0.125 0.25 0.8125
0.125 0.25 0.875
0.125 0.25 0.9375
0.1875 0.25 0.8125
0.1875 0.25 0.875
0.1875 0.25 0.9375
2 16 0 9
872
873
874
875
876
877
878
879
880
0.0625 0.0625 1
0.125 0.0625 1
0.1875 0.0625 1
0.0625 0.125 1
0.125 0.125 1
0.1875 0.125 1
0.0625 0.1875 1
0.125 0.1875 1
0.1875 0.1875 1
2 17 0 21
881
882
883
884
885
886
887
888
889
890
891
892
893
894
895
896
897
898
899
900
901
0 0.3125 0.0625
0 0.375 0.0625
0 0.4375 0.0625
0 0.5 0.0625
0 0.5625 0.0625
0 0.625 0.0625
0 0.6875 0.0625
0 0.3125 0.125
0 0.375 0.125
0 0.4375 0.125
0 0.5 0.125
0 0.5625 0.125
0 0.625 0.125
0 0.6875 0.125
0 0.3125 0.1875
0 0.375 0.1875
0 0.4375 0.1875
0 0.5 0.1875
0 0.5625 0.1875
0 0.625 0.1875
0 0.6875 0.1875
2 18 0 21
902
903
904
905
906
907
908
909
910
911
912
913
914
915
916
917
918
919
920
921
922
0.25 0.3125 0.0625
0.25 0.375 0.0625
0.25 0.4375 0.0625
0.25 0.5 0.0625
0.25 0.5625 0.0625
0.25 0.625 0.0625
0.25 0.6875 0.0625
0.25 0.3125 0.125
0.25 0.375 0.125
0.25 0.4375 0.125
0.25 0.5 0.125
0.25 0.5625 0.125
0.25 0.625 0.125
0.25 0.6875 0.125
0.25 0.3125 0.1875
0.25 0.375 0.1875
0.25 0.4375 0.1875
0.25 0.5 0.1875
0.25 0.5625 0.1875
0.25 0.625 0.1875
0.25 0.6875 0.1875
2 19 0 9
923
924
925
926
927
928
929
930
931
0.0625 0.75 0.0625
0.0625 0.75 0.125
0.0625 0.75 0.1875
0.125 0.75 0.0625
0.125 0.75 0.125
0.125 0.75 0.1875
0.1875 0.75 0.0625
0.1875 0.75 0.125
0.1875 0.75 0.1875
2 20 0 21
932
933
934
935
936
937
938
939
940
941
942
943
944
945
946
947
948
949
950
951
952
0.0625 0.3125 0
0.125 0.3125 0
0.1875 0.3125 0
0.0625 0.375 0
0.125 0.375 0
0.1875 0.375 0
0.0625 0.4375 0
0.125 0.4375 0
0.1875 0.4375 0
0.0625 0.5 0
0.125 0.5 0
0.1875 0.5 0
0.0625 0.5625 0
0.125 0.5625 0
0.1875 0.5625 0
0.0625 0.625 0
0.125 0.625 0
0.1875 0.625 0
0.0625 0.6875 0
0.125 0.6875 0
0.1875 0.6875 0
2 21 0 21
953
954
955
956
957
958
959
960
961
962
963
964
965
966
967
968
969
970
971
972
973
0.0625 0.3125 0.25
0.125 0.3125 0.25
0.1875 0.3125 0.25
0.0625 0.375 0.25
0.125 0.375 0.25
0.1875 0.375 0.25
0.0625 0.4375 0.25
0.125 0.4375 0.25
0.1875 0.4375 0.25
0.0625 0.5 0.25
0.125 0.5 0.25
0.1875 0.5 0.25
0.0625 0.5625 0.25
0.125 0.5625 0.25
0.1875 0.5625 0.25
0.0625 0.625 0.25
0.125 0.625 0.25
0.1875 0.625 0.25
0.0625 0.6875 0.25
0.125 0.6875 0.25
0.1875 0.6875 0.25
2 22 0 49
974
975
976
977
978
979
980
981
982
983
984
985
986
987
988
989
990
991
992
993
994
995
996
997
998
999
1000
1001
1002
1003
1004
1005
1006
1007
1008
1009
1010
1011
1012
1013
1014
1015
1016
1017
1018
1019
1020
1021
1022
0 0.3125 0.3125
0 0.375 0.3125
0 0.4375 0.3125
0 0.5 0.3125
0 0.5625 0.3125
0 0.625 0.3125
0 0.6875 0.3125
0 0.3125 0.375
0 0.375 0.375
0 0.4375 0.375
0 0.5 0.375
0 0.5625 0.375
0 0.625 0.375
0 0.6875 0.375
0 0.3125 0.4375
0 0.375 0.4375
0 0.4375 0.4375
0 0.5 0.4375
0 0.5625 0.4375
0 0.625 0.4375
0 0.6875 0.4375
0 0.3125 0.5
0 0.375 0.5
0 0.4375 0.5
0 0.5 0.5
0 0.5625 0.5
0 0.625 0.5
0 0.6875 0.5
0 0.3125 0.5625
0 0.375 0.5625
0 0.4375 0.5625
0 0.5 0.5625
0 0.5625 0.5625
0 0.625 0.5625
0 0.6875 0.5625
0 0.3125 0.625
0 0.375 0.625
0 0.4375 0.625
0 0.5 0.625
0 0.5625 0.625
0 0.625 0.625
0 0.6875 0.625
0 0.3125 0.6875
0 0.375 0.6875
0 0.4375 0.6875
0 0.5 0.6875
0 0.5625 0.6875
0 0.625 0.6875
0 0.6875 0.6875
2 23 0 49
1023
1024
1025
1026
1027
1028
1029
1030
1031
1032
1033
1034
1035
1036
1037
1038
1039
1040
1041
1042
1043
1044
1045
1046
1047
1048
1049
1050
1051
1052
1053
1054
1055
1056
1057
1058
1059
1060
1061
1062
1063
1064
1065
1066
1067
1068
1069
1070
1071
0.25 0.3125 0.3125
0.25 0.375 0.3125
0.25 0.4375 0.3125
0.25 0.5 0.3125
0.25 0.5625 0.3125
0.25 0.625 0.3125
0.25 0.6875 0.3125
0.25 0.3125 0.375
0.25 0.375 0.375
0.25 0.4375 0.375
0.25 0.5 0.375
0.25 0.5625 0.375
0.25 0.625 0.375
0.25 0.6875 0.375
0.25 0.3125 0.4375
0.25 0.375 0.4375
0.25 0.4375 0.4375
0.25 0.5 0.4375
0.25 0.5625 0.4375
0.25 0.625 0.4375
0.25 0.6875 0.4375
0.25 0.3125 0.5
0.25 0.375 0.5
0.25 0.4375 0.5
0.25 0.5 0.5
0.25 0.5625 0.5
0.25 0.625 0.5
0.25 0.6875 0.5
0.25 0.3125 0.5625
0.25 0.375 0.5625
0.25 0.4375 0.5625
0.25 0.5 0.5625
0.25 0.5625 0.5625
0.25 0.625 0.5625
0.25 0.6875 0.5625
0.25 0.3125 0.625
0.25 0.375 0.625
0.25 0.4375 0.625
0.25 0.5 0.625
0.25 0.5625 0.625
0.25 0.625 0.625
0.25 0.6875 0.625
0.25 0.3125 0.6875
0.25 0.375 0.6875
0.25 0.4375 0.6875
0.25 0.5 0.6875
0.25 0.5625 0.6875
0.25 0.625 0.6875
0.25 0.6875 0.6875
2 24 0 21
1072
1073
1074
1075
1076
1077
1078
1079
1080
1081
1082
1083
1084
1085
1086
1087
1088
1089
1090
1091
1092
0.0625 0.75 0.3125
0.0625 0.75 0.375
0.0625 0.75 0.4375
0.0625 0.75 0.5
0.0625 0.75 0.5625
0.0625 0.75 0.625
0.0625 0.75 0.6875
0.125 0.75 0.3125
0.125 0.75 0.375
0.125 0.75 0.4375
0.125 0.75 0.5
0.125 0.75 0.5625
0.125 0.75 0.625
0.125 0.75 0.6875
0.1875 0.75 0.3125
0.1875 0.75 0.375
0.1875 0.75 0.4375
0.1875 0.75 0.5
0.1875 0.75 0.5625
0.1875 0.75 0.625
0.1875 0.75 0.6875
2 25 0 21
1093
1094
1095
1096
1097
1098
1099
1100
1101
1102
1103
1104
1105
1106
1107
1108
1109
1110
1111
1112
1113
0.0625 0.3125 0.75
0.125 0.3125 0.75
0.1875 0.3125 0.75
0.0625 0.375 0.75
0.125 0.375 0.75
0.1875 0.375 0.75
0.0625 0.4375 0.75
0.125 0.4375 0.75
0.1875 0.4375 0.75
0.0625 0.5 0.75
0.125 0.5 0.75
0.1875 0.5 0.75
0.0625 0.5625 0.75
0.125 0.5625 0.75
0.1875 0.5625 0.75
0.0625 0.625 0.75
0.125 0.625 0.75
0.1875 0.625 0.75
0.0625 0.6875 0.75
0.125 0.6875 0.75
0.1875 0.6875 0.75
2 26 0 21
1114
1115
1116
1117
1118
1119
1120
1121
1122
1123
1124
1125
1126
1127
1128
1129
1130
1131
1132
1133
1134
0 0.3125 0.8125
0 0.375 0.8125
0 0.4375 0.8125
0 0.5 0.8125
0 0.5625 0.8125
0 0.625 0.8125
0 0.6875 0.8125
0 0.3125 0.875
0 0.375 0.875
0 0.4375 0.875
0 0.5 0.875
0 0.5625 0.875
0 0.625 0.875
0 0.6875 0.875
0 0.3125 0.9375
0 0.375 0.9375
0 0.4375 0.9375
0 0.5 0.9375
0 0.5625 0.9375
0 0.625 0.9375
0 0.6875 0.9375
2 27 0 21
1135
1136
1137
1138
1139
1140
1141
1142
1143
1144
1145
1146
1147
1148
1149
1150
1151
1152
1153
1154
1155
0.25 0.3125 0.8125
0.25 0.375 0.8125
0.25 0.4375 0.8125
0.25 0.5 0.8125
0.25 0.5625 0.8125
0.25 0.625 0.8125
0.25 0.6875 0.8125
0.25 0.3125 0.875
0.25 0.375 0.875
0.25 0.4375 0.875
0.25 0.5 0.875
0.25 0.5625 0.875
0.25 0.625 0.875
0.25 0.6875 0.875
0.25 0.3125 0.9375
0.25 0.375 0.9375
0.25 0.4375 0.9375
0.25 0.5 0.9375
0.25 0.5625 0.9375
0.25 0.625 0.9375
0.25 0.6875 0.9375
2 28 0 9
1156
1157
1158
1159
1160
1161
1162
1163
1164
0.0625 0.75 0.8125
0.0625 0.75 0.875
0.0625 0.75 0.9375
0.125 0.75 0.8125
0.125 0.75 0.875
0.125 0.75 0.9375
0.1875 0.75 0.8125
0.1875 0.75 0.875
0.1875 0.75 0.9375
2 29 0 21
1165
1166
1167
1168
1169
1170
1171
1172
1173
1174
1175
1176
1177
1178
1179
1180
1181
1182
1183
1184
1185
0.0625 0.3125 1
0.125 0.3125 1
0.1875 0.3125 1
0.0625 0.375 1
0.125 0.375 1
0.1875 0.375 1
0.0625 0.4375 1
0.125 0.4375 1
0.1875 0.4375 1
0.0625 0.5 1
0.125 0.5 1
0.1875 0.5 1
0.0625 0.5625 1
0.125 0.5625 1
0.1875 0.5625 1
0.0625 0.625 1
0.125 0.625 1
0.1875 0.625 1
0.0625 0.6875 1
0.125 0.6875 1
0.1875 0.6875 1
2 30 0 9
1186
1187
1188
1189
1190
1191
1192
1193
1194
0 0.8125 0.0625
0 0.875 0.0625
0 0.9375 0.0625
0 0.8125 0.125
0 0.875 0.125
0 0.9375 0.125
0 0.8125 0.1875
0 0.875 0.1875
0 0.9375 0.1875
2 31 0 9
1195
1196
1197
1198
1199
1200
1201
1202
1203
0.25 0.8125 0.0625
0.25 0.875 0.0625
0.25 0.9375 0.0625
0.25 0.8125 0.125
0.25 0.875 0.125
0.25 0.9375 0.125
0.25 0.8125 0.1875
0.25 0.875 0.1875
0.25 0.9375 0.1875
2 32 0 9
1204
1205
1206
1207
1208
1209
1210
1211
1212
0.0625 1 0.0625
0.0625 1 0.125
0.0625 1 0.1875
0.125 1 0.0625
0.125 1 0.125
0.125 1 0.1875
0.1875 1 0.0625
0.1875 1 0.125
0.1875 1 0.1875
2 33 0 9
1213
1214
1215
1216
1217
1218
1219
1220
1221
0.0625 0.8125 0
0.125 0.8125 0
0.1875 0.8125 0
0.0625 0.875 0
0.125 0.875 0
0.1875 0.875 0
0.0625 0.9375 0
0.125 0.9375 0
0.1875 0.9375 0
2 34 0 9
1222
1223
1224
1225
1226
1227
1228
1229
1230
0.0625 0.8125 0.25
0.125 0.8125 0.25
0.1875 0.8125 0.25
0.0625 0.875 0.25
0.125 0.875 0.25
0.1875 0.875 0.25
0.0625 0.9375 0.25
0.125 0.9375 0.25
0.1875 0.9375 0.25
2 35 0 21
1231
1232
1233
1234
1235
1236
1237
1238
1239
1240
1241
1242
1243
1244
1245
1246
1247
1248
1249
1250
1251
0 0.8125 0.3125
0 0.875 0.3125
0 0.9375 0.3125
0 0.8125 0.375
0 0.875 0.375
0 0.9375 0.375
0 0.8125 0.4375
0 0.875 0.4375
0 0.9375 0.4375
0 0.8125 0.5
0 0.875 0.5
0 0.9375 0.5
0 0.8125 0.5625
0 0.875 0.5625
0 0.9375 0.5625
0 0.8125 0.625
0 0.875 0.625
0 0.9375 0.625
0 0.8125 0.6875
0 0.875 0.6875
0 0.9375 0.6875
2 36 0 21
1252
1253
1254
1255
1256
1257
1258
1259
1260
1261
1262
1263
1264
1265
1266
1267
1268
1269
1270
1271
1272
0.25 0.8125 0.3125
0.25 0.875 0.3125
0.25 0.9375 0.3125
0.25 0.8125 0.375
0.25 0.875 0.375
0.25 0.9375 0.375
0.25 0.8125 0.4375
0.25 0.875 0.4375
0.25 0.9375 0.4375
0.25 0.8125 0.5
0.25 0.875 0.5
0.25 0.9375 0.5
0.25 0.8125 0.5625
0.25 0.875 0.5625
0.25 0.9375 0.5625
0.25 0.8125 0.625
0.25 0.875 0.625
0.25 0.9375 0.625
0.25 0.8125 0.6875
0.25 0.875 0.6875
0.25 0.9375 0.6875
2 37 0 21
1273
1274
1275
1276
1277
1278
1279
1280
1281
1282
1283
1284
1285
1286
1287
1288
1289
1290
1291
1292
1293
0.0625 1 0.3125
0.0625 1 0.375
0.0625 1 0.4375
0.0625 1 0.5
0.0625 1 0.5625
0.0625 1 0.625
0.0625 1 0.6875
0.125 1 0.3125
0.125 1 0.375
0.125 1 0.4375
0.125 1 0.5
0.125 1 0.5625
0.125 1 0.625
0.125 1 0.6875
0.1875 1 0.3125
0.1875 1 0.375
0.1875 1 0.4375
0.1875 1 0.5
0.1875 1 0.5625
0.1875 1 0.625
0.1875 1 0.6875
2 38 0 9
1294
1295
1296
1297
1298
1299
1300
1301
1302
0.0625 0.8125 0.75
0.125 0.8125 0.75
0.1875 0.8125 0.75
0.0625 0.875 0.75
0.125 0.875 0.75
0.1875 0.875 0.75
0.0625 0.9375 0.75
0.125 0.9375 0.75
0.1875 0.9375 0.75
2 39 0 9
1303
1304
1305
1306
1307
1308
1309
1310
1311
0 0.8125 0.8125
0 0.875 0.8125
0 0.9375 0.8125
0 0.8125 0.875
0 0.875 0.875
0 0.9375 0.875
0 0.8125 0.9375
0 0.875 0.9375
0 0.9375 0.9375
2 40 0 9
1312
1313
1314
1315
1316
1317
1318
1319
1320
0.25 0.8125 0.8125
0.25 0.875 0.8125
0.25 0.9375 0.8125
0.25 0.8125 0.875
0.25 0.875 0.875
0.25 0.9375 0.875
0.25 0.8125 0.9375
0.25 0.875 0.9375
0.25 0.9375 0.9375
2 41 0 9
1321
1322
1323
1324
1325
1326
1327
1328
1329
0.0625 1 0.8125
0.0625 1 0.875
0.0625 1 0.9375
0.125 1 0.8125
0.125 1 0.875
0.125 1 0.9375
0.1875 1 0.8125
0.1875 1 0.875
0.1875 1 0.9375
2 42 0 9
1330
1331
1332
1333
1334
1335
1336
1337
1338
0.0625 0.8125 1
0.125 0.8125 1
0.1875 0.8125 1
0.0625 0.875 1
0.125 0.875 1
0.1875 0.875 1
0.0625 0.9375 1
0.125 0.9375 1
0.1875 0.9375 1
2 43 0 9
1339
1340
1341
1342
1343
1344
1345
1346
1347
0.75 0.0625 0.0625
0.75 0.125 0.0625
0.75 0.1875 0.0625
0.75 0.0625 0.125
0.75 0.125 0.125
0.75 0.1875 0.125
0.75 0.0625 0.1875
0.75 0.125 0.1875
0.75 0.1875 0.1875
2 44 0 21
1348
1349
1350
1351
1352
1353
1354
1355
1356
1357
1358
1359
1360
1361
1362
1363
1364
1365
1366
1367
1368
0.3125 0 0.0625
0.3125 0 0.125
0.3125 0 0.1875
0.375 0 0.0625
0.375 0 0.125
0.375 0 0.1875
0.4375 0 0.0625
0.4375 0 0.125
0.4375 0 0.1875
0.5 0 0.0625
0.5 0 0.125
0.5 0 0.1875
0.5625 0 0.0625
0.5625 0 0.125
0.5625 0 0.1875
0.625 0 0.0625
0.625 0 0.125
0.625 0 0.1875
0.6875 0 0.0625
0.6875 0 0.125
0.6875 0 0.1875
2 45 0 21
1369
1370
1371
1372
1373
1374
1375
1376
1377
1378
1379
1380
1381
1382
1383
1384
1385
1386
1387
1388
1389
0.3125 0.25 0.0625
0.3125 0.25 0.125
0.3125 0.25 0.1875
0.375 0.25 0.0625
0.375 0.25 0.125
0.375 0.25 0.1875
0.4375 0.25 0.0625
0.4375 0.25 0.125
0.4375 0.25 0.1875
0.5 0.25 0.0625
0.5 0.25 0.125
0.5 0.25 0.1875
0.5625 0.25 0.0625
0.5625 0.25 0.125
0.5625 0.25 0.1875
0.625 0.25 0.0625
0.625 0.25 0.125
0.625 0.25 0.1875
0.6875 0.25 0.0625
0.6875 0.25 0.125
0.6875 0.25 0.1875
2 46 0 21
1390
1391
1392
1393
1394
1395
1396
1397
1398
1399
1400
1401
1402
1403
1404
1405
1406
1407
1408
1409
1410
0.3125 0.0625 0
0.375 0.0625 0
0.4375 0.0625 0
0.5 0.0625 0
0.5625 0.0625 0
0.625 0.0625 0
0.6875 0.0625 0
0.3125 0.125 0
0.375 0.125 0
0.4375 0.125 0
0.5 0.125 0
0.5625 0.125 0
0.625 0.125 0
0.6875 0.125 0
0.3125 0.1875 0
0.375 0.1875 0
0.4375 0.1875 0
0.5 0.1875 0
0.5625 0.1875 0
0.625 0.1875 0
0.6875 0.1875 0
2 47 0 21
1411
1412
1413
1414
1415
1416
1417
1418
1419
1420
1421
1422
1423
1424
1425
1426
1427
1428
1429
1430
1431
0.3125 0.0625 0.25
0.375 0.0625 0.25
0.4375 0.0625 0.25
0.5 0.0625 0.25
0.5625 0.0625 0.25
0.625 0.0625 0.25
0.6875 0.0625 0.25
0.3125 0.125 0.25
0.375 0.125 0.25
0.4375 0.125 0.25
0.5 0.125 0.25
0.5625 0.125 0.25
0.625 0.125 0.25
0.6875 0.125 0.25
0.3125 0.1875 0.25
0.375 0.1875 0.25
0.4375 0.1875 0.25
0.5 0.1875 0.25
0.5625 0.1875 0.25
0.625 0.1875 0.25
0.6875 0.1875 0.25
2 48 0 21
1432
1433
1434
1435
1436
1437
1438
1439
1440
1441
1442
1443
1444
1445
1446
1447
1448
1449
1450
1451
1452
0.75 0.0625 0.3125
0.75 0.125 0.3125
0.75 0.1875 0.3125
0.75 0.0625 0.375
0.75 0.125 0.375
0.75 0.1875 0.375
0.75 0.0625 0.4375
0.75 0.125 0.4375
0.75 0.1875 0.4375
0.75 0.0625 0.5
0.75 0.125 0.5
0.75 0.1875 0.5
0.75 0.0625 0.5625
0.75 0.125 0.5625
0.75 0.1875 0.5625
0.75 0.0625 0.625
0.75 0.125 0.625
0.75 0.1875 0.625
0.75 0.0625 0.6875
0.75 0.125 0.6875
0.75 0.1875 0.6875
2 49 0 49
1453
1454
1455
1456
1457
1458
1459
1460
1461
1462
1463
1464
1465
1466
1467
1468
1469
1470
1471
1472
1473
1474
1475
1476
1477
1478
1479
1480
1481
1482
1483
1484
1485
1486
1487
1488
1489
1490
1491
1492
1493
1494
1495
1496
1497
1498
1499
1500
1501
0.3125 0 0.3125
0.3125 0 0.375
0.3125 0 0.4375
0.3125 0 0.5
0.3125 0 0.5625
0.3125 0 0.625
0.3125 0 0.6875
0.375 0 0.3125
0.375 0 0.375
0.375 0 0.4375
0.375 0 0.5
0.375 0 0.5625
0.375 0 0.625
0.375 0 0.6875
0.4375 0 0.3125
0.4375 0 0.375
0.4375 0 0.4375
0.4375 0 0.5
0.4375 0 0.5625
0.4375 0 0.625
0.4375 0 0.6875
0.5 0 0.3125
0.5 0 0.375
0.5 0 0.4375
0.5 0 0.5
0.5 0 0.5625
0.5 0 0.625
0.5 0 0.6875
0.5625 0 0.3125
0.5625 0 0.375
0.5625 0 0.4375
0.5625 0 0.5
0.5625 0 0.5625
0.5625 0 0.625
0.5625 0 0.6875
0.625 0 0.3125
0.625 0 0.375
0.625 0 0.4375
0.625 0 0.5
0.625 0 0.5625
0.625 0 0.625
0.625 0 0.6875
0.6875 0 0.3125
0.6875 0 0.375
0.6875 0 0.4375
0.6875 0 0.5
0.6875 0 0.5625
0.6875 0 0.625
0.6875 0 0.6875
2 50 0 49
1502
1503
1504
1505
1506
1507
1508
1509
1510
1511
1512
1513
1514
1515
1516
1517
1518
1519
1520
1521
1522
1523
1524
1525
1526
1527
1528
1529
1530
1531
1532
1533
1534
1535
1536
1537
1538
1539
1540
1541
1542
1543
1544
1545
1546
1547
1548
1549
1550
0.3125 0.25 0.3125
0.3125 0.25 0.375
0.3125 0.25 0.4375
0.3125 0.25 0.5
0.3125 0.25 0.5625
0.3125 0.25 0.625
0.3125 0.25 0.6875
0.375 0.25 0.3125
0.375 0.25 0.375
0.375 0.25 0.4375
0.375 0.25 0.5
0.375 0.25 0.5625
0.375 0.25 0.625
0.375 0.25 0.6875
0.4375 0.25 0.3125
0.4375 0.25 0.375
0.4375 0.25 0.4375
0.4375 0.25 0.5
0.4375 0.25 0.5625
0.4375 0.25 0.625
0.4375 0.25 0.6875
0.5 0.25 0.3125
0.5 0.25 0.375
0.5 0.25 0.4375
0.5 0.25 0.5
0.5 0.25 0.5625
0.5 0.25 0.625
0.5 0.25 0.6875
0.5625 0.25 0.3125
0.5625 0.25 0.375
0.5625 0.25 0.4375
0.5625 0.25 0.5
0.5625 0.25 0.5625
0.5625 0.25 0.625
0.5625 0.25 0.6875
0.625 0.25 0.3125
0.625 0.25 0.375
0.625 0.25 0.4375
0.625 0.25 0.5
0.625 0.25 0.5625
0.625 0.25 0.625
0.625 0.25 0.6875
0.6875 0.25 0.3125
0.6875 0.25 0.375
0.6875 0.25 0.4375
0.6875 0.25 0.5
0.6875 0.25 0.5625
0.6875 0.25 0.625
0.6875 0.25 0.6875
2 51 0 21
1551
1552
1553
1554
1555
1556
1557
1558
1559
1560
1561
1562
1563
1564
1565
1566
1567
1568
1569
1570
1571
0.3125 0.0625 0.75
0.375 0.0625 0.75
0.4375 0.0625 0.75
0.5 0.0625 0.75
0.5625 0.0625 0.75
0.625 0.0625 0.75
0.6875 0.0625 0.75
0.3125 0.125 0.75
0.375 0.125 0.75
0.4375 0.125 0.75
0.5 0.125 0.75
0.5625 0.125 0.75
0.625 0.125 0.75
0.6875 0.125 0.75
0.3125 0.1875 0.75
0.375 0.1875 0.75
0.4375 0.1875 0.75
0.5 0.1875 0.75
0.5625 0.1875 0.75
0.625 0.1875 0.75
0.6875 0.1875 0.75
2 52 0 9
1572
1573
1574
1575
1576
1577
1578
1579
1580
0.75 0.0625 0.8125
0.75 0.125 0.8125
0.75 0.1875 0.8125
0.75 0.0625 0.875
0.75 0.125 0.875
0.75 0.1875 0.875
0.75 0.0625 0.9375
0.75 0.125 0.9375
0.75 0.1875 0.9375
2 53 0 21
1581
1582
1583
1584
1585
1586
1587
1588
1589
1590
1591
1592
1593
1594
1595
1596
1597
1598
1599
1600
1601
0.3125 0 0.8125
0.3125 0 0.875
0.3125 0 0.9375
0.375 0 0.8125
0.375 0 0.875
0.375 0 0.9375
0.4375 0 0.8125
0.4375 0 0.875
0.4375 0 0.9375
0.5 0 0.8125
0.5 0 0.875
0.5 0 0.9375
0.5625 0 0.8125
0.5625 0 0.875
0.5625 0 0.9375
0.625 0 0.8125
0.625 0 0.875
0.625 0 0.9375
0.6875 0 0.8125
0.6875 0 0.875
0.6875 0 0.9375
2 54 0 21
1602
1603
1604
1605
1606
1607
1608
1609
1610
1611
1612
1613
1614
1615
1616
1617
1618
1619
1620
1621
1622
0.3125 0.25 0.8125
0.3125 0.25 0.875
0.3125 0.25 0.9375
0.375 0.25 0.8125
0.375 0.25 0.875
0.375 0.25 0.9375
0.4375 0.25 0.8125
0.4375 0.25 0.875
0.4375 0.25 0.9375
0.5 0.25 0.8125
0.5 0.25 0.875
0.5 0.25 0.9375
0.5625 0.25 0.8125
0.5625 0.25 0.875
0.5625 0.25 0.9375
0.625 0.25 0.8125
0.625 0.25 0.875
0.625 0.25 0.9375
0.6875 0.25 0.8125
0.6875 0.25 0.875
0.6875 0.25 0.9375
2 55 0 21
1623
1624
1625
1626
1627
1628
1629
1630
1631
1632
1633
1634
1635
1636
1637
1638
1639
1640
1641
1642
1643
0.3125 0.0625 1
0.375 0.0625 1
0.4375 0.0625 1
0.5 0.0625 1
0.5625 0.0625 1
0.625 0.0625 1
0.6875 0.0625 1
0.3125 0.125 1
0.375 0.125 1
0.4375 0.125 1
0.5 0.125 1
0.5625 0.125 1
0.625 0.125 1
0.6875 0.125 1
0.3125 0.1875 1
0.375 0.1875 1
0.4375 0.1875 1
0.5 0.1875 1
0.5625 0.1875 1
0.625 0.1875 1
0.6875 0.1875 1
2 56 0 21
1644
1645
1646
1647
1648
1649
1650
1651
1652
1653
1654
1655
1656
1657
1658
1659
1660
1661
1662
1663
1664
0.75 0.3125 0.0625
0.75 0.375 0.0625
0.75 0.4375 0.0625
0.75 0.5 0.0625
0.75 0.5625 0.0625
0.75 0.625 0.0625
0.75 0.6875 0.0625
0.75 0.3125 0.125
0.75 0.375 0.125
0.75 0.4375 0.125
0.75 0.5 0.125
0.75 0.5625 0.125
0.75 0.625 0.125
0.75 0.6875 0.125
0.75 0.3125 0.1875
0.75 0.375 0.1875
0.75 0.4375 0.1875
0.75 0.5 0.1875
0.75 0.5625 0.1875
0.75 0.625 0.1875
0.75 0.6875 0.1875
2 57 0 21
1665
1666
1667
1668
1669
1670
1671
1672
1673
1674
1675
1676
1677
1678
1679
1680
1681
1682
1683
1684
1685
0.3125 0.75 0.0625
0.3125 0.75 0.125
0.3125 0.75 0.1875
0.375 0.75 0.0625
0.375 0.75 0.125
0.375 0.75 0.1875
0.4375 0.75 0.0625
0.4375 0.75 0.125
0.4375 0.75 0.1875
0.5 0.75 0.0625
0.5 0.75 0.125
0.5 0.75 0.1875
0.5625 0.75 0.0625
0.5625 0.75 0.125
0.5625 0.75 0.1875
0.625 0.75 0.0625
0.625 0.75 0.125
0.625 0.75 0.1875
0.6875 0.75 0.0625
0.6875 0.75 0.125
0.6875 0.75 0.1875
2 58 0 49
1686
1687
1688
1689
1690
1691
1692
1693
1694
1695
1696
1697
1698
1699
1700
1701
1702
1703
1704
1705
1706
1707
1708
1709
1710
1711
1712
1713
1714
1715
1716
1717
1718
1719
1720
1721
1722
1723
1724
1725
1726
1727
1728
1729
1730
1731
1732
1733
1734
0.3125 0.3125 0
0.375 0.3125 0
0.4375 0.3125 0
0.5 0.3125 0
0.5625 0.3125 0
0.625 0.3125 0
0.6875 0.3125 0
0.3125 0.375 0
0.375 0.375 0
0.4375 0.375 0
0.5 0.375 0
0.5625 0.375 0
0.625 0.375 0
0.6875 0.375 0
0.3125 0.4375 0
0.375 0.4375 0
0.4375 0.4375 0
0.5 0.4375 0
0.5625 0.4375 0
0.625 0.4375 0
0.6875 0.4375 0
0.3125 0.5 0
0.375 0.5 0
0.4375 0.5 0
0.5 0.5 0
0.5625 0.5 0
0.625 0.5 0
0.6875 0.5 0
0.3125 0.5625 0
0.375 0.5625 0
0.4375 0.5625 0
0.5 0.5625 0
0.5625 0.5625 0
0.625 0.5625 0
0.6875 0.5625 0
0.3125 0.625 0
0.375 0.625 0
0.4375 0.625 0
0.5 0.625 0
0.5625 0.625 0
0.625 0.625 0
0.6875 0.625 0
0.3125 0.6875 0
0.375 0.6875 0
0.4375 0.6875 0
0.5 0.6875 0
0.5625 0.6875 0
0.625 0.6875 0
0.6875 0.6875 0
2 59 0 49
1735
1736
1737
1738
1739
1740
1741
1742
1743
1744
1745
1746
1747
1748
1749
1750
1751
1752
1753
1754
1755
1756
1757
1758
1759
1760
1761
1762
1763
1764
1765
1766
1767
1768
1769
1770
1771
1772
1773
1774
1775
1776
1777
1778
1779
1780
1781
1782
1783
0.3125 0.3125 0.25
0.375 0.3125 0.25
0.4375 0.3125 0.25
0.5 0.3125 0.25
0.5625 0.3125 0.25
0.625 0.3125 0.25
0.6875 0.3125 0.25
0.3125 0.375 0.25
0.375 0.375 0.25
0.4375 0.375 0.25
0.5 0.375 0.25
0.5625 0.375 0.25
0.625 0.375 0.25
0.6875 0.375 0.25
0.3125 0.4375 0.25
0.375 0.4375 0.25
0.4375 0.4375 0.25
0.5 0.4375 0.25
0.5625 0.4375 0.25
0.625 0.4375 0.25
0.6875 0.4375 0.25
0.3125 0.5 0.25
0.375 0.5 0.25
0.4375 0.5 0.25
0.5 0.5 0.25
0.5625 0.5 0.25
0.625 0.5 0.25
0.6875 0.5 0.25
0.3125 0.5625 0.25
0.375 0.5625 0.25
0.4375 0.5625 0.25
0.5 0.5625 0.25
0.5625 0.5625 0.25
0.625 0.5625 0.25
0.6875 0.5625 0.25
0.3125 0.625 0.25
0.375 0.625 0.25
0.4375 0.625 0.25
0.5 0.625 0.25
0.5625 0.625 0.25
0.625 0.625 0.25
0.6875 0.625 0.25
0.3125 0.6875 0.25
0.375 0.6875 0.25
0.4375 0.6875 0.25
0.5 0.6875 0.25
0.5625 0.6875 0.25
0.625 0.6875 0.25
0.6875 0.6875 0.25
2 60 0 49
1784
1785
1786
1787
1788
1789
1790
1791
1792
1793
1794
1795
1796
1797
1798
1799
1800
1801
1802
1803
1804
1805
1806
1807
1808
1809
1810
1811
1812
1813
1814
1815
1816
1817
1818
1819
1820
1821
1822
1823
1824
1825
1826
1827
1828
1829
1830
1831
1832
0.75 0.3125 0.3125
0.75 0.375 0.3125
0.75 0.4375 0.3125
0.75 0.5 0.3125
0.75 0.5625 0.3125
0.75 0.625 0.3125
0.75 0.6875 0.3125
0.75 0.3125 0.375
0.75 0.375 0.375
0.75 0.4375 0.375
0.75 0.5 0.375
0.75 0.5625 0.375
0.75 0.625 0.375
0.75 0.6875 0.375
0.75 0.3125 0.4375
0.75 0.375 0.4375
0.75 0.4375 0.4375
0.75 0.5 0.4375
0.75 0.5625 0.4375
0.75 0.625 0.4375
0.75 0.6875 0.4375
0.75 0.3125 0.5
0.75 0.375 0.5
0.75 0.4375 0.5
0.75 0.5 0.5
0.75 0.5625 0.5
0.75 0.625 0.5
0.75 0.6875 0.5
0.75 0.3125 0.5625
0.75 0.375 0.5625
0.75 0.4375 0.5625
0.75 0.5 0.5625
0.75 0.5625 0.5625
0.75 0.625 0.5625
0.75 0.6875 0.5625
0.75 0.3125 0.625
0.75 0.375 0.625
0.75 0.4375 0.625
0.75 0.5 0.625
0.75 0.5625 0.625
0.75 0.625 0.625
0.75 0.6875 0.625
0.75 0.3125 0.6875
0.75 0.375 0.6875
0.75 0.4375 0.6875
0.75 0.5 0.6875
0.75 0.5625 0.6875
0.75 0.625 0.6875
0.75 0.6875 0.6875
2 61 0 49
1833
1834
1835
1836
1837
1838
1839
1840
1841
1842
1843
1844
1845
1846
1847
1848
1849
1850
1851
1852
1853
1854
1855
1856
1857
1858
1859
1860
1861
1862
1863
1864
1865
1866
1867
1868
1869
1870
1871
1872
1873
1874
1875
1876
1877
1878
1879
1880
1881
0.3125 0.75 0.3125
0.3125 0.75 0.375
0.3125 0.75 0.4375
0.3125 0.75 0.5
0.3125 0.75 0.5625
0.3125 0.75 0.625
0.3125 0.75 0.6875
0.375 0.75 0.3125
0.375 0.75 0.375
0.375 0.75 0.4375
0.375 0.75 0.5
0.375 0.75 0.5625
0.375 0.75 0.625
0.375 0.75 0.6875
0.4375 0.75 0.3125
0.4375 0.75 0.375
0.4375 0.75 0.4375
0.4375 0.75 0.5
0.4375 0.75 0.5625
0.4375 0.75 0.625
0.4375 0.75 0.6875
0.5 0.75 0.3125
0.5 0.75 0.375
0.5 0.75 0.4375
0.5 0.75 0.5
0.5 0.75 0.5625
0.5 0.75 0.625
0.5 0.75 0.6875
0.5625 0.75 0.3125
0.5625 0.75 0.375
0.5625 0.75 0.4375
0.5625 0.75 0.5
0.5625 0.75 0.5625
0.5625 0.75 0.625
0.5625 0.75 0.6875
0.625 0.75 0.3125
0.625 0.75 0.375
0.625 0.75 0.4375
0.625 0.75 0.5
0.625 0.75 0.5625
0.625 0.75 0.625
0.625 0.75 0.6875
0.6875 0.75 0.3125
0.6875 0.75 0.375
0.6875 0.75 0.4375
0.6875 0.75 0.5
0.6875 0.75 0.5625
0.6875 0.75 0.625
0.6875 0.75 0.6875
2 62 0 49
1882
1883
1884
1885
1886
1887
1888
1889
1890
1891
1892
1893
1894
1895
1896
1897
1898
1899
1900
1901
1902
1903
1904
1905
1906
1907
1908
1909
1910
1911
1912
1913
1914
1915
1916
1917
1918
1919
1920
1921
1922
1923
1924
1925
1926
1927
1928
1929
1930
0.3125 0.3125 0.75
0.375 0.3125 0.75
0.4375 0.3125 0.75
0.5 0.3125 0.75
0.5625 0.3125 0.75
0.625 0.3125 0.75
0.6875 0.3125 0.75
0.3125 0.375 0.75
0.375 0.375 0.75
0.4375 0.375 0.75
0.5 0.375 0.75
0.5625 0.375 0.75
0.625 0.375 0.75
0.6875 0.375 0.75
0.3125 0.4375 0.75
0.375 0.4375 0.75
0.4375 0.4375 0.75
0.5 0.4375 0.75
0.5625 0.4375 0.75
0.625 0.4375 0.75
0.6875 0.4375 0.75
0.3125 0.5 0.75
0.375 0.5 0.75
0.4375 0.5 0.75
0.5 0.5 0.75
0.5625 0.5 0.75
0.625 0.5 0.75
0.6875 0.5 0.75
0.3125 0.5625 0.75
0.375 0.5625 0.75
0.4375 0.5625 0.75
0.5 0.5625 0.75
0.5625 0.5625 0.75
0.625 0.5625 0.75
0.6875 0.5625 0.75
0.3125 0.625 0.75
0.375 0.625 0.75
0.4375 0.625 0.75
0.5 0.625 0.75
0.5625 0.625 0.75
0.625 0.625 0.75
0.6875 0.625 0.75
0.3125 0.6875 0.75
0.375 0.6875 0.75
0.4375 0.6875 0.75
0.5 0.6875 0.75
0.5625 0.6875 0.75
0.625 0.6875 0.75
0.6875 0.6875 0.75
2 63 0 21
1931
1932
1933
1934
1935
1936
1937
1938
1939
1940
1941
1942
1943
1944
1945
1946
1947
1948
1949
1950
1951
0.75 0.3125 0.8125
0.75 0.375 0.8125
0.75 0.4375 0.8125
0.75 0.5 0.8125
0.75 0.5625 0.8125
0.75 0.625 0.8125
0.75 0.6875 0.8125
0.75 0.3125 0.875
0.75 0.375 0.875
0.75 0.4375 0.875
0.75 0.5 0.875
0.75 0.5625 0.875
0.75 0.625 0.875
0.75 0.6875 0.875
0.75 0.3125 0.9375
0.75 0.375 0.9375
0.75 0.4375 0.9375
0.75 0.5 0.9375
0.75 0.5625 0.9375
0.75 0.625 0.9375
0.75 0.6875 0.9375
2 64 0 21
1952
1953
1954
1955
1956
1957
1958
1959
1960
1961
1962
1963
1964
1965
1966
1967
1968
1969
1970
1971
1972
0.3125 0.75 0.8125
0.3125 0.75 0.875
0.3125 0.75 0.9375
0.375 0.75 0.8125
0.375 0.75 0.875
0.375 0.75 0.9375
0.4375 0.75 0.8125
0.4375 0.75 0.875
0.4375 0.75 0.9375
0.5 0.75 0.8125
0.5 0.75 0.875
0.5 0.75 0.9375
0.5625 0.75 0.8125
0.5625 0.75 0.875
0.5625 0.75 0.9375
0.625 0.75 0.8125
0.625 0.75 0.875
0.625 0.75 0.9375
0.6875 0.75 0.8125
0.6875 0.75 0.875
0.6875 0.75 0.9375
2 65 0 49
1973
1974
1975
1976
1977
1978
1979
1980
1981
1982
1983
1984
1985
1986
1987
1988
1989
1990
1991
1992
1993
1994
1995
1996
1997
1998
1999
2000
2001
2002
2003
2004
2005
2006
2007
2008
2009
2010
2011
2012
2013
2014
2015
2016
2017
2018
2019
2020
2021
0.3125 0.3125 1
0.375 0.3125 1
0.4375 0.3125 1
0.5 0.3125 1
0.5625 0.3125 1
0.625 0.3125 1
0.6875 0.3125 1
0.3125 0.375 1
0.375 0.375 1
0.4375 0.375 1
0.5 0.375 1
0.5625 0.375 1
0.625 0.375 1
0.6875 0.375 1
0.3125 0.4375 1
0.375 0.4375 1
0.4375 0.4375 1
0.5 0.4375 1
0.5625 0.4375 1
0.625 0.4375 1
0.6875 0.4375 1
0.3125 0.5 1
0.375 0.5 1
0.4375 0.5 1
0.5 0.5 1
0.5625 0.5 1
0.625 0.5 1
0.6875 0.5 1
0.3125 0.5625 1
0.375 0.5625 1
0.4375 0.5625 1
0.5 0.5625 1
0.5625 0.5625 1
0.625 0.5625 1
0.6875 0.5625 1
0.3125 0.625 1
0.375 0.625 1
0.4375 0.625 1
0.5 0.625 1
0.5625 0.625 1
0.625 0.625 1
0.6875 0.625 1
0.3125 0.6875 1
0.375 0.6875 1
0.4375 0.6875 1
0.5 0.6875 1
0.5625 0.6875 1
0.625 0.6875 1
0.6875 0.6875 1
2 66 0 9
2022
2023
2024
2025
2026
2027
2028
2029
2030
0.75 0.8125 0.0625
0.75 0.875 0.0625
0.75 0.9375 0.0625
0.75 0.8125 0.125
0.75 0.875 0.125
0.75 0.9375 0.125
0.75 0.8125 0.1875
0.75 0.875 0.1875
0.75 0.9375 0.1875
2 67 0 21
2031
2032
2033
2034
2035
2036
2037
2038
2039
2040
2041
2042
2043
2044
2045
2046
2047
2048
2049
2050
2051
0.3125 1 0.0625
0.3125 1 0.125
0.3125 1 0.1875
0.375 1 0.0625
0.375 1 0.125
0.375 1 0.1875
0.4375 1 0.0625
0.4375 1 0.125
0.4375 1 0.1875
0.5 1 0.0625
0.5 1 0.125
0.5 1 0.1875
0.5625 1 0.0625
0.5625 1 0.125
0.5625 1 0.1875
0.625 1 0.0625
0.625 1 0.125
0.625 1 0.1875
0.6875 1 0.0625
0.6875 1 0.125
0.6875 1 0.1875
2 68 0 21
2052
2053
2054
2055
2056
2057
2058
2059
2060
2061
2062
2063
2064
2065
2066
2067
2068
2069
2070
2071
2072
0.3125 0.8125 0
0.375 0.8125 0
0.4375 0.8125 0
0.5 0.8125 0
0.5625 0.8125 0
0.625 0.8125 0
0.6875 0.8125 0
0.3125 0.875 0
0.375 0.875 0
0.4375 0.875 0
0.5 0.875 0
0.5625 0.875 0
0.625 0.875 0
0.6875 0.875 0
0.3125 0.9375 0
0.375 0.9375 0
0.4375 0.9375 0
0.5 0.9375 0
0.5625 0.9375 0
0.625 0.9375 0
0.6875 0.9375 0
2 69 0 21
2073
2074
2075
2076
2077
2078
2079
2080
2081
2082
2083
2084
2085
2086
2087
2088
2089
2090
2091
2092
2093
0.3125 0.8125 0.25
0.375 0.8125 0.25
0.4375 0.8125 0.25
0.5 0.8125 0.25
0.5625 0.8125 0.25
0.625 0.8125 0.25
0.6875 0.8125 0.25
0.3125 0.875 0.25
0.375 0.875 0.25
0.4375 0.875 0.25
0.5 0.875 0.25
0.5625 0.875 0.25
0.625 0.875 0.25
0.6875 0.875 0.25
0.3125 0.9375 0.25
0.375 0.9375 0.25
0.4375 0.9375 0.25
0.5 0.9375 0.25
0.5625 0.9375 0.25
0.625 0.9375 0.25
0.6875 0.9375 0.25
2 70 0 21
2094
2095
2096
2097
2098
2099
2100
2101
2102
2103
2104
2105
2106
2107
2108
2109
2110
2111
2112
2113
2114
0.75 0.8125 0.3125
0.75 0.875 0.3125
0.75 0.9375 0.3125
0.75 0.8125 0.375
0.75 0.875 0.375
0.75 0.9375 0.375
0.75 0.8125 0.4375
0.75 0.875 0.4375
0.75 0.9375 0.4375
0.75 0.8125 0.5
0.75 0.875 0.5
0.75 0.9375 0.5
0.75 0.8125 0.5625
0.75 0.875 0.5625
0.75 0.9375 0.5625
0.75 0.8125 0.625
0.75 0.875 0.625
0.75 0.9375 0.625
0.75 0.8125 0.6875
0.75 0.875 0.6875
0.75 0.9375 0.6875
2 71 0 49
2115
2116
2117
2118
2119
2120
2121
2122
2123
2124
2125
2126
2127
2128
2129
2130
2131
2132
2133
2134
2135
2136
2137
2138
2139
2140
2141
2142
2143
2144
2145
2146
2147
2148
2149
2150
2151
2152
2153
2154
2155
2156
2157
2158
2159
2160
2161
2162
2163
0.3125 1 0.3125
0.3125 1 0.375
0.3125 1 0.4375
0.3125 1 0.5
0.3125 1 0.5625
0.3125 1 0.625
0.3125 1 0.6875
0.375 1 0.3125
0.375 1 0.375
0.375 1 0.4375
0.375 1 0.5
0.375 1 0.5625
0.375 1 0.625
0.375 1 0.6875
0.4375 1 0.3125
0.4375 1 0.375
0.4375 1 0.4375
0.4375 1 0.5
0.4375 1 0.5625
0.4375 1 0.625
0.4375 1 0.6875
0.5 1 0.3125
0.5 1 0.375
0.5 1 0.4375
0.5 1 0.5
0.5 1 0.5625
0.5 1 0.625
0.5 1 0.6875
0.5625 1 0.3125
0.5625 1 0.375
0.5625 1 0.4375
0.5625 1 0.5
0.5625 1 0.5625
0.5625 1 0.625
0.5625 1 0.6875
0.625 1 0.3125
0.625 1 0.375
0.625 1 0.4375
0.625 1 0.5
0.625 1 0.5625
0.625 1 0.625
0.625 1 0.6875
0.6875 1 0.3125
0.6875 1 0.375
0.6875 1 0.4375
0.6875 1 0.5
0.6875 1 0.5625
0.6875 1 0.625
0.6875 1 0.6875
2 72 0 21
2164
2165
2166
2167
2168
2169
2170
2171
2172
2173
2174
2175
2176
2177
2178
2179
2180
2181
2182
2183
2184
0.3125 0.8125 0.75
0.375 0.8125 0.75
0.4375 0.8125 0.75
0.5 0.8125 0.75
0.5625 0.8125 0.75
0.625 0.8125 0.75
0.6875 0.8125 0.75
0.3125 0.875 0.75
0.375 0.875 0.75
0.4375 0.875 0.75
0.5 0.875 0.75
0.5625 0.875 0.75
0.625 0.875 0.75
0.6875 0.875 0.75
0.3125 0.9375 0.75
0.375 0.9375 0.75
0.4375 0.9375 0.75
0.5 0.9375 0.75
0.5625 0.9375 0.75
0.625 0.9375 0.75
0.6875 0.9375 0.75
2 73 0 9
2185
2186
2187
2188
2189
2190
2191
2192
2193
0.75 0.8125 0.8125
0.75 0.875 0.8125
0.75 0.9375 0.8125
0.75 0.8125 0.875
0.75 0.875 0.875
0.75 0.9375 0.875
0.75 0.8125 0.9375
0.75 0.875 0.9375
0.75 0.9375 0.9375
2 74 0 21
2194
2195
2196
2197
2198
2199
2200
2201
2202
2203
2204
2205
2206
2207
2208
2209
2210
2211
2212
2213
2214
0.3125 1 0.8125
0.3125 1 0.875
0.3125 1 0.9375
0.375 1 0.8125
0.375 1 0.875
0.375 1 0.9375
0.4375 1 0.8125
0.4375 1 0.875
0.4375 1 0.9375
0.5 1 0.8125
0.5 1 0.875
0.5 1 0.9375
0.5625 1 0.8125
0.5625 1 0.875
0.5625 1 0.9375
0.625 1 0.8125
0.625 1 0.875
0.625 1 0.9375
0.6875 1 0.8125
0.6875 1 0.875
0.6875 1 0.9375
2 75 0 21
2215
2216
2217
2218
2219
2220
2221
2222
2223
2224
2225
2226
2227
2228
2229
2230
2231
2232
2233
2234
2235
0.3125 0.8125 1
0.375 0.8125 1
0.4375 0.8125 1
0.5 0.8125 1
0.5625 0.8125 1
0.625 0.8125 1
0.6875 0.8125 1
0.3125 0.875 1
0.375 0.875 1
0.4375 0.875 1
0.5 0.875 1
0.5625 0.875 1
0.625 0.875 1
0.6875 0.875 1
0.3125 0.9375 1
0.375 0.9375 1
0.4375 0.9375 1
0.5 0.9375 1
0.5625 0.9375 1
0.625 0.9375 1
0.6875 0.9375 1
2 76 0 9
2236
2237
2238
2239
2240
2241
2242
2243
2244
1 0.0625 0.0625
1 0.125 0.0625
1 0.1875 0.0625
1 0.0625 0.125
1 0.125 0.125
1 0.1875 0.125
1 0.0625 0.1875
1 0.125 0.1875
1 0.1875 0.1875
2 77 0 9
2245
2246
2247
2248
2249
2250
2251
2252
2253
0.8125 0 0.0625
0.8125 0 0.125
0.8125 0 0.1875
0.875 0 0.0625
0.875 0 0.125
0.875 0 0.1875
0.9375 0 0.0625
0.9375 0 0.125
0.9375 0 0.1875
2 78 0 9
2254
2255
2256
2257
2258
2259
2260
2261
2262
0.8125 0.25 0.0625
0.8125 0.25 0.125
0.8125 0.25 0.1875
0.875 0.25 0.0625
0.875 0.25 0.125
0.875 0.25 0.1875
0.9375 0.25 0.0625
0.9375 0.25 0.125
0.9375 0.25 0.1875
2 79 0 9
2263
2264
2265
2266
2267
2268
2269
2270
2271
0.8125 0.0625 0
0.875 0.0625 0
0.9375 0.0625 0
0.8125 0.125 0
0.875 0.125 0
0.9375 0.125 0
0.8125 0.1875 0
0.875 0.1875 0
0.9375 0.1875 0
2 80 0 9
2272
2273
2274
2275
2276
2277
2278
2279
2280
0.8125 0.0625 0.25
0.875 0.0625 0.25
0.9375 0.0625 0.25
0.8125 0.125 0.25
0.875 0.125 0.25
0.9375 0.125 0.25
0.8125 0.1875 0.25
0.875 0.1875 0.25
0.9375 0.1875 0.25
2 81 0 21
2281
2282
2283
2284
2285
2286
2287
2288
2289
2290
2291
2292
2293
2294
2295
2296
2297
2298
2299
2300
2301
1 0.0625 0.3125
1 0.125 0.3125
1 0.1875 0.3125
1 0.0625 0.375
1 0.125 0.375
1 0.1875 0.375
1 0.0625 0.4375
1 0.125 0.4375
1 0.1875 0.4375
1 0.0625 0.5
1 0.125 0.5
1 0.1875 0.5
1 0.0625 0.5625
1 0.125 0.5625
1 0.1875 0.5625
1 0.0625 0.625
1 0.125 0.625
1 0.1875 0.625
1 0.0625 0.6875
1 0.125 0.6875
1 0.1875 0.6875
2 82 0 21
2302
2303
2304
2305
2306
2307
2308
2309
2310
2311
2312
2313
2314
2315
2316
2317
2318
2319
2320
2321
2322
0.8125 0 0.3125
0.8125 0 0.375
0.8125 0 0.4375
0.8125 0 0.5
0.8125 0 0.5625
0.8125 0 0.625
0.8125 0 0.6875
0.875 0 0.3125
0.875 0 0.375
0.875 0 0.4375
0.875 0 0.5
0.875 0 0.5625
0.875 0 0.625
0.875 0 0.6875
0.9375 0 0.3125
0.9375 0 0.375
0.9375 0 0.4375
0.9375 0 0.5
0.9375 0 0.5625
0.9375 0 0.625
0.9375 0 0.6875
2 83 0 21
2323
2324
2325
2326
2327
2328
2329
2330
2331
2332
2333
2334
2335
2336
2337
2338
2339
2340
2341
2342
2343
0.8125 0.25 0.3125
0.8125 0.25 0.375
0.8125 0.25 0.4375
0.8125 0.25 0.5
0.8125 0.25 0.5625
0.8125 0.25 0.625
0.8125 0.25 0.6875
0.875 0.25 0.3125
0.875 0.25 0.375
0.875 0.25 0.4375
0.875 0.25 0.5
0.875 0.25 0.5625
0.875 0.25 0.625
0.875 0.25 0.6875
0.9375 0.25 0.3125
0.9375 0.25 0.375
0.9375 0.25 0.4375
0.9375 0.25 0.5
0.9375 0.25 0.5625
0.9375 0.25 0.625
0.9375 0.25 0.6875
2 84 0 9
2344
2345
2346
2347
2348
2349
2350
2351
2352
0.8125 0.0625 0.75
0.875 0.0625 0.75
0.9375 0.0625 0.75
0.8125 0.125 0.75
0.875 0.125 0.75
0.9375 0.125 0.75
0.8125 0.1875 0.75
0.875 0.1875 0.75
0.9375 0.1875 0.75
2 85 0 9
2353
2354
2355
2356
2357
2358
2359
2360
2361
1 0.0625 0.8125
1 0.125 0.8125
1 0.1875 0.8125
1 0.0625 0.875
1 0.125 0.875
1 0.1875 0.875
1 0.0625 0.9375
1 0.125 0.9375
1 0.1875 0.9375
2 86 0 9
2362
2363
2364
2365
2366
2367
2368
2369
2370
0.8125 0 0.8125
0.8125 0 0.875
0.8125 0 0.9375
0.875 0 0.8125
0.875 0 0.875
0.875 0 0.9375
0.9375 0 0.8125
0.9375 0 0.875
0.9375 0 0.9375
2 87 0 9
2371
2372
2373
2374
2375
2376
2377
2378
2379
0.8125 0.25 0.8125
0.8125 0.25 0.875
0.8125 0.25 0.9375
0.875 0.25 0.8125
0.875 0.25 0.875
0.875 0.25 0.9375
0.9375 0.25 0.8125
0.9375 0.25 0.875
0.9375 0.25 0.9375
2 88 0 9
2380
2381
2382
2383
2384
2385
2386
2387
2388
0.8125 0.0625 1
0.875 0.0625 1
0.9375 0.0625 1
0.8125 0.125 1
0.875 0.125 1
0.9375 0.125 1
0.8125 0.1875 1
0.875 0.1875 1
0.9375 0.1875 1
2 89 0 21
2389
2390
2391
2392
2393
2394
2395
2396
2397
2398
2399
2400
2401
2402
2403
2404
2405
2406
2407
2408
2409
1 0.3125 0.0625
1 0.375 0.0625
1 0.4375 0.0625
1 0.5 0.0625
1 0.5625 0.0625
1 0.625 0.0625
1 0.6875 0.0625
1 0.3125 0.125
1 0.375 0.125
1 0.4375 0.125
1 0.5 0.125
1 0.5625 0.125
1 0.625 0.125
1 0.6875 0.125
1 0.3125 0.1875
1 0.375 0.1875
1 0.4375 0.1875
1 0.5 0.1875
1 0.5625 0.1875
1 0.625 0.1875
1 0.6875 0.1875
2 90 0 9
2410
2411
2412
2413
2414
2415
2416
2417
2418
0.8125 0.75 0.0625
0.8125 0.75 0.125
0.8125 0.75 0.1875
0.875 0.75 0.0625
0.875 0.75 0.125
0.875 0.75 0.1875
0.9375 0.75 0.0625
0.9375 0.75 0.125
0.9375 0.75 0.1875
2 91 0 21
2419
2420
2421
2422
2423
2424
2425
2426
2427
2428
2429
2430
2431
2432
2433
2434
2435
2436
2437
2438
2439
0.8125 0.3125 0
0.875 0.3125 0
0.9375 0.3125 0
0.8125 0.375 0
0.875 0.375 0
0.9375 0.375 0
0.8125 0.4375 0
0.875 0.4375 0
0.9375 0.4375 0
0.8125 0.5 0
0.875 0.5 0
0.9375 0.5 0
0.8125 0.5625 0
0.875 0.5625 0
0.9375 0.5625 0
0.8125 0.625 0
0.875 0.625 0
0.9375 0.625 0
0.8125 0.6875 0
0.875 0.6875 0
0.9375 0.6875 0
2 92 0 21
2440
2441
2442
2443
2444
2445
2446
2447
2448
2449
2450
2451
2452
2453
2454
2455
2456
2457
2458
2459
2460
0.8125 0.3125 0.25
0.875 0.3125 0.25
0.9375 0.3125 0.25
0.8125 0.375 0.25
0.875 0.375 0.25
0.9375 0.375 0.25
0.8125 0.4375 0.25
0.875 0.4375 0.25
0.9375 0.4375 0.25
0.8125 0.5 0.25
0.875 0.5 0.25
0.9375 0.5 0.25
0.8125 0.5625 0.25
0.875 0.5625 0.25
0.9375 0.5625 0.25
0.8125 0.625 0.25
0.875 0.625 0.25
0.9375 0.625 0.25
0.8125 0.6875 0.25
0.875 0.6875 0.25
0.9375 0.6875 0.25
2 93 0 49
2461
2462
2463
2464
2465
2466
2467
2468
2469
2470
2471
2472
2473
2474
2475
2476
2477
2478
2479
2480
2481
2482
2483
2484
2485
2486
2487
2488
2489
2490
2491
2492
2493
2494
2495
2496
2497
2498
2499
2500
2501
2502
2503
2504
2505
2506
2507
2508
2509
1 0.3125 0.3125
1 0.375 0.3125
1 0.4375 0.3125
1 0.5 0.3125
1 0.5625 0.3125
1 0.625 0.3125
1 0.6875 0.3125
1 0.3125 0.375
1 0.375 0.375
1 0.4375 0.375
1 0.5 0.375
1 0.5625 0.375
1 0.625 0.375
1 0.6875 0.375
1 0.3125 0.4375
1 0.375 0.4375
1 0.4375 0.4375
1 0.5 0.4375
1 0.5625 0.4375
1 0.625 0.4375
1 0.6875 0.4375
1 0.3125 0.5
1 0.375 0.5
1 0.4375 0.5
1 0.5 0.5
1 0.5625 0.5
1 0.625 0.5
1 0.6875 0.5
1 0.3125 0.5625
1 0.375 0.5625
1 0.4375 0.5625
1 0.5 0.5625
1 0.5625 0.5625
1 0.625 0.5625
1 0.6875 0.5625
1 0.3125 0.625
1 0.375 0.625
1 0.4375 0.625
1 0.5 0.625
1 0.5625 0.625
1 0.625 0.625
1 0.6875 0.625
1 0.3125 0.6875
1 0.375 0.6875
1 0.4375 0.6875
1 0.5 0.6875
1 0.5625 0.6875
1 0.625 0.6875
1 0.6875 0.6875
2 94 0 21
2510
2511
2512
2513
2514
2515
2516
2517
2518
2519
2520
2521
2522
2523
2524
2525
2526
2527
2528
2529
2530
0.8125 0.75 0.3125
0.8125 0.75 0.375
0.8125 0.75 0.4375
0.8125 0.75 0.5
0.8125 0.75 0.5625
0.8125 0.75 0.625
0.8125 0.75 0.6875
0.875 0.75 0.3125
0.875 0.75 0.375
0.875 0.75 0.4375
0.875 0.75 0.5
0.875 0.75 0.5625
0.875 0.75 0.625
0.875 0.75 0.6875
0.9375 0.75 0.3125
0.9375 0.75 0.375
0.9375 0.75 0.4375
0.9375 0.75 0.5
0.9375 0.75 0.5625
0.9375 0.75 0.625
0.9375 0.75 0.6875
2 95 0 21
2531
2532
2533
2534
2535
2536
2537
2538
2539
2540
2541
2542
2543
2544
2545
2546
2547
2548
2549
2550
2551
0.8125 0.3125 0.75
0.875 0.3125 0.75
0.9375 0.3125 0.75
0.8125 0.375 0.75
0.875 0.375 0.75
0.9375 0.375 0.75
0.8125 0.4375 0.75
0.875 0.4375 0.75
0.9375 0.4375 0.75
0.8125 0.5 0.75
0.875 0.5 0.75
0.9375 0.5 0.75
0.8125 0.5625 0.75
0.875 0.5625 0.75
0.9375 0.5625 0.75
0.8125 0.625 0.75
0.875 0.625 0.75
0.9375 0.625 0.75
0.8125 0.6875 0.75
0.875 0.6875 0.75
0.9375 0.6875 0.75
2 96 0 21
2552
2553
2554
2555
2556
2557
2558
2559
2560
2561
2562
2563
2564
2565
2566
2567
2568
2569
2570
2571
2572
1 0.3125 0.8125
1 0.375 0.8125
1 0.4375 0.8125
1 0.5 0.8125
1 0.5625 0.8125
1 0.625 0.8125
1 0.6875 0.8125
1 0.3125 0.875
1 0.375 0.875
1 0.4375 0.875
1 0.5 0.875
1 0.5625 0.875
1 0.625 0.875
1 0.6875 0.875
1 0.3125 0.9375
1 0.375 0.9375
1 0.4375 0.9375
1 0.5 0.9375
1 0.5625 0.9375
1 0.625 0.9375
1 0.6875 0.9375
2 97 0 9
2573
2574
2575
2576
2577
2578
2579
2580
2581
0.8125 0.75 0.8125
0.8125 0.75 0.875
0.8125 0.75 0.9375
0.875 0.75 0.8125
0.875 0.75 0.875
0.875 0.75 0.9375
0.9375 0.75 0.8125
0.9375 0.75 0.875
0.9375 0.75 0.9375
2 98 0 21
2582
2583
2584
2585
2586
2587
2588
2589
2590
2591
2592
2593
2594
2595
2596
2597
2598
2599
2600
2601
2602
0.8125 0.3125 1
0.875 0.3125 1
0.9375 0.3125 1
0.8125 0.375 1
0.875 0.375 1
0.9375 0.375 1
0.8125 0.4375 1
0.875 0.4375 1
0.9375 0.4375 1
0.8125 0.5 1
0.875 0.5 1
0.9375 0.5 1
0.8125 0.5625 1
0.875 0.5625 1
0.9375 0.5625 1
0.8125 0.625 1
0.875 0.625 1
0.9375 0.625 1
0.8125 0.6875 1
0.875 0.6875 1
0.9375 0.6875 1
2 99 0 9
2603
2604
2605
2606
2607
2608
2609
2610
2611
1 0.8125 0.0625
1 0.875 0.0625
1 0.9375 0.0625
1 0.8125 0.125
1 0.875 0.125
1 0.9375 0.125
1 0.8125 0.1875
1 0.875 0.1875
1 0.9375 0.1875
2 100 0 9
2612
2613
2614
2615
2616
2617
2618
2619
2620
0.8125 1 0.0625
0.8125 1 0.125
0.8125 1 0.1875
0.875 1 0.0625
0.875 1 0.125
0.875 1 0.1875
0.9375 1 0.0625
0.9375 1 0.125
0.9375 1 0.1875
2 101 0 9
2621
2622
2623
2624
2625
2626
2627
2628
2629
0.8125 0.8125 0
0.875 0.8125 0
0.9375 0.8125 0
0.8125 0.875 0
0.875 0.875 0
0.9375 0.875 0
0.8125 0.9375 0
0.875 0.9375 0
0.9375 0.9375 0
2 102 0 9
2630
2631
2632
2633
2634
2635
2636
2637
2638
0.8125 0.8125 0.25
0.875 0.8125 0.25
0.9375 0.8125 0.25
0.8125 0.875 0.25
0.875 0.875 0.25
0.9375 0.875 0.25
0.8125 0.9375 0.25
0.875 0.9375 0.25
0.9375 0.9375 0.25
2 103 0 21
2639
2640
2641
2642
2643
2644
2645
2646
2647
2648
2649
2650
2651
2652
2653
2654
2655
2656
2657
2658
2659
1 0.8125 0.3125
1 0.875 0.3125
1 0.9375 0.3125
1 0.8125 0.375
1 0.875 0.375
1 0.9375 0.375
1 0.8125 0.4375
1 0.875 0.4375
1 0.9375 0.4375
1 0.8125 0.5
1 0.875 0.5
1 0.9375 0.5
1 0.8125 0.5625
1 0.875 0.5625
1 0.9375 0.5625
1 0.8125 0.625
1 0.875 0.625
1 0.9375 0.625
1 0.8125 0.6875
1 0.875 0.6875
1 0.9375 0.6875
2 104 0 21
2660
2661
2662
2663
2664
2665
2666
2667
2668
2669
2670
2671
2672
2673
2674
2675
2676
2677
2678
2679
2680
0.8125 1 0.3125
0.8125 1 0.375
0.8125 1 0.4375
0.8125 1 0.5
0.8125 1 0.5625
0.8125 1 0.625
0.8125 1 0.6875
0.875 1 0.3125
0.875 1 0.375
0.875 1 0.4375
0.875 1 0.5
0.875 1 0.5625
0.875 1 0.625
0.875 1 0.6875
0.9375 1 0.3125
0.9375 1 0.375
0.9375 1 0.4375
0.9375 1 0.5
0.9375 1 0.5625
0.9375 1 0.625
0.9375 1 0.6875
2 105 0 9
2681
2682
2683
2684
2685
2686
2687
2688
2689
0.8125 0.8125 0.75
0.875 0.8125 0.75
0.9375 0.8125 0.75
0.8125 0.875 0.75
0.875 0.875 0.75
0.9375 0.875 0.75
0.8125 0.9375 0.75
0.875 0.9375 0.75
0.9375 0.9375 0.75
2 106 0 9
2690
2691
2692
2693
2694
2695
2696
2697
2698
1 0.8125 0.8125
1 0.875 0.8125
1 0.9375 0.8125
1 0.8125 0.875
1 0.875 0.875
1 0.9375 0.875
1 0.8125 0.9375
1 0.875 0.9375
1 0.9375 0.9375
2 107 0 9
2699
2700
2701
2702
2703
2704
2705
2706
2707
0.8125 1 0.8125
0.8125 1 0.875
0.8125 1 0.9375
0.875 1 0.8125
0.875 1 0.875
0.875 1 0.9375
0.9375 1 0.8125
0.9375 1 0.875
0.9375 1 0.9375
2 108 0 9
2708
2709
2710
2711
2712
2713
2714
2715
2716
0.8125 0.8125 1
0.875 0.8125 1
0.9375 0.8125 1
0.8125 0.875 1
0.875 0.875 1
0.9375 0.875 1
0.8125 0.9375 1
0.875 0.9375 1
0.9375 0.9375 1
3 1 0 27
2717
2718
2719
2720
2721
2722
2723
2724
2725
2726
2727
2728
2729
2730
2731
2732
2733
2734
2735
2736
2737
2738
2739
2740
2741
2742
2743
0.0625 0.0625 0.0625
0.125 0.0625 0.0625
0.1875 0.0625 0.0625
0.0625 0.125 0.0625
0.125 0.125 0.0625
0.1875 0.125 0.0625
0.0625 0.1875 0.0625
0.125 0.1875 0.0625
0.1875 0.1875 0.0625
0.0625 0.0625 0.125
0.125 0.0625 0.125
0.1875 0.0625 0.125
0.0625 0.125 0.125
0.125 0.125 0.125
0.1875 0.125 0.125
0.0625 0.1875 0.125
0.125 0.1875 0.125
0.1875 0.1875 0.125
0.0625 0.0625 0.1875
0.125 0.0625 0.1875
0.1875 0.0625 0.1875
0.0625 0.125 0.1875
0.125 0.125 0.1875
0.1875 0.125 0.1875
0.0625 0.1875 0.1875
0.125 0.1875 0.1875
0.1875 0.1875 0.1875
3 2 0 63
2744
2745
2746
2747
2748
2749
2750
2751
2752
2753
2754
2755
2756
2757
2758
2759
2760
2761
2762
2763
2764
2765
2766
2767
2768
2769
2770
2771
2772
2773
2774
2775
2776
2777
2778
2779
2780
2781
2782
2783
2784
2785
2786
2787
2788
2789
2790
2791
2792
2793
2794
2795
2796
2797
2798
2799
2800
2801
2802
2803
2804
2805
2806
0.0625 0.0625 0.3125
0.125 0.0625 0.3125
0.1875 0.0625 0.3125
0.0625 0.125 0.3125
0.125 0.125 0.3125
0.1875 0.125 0.3125
0.0625 0.1875 0.3125
0.125 0.1875 0.3125
0.1875 0.1875 0.3125
0.0625 0.0625 0.375
0.125 0.0625 0.375
0.1875 0.0625 0.375
0.0625 0.125 0.375
0.125 0.125 0.375
0.1875 0.125 0.375
0.0625 0.1875 0.375
0.125 0.1875 0.375
0.1875 0.1875 0.375
0.0625 0.0625 0.4375
0.125 0.0625 0.4375
0.1875 0.0625 0.4375
0.0625 0.125 0.4375
0.125 0.125 0.4375
0.1875 0.125 0.4375
0.0625 0.1875 0.4375
0.125 0.1875 0.4375
0.1875 0.1875 0.4375
0.0625 0.0625 0.5
0.125 0.0625 0.5
0.1875 0.0625 0.5
0.0625 0.125 0.5
0.125 0.125 0.5
0.1875 0.125 0.5
0.0625 0.1875 0.5
0.125 0.1875 0.5
0.1875 0.1875 0.5
0.0625 0.0625 0.5625
0.125 0.0625 0.5625
0.1875 0.0625 0.5625
0.0625 0.125 0.5625
0.125 0.125 0.5625
0.1875 0.125 0.5625
0.0625 0.1875 0.5625
0.125 0.1875 0.5625
0.1875 0.1875 0.5625
0.0625 0.0625 0.625
0.125 0.0625 0.625
0.1875 0.0625 0.625
0.0625 0.125 0.625
0.125 0.125 0.625
0.1875 0.125 0.625
0.0625 0.1875 0.625
0.125 0.1875 0.625
0.1875 0.1875 0.625
0.0625 0.0625 0.6875
0.125 0.0625 0.6875
0.1875 0.0625 0.6875
0.0625 0.125 0.6875
0.125 0.125 0.6875
0.1875 0.125 0.6875
0.0625 0.1875 0.6875
0.125 0.1875 0.6875
0.1875 0.1875 0.6875
3 3 0 27
2807
2808
2809
2810
2811
2812
2813
2814
2815
2816
2817
2818
2819
2820
2821
2822
2823
2824
2825
2826
2827
2828
2829
2830
2831
2832
2833
0.0625 0.0625 0.8125
0.125 0.0625 0.8125
0.1875 0.0625 0.8125
0.0625 0.125 0.8125
0.125 0.125 0.8125
0.1875 0.125 0.8125
0.0625 0.1875 0.8125
0.125 0.1875 0.8125
0.1875 0.1875 0.8125
0.0625 0.0625 0.875
0.125 0.0625 0.875
0.1875 0.0625 0.875
0.0625 0.125 0.875
0.125 0.125 0.875
0.1875 0.125 0.875
0.0625 0.1875 0.875
0.125 0.1875 0.875
0.1875 0.1875 0.875
0.0625 0.0625 0.9375
0.125 0.0625 0.9375
0.1875 0.0625 0.9375
0.0625 0.125 0.9375
0.125 0.125 0.9375
0.1875 0.125 0.9375
0.0625 0.1875 0.9375
0.125 0.1875 0.9375
0.1875 0.1875 0.9375
3 4 0 63
2834
2835
2836
2837
2838
2839
2840
2841
2842
2843
2844
2845
2846
2847
2848
2849
2850
2851
2852
2853
2854
2855
2856
2857
2858
2859
2860
2861
2862
2863
2864
2865
2866
2867
2868
2869
2870
2871
2872
2873
2874
2875
2876
2877
2878
2879
2880
2881
2882
2883
2884
2885
2886
2887
2888
2889
2890
2891
2892
2893
2894
2895
2896
0.0625 0.3125 0.0625
0.125 0.3125 0.0625
0.1875 0.3125 0.0625
0.0625 0.375 0.0625
0.125 0.375 0.0625
0.1875 0.375 0.0625
0.0625 0.4375 0.0625
0.125 0.4375 0.0625
0.1875 0.4375 0.0625
0.0625 0.5 0.0625
0.125 0.5 0.0625
0.1875 0.5 0.0625
0.0625 0.5625 0.0625
0.125 0.5625 0.0625
0.1875 0.5625 0.0625
0.0625 0.625 0.0625
0.125 0.625 0.0625
0.1875 0.625 0.0625
0.0625 0.6875 0.0625
0.125 0.6875 0.0625
0.1875 0.6875 0.0625
0.0625 0.3125 0.125
0.125 0.3125 0.125
0.1875 0.3125 0.125
0.0625 0.375 0.125
0.125 0.375 0.125
0.1875 0.375 0.125
0.0625 0.4375 0.125
0.125 0.4375 0.125
0.1875 0.4375 0.125
0.0625 0.5 0.125
0.125 0.5 0.125
0.1875 0.5 0.125
0.0625 0.5625 0.125
0.125 0.5625 0.125
0.1875 0.5625 0.125
0.0625 0.625 0.125
0.125 0.625 0.125
0.1875 0.625 0.125
0.0625 0.6875 0.125
0.125 0.6875 0.125
0.1875 0.6875 0.125
0.0625 0.3125 0.1875
0.125 0.3125 0.1875
0.1875 0.3125 0.1875
0.0625 0.375 0.1875
0.125 0.375 0.1875
0.1875 0.375 0.1875
0.0625 0.4375 0.1875
0.125 0.4375 0.1875
0.1875 0.4375 0.1875
0.0625 0.5 0.1875
0.125 0.5 0.1875
0.1875 0.5 0.1875
0.0625 0.5625 0.1875
0.125 0.5625 0.1875
0.1875 0.5625 0.1875
0.0625 0.625 0.1875
0.125 0.625 0.1875
0.1875 0.625 0.1875
0.0625 0.6875 0.1875
0.125 0.6875 0.1875
0.1875 0.6875 0.1875
3 5 0 147
2897
2898
2899
2900
2901
2902
2903
2904
2905
2906
2907
2908
2909
2910
2911
2912
2913
2914
2915
2916
2917
2918
2919
2920
2921
2922
2923
2924
2925
2926
2927
2928
2929
2930
2931
2932
2933
2934
2935
2936
2937
2938
2939
2940
2941
2942
2943
2944
2945
2946
2947
2948
2949
2950
2951
2952
2953
2954
2955
2956
2957
2958
2959
2960
2961
2962
2963
2964
2965
2966
2967
2968
2969
2970
2971
2972
2973
2974
2975
2976
2977
2978
2979
2980
2981
2982
2983
2984
2985
2986
2987
2988
2989
2990
2991
2992
2993
2994
2995
2996
2997
2998
2999
3000
3001
3002
3003
3004
3005
3006
3007
3008
3009
3010
3011
3012
3013
3014
3015
3016
3017
3018
3019
3020
3021
3022
3023
3024
3025
3026
3027
3028
3029
3030
3031
3032
3033
3034
3035
3036
3037
3038
3039
3040
3041
3042
3043
0.0625 0.3125 0.3125
0.125 0.3125 0.3125
0.1875 0.3125 0.3125
0.0625 0.375 0.3125
0.125 0.375 0.3125
0.1875 0.375 0.3125
0.0625 0.4375 0.3125
0.125 0.4375 0.3125
0.1875 0.4375 0.3125
0.0625 0.5 0.3125
0.125 0.5 0.3125
0.1875 0.5 0.3125
0.0625 0.5625 0.3125
0.125 0.5625 0.3125
0.1875 0.5625 0.3125
0.0625 0.625 0.3125
0.125 0.625 0.3125
0.1875 0.625 0.3125
0.0625 0.6875 0.3125
0.125 0.6875 0.3125
0.1875 0.6875 0.3125
0.0625 0.3125 0.375
0.125 0.3125 0.375
0.1875 0.3125 0.375
0.0625 0.375 0.375
0.125 0.375 0.375
0.1875 0.375 0.375
0.0625 0.4375 0.375
0.125 0.4375 0.375
0.1875 0.4375 0.375
0.0625 0.5 0.375
0.125 0.5 0.375
0.1875 0.5 0.375
0.0625 0.5625 0.375
0.125 0.5625 0.375
0.1875 0.5625 0.375
0.0625 0.625 0.375
0.125 0.625 0.375
0.1875 0.625 0.375
0.0625 0.6875 0.375
0.125 0.6875 0.375
0.1875 0.6875 0.375
0.0625 0.3125 0.4375
0.125 0.3125 0.4375
0.1875 0.3125 0.4375
0.0625 0.375 0.4375
0.125 0.375 0.4375
0.1875 0.375 0.4375
0.0625 0.4375 0.4375
0.125 0.4375 0.4375
0.1875 0.4375 0.4375
0.0625 0.5 0.4375
0.125 0.5 0.4375
0.1875 0.5 0.4375
0.0625 0.5625 0.4375
0.125 0.5625 0.4375
0.1875 0.5625 0.4375
0.0625 0.625 0.4375
0.125 0.625 0.4375
0.1875 0.625 0.4375
0.0625 0.6875 0.4375
0.125 0.6875 0.4375
0.1875 0.6875 0.4375
0.0625 0.3125 0.5
0.125 0.3125 0.5
0.1875 0.3125 0.5
0.0625 0.375 0.5
0.125 0.375 0.5
0.1875 0.375 0.5
0.0625 0.4375 0.5
0.125 0.4375 0.5
0.1875 0.4375 0.5
0.0625 0.5 0.5
0.125 0.5 0.5
0.1875 0.5 0.5
0.0625 0.5625 0.5
0.125 0.5625 0.5
0.1875 0.5625 0.5
0.0625 0.625 0.5
0.125 0.625 0.5
0.1875 0.625 0.5
0.0625 0.6875 0.5
0.125 0.6875 0.5
0.1875 0.6875 0.5
0.0625 0.3125 0.5625
0.125 0.3125 0.5625
0.1875 0.3125 0.5625
0.0625 0.375 0.5625
0.125 0.375 0.5625
0.1875 0.375 0.5625
0.0625 0.4375 0.5625
0.125 0.4375 0.5625
0.1875 0.4375 0.5625
0.0625 0.5 0.5625
0.125 0.5 0.5625
0.1875 0.5 0.5625
0.0625 0.5625 0.5625
0.125 0.5625 0.5625
0.1875 0.5625 0.5625
0.0625 0.625 0.5625
0.125 0.625 0.5625
0.1875 0.625 0.5625
0.0625 0.6875 0.5625
0.125 0.6875 0.5625
0.1875 0.6875 0.5625
0.0625 0.3125 0.625
0.125 0.3125 0.625
0.1875 0.3125 0.625
0.0625 0.375 0.625
0.125 0.375 0.625
0.1875 0.375 0.625
0.0625 0.4375 0.625
0.125 0.4375 0.625
0.1875 0.4375 0.625
0.0625 0.5 0.625
0.125 0.5 0.625
0.1875 0.5 0.625
0.0625 0.5625 0.625
0.125 0.5625 0.625
0.1875 0.5625 0.625
0.0625 0.625 0.625
0.125 0.625 0.625
0.1875 0.625 0.625
0.0625 0.6875 0.625
0.125 0.6875 0.625
0.1875 0.6875 0.625
0.0625 0.3125 0.6875
0.125 0.3125 0.6875
0.1875 0.3125 0.6875
0.0625 0.375 0.6875
0.125 0.375 0.6875
0.1875 0.375 0.6875
0.0625 0.4375 0.6875
0.125 0.4375 0.6875
0.1875 0.4375 0.6875
0.0625 0.5 0.6875
0.125 0.5 0.6875
0.1875 0.5 0.6875
0.0625 0.5625 0.6875
0.125 0.5625 0.6875
0.1875 0.5625 0.6875
0.0625 0.625 0.6875
0.125 0.625 0.6875
0.1875 0.625 0.6875
0.0625 0.6875 0.6875
0.125 0.6875 0.6875
0.1875 0.6875 0.6875
3 6 0 63
3044
3045
3046
3047
3048
3049
3050
3051
3052
3053
3054
3055
3056
3057
3058
3059
3060
3061
3062
3063
3064
3065
3066
3067
3068
3069
3070
3071
3072
3073
3074
3075
3076
3077
3078
3079
3080
3081
3082
3083
3084
3085
3086
3087
3088
3089
3090
3091
3092
3093
3094
3095
3096
3097
3098
3099
3100
3101
3102
3103
3104
3105
3106
0.0625 0.3125 0.8125
0.125 0.3125 0.8125
0.1875 0.3125 0.8125
0.0625 0.375 0.8125
0.125 0.375 0.8125
0.1875 0.375 0.8125
0.0625 0.4375 0.8125
0.125 0.4375 0.8125
0.1875 0.4375 0.8125
0.0625 0.5 0.8125
0.125 0.5 0.8125
0.1875 0.5 0.8125
0.0625 0.5625 0.8125
0.125 0.5625 0.8125
0.1875 0.5625 0.8125
0.0625 0.625 0.8125
0.125 0.625 0.8125
0.1875 0.625 0.8125
0.0625 0.6875 0.8125
0.125 0.6875 0.8125
0.1875 0.6875 0.8125
0.0625 0.3125 0.875
0.125 0.3125 0.875
0.1875 0.3125 0.875
0.0625 0.375 0.875
0.125 0.375 0.875
0.1875 0.375 0.875
0.0625 0.4375 0.875
0.125 0.4375 0.875
0.1875 0.4375 0.875
0.0625 0.5 0.875
0.125 0.5 0.875
0.1875 0.5 0.875
0.0625 0.5625 0.875
0.125 0.5625 0.875
0.1875 0.5625 0.875
0.0625 0.625 0.875
0.125 0.625 0.875
0.1875 0.625 0.875
0.0625 0.6875 0.875
0.125 0.6875 0.875
0.1875 0.6875 0.875
0.0625 0.3125 0.9375
0.125 0.3125 0.9375
0.1875 0.3125 0.9375
0.0625 0.375 0.9375
0.125 0.375 0.9375
0.1875 0.375 0.9375
0.0625 0.4375 0.9375
0.125 0.4375 0.9375
0.1875 0.4375 0.9375
0.0625 0.5 0.9375
0.125 0.5 0.9375
0.1875 0.5 0.9375
0.0625 0.5625 0.9375
0.125 0.5625 0.9375
0.1875 0.5625 0.9375
0.0625 0.625 0.9375
0.125 0.625 0.9375
0.1875 0.625 0.9375
0.0625 0.6875 0.9375
0.125 0.6875 0.9375
0.1875 0.6875 0.9375
3 7 0 27
3107
3108
3109
3110
3111
3112
3113
3114
3115
3116
3117
3118
3119
3120
3121
3122
3123
3124
3125
3126
3127
3128
3129
3130
3131
3132
3133
0.0625 0.8125 0.0625
0.125 0.8125 0.0625
0.1875 0.8125 0.0625
0.0625 0.875 0.0625
0.125 0.875 0.0625
0.1875 0.875 0.0625
0.0625 0.9375 0.0625
0.125 0.9375 0.0625
0.1875 0.9375 0.0625
0.0625 0.8125 0.125
0.125 0.8125 0.125
0.1875 0.8125 0.125
0.0625 0.875 0.125
0.125 0.875 0.125
0.1875 0.875 0.125
0.0625 0.9375 0.125
0.125 0.9375 0.125
0.1875 0.9375 0.125
0.0625 0.8125 0.1875
0.125 0.8125 0.1875
0.1875 0.8125 0.1875
0.0625 0.875 0.1875
0.125 0.875 0.1875
0.1875 0.875 0.1875
0.0625 0.9375 0.1875
0.125 0.9375 0.1875
0.1875 0.9375 0.1875
3 8 0 63
3134
3135
3136
3137
3138
3139
3140
3141
3142
3143
3144
3145
3146
3147
3148
3149
3150
3151
3152
3153
3154
3155
3156
3157
3158
3159
3160
3161
3162
3163
3164
3165
3166
3167
3168
3169
3170
3171
3172
3173
3174
3175
3176
3177
3178
3179
3180
3181
3182
3183
3184
3185
3186
3187
3188
3189
3190
3191
3192
3193
3194
3195
3196
0.0625 0.8125 0.3125
0.125 0.8125 0.3125
0.1875 0.8125 0.3125
0.0625 0.875 0.3125
0.125 0.875 0.3125
0.1875 0.875 0.3125
0.0625 0.9375 0.3125
0.125 0.9375 0.3125
0.1875 0.9375 0.3125
0.0625 0.8125 0.375
0.125 0.8125 0.375
0.1875 0.8125 0.375
0.0625 0.875 0.375
0.125 0.875 0.375
0.1875 0.875 0.375
0.0625 0.9375 0.375
0.125 0.9375 0.375
0.1875 0.9375 0.375
0.0625 0.8125 0.4375
0.125 0.8125 0.4375
0.1875 0.8125 0.4375
0.0625 0.875 0.4375
0.125 0.875 0.4375
0.1875 0.875 0.4375
0.0625 0.9375 0.4375
0.125 0.9375 0.4375
0.1875 0.9375 0.4375
0.0625 0.8125 0.5
0.125 0.8125 0.5
0.1875 0.8125 0.5
0.0625 0.875 0.5
0.125 0.875 0.5
0.1875 0.875 0.5
0.0625 0.9375 0.5
0.125 0.9375 0.5
0.1875 0.9375 0.5
0.0625 0.8125 0.5625
0.125 0.8125 0.5625
0.1875 0.8125 0.5625
0.0625 0.875 0.5625
0.125 0.875 0.5625
0.1875 0.875 0.5625
0.0625 0.9375 0.5625
0.125 0.9375 0.5625
0.1875 0.9375 0.5625
0.0625 0.8125 0.625
0.125 0.8125 0.625
0.1875 0.8125 0.625
0.0625 0.875 0.625
0.125 0.875 0.625
0.1875 0.875 0.625
0.0625 0.9375 0.625
0.125 0.9375 0.625
0.1875 0.9375 0.625
0.0625 0.8125 0.6875
0.125 0.8125 0.6875
0.1875 0.8125 0.6875
0.0625 0.875 0.6875
0.125 0.875 0.6875
0.1875 0.875 0.6875
0.0625 0.9375 0.6875
0.125 0.9375 0.6875
0.1875 0.9375 0.6875
3 9 0 27
3197
3198
3199
3200
3201
3202
3203
3204
3205
3206
3207
3208
3209
3210
3211
3212
3213
3214
3215
3216
3217
3218
3219
3220
3221
3222
3223
0.0625 0.8125 0.8125
0.125 0.8125 0.8125
0.1875 0.8125 0.8125
0.0625 0.875 0.8125
0.125 0.875 0.8125
0.1875 0.875 0.8125
0.0625 0.9375 0.8125
0.125 0.9375 0.8125
0.1875 0.9375 0.8125
0.0625 0.8125 0.875
0.125 0.8125 0.875
0.1875 0.8125 0.875
0.0625 0.875 0.875
0.125 0.875 0.875
0.1875 0.875 0.875
0.0625 0.9375 0.875
0.125 0.9375 0.875
0.1875 0.9375 0.875
0.0625 0.8125 0.9375
0.125 0.8125 0.9375
0.1875 0.8125 0.9375
0.0625 0.875 0.9375
0.125 0.875 0.9375
0.1875 0.875 0.9375
0.0625 0.9375 0.9375
0.125 0.9375 0.9375
0.1875 0.9375 0.9375
3 10 0 63
3224
3225
3226
3227
3228
3229
3230
3231
3232
3233
3234
3235
3236
3237
3238
3239
3240
3241
3242
3243
3244
3245
3246
3247
3248
3249
3250
3251
3252
3253
3254
3255
3256
3257
3258
3259
3260
3261
3262
3263
3264
3265
3266
3267
3268
3269
3270
3271
3272
3273
3274
3275
3276
3277
3278
3279
3280
3281
3282
3283
3284
3285
3286
0.3125 0.0625 0.0625
0.375 0.0625 0.0625
0.4375 0.0625 0.0625
0.5 0.0625 0.0625
0.5625 0.0625 0.0625
0.625 0.0625 0.0625
0.6875 0.0625 0.0625
0.3125 0.125 0.0625
0.375 0.125 0.0625
0.4375 0.125 0.0625
0.5 0.125 0.0625
0.5625 0.125 0.0625
0.625 0.125 0.0625
0.6875 0.125 0.0625
0.3125 0.1875 0.0625
0.375 0.1875 0.0625
0.4375 0.1875 0.0625
0.5 0.1875 0.0625
0.5625 0.1875 0.0625
0.625 0.1875 0.0625
0.6875 0.1875 0.0625
0.3125 0.0625 0.125
0.375 0.0625 0.125
0.4375 0.0625 0.125
0.5 0.0625 0.125
0.5625 0.0625 0.125
0.625 0.0625 0.125
0.6875 0.0625 0.125
0.3125 0.125 0.125
0.375 0.125 0.125
0.4375 0.125 0.125
0.5 0.125 0.125
0.5625 0.125 0.125
0.625 0.125 0.125
0.6875 0.125 0.125
0.3125 0.1875 0.125
0.375 0.1875 0.125
0.4375 0.1875 0.125
0.5 0.1875 0.125
0.5625 0.1875 0.125
0.625 0.1875 0.125
0.6875 0.1875 0.125
0.3125 0.0625 0.1875
0.375 0.0625 0.1875
0.4375 0.0625 0.1875
0.5 0.0625 0.1875
0.5625 0.0625 0.1875
0.625 0.0625 0.1875
0.6875 0.0625 0.1875
0.3125 0.125 0.1875
0.375 0.125 0.1875
0.4375 0.125 0.1875
0.5 0.125 0.1875
0.5625 0.125 0.1875
0.625 0.125 0.1875
0.6875 0.125 0.1875
0.3125 0.1875 0.1875
0.375 0.1875 0.1875
0.4375 0.1875 0.1875
0.5 0.1875 0.1875
0.5625 0.1875 0.1875
0.625 0.1875 0.1875
0.6875 0.1875 0.1875
3 11 0 147
3287
3288
3289
3290
3291
3292
3293
3294
3295
3296
3297
3298
3299
3300
3301
3302
3303
3304
3305
3306
3307
3308
3309
3310
3311
3312
3313
3314
3315
3316
3317
3318
3319
3320
3321
3322
3323
3324
3325
3326
3327
3328
3329
3330
3331
3332
3333
3334
3335
3336
3337
3338
3339
3340
3341
3342
3343
3344
3345
3346
3347
3348
3349
3350
3351
3352
3353
3354
3355
3356
3357
3358
3359
3360
3361
3362
3363
3364
3365
3366
3367
3368
3369
3370
3371
3372
3373
3374
3375
3376
3377
3378
3379
3380
3381
3382
3383
3384
3385
3386
3387
3388
3389
3390
3391
3392
3393
3394
3395
3396
3397
3398
3399
3400
3401
3402
3403
3404
3405
3406
3407
3408
3409
3410
3411
3412
3413
3414
3415
3416
3417
3418
3419
3420
3421
3422
3423
3424
3425
3426
3427
3428
3429
3430
3431
3432
3433
0.3125 0.0625 0.3125
0.375 0.0625 0.3125
0.4375 0.0625 0.3125
0.5 0.0625 0.3125
0.5625 0.0625 0.3125
0.625 0.0625 0.3125
0.6875 0.0625 0.3125
0.3125 0.125 0.3125
0.375 0.125 0.3125
0.4375 0.125 0.3125
0.5 0.125 0.3125
0.5625 0.125 0.3125
0.625 0.125 0.3125
0.6875 0.125 0.3125
0.3125 0.1875 0.3125
0.375 0.1875 0.3125
0.4375 0.1875 0.3125
0.5 0.1875 0.3125
0.5625 0.1875 0.3125
0.625 0.1875 0.3125
0.6875 0.1875 0.3125
0.3125 0.0625 0.375
0.375 0.0625 0.375
0.4375 0.0625 0.375
0.5 0.0625 0.375
0.5625 0.0625 0.375
0.625 0.0625 0.375
0.6875 0.0625 0.375
0.3125 0.125 0.375
0.375 0.125 0.375
0.4375 0.125 0.375
0.5 0.125 0.375
0.5625 0.125 0.375
0.625 0.125 0.375
0.6875 0.125 0.375
0.3125 0.1875 0.375
0.375 0.1875 0.375
0.4375 0.1875 0.375
0.5 0.1875 0.375
0.5625 0.1875 0.375
0.625 0.1875 0.375
0.6875 0.1875 0.375
0.3125 0.0625 0.4375
0.375 0.0625 0.4375
0.4375 0.0625 0.4375
0.5 0.0625 0.4375
0.5625 0.0625 0.4375
0.625 0.0625 0.4375
0.6875 0.0625 0.4375
0.3125 0.125 0.4375
0.375 0.125 0.4375
0.4375 0.125 0.4375
0.5 0.125 0.4375
0.5625 0.125 0.4375
0.625 0.125 0.4375
0.6875 0.125 0.4375
0.3125 0.1875 0.4375
0.375 0.1875 0.4375
0.4375 0.1875 0.4375
0.5 0.1875 0.4375
0.5625 0.1875 0.4375
0.625 0.1875 0.4375
0.6875 0.1875 0.4375
0.3125 0.0625 0.5
0.375 0.0625 0.5
0.4375 0.0625 0.5
0.5 0.0625 0.5
0.5625 0.0625 0.5
0.625 0.0625 0.5
0.6875 0.0625 0.5
0.3125 0.125 0.5
0.375 0.125 0.5
0.4375 0.125 0.5
0.5 0.125 0.5
0.5625 0.125 0.5
0.625 0.125 0.5
0.6875 0.125 0.5
0.3125 0.1875 0.5
0.375 0.1875 0.5
0.4375 0.1875 0.5
0.5 0.1875 0.5
0.5625 0.1875 0.5
0.625 0.1875 0.5
0.6875 0.1875 0.5
0.3125 0.0625 0.5625
0.375 0.0625 0.5625
0.4375 0.0625 0.5625
0.5 0.0625 0.5625
0.5625 0.0625 0.5625
0.625 0.0625 0.5625
0.6875 0.0625 0.5625
0.3125 0.125 0.5625
0.375 0.125 0.5625
0.4375 0.125 0.5625
0.5 0.125 0.5625
0.5625 0.125 0.5625
0.625 0.125 0.5625
0.6875 0.125 0.5625
0.3125 0.1875 0.5625
0.375 0.1875 0.5625
0.4375 0.1875 0.5625
0.5 0.1875 0.5625
0.5625 0.1875 0.5625
0.625 0.1875 0.5625
0.6875 0.1875 0.5625
0.3125 0.0625 0.625
0.375 0.0625 0.625
0.4375 0.0625 0.625
0.5 0.0625 0.625
0.5625 0.0625 0.625
0.625 0.0625 0.625
0.6875 0.0625 0.625
0.3125 0.125 0.625
0.375 0.125 0.625
0.4375 0.125 0.625
0.5 0.125 0.625
0.5625 0.125 0.625
0.625 0.125 0.625
0.6875 0.125 0.625
0.3125 0.1875 0.625
0.375 0.1875 0.625
0.4375 0.1875 0.625
0.5 0.1875 0.625
0.5625 0.1875 0.625
0.625 0.1875 0.625
0.6875 0.1875 0.625
0.3125 0.0625 0.6875
0.375 0.0625 0.6875
0.4375 0.0625 0.6875
0.5 0.0625 0.6875
0.5625 0.0625 0.6875
0.625 0.0625 0.6875
0.6875 0.0625 0.6875
0.3125 0.125 0.6875
0.375 0.125 0.6875
0.4375 0.125 0.6875
0.5 0.125 0.6875
0.5625 0.125 0.6875
0.625 0.125 0.6875
0.6875 0.125 0.6875
0.3125 0.1875 0.6875
0.375 0.1875 0.6875
0.4375 0.1875 0.6875
0.5 0.1875 0.6875
0.5625 0.1875 0.6875
0.625 0.1875 0.6875
0.6875 0.1875 0.6875
3 12 0 63
3434
3435
3436
3437
3438
3439
3440
3441
3442
3443
3444
3445
3446
3447
3448
3449
3450
3451
3452
3453
3454
3455
3456
3457
3458
3459
3460
3461
3462
3463
3464
3465
3466
3467
3468
3469
3470
3471
3472
3473
3474
3475
3476
3477
3478
3479
3480
3481
3482
3483
3484
3485
3486
3487
3488
3489
3490
3491
3492
3493
3494
3495
3496
0.3125 0.0625 0.8125
0.375 0.0625 0.8125
0.4375 0.0625 0.8125
0.5 0.0625 0.8125
0.5625 0.0625 0.8125
0.625 0.0625 0.8125
0.6875 0.0625 0.8125
0.3125 0.125 0.8125
0.375 0.125 0.8125
0.4375 0.125 0.8125
0.5 0.125 0.8125
0.5625 0.125 0.8125
0.625 0.125 0.8125
0.6875 0.125 0.8125
0.3125 0.1875 0.8125
0.375 0.1875 0.8125
0.4375 0.1875 0.8125
0.5 0.1875 0.8125
0.5625 0.1875 0.8125
0.625 0.1875 0.8125
0.6875 0.1875 0.8125
0.3125 0.0625 0.875
0.375 0.0625 0.875
0.4375 0.0625 0.875
0.5 0.0625 0.875
0.5625 0.0625 0.875
0.625 0.0625 0.875
0.6875 0.0625 0.875
0.3125 0.125 0.875
0.375 0.125 0.875
0.4375 0.125 0.875
0.5 0.125 0.875
0.5625 0.125 0.875
0.625 0.125 0.875
0.6875 0.125 0.875
0.3125 0.1875 0.875
0.375 0.1875 0.875
0.4375 0.1875 0.875
0.5 0.1875 0.875
0.5625 0.1875 0.875
0.625 0.1875 0.875
0.6875 0.1875 0.875
0.3125 0.0625 0.9375
0.375 0.0625 0.9375
0.4375 0.0625 0.9375
0.5 0.0625 0.9375
0.5625 0.0625 0.9375
0.625 0.0625 0.9375
0.6875 0.0625 0.9375
0.3125 0.125 0.9375
0.375 0.125 0.9375
0.4375 0.125 0.9375
0.5 0.125 0.9375
0.5625 0.125 0.9375
0.625 0.125 0.9375
0.6875 0.125 0.9375
0.3125 0.1875 0.9375
0.375 0.1875 0.9375
0.4375 0.1875 0.9375
0.5 0.1875 0.9375
0.5625 0.1875 0.9375
0.625 0.1875 0.9375
0.6875 0.1875 0.9375
3 13 0 147
3497
3498
3499
3500
3501
3502
3503
3504
3505
3506
3507
3508
3509
3510
3511
3512
3513
3514
3515
3516
3517
3518
3519
3520
3521
3522
3523
3524
3525
3526
3527
3528
3529
3530
3531
3532
3533
3534
3535
3536
3537
3538
3539
3540
3541
3542
3543
3544
3545
3546
3547
3548
3549
3550
3551
3552
3553
3554
3555
3556
3557
3558
3559
3560
3561
3562
3563
3564
3565
3566
3567
3568
3569
3570
3571
3572
3573
3574
3575
3576
3577
3578
3579
3580
3581
3582
3583
3584
3585
3586
3587
3588
3589
3590
3591
3592
3593
3594
3595
3596
3597
3598
3599
3600
3601
3602
3603
3604
3605
3606
3607
3608
3609
3610
3611
3612
3613
3614
3615
3616
3617
3618
3619
3620
3621
3622
3623
3624
3625
3626
3627
3628
3629
3630
3631
3632
3633
3634
3635
3636
3637
3638
3639
3640
3641
3642
3643
0.3125 0.3125 0.0625
0.375 0.3125 0.0625
0.4375 0.3125 0.0625
0.5 0.3125 0.0625
0.5625 0.3125 0.0625
0.625 0.3125 0.0625
0.6875 0.3125 0.0625
0.3125 0.375 0.0625
0.375 0.375 0.0625
0.4375 0.375 0.0625
0.5 0.375 0.0625
0.5625 0.375 0.0625
0.625 0.375 0.0625
0.6875 0.375 0.0625
0.3125 0.4375 0.0625
0.375 0.4375 0.0625
0.4375 0.4375 0.0625
0.5 0.4375 0.0625
0.5625 0.4375 0.0625
0.625 0.4375 0.0625
0.6875 0.4375 0.0625
0.3125 0.5 0.0625
0.375 0.5 0.0625
0.4375 0.5 0.0625
0.5 0.5 0.0625
0.5625 0.5 0.0625
0.625 0.5 0.0625
0.6875 0.5 0.0625
0.3125 0.5625 0.0625
0.375 0.5625 0.0625
0.4375 0.5625 0.0625
0.5 0.5625 0.0625
0.5625 0.5625 0.0625
0.625 0.5625 0.0625
0.6875 0.5625 0.0625
0.3125 0.625 0.0625
0.375 0.625 0.0625
0.4375 0.625 0.0625
0.5 0.625 0.0625
0.5625 0.625 0.0625
0.625 0.625 0.0625
0.6875 0.625 0.0625
0.3125 0.6875 0.0625
0.375 0.6875 0.0625
0.4375 0.6875 0.0625
0.5 0.6875 0.0625
0.5625 0.6875 0.0625
0.625 0.6875 0.0625
0.6875 0.6875 0.0625
0.3125 0.3125 0.125
0.375 0.3125 0.125
0.4375 0.3125 0.125
0.5 0.3125 0.125
0.5625 0.3125 0.125
0.625 0.3125 0.125
0.6875 0.3125 0.125
0.3125 0.375 0.125
0.375 0.375 0.125
0.4375 0.375 0.125
0.5 0.375 0.125
0.5625 0.375 0.125
0.625 0.375 0.125
0.6875 0.375 0.125
0.3125 0.4375 0.125
0.375 0.4375 0.125
0.4375 0.4375 0.125
0.5 0.4375 0.125
0.5625 0.4375 0.125
0.625 0.4375 0.125
0.6875 0.4375 0.125
0.3125 0.5 0.125
0.375 0.5 0.125
0.4375 0.5 0.125
0.5 0.5 0.125
0.5625 0.5 0.125
0.625 0.5 0.125
0.6875 0.5 0.125
0.3125 0.5625 0.125
0.375 0.5625 0.125
0.4375 0.5625 0.125
0.5 0.5625 0.125
0.5625 0.5625 0.125
0.625 0.5625 0.125
0.6875 0.5625 0.125
0.3125 0.625 0.125
0.375 0.625 0.125
0.4375 0.625 0.125
0.5 0.625 0.125
0.5625 0.625 0.125
0.625 0.625 0.125
0.6875 0.625 0.125
0.3125 0.6875 0.125
0.375 0.6875 0.125
0.4375 0.6875 0.125
0.5 0.6875 0.125
0.5625 0.6875 0.125
0.625 0.6875 0.125
0.6875 0.6875 0.125
0.3125 0.3125 0.1875
0.375 0.3125 0.1875
0.4375 0.3125 0.1875
0.5 0.3125 0.1875
0.5625 0.3125 0.1875
0.625 0.3125 0.1875
0.6875 0.3125 0.1875
0.3125 0.375 0.1875
0.375 0.375 0.1875
0.4375 0.375 0.1875
0.5 0.375 0.1875
0.5625 0.375 0.1875
0.625 0.375 0.1875
0.6875 0.375 0.1875
0.3125 0.4375 0.1875
0.375 0.4375 0.1875
0.4375 0.4375 0.1875
0.5 0.4375 0.1875
0.5625 0.4375 0.1875
0.625 0.4375 0.1875
0.6875 0.4375 0.1875
0.3125 0.5 0.1875
0.375 0.5 0.1875
0.4375 0.5 0.1875
0.5 0.5 0.1875
0.5625 0.5 0.1875
0.625 0.5 0.1875
0.6875 0.5 0.1875
0.3125 0.5625 0.1875
0.375 0.5625 0.1875
0.4375 0.5625 0.1875
0.5 0.5625 0.1875
0.5625 0.5625 0.1875
0.625 0.5625 0.1875
0.6875 0.5625 0.1875
0.3125 0.625 0.1875
0.375 0.625 0.1875
0.4375 0.625 0.1875
0.5 0.625 0.1875
0.5625 0.625 0.1875
0.625 0.625 0.1875
0.6875 0.625 0.1875
0.3125 0.6875 0.1875
0.375 0.6875 0.1875
0.4375 0.6875 0.1875
0.5 0.6875 0.1875
0.5625 0.6875 0.1875
0.625 0.6875 0.1875
0.6875 0.6875 0.1875
3 14 0 343
3644
3645
3646
3647
3648
3649
3650
3651
3652
3653
3654
3655
3656
3657
3658
3659
3660
3661
3662
3663
3664
3665
3666
3667
3668
3669
3670
3671
3672
3673
3674
3675
3676
3677
3678
3679
3680
3681
3682
3683
3684
3685
3686
3687
3688
3689
3690
3691
3692
3693
3694
3695
3696
3697
3698
3699
3700
3701
3702
3703
3704
3705
3706
3707
3708
3709
3710
3711
3712
3713
3714
3715
3716
3717
3718
3719
3720
3721
3722
3723
3724
3725
3726
3727
3728
3729
3730
3731
3732
3733
3734
3735
3736
3737
3738
3739
3740
3741
3742
3743
3744
3745
3746
3747
3748
3749
3750
3751
3752
3753
3754
3755
3756
3757
3758
3759
3760
3761
3762
3763
3764
3765
3766
3767
3768
3769
3770
3771
3772
3773
3774
3775
3776
3777
3778
3779
3780
3781
3782
3783
3784
3785
3786
3787
3788
3789
3790
3791
3792
3793
3794
3795
3796
3797
3798
3799
3800
3801
3802
3803
3804
3805
3806
3807
3808
3809
3810
3811
3812
3813
3814
3815
3816
3817
3818
3819
3820
3821
3822
3823
3824
3825
3826
3827
3828
3829
3830
3831
3832
3833
3834
3835
3836
3837
3838
3839
3840
3841
3842
3843
3844
3845
3846
3847
3848
3849
3850
3851
3852
3853
3854
3855
3856
3857
3858
3859
3860
3861
3862
3863
3864
3865
3866
3867
3868
3869
3870
3871
3872
3873
3874
3875
3876
3877
3878
3879
3880
3881
3882
3883
3884
3885
3886
3887
3888
3889
3890
3891
3892
3893
3894
3895
3896
3897
3898
3899
3900
3901
3902
3903
3904
3905
3906
3907
3908
3909
3910
3911
3912
3913
3914
3915
3916
3917
3918
3919
3920
3921
3922
3923
3924
3925
3926
3927
3928
3929
3930
3931
3932
3933
3934
3935
3936
3937
3938
3939
3940
3941
3942
3943
3944
3945
3946
3947
3948
3949
3950
3951
3952
3953
3954
3955
3956
3957
3958
3959
3960
3961
3962
3963
3964
3965
3966
3967
3968
3969
3970
3971
3972
3973
3974
3975
3976
3977
3978
3979
3980
3981
3982
3983
3984
3985
3986
0.3125 0.3125 0.3125
0.375 0.3125 0.3125
0.4375 0.3125 0.3125
0.5 0.3125 0.3125
0.5625 0.3125 0.3125
0.625 0.3125 0.3125
0.6875 0.3125 0.3125
0.3125 0.375 0.3125
0.375 0.375 0.3125
0.4375 0.375 0.3125
0.5 0.375 0.3125
0.5625 0.375 0.3125
0.625 0.375 0.3125
0.6875 0.375 0.3125
0.3125 0.4375 0.3125
0.375 0.4375 0.3125
0.4375 0.4375 0.3125
0.5 0.4375 0.3125
0.5625 0.4375 0.3125
0.625 0.4375 0.3125
0.6875 0.4375 0.3125
0.3125 0.5 0.3125
0.375 0.5 0.3125
0.4375 0.5 0.3125
0.5 0.5 0.3125
0.5625 0.5 0.3125
0.625 0.5 0.3125
0.6875 0.5 0.3125
0.3125 0.5625 0.3125
0.375 0.5625 0.3125
0.4375 0.5625 0.3125
0.5 0.5625 0.3125
0.5625 0.5625 0.3125
0.625 0.5625 0.3125
0.6875 0.5625 0.3125
0.3125 0.625 0.3125
0.375 0.625 0.3125
0.4375 0.625 0.3125
0.5 0.625 0.3125
0.5625 0.625 0.3125
0.625 0.625 0.3125
0.6875 0.625 0.3125
0.3125 0.6875 0.3125
0.375 0.6875 0.3125
0.4375 0.6875 0.3125
0.5 0.6875 0.3125
0.5625 0.6875 0.3125
0.625 0.6875 0.3125
0.6875 0.6875 0.3125
0.3125 0.3125 0.375
0.375 0.3125 0.375
0.4375 0.3125 0.375
0.5 0.3125 0.375
0.5625 0.3125 0.375
0.625 0.3125 0.375
0.6875 0.3125 0.375
0.3125 0.375 0.375
0.375 0.375 0.375
0.4375 0.375 0.375
0.5 0.375 0.375
0.5625 0.375 0.375
0.625 0.375 0.375
0.6875 0.375 0.375
0.3125 0.4375 0.375
0.375 0.4375 0.375
0.4375 0.4375 0.375
0.5 0.4375 0.375
0.5625 0.4375 0.375
0.625 0.4375 0.375
0.6875 0.4375 0.375
0.3125 0.5 0.375
0.375 0.5 0.375
0.4375 0.5 0.375
0.5 0.5 0.375
0.5625 0.5 0.375
0.625 0.5 0.375
0.6875 0.5 0.375
0.3125 0.5625 0.375
0.375 0.5625 0.375
0.4375 0.5625 0.375
0.5 0.5625 0.375
0.5625 0.5625 0.375
0.625 0.5625 0.375
0.6875 0.5625 0.375
0.3125 0.625 0.375
0.375 0.625 0.375
0.4375 0.625 0.375
0.5 0.625 0.375
0.5625 0.625 0.375
0.625 0.625 0.375
0.6875 0.625 0.375
0.3125 0.6875 0.375
0.375 0.6875 0.375
0.4375 0.6875 0.375
0.5 0.6875 0.375
0.5625 0.6875 0.375
0.625 0.6875 0.375
0.6875 0.6875 0.375
0.3125 0.3125 0.4375
0.375 0.3125 0.4375
0.4375 0.3125 0.4375
0.5 0.3125 0.4375
0.5625 0.3125 0.4375
0.625 0.3125 0.4375
0.6875 0.3125 0.4375
0.3125 0.375 0.4375
0.375 0.375 0.4375
0.4375 0.375 0.4375
0.5 0.375 0.4375
0.5625 0.375 0.4375
0.625 0.375 0.4375
0.6875 0.375 0.4375
0.3125 0.4375 0.4375
0.375 0.4375 0.4375
0.4375 0.4375 0.4375
0.5 0.4375 0.4375
0.5625 0.4375 0.4375
0.625 0.4375 0.4375
0.6875 0.4375 0.4375
0.3125 0.5 0.4375
0.375 0.5 0.4375
0.4375 0.5 0.4375
0.5 0.5 0.4375
0.5625 0.5 0.4375
0.625 0.5 0.4375
0.6875 0.5 0.4375
0.3125 0.5625 0.4375
0.375 0.5625 0.4375
0.4375 0.5625 0.4375
0.5 0.5625 0.4375
0.5625 0.5625 0.4375
0.625 0.5625 0.4375
0.6875 0.5625 0.4375
0.3125 0.625 0.4375
0.375 0.625 0.4375
0.4375 0.625 0.4375
0.5 0.625 0.4375
0.5625 0.625 0.4375
0.625 0.625 0.4375
0.6875 0.625 0.4375
0.3125 0.6875 0.4375
0.375 0.6875 0.4375
0.4375 0.6875 0.4375
0.5 0.6875 0.4375
0.5625 0.6875 0.4375
0.625 0.6875 0.4375
0.6875 0.6875 0.4375
0.3125 0.3125 0.5
0.375 0.3125 0.5
0.4375 0.3125 0.5
0.5 0.3125 0.5
0.5625 0.3125 0.5
0.625 0.3125 0.5
0.6875 0.3125 0.5
0.3125 0.375 0.5
0.375 0.375 0.5
0.4375 0.375 0.5
0.5 0.375 0.5
0.5625 0.375 0.5
0.625 0.375 0.5
0.6875 0.375 0.5
0.3125 0.4375 0.5
0.375 0.4375 0.5
0.4375 0.4375 0.5
0.5 0.4375 0.5
0.5625 0.4375 0.5
0.625 0.4375 0.5
0.6875 0.4375 0.5
0.3125 0.5 0.5
0.375 0.5 0.5
0.4375 0.5 0.5
0.5 0.5 0.5
0.5625 0.5 0.5
0.625 0.5 0.5
0.6875 0.5 0.5
0.3125 0.5625 0.5
0.375 0.5625 0.5
0.4375 0.5625 0.5
0.5 0.5625 0.5
0.5625 0.5625 0.5
0.625 0.5625 0.5
0.6875 0.5625 0.5
0.3125 0.625 0.5
0.375 0.625 0.5
0.4375 0.625 0.5
0.5 0.625 0.5
0.5625 0.625 0.5
0.625 0.625 0.5
0.6875 0.625 0.5
0.3125 0.6875 0.5
0.375 0.6875 0.5
0.4375 0.6875 0.5
0.5 0.6875 0.5
0.5625 0.6875 0.5
0.625 0.6875 0.5
0.6875 0.6875 0.5
0.3125 0.3125 0.5625
0.375 0.3125 0.5625
0.4375 0.3125 0.5625
0.5 0.3125 0.5625
0.5625 0.3125 0.5625
0.625 0.3125 0.5625
0.6875 0.3125 0.5625
0.3125 0.375 0.5625
0.375 0.375 0.5625
0.4375 0.375 0.5625
0.5 0.375 0.5625
0.5625 0.375 0.5625
0.625 0.375 0.5625
0.6875 0.375 0.5625
0.3125 0.4375 0.5625
0.375 0.4375 0.5625
0.4375 0.4375 0.5625
0.5 0.4375 0.5625
0.5625 0.4375 0.5625
0.625 0.4375 0.5625
0.6875 0.4375 0.5625
0.3125 0.5 0.5625
0.375 0.5 0.5625
0.4375 0.5 0.5625
0.5 0.5 0.5625
0.5625 0.5 0.5625
0.625 0.5 0.5625
0.6875 0.5 0.5625
0.3125 0.5625 0.5625
0.375 0.5625 0.5625
0.4375 0.5625 0.5625
0.5 0.5625 0.5625
0.5625 0.5625 0.5625
0.625 0.5625 0.5625
0.6875 0.5625 0.5625
0.3125 0.625 0.5625
0.375 0.625 0.5625
0.4375 0.625 0.5625
0.5 0.625 0.5625
0.5625 0.625 0.5625
0.625 0.625 0.5625
0.6875 0.625 0.5625
0.3125 0.6875 0.5625
0.375 0.6875 0.5625
0.4375 0.6875 0.5625
0.5 0.6875 0.5625
0.5625 0.6875 0.5625
0.625 0.6875 0.5625
0.6875 0.6875 0.5625
0.3125 0.3125 0.625
0.375 0.3125 0.625
0.4375 0.3125 0.625
0.5 0.3125 0.625
0.5625 0.3125 0.625
0.625 0.3125 0.625
0.6875 0.3125 0.625
0.3125 0.375 0.625
0.375 0.375 0.625
0.4375 0.375 0.625
0.5 0.375 0.625
0.5625 0.375 0.625
0.625 0.375 0.625
0.6875 0.375 0.625
0.3125 0.4375 0.625
0.375 0.4375 0.625
0.4375 0.4375 0.625
0.5 0.4375 0.625
0.5625 0.4375 0.625
0.625 0.4375 0.625
0.6875 0.4375 0.625
0.3125 0.5 0.625
0.375 0.5 0.625
0.4375 0.5 0.625
0.5 0.5 0.625
0.5625 0.5 0.625
0.625 0.5 0.625
0.6875 0.5 0.625
0.3125 0.5625 0.625
0.375 0.5625 0.625
0.4375 0.5625 0.625
0.5 0.5625 0.625
0.5625 0.5625 0.625
0.625 0.5625 0.625
0.6875 0.5625 0.625
0.3125 0.625 0.625
0.375 0.625 0.625
0.4375 0.625 0.625
0.5 0.625 0.625
0.5625 0.625 0.625
0.625 0.625 0.625
0.6875 0.625 0.625
0.3125 0.6875 0.625
0.375 0.6875 0.625
0.4375 0.6875 0.625
0.5 0.6875 0.625
0.5625 0.6875 0.625
0.625 0.6875 0.625
0.6875 0.6875 0.625
0.3125 0.3125 0.6875
0.375 0.3125 0.6875
0.4375 0.3125 0.6875
0.5 0.3125 0.6875
0.5625 0.3125 0.6875
0.625 0.3125 0.6875
0.6875 0.3125 0.6875
0.3125 0.375 0.6875
0.375 0.375 0.6875
0.4375 0.375 0.6875
0.5 0.375 0.6875
0.5625 0.375 0.6875
0.625 0.375 0.6875
0.6875 0.375 0.6875
0.3125 0.4375 0.6875
0.375 0.4375 0.6875
0.4375 0.4375 0.6875
0.5 0.4375 0.6875
0.5625 0.4375 0.6875
0.625 0.4375 0.6875
0.6875 0.4375 0.6875
0.3125 0.5 0.6875
0.375 0.5 0.6875
0.4375 0.5 0.6875
0.5 0.5 0.6875
0.5625 0.5 0.6875
0.625 0.5 0.6875
0.6875 0.5 0.6875
0.3125 0.5625 0.6875
0.375 0.5625 0.6875
0.4375 0.5625 0.6875
0.5 0.5625 0.6875
0.5625 0.5625 0.6875
0.625 0.5625 0.6875
0.6875 0.5625 0.6875
0.3125 0.625 0.6875
0.375 0.625 0.6875
0.4375 0.625 0.6875
0.5 0.625 0.6875
0.5625 0.625 0.6875
0.625 0.625 0.6875
0.6875 0.625 0.6875
0.3125 0.6875 0.6875
0.375 0.6875 0.6875
0.4375 0.6875 0.6875
0.5 0.6875 0.6875
0.5625 0.6875 0.6875
0.625 0.6875 0.6875
0.6875 0.6875 0.6875
3 15 0 147
3987
3988
3989
3990
3991
3992
3993
3994
3995
3996
3997
3998
3999
4000
4001
4002
4003
4004
4005
4006
4007
4008
4009
4010
4011
4012
4013
4014
4015
4016
4017
4018
4019
4020
4021
4022
4023
4024
4025
4026
4027
4028
4029
4030
4031
4032
4033
4034
4035
4036
4037
4038
4039
4040
4041
4042
4043
4044
4045
4046
4047
4048
4049
4050
4051
4052
4053
4054
4055
4056
4057
4058
4059
4060
4061
4062
4063
4064
4065
4066
4067
4068
4069
4070
4071
4072
4073
4074
4075
4076
4077
4078
4079
4080
4081
4082
4083
4084
4085
4086
4087
4088
4089
4090
4091
4092
4093
4094
4095
4096
4097
4098
4099
4100
4101
4102
4103
4104
4105
4106
4107
4108
4109
4110
4111
4112
4113
4114
4115
4116
4117
4118
4119
4120
4121
4122
4123
4124
4125
4126
4127
4128
4129
4130
4131
4132
4133
0.3125 0.3125 0.8125
0.375 0.3125 0.8125
0.4375 0.3125 0.8125
0.5 0.3125 0.8125
0.5625 0.3125 0.8125
0.625 0.3125 0.8125
0.6875 0.3125 0.8125
0.3125 0.375 0.8125
0.375 0.375 0.8125
0.4375 0.375 0.8125
0.5 0.375 0.8125
0.5625 0.375 0.8125
0.625 0.375 0.8125
0.6875 0.375 0.8125
0.3125 0.4375 0.8125
0.375 0.4375 0.8125
0.4375 0.4375 0.8125
0.5 0.4375 0.8125
0.5625 0.4375 0.8125
0.625 0.4375 0.8125
0.6875 0.4375 0.8125
0.3125 0.5 0.8125
0.375 0.5 0.8125
0.4375 0.5 0.8125
0.5 0.5 0.8125
0.5625 0.5 0.8125
0.625 0.5 0.8125
0.6875 0.5 0.8125
0.3125 0.5625 0.8125
0.375 0.5625 0.8125
0.4375 0.5625 0.8125
0.5 0.5625 0.8125
0.5625 0.5625 0.8125
0.625 0.5625 0.8125
0.6875 0.5625 0.8125
0.3125 0.625 0.8125
0.375 0.625 0.8125
0.4375 0.625 0.8125
0.5 0.625 0.8125
0.5625 0.625 0.8125
0.625 0.625 0.8125
0.6875 0.625 0.8125
0.3125 0.6875 0.8125
0.375 0.6875 0.8125
0.4375 0.6875 0.8125
0.5 0.6875 0.8125
0.5625 0.6875 0.8125
0.625 0.6875 0.8125
0.6875 0.6875 0.8125
0.3125 0.3125 0.875
0.375 0.3125 0.875
0.4375 0.3125 0.875
0.5 0.3125 0.875
0.5625 0.3125 0.875
0.625 0.3125 0.875
0.6875 0.3125 0.875
0.3125 0.375 0.875
0.375 0.375 0.875
0.4375 0.375 0.875
0.5 0.375 0.875
0.5625 0.375 0.875
0.625 0.375 0.875
0.6875 0.375 0.875
0.3125 0.4375 0.875
0.375 0.4375 0.875
0.4375 0.4375 0.875
0.5 0.4375 0.875
0.5625 0.4375 0.875
0.625 0.4375 0.875
0.6875 0.4375 0.875
0.3125 0.5 0.875
0.375 0.5 0.875
0.4375 0.5 0.875
0.5 0.5 0.875
0.5625 0.5 0.875
0.625 0.5 0.875
0.6875 0.5 0.875
0.3125 0.5625 0.875
0.375 0.5625 0.875
0.4375 0.5625 0.875
0.5 0.5625 0.875
0.5625 0.5625 0.875
0.625 0.5625 0.875
0.6875 0.5625 0.875
0.3125 0.625 0.875
0.375 0.625 0.875
0.4375 0.625 0.875
0.5 0.625 0.875
0.5625 0.625 0.875
0.625 0.625 0.875
0.6875 0.625 0.875
0.3125 0.6875 0.875
0.375 0.6875 0.875
0.4375 0.6875 0.875
0.5 0.6875 0.875
0.5625 0.6875 0.875
0.625 0.6875 0.875
0.6875 0.6875 0.875
0.3125 0.3125 0.9375
0.375 0.3125 0.9375
0.4375 0.3125 0.9375
0.5 0.3125 0.9375
0.5625 0.3125 0.9375
0.625 0.3125 0.9375
0.6875 0.3125 0.9375
0.3125 0.375 0.9375
0.375 0.375 0.9375
0.4375 0.375 0.9375
0.5 0.375 0.9375
0.5625 0.375 0.9375
0.625 0.375 0.9375
0.6875 0.375 0.9375
0.3125 0.4375 0.9375
0.375 0.4375 0.9375
0.4375 0.4375 0.9375
0.5 0.4375 0.9375
0.5625 0.4375 0.9375
0.625 0.4375 0.9375
0.6875 0.4375 0.9375
0.3125 0.5 0.9375
0.375 0.5 0.9375
0.4375 0.5 0.9375
0.5 0.5 0.9375
0.5625 0.5 0.9375
0.625 0.5 0.9375
0.6875 0.5 0.9375
0.3125 0.5625 0.9375
0.375 0.5625 0.9375
0.4375 0.5625 0.9375
0.5 0.5625 0.9375
0.5625 0.5625 0.9375
0.625 0.5625 0.9375
0.6875 0.5625 0.9375
0.3125 0.625 0.9375
0.375 0.625 0.9375
0.4375 0.625 0.9375
0.5 0.625 0.9375
0.5625 0.625 0.9375
0.625 0.625 0.9375
0.6875 0.625 0.9375
0.3125 0.6875 0.9375
0.375 0.6875 0.9375
0.4375 0.6875 0.9375
0.5 0.6875 0.9375
0.5625 0.6875 0.9375
0.625 0.6875 0.9375
0.6875 0.6875 0.9375
3 16 0 63
4134
4135
4136
4137
4138
4139
4140
4141
4142
4143
4144
4145
4146
4147
4148
4149
4150
4151
4152
4153
4154
4155
4156
4157
4158
4159
4160
4161
4162
4163
4164
4165
4166
4167
4168
4169
4170
4171
4172
4173
4174
4175
4176
4177
4178
4179
4180
4181
4182
4183
4184
4185
4186
4187
4188
4189
4190
4191
4192
4193
4194
4195
4196
0.3125 0.8125 0.0625
0.375 0.8125 0.0625
0.4375 0.8125 0.0625
0.5 0.8125 0.0625
0.5625 0.8125 0.0625
0.625 0.8125 0.0625
0.6875 0.8125 0.0625
0.3125 0.875 0.0625
0.375 0.875 0.0625
0.4375 0.875 0.0625
0.5 0.875 0.0625
0.5625 0.875 0.0625
0.625 0.875 0.0625
0.6875 0.875 0.0625
0.3125 0.9375 0.0625
0.375 0.9375 0.0625
0.4375 0.9375 0.0625
0.5 0.9375 0.0625
0.5625 0.9375 0.0625
0.625 0.9375 0.0625
0.6875 0.9375 0.0625
0.3125 0.8125 0.125
0.375 0.8125 0.125
0.4375 0.8125 0.125
0.5 0.8125 0.125
0.5625 0.8125 0.125
0.625 0.8125 0.125
0.6875 0.8125 0.125
0.3125 0.875 0.125
0.375 0.875 0.125
0.4375 0.875 0.125
0.5 0.875 0.125
0.5625 0.875 0.125
0.625 0.875 0.125
0.6875 0.875 0.125
0.3125 0.9375 0.125
0.375 0.9375 0.125
0.4375 0.9375 0.125
0.5 0.9375 0.125
0.5625 0.9375 0.125
0.625 0.9375 0.125
0.6875 0.9375 0.125
0.3125 0.8125 0.1875
0.375 0.8125 0.1875
0.4375 0.8125 0.1875
0.5 0.8125 0.1875
0.5625 0.8125 0.1875
0.625 0.8125 0.1875
0.6875 0.8125 0.1875
0.3125 0.875 0.1875
0.375 0.875 0.1875
0.4375 0.875 0.1875
0.5 0.875 0.1875
0.5625 0.875 0.1875
0.625 0.875 0.1875
0.6875 0.875 0.1875
0.3125 0.9375 0.1875
0.375 0.9375 0.1875
0.4375 0.9375 0.1875
0.5 0.9375 0.1875
0.5625 0.9375 0.1875
0.625 0.9375 0.1875
0.6875 0.9375 0.1875
3 17 0 147
4197
4198
4199
4200
4201
4202
4203
4204
4205
4206
4207
4208
4209
4210
4211
4212
4213
4214
4215
4216
4217
4218
4219
4220
4221
4222
4223
4224
4225
4226
4227
4228
4229
4230
4231
4232
4233
4234
4235
4236
4237
4238
4239
4240
4241
4242
4243
4244
4245
4246
4247
4248
4249
4250
4251
4252
4253
4254
4255
4256
4257
4258
4259
4260
4261
4262
4263
4264
4265
4266
4267
4268
4269
4270
4271
4272
4273
4274
4275
4276
4277
4278
4279
4280
4281
4282
4283
4284
4285
4286
4287
4288
4289
4290
4291
4292
4293
4294
4295
4296
4297
4298
4299
4300
4301
4302
4303
4304
4305
4306
4307
4308
4309
4310
4311
4312
4313
4314
4315
4316
4317
4318
4319
4320
4321
4322
4323
4324
4325
4326
4327
4328
4329
4330
4331
4332
4333
4334
4335
4336
4337
4338
4339
4340
4341
4342
4343
0.3125 0.8125 0.3125
0.375 0.8125 0.3125
0.4375 0.8125 0.3125
0.5 0.8125 0.3125
0.5625 0.8125 0.3125
0.625 0.8125 0.3125
0.6875 0.8125 0.3125
0.3125 0.875 0.3125
0.375 0.875 0.3125
0.4375 0.875 0.3125
0.5 0.875 0.3125
0.5625 0.875 0.3125
0.625 0.875 0.3125
0.6875 0.875 0.3125
0.3125 0.9375 0.3125
0.375 0.9375 0.3125
0.4375 0.9375 0.3125
0.5 0.9375 0.3125
0.5625 0.9375 0.3125
0.625 0.9375 0.3125
0.6875 0.9375 0.3125
0.3125 0.8125 0.375
0.375 0.8125 0.375
0.4375 0.8125 0.375
0.5 0.8125 0.375
0.5625 0.8125 0.375
0.625 0.8125 0.375
0.6875 0.8125 0.375
0.3125 0.875 0.375
0.375 0.875 0.375
0.4375 0.875 0.375
0.5 0.875 0.375
0.5625 0.875 0.375
0.625 0.875 0.375
0.6875 0.875 0.375
0.3125 0.9375 0.375
0.375 0.9375 0.375
0.4375 0.9375 0.375
0.5 0.9375 0.375
0.5625 0.9375 0.375
0.625 0.9375 0.375
0.6875 0.9375 0.375
0.3125 0.8125 0.4375
0.375 0.8125 0.4375
0.4375 0.8125 0.4375
0.5 0.8125 0.4375
0.5625 0.8125 0.4375
0.625 0.8125 0.4375
0.6875 0.8125 0.4375
0.3125 0.875 0.4375
0.375 0.875 0.4375
0.4375 0.875 0.4375
0.5 0.875 0.4375
0.5625 0.875 0.4375
0.625 0.875 0.4375
0.6875 0.875 0.4375
0.3125 0.9375 0.4375
0.375 0.9375 0.4375
0.4375 0.9375 0.4375
0.5 0.9375 0.4375
0.5625 0.9375 0.4375
0.625 0.9375 0.4375
0.6875 0.9375 0.4375
0.3125 0.8125 0.5
0.375 0.8125 0.5
0.4375 0.8125 0.5
0.5 0.8125 0.5
0.5625 0.8125 0.5
0.625 0.8125 0.5
0.6875 0.8125 0.5
0.3125 0.875 0.5
0.375 0.875 0.5
0.4375 0.875 0.5
0.5 0.875 0.5
0.5625 0.875 0.5
0.625 0.875 0.5
0.6875 0.875 0.5
0.3125 0.9375 0.5
0.375 0.9375 0.5
0.4375 0.9375 0.5
0.5 0.9375 0.5
0.5625 0.9375 0.5
0.625 0.9375 0.5
0.6875 0.9375 0.5
0.3125 0.8125 0.5625
0.375 0.8125 0.5625
0.4375 0.8125 0.5625
0.5 0.8125 0.5625
0.5625 0.8125 0.5625
0.625 0.8125 0.5625
0.6875 0.8125 0.5625
0.3125 0.875 0.5625
0.375 0.875 0.5625
0.4375 0.875 0.5625
0.5 0.875 0.5625
0.5625 0.875 0.5625
0.625 0.875 0.5625
0.6875 0.875 0.5625
0.3125 0.9375 0.5625
0.375 0.9375 0.5625
0.4375 0.9375 0.5625
0.5 0.9375 0.5625
0.5625 0.9375 0.5625
0.625 0.9375 0.5625
0.6875 0.9375 0.5625
0.3125 0.8125 0.625
0.375 0.8125 0.625
0.4375 0.8125 0.625
0.5 0.8125 0.625
0.5625 0.8125 0.625
0.625 0.8125 0.625
0.6875 0.8125 0.625
0.3125 0.875 0.625
0.375 0.875 0.625
0.4375 0.875 0.625
0.5 0.875 0.625
0.5625 0.875 0.625
0.625 0.875 0.625
0.6875 0.875 0.625
0.3125 0.9375 0.625
0.375 0.9375 0.625
0.4375 0.9375 0.625
0.5 0.9375 0.625
0.5625 0.9375 0.625
0.625 0.9375 0.625
0.6875 0.9375 0.625
0.3125 0.8125 0.6875
0.375 0.8125 0.6875
0.4375 0.8125 0.6875
0.5 0.8125 0.6875
0.5625 0.8125 0.6875
0.625 0.8125 0.6875
0.6875 0.8125 0.6875
0.3125 0.875 0.6875
0.375 0.875 0.6875
0.4375 0.875 0.6875
0.5 0.875 0.6875
0.5625 0.875 0.6875
0.625 0.875 0.6875
0.6875 0.875 0.6875
0.3125 0.9375 0.6875
0.375 0.9375 0.6875
0.4375 0.9375 0.6875
0.5 0.9375 0.6875
0.5625 0.9375 0.6875
0.625 0.9375 0.6875
0.6875 0.9375 0.6875
3 18 0 63
4344
4345
4346
4347
4348
4349
4350
4351
4352
4353
4354
4355
4356
4357
4358
4359
4360
4361
4362
4363
4364
4365
4366
4367
4368
4369
4370
4371
4372
4373
4374
4375
4376
4377
4378
4379
4380
4381
4382
4383
4384
4385
4386
4387
4388
4389
4390
4391
4392
4393
4394
4395
4396
4397
4398
4399
4400
4401
4402
4403
4404
4405
4406
0.3125 0.8125 0.8125
0.375 0.8125 0.8125
0.4375 0.8125 0.8125
0.5 0.8125 0.8125
0.5625 0.8125 0.8125
0.625 0.8125 0.8125
0.6875 0.8125 0.8125
0.3125 0.875 0.8125
0.375 0.875 0.8125
0.4375 0.875 0.8125
0.5 0.875 0.8125
0.5625 0.875 0.8125
0.625 0.875 0.8125
0.6875 0.875 0.8125
0.3125 0.9375 0.8125
0.375 0.9375 0.8125
0.4375 0.9375 0.8125
0.5 0.9375 0.8125
0.5625 0.9375 0.8125
0.625 0.9375 0.8125
0.6875 0.9375 0.8125
0.3125 0.8125 0.875
0.375 0.8125 0.875
0.4375 0.8125 0.875
0.5 0.8125 0.875
0.5625 0.8125 0.875
0.625 0.8125 0.875
0.6875 0.8125 0.875
0.3125 0.875 0.875
0.375 0.875 0.875
0.4375 0.875 0.875
0.5 0.875 0.875
0.5625 0.875 0.875
0.625 0.875 0.875
0.6875 0.875 0.875
0.3125 0.9375 0.875
0.375 0.9375 0.875
0.4375 0.9375 0.875
0.5 0.9375 0.875
0.5625 0.9375 0.875
0.625 0.9375 0.875
0.6875 0.9375 0.875
0.3125 0.8125 0.9375
0.375 0.8125 0.9375
0.4375 0.8125 0.9375
0.5 0.8125 0.9375
0.5625 0.8125 0.9375
0.625 0.8125 0.9375
0.6875 0.8125 0.9375
0.3125 0.875 0.9375
0.375 0.875 0.9375
0.4375 0.875 0.9375
0.5 0.875 0.9375
0.5625 0.875 0.9375
0.625 0.875 0.9375
0.6875 0.875 0.9375
0.3125 0.9375 0.9375
0.375 0.9375 0.9375
0.4375 0.9375 0.9375
0.5 0.9375 0.9375
0.5625 0.9375 0.9375
0.625 0.9375 0.9375
0.6875 0.9375 0.9375
3 19 0 27
4407
4408
4409
4410
4411
4412
4413
4414
4415
4416
4417
4418
4419
4420
4421
4422
4423
4424
4425
4426
4427
4428
4429
4430
4431
4432
4433
0.8125 0.0625 0.0625
0.875 0.0625 0.0625
0.9375 0.0625 0.0625
0.8125 0.125 0.0625
0.875 0.125 0.0625
0.9375 0.125 0.0625
0.8125 0.1875 0.0625
0.875 0.1875 0.0625
0.9375 0.1875 0.0625
0.8125 0.0625 0.125
0.875 0.0625 0.125
0.9375 0.0625 0.125
0.8125 0.125 0.125
0.875 0.125 0.125
0.9375 0.125 0.125
0.8125 0.1875 0.125
0.875 0.1875 0.125
0.9375 0.1875 0.125
0.8125 0.0625 0.1875
0.875 0.0625 0.1875
0.9375 0.0625 0.1875
0.8125 0.125 0.1875
0.875 0.125 0.1875
0.9375 0.125 0.1875
0.8125 0.1875 0.1875
0.875 0.1875 0.1875
0.9375 0.1875 0.1875
3 20 0 63
4434
4435
4436
4437
4438
4439
4440
4441
4442
4443
4444
4445
4446
4447
4448
4449
4450
4451
4452
4453
4454
4455
4456
4457
4458
4459
4460
4461
4462
4463
4464
4465
4466
4467
4468
4469
4470
4471
4472
4473
4474
4475
4476
4477
4478
4479
4480
4481
4482
4483
4484
4485
4486
4487
4488
4489
4490
4491
4492
4493
4494
4495
4496
0.8125 0.0625 0.3125
0.875 0.0625 0.3125
0.9375 0.0625 0.3125
0.8125 0.125 0.3125
0.875 0.125 0.3125
0.9375 0.125 0.3125
0.8125 0.1875 0.3125
0.875 0.1875 0.3125
0.9375 0.1875 0.3125
0.8125 0.0625 0.375
0.875 0.0625 0.375
0.9375 0.0625 0.375
0.8125 0.125 0.375
0.875 0.125 0.375
0.9375 0.125 0.375
0.8125 0.1875 0.375
0.875 0.1875 0.375
0.9375 0.1875 0.375
0.8125 0.0625 0.4375
0.875 0.0625 0.4375
0.9375 0.0625 0.4375
0.8125 0.125 0.4375
0.875 0.125 0.4375
0.9375 0.125 0.4375
0.8125 0.1875 0.4375
0.875 0.1875 0.4375
0.9375 0.1875 0.4375
0.8125 0.0625 0.5
0.875 0.0625 0.5
0.9375 0.0625 0.5
0.8125 0.125 0.5
0.875 0.125 0.5
0.9375 0.125 0.5
0.8125 0.1875 0.5
0.875 0.1875 0.5
0.9375 0.1875 0.5
0.8125 0.0625 0.5625
0.875 0.0625 0.5625
0.9375 0.0625 0.5625
0.8125 0.125 0.5625
0.875 0.125 0.5625
0.9375 0.125 0.5625
0.8125 0.1875 0.5625
0.875 0.1875 0.5625
0.9375 0.1875 0.5625
0.8125 0.0625 0.625
0.875 0.0625 0.625
0.9375 0.0625 0.625
0.8125 0.125 0.625
0.875 0.125 0.625
0.9375 0.125 0.625
0.8125 0.1875 0.625
0.875 0.1875 0.625
0.9375 0.1875 0.625
0.8125 0.0625 0.6875
0.875 0.0625 0.6875
0.9375 0.0625 0.6875
0.8125 0.125 0.6875
0.875 0.125 0.6875
0.9375 0.125 0.6875
0.8125 0.1875 0.6875
0.875 0.1875 0.6875
0.9375 0.1875 0.6875
3 21 0 27
4497
4498
4499
4500
4501
4502
4503
4504
4505
4506
4507
4508
4509
4510
4511
4512
4513
4514
4515
4516
4517
4518
4519
4520
4521
4522
4523
0.8125 0.0625 0.8125
0.875 0.0625 0.8125
0.9375 0.0625 0.8125
0.8125 0.125 0.8125
0.875 0.125 0.8125
0.9375 0.125 0.8125
0.8125 0.1875 0.8125
0.875 0.1875 0.8125
0.9375 0.1875 0.8125
0.8125 0.0625 0.875
0.875 0.0625 0.875
0.9375 0.0625 0.875
0.8125 0.125 0.875
0.875 0.125 0.875
0.9375 0.125 0.875
0.8125 0.1875 0.875
0.875 0.1875 0.875
0.9375 0.1875 0.875
0.8125 0.0625 0.9375
0.875 0.0625 0.9375
0.9375 0.0625 0.9375
0.8125 0.125 0.9375
0.875 0.125 0.9375
0.9375 0.125 0.9375
0.8125 0.1875 0.9375
0.875 0.1875 0.9375
0.9375 0.1875 0.9375
3 22 0 63
4524
4525
4526
4527
4528
4529
4530
4531
4532
4533
4534
4535
4536
4537
4538
4539
4540
4541
4542
4543
4544
4545
4546
4547
4548
4549
4550
4551
4552
4553
4554
4555
4556
4557
4558
4559
4560
4561
4562
4563
4564
4565
4566
4567
4568
4569
4570
4571
4572
4573
4574
4575
4576
4577
4578
4579
4580
4581
4582
4583
4584
4585
4586
0.8125 0.3125 0.0625
0.875 0.3125 0.0625
0.9375 0.3125 0.0625
0.8125 0.375 0.0625
0.875 0.375 0.0625
0.9375 0.375 0.0625
0.8125 0.4375 0.0625
0.875 0.4375 0.0625
0.9375 0.4375 0.0625
0.8125 0.5 0.0625
0.875 0.5 0.0625
0.9375 0.5 0.0625
0.8125 0.5625 0.0625
0.875 0.5625 0.0625
0.9375 0.5625 0.0625
0.8125 0.625 0.0625
0.875 0.625 0.0625
0.9375 0.625 0.0625
0.8125 0.6875 0.0625
0.875 0.6875 0.0625
0.9375 0.6875 0.0625
0.8125 0.3125 0.125
0.875 0.3125 0.125
0.9375 0.3125 0.125
0.8125 0.375 0.125
0.875 0.375 0.125
0.9375 0.375 0.125
0.8125 0.4375 0.125
0.875 0.4375 0.125
0.9375 0.4375 0.125
0.8125 0.5 0.125
0.875 0.5 0.125
0.9375 0.5 0.125
0.8125 0.5625 0.125
0.875 0.5625 0.125
0.9375 0.5625 0.125
0.8125 0.625 0.125
0.875 0.625 0.125
0.9375 0.625 0.125
0.8125 0.6875 0.125
0.875 0.6875 0.125
0.9375 0.6875 0.125
0.8125 0.3125 0.1875
0.875 0.3125 0.1875
0.9375 0.3125 0.1875
0.8125 0.375 0.1875
0.875 0.375 0.1875
0.9375 0.375 0.1875
0.8125 0.4375 0.1875
0.875 0.4375 0.1875
0.9375 0.4375 0.1875
0.8125 0.5 0.1875
0.875 0.5 0.1875
0.9375 0.5 0.1875
0.8125 0.5625 0.1875
0.875 0.5625 0.1875
0.9375 0.5625 0.1875
0.8125 0.625 0.1875
0.875 0.625 0.1875
0.9375 0.625 0.1875
0.8125 0.6875 0.1875
0.875 0.6875 0.1875
0.9375 0.6875 0.1875
3 23 0 147
4587
4588
4589
4590
4591
4592
4593
4594
4595
4596
4597
4598
4599
4600
4601
4602
4603
4604
4605
4606
4607
4608
4609
4610
4611
4612
4613
4614
4615
4616
4617
4618
4619
4620
4621
4622
4623
4624
4625
4626
4627
4628
4629
4630
4631
4632
4633
4634
4635
4636
4637
4638
4639
4640
4641
4642
4643
4644
4645
4646
4647
4648
4649
4650
4651
4652
4653
4654
4655
4656
4657
4658
4659
4660
4661
4662
4663
4664
4665
4666
4667
4668
4669
4670
4671
4672
4673
4674
4675
4676
4677
4678
4679
4680
4681
4682
4683
4684
4685
4686
4687
4688
4689
4690
4691
4692
4693
4694
4695
4696
4697
4698
4699
4700
4701
4702
4703
4704
4705
4706
4707
4708
4709
4710
4711
4712
4713
4714
4715
4716
4717
4718
4719
4720
4721
4722
4723
4724
4725
4726
4727
4728
4729
4730
4731
4732
4733
0.8125 0.3125 0.3125
0.875 0.3125 0.3125
0.9375 0.3125 0.3125
0.8125 0.375 0.3125
0.875 0.375 0.3125
0.9375 0.375 0.3125
0.8125 0.4375 0.3125
0.875 0.4375 0.3125
0.9375 0.4375 0.3125
0.8125 0.5 0.3125
0.875 0.5 0.3125
0.9375 0.5 0.3125
0.8125 0.5625 0.3125
0.875 0.5625 0.3125
0.9375 0.5625 0.3125
0.8125 0.625 0.3125
0.875 0.625 0.3125
0.9375 0.625 0.3125
0.8125 0.6875 0.3125
0.875 0.6875 0.3125
0.9375 0.6875 0.3125
0.8125 0.3125 0.375
0.875 0.3125 0.375
0.9375 0.3125 0.375
0.8125 0.375 0.375
0.875 0.375 0.375
0.9375 0.375 0.375
0.8125 0.4375 0.375
0.875 0.4375 0.375
0.9375 0.4375 0.375
0.8125 0.5 0.375
0.875 0.5 0.375
0.9375 0.5 0.375
0.8125 0.5625 0.375
0.875 0.5625 0.375
0.9375 0.5625 0.375
0.8125 0.625 0.375
0.875 0.625 0.375
0.9375 0.625 0.375
0.8125 0.6875 0.375
0.875 0.6875 0.375
0.9375 0.6875 0.375
0.8125 0.3125 0.4375
0.875 0.3125 0.4375
0.9375 0.3125 0.4375
0.8125 0.375 0.4375
0.875 0.375 0.4375
0.9375 0.375 0.4375
0.8125 0.4375 0.4375
0.875 0.4375 0.4375
0.9375 0.4375 0.4375
0.8125 0.5 0.4375
0.875 0.5 0.4375
0.9375 0.5 0.4375
0.8125 0.5625 0.4375
0.875 0.5625 0.4375
0.9375 0.5625 0.4375
0.8125 0.625 0.4375
0.875 0.625 0.4375
0.9375 0.625 0.4375
0.8125 0.6875 0.4375
0.875 0.6875 0.4375
0.9375 0.6875 0.4375
0.8125 0.3125 0.5
0.875 0.3125 0.5
0.9375 0.3125 0.5
0.8125 0.375 0.5
0.875 0.375 0.5
0.9375 0.375 0.5
0.8125 0.4375 0.5
0.875 0.4375 0.5
0.9375 0.4375 0.5
0.8125 0.5 0.5
0.875 0.5 0.5
0.9375 0.5 0.5
0.8125 0.5625 0.5
0.875 0.5625 0.5
0.9375 0.5625 0.5
0.8125 0.625 0.5
0.875 0.625 0.5
0.9375 0.625 0.5
0.8125 0.6875 0.5
0.875 0.6875 0.5
0.9375 0.6875 0.5
0.8125 0.3125 0.5625
0.875 0.3125 0.5625
0.9375 0.3125 0.5625
0.8125 0.375 0.5625
0.875 0.375 0.5625
0.9375 0.375 0.5625
0.8125 0.4375 0.5625
0.875 0.4375 0.5625
0.9375 0.4375 0.5625
0.8125 0.5 0.5625
0.875 0.5 0.5625
0.9375 0.5 0.5625
0.8125 0.5625 0.5625
0.875 0.5625 0.5625
0.9375 0.5625 0.5625
0.8125 0.625 0.5625
0.875 0.625 0.5625
0.9375 0.625 0.5625
0.8125 0.6875 0.5625
0.875 0.6875 0.5625
0.9375 0.6875 0.5625
0.8125 0.3125 0.625
0.875 0.3125 0.625
0.9375 0.3125 0.625
0.8125 0.375 0.625
0.875 0.375 0.625
0.9375 0.375 0.625
0.8125 0.4375 0.625
0.875 0.4375 0.625
0.9375 0.4375 0.625
0.8125 0.5 0.625
0.875 0.5 0.625
0.9375 0.5 0.625
0.8125 0.5625 0.625
0.875 0.5625 0.625
0.9375 0.5625 0.625
0.8125 0.625 0.625
0.875 0.625 0.625
0.9375 0.625 0.625
0.8125 0.6875 0.625
0.875 0.6875 0.625
0.9375 0.6875 0.625
0.8125 0.3125 0.6875
0.875 0.3125 0.6875
0.9375 0.3125 0.6875
0.8125 0.375 0.6875
0.875 0.375 0.6875
0.9375 0.375 0.6875
0.8125 0.4375 0.6875
0.875 0.4375 0.6875
0.9375 0.4375 0.6875
0.8125 0.5 0.6875
0.875 0.5 0.6875
0.9375 0.5 0.6875
0.8125 0.5625 0.6875
0.875 0.5625 0.6875
0.9375 0.5625 0.6875
0.8125 0.625 0.6875
0.875 0.625 0.6875
0.9375 0.625 0.6875
0.8125 0.6875 0.6875
0.875 0.6875 0.6875
0.9375 0.6875 0.6875
3 24 0 63
4734
4735
4736
4737
4738
4739
4740
4741
4742
4743
4744
4745
4746
4747
4748
4749
4750
4751
4752
4753
4754
4755
4756
4757
4758
4759
4760
4761
4762
4763
4764
4765
4766
4767
4768
4769
4770
4771
4772
4773
4774
4775
4776
4777
4778
4779
4780
4781
4782
4783
4784
4785
4786
4787
4788
4789
4790
4791
4792
4793
4794
4795
4796
0.8125 0.3125 0.8125
0.875 0.3125 0.8125
0.9375 0.3125 0.8125
0.8125 0.375 0.8125
0.875 0.375 0.8125
0.9375 0.375 0.8125
0.8125 0.4375 0.8125
0.875 0.4375 0.8125
0.9375 0.4375 0.8125
0.8125 0.5 0.8125
0.875 0.5 0.8125
0.9375 0.5 0.8125
0.8125 0.5625 0.8125
0.875 0.5625 0.8125
0.9375 0.5625 0.8125
0.8125 0.625 0.8125
0.875 0.625 0.8125
0.9375 0.625 0.8125
0.8125 0.6875 0.8125
0.875 0.6875 0.8125
0.9375 0.6875 0.8125
0.8125 0.3125 0.875
0.875 0.3125 0.875
0.9375 0.3125 0.875
0.8125 0.375 0.875
0.875 0.375 0.875
0.9375 0.375 0.875
0.8125 0.4375 0.875
0.875 0.4375 0.875
0.9375 0.4375 0.875
0.8125 0.5 0.875
0.875 0.5 0.875
0.9375 0.5 0.875
0.8125 0.5625 0.875
0.875 0.5625 0.875
0.9375 0.5625 0.875
0.8125 0.625 0.875
0.875 0.625 0.875
0.9375 0.625 0.875
0.8125 0.6875 0.875
0.875 0.6875 0.875
0.9375 0.6875 0.875
0.8125 0.3125 0.9375
0.875 0.3125 0.9375
0.9375 0.3125 0.9375
0.8125 0.375 0.9375
0.875 0.375 0.9375
0.9375 0.375 0.9375
0.8125 0.4375 0.9375
0.875 0.4375 0.9375
0.9375 0.4375 0.9375
0.8125 0.5 0.9375
0.875 0.5 0.9375
0.9375 0.5 0.9375
0.8125 0.5625 0.9375
0.875 0.5625 0.9375
0.9375 0.5625 0.9375
0.8125 0.625 0.9375
0.875 0.625 0.9375
0.9375 0.625 0.9375
0.8125 0.6875 0.9375
0.875 0.6875 0.9375
0.9375 0.6875 0.9375
3 25 0 27
4797
4798
4799
4800
4801
4802
4803
4804
4805
4806
4807
4808
4809
4810
4811
4812
4813
4814
4815
4816
4817
4818
4819
4820
4821
4822
4823
0.8125 0.8125 0.0625
0.875 0.8125 0.0625
0.9375 0.8125 0.0625
0.8125 0.875 0.0625
0.875 0.875 0.0625
0.9375 0.875 0.0625
0.8125 0.9375 0.0625
0.875 0.9375 0.0625
0.9375 0.9375 0.0625
0.8125 0.8125 0.125
0.875 0.8125 0.125
0.9375 0.8125 0.125
0.8125 0.875 0.125
0.875 0.875 0.125
0.9375 0.875 0.125
0.8125 0.9375 0.125
0.875 0.9375 0.125
0.9375 0.9375 0.125
0.8125 0.8125 0.1875
0.875 0.8125 0.1875
0.9375 0.8125 0.1875
0.8125 0.875 0.1875
0.875 0.875 0.1875
0.9375 0.875 0.1875
0.8125 0.9375 0.1875
0.875 0.9375 0.1875
0.9375 0.9375 0.1875
3 26 0 63
4824
4825
4826
4827
4828
4829
4830
4831
4832
4833
4834
4835
4836
4837
4838
4839
4840
4841
4842
4843
4844
4845
4846
4847
4848
4849
4850
4851
4852
4853
4854
4855
4856
4857
4858
4859
4860
4861
4862
4863
4864
4865
4866
4867
4868
4869
4870
4871
4872
4873
4874
4875
4876
4877
4878
4879
4880
4881
4882
4883
4884
4885
4886
0.8125 0.8125 0.3125
0.875 0.8125 0.3125
0.9375 0.8125 0.3125
0.8125 0.875 0.3125
0.875 0.875 0.3125
0.9375 0.875 0.3125
0.8125 0.9375 0.3125
0.875 0.9375 0.3125
0.9375 0.9375 0.3125
0.8125 0.8125 0.375
0.875 0.8125 0.375
0.9375 0.8125 0.375
0.8125 0.875 0.375
0.875 0.875 0.375
0.9375 0.875 0.375
0.8125 0.9375 0.375
0.875 0.9375 0.375
0.9375 0.9375 0.375
0.8125 0.8125 0.4375
0.875 0.8125 0.4375
0.9375 0.8125 0.4375
0.8125 0.875 0.4375
0.875 0.875 0.4375
0.9375 0.875 0.4375
0.8125 0.9375 0.4375
0.875 0.9375 0.4375
0.9375 0.9375 0.4375
0.8125 0.8125 0.5
0.875 0.8125 0.5
0.9375 0.8125 0.5
0.8125 0.875 0.5
0.875 0.875 0.5
0.9375 0.875 0.5
0.8125 0.9375 0.5
0.875 0.9375 0.5
0.9375 0.9375 0.5
0.8125 0.8125 0.5625
0.875 0.8125 0.5625
0.9375 0.8125 0.5625
0.8125 0.875 0.5625
0.875 0.875 0.5625
0.9375 0.875 0.5625
0.8125 0.9375 0.5625
0.875 0.9375 0.5625
0.9375 0.9375 0.5625
0.8125 0.8125 0.625
0.875 0.8125 0.625
0.9375 0.8125 0.625
0.8125 0.875 0.625
0.875 0.875 0.625
0.9375 0.875 0.625
0.8125 0.9375 0.625
0.875 0.9375 0.625
0.9375 0.9375 0.625
0.8125 0.8125 0.6875
0.875 0.8125 0.6875
0.9375 0.8125 0.6875
0.8125 0.875 0.6875
0.875 0.875 0.6875
0.9375 0.875 0.6875
0.8125 0.9375 0.6875
0.875 0.9375 0.6875
0.9375 0.9375 0.6875
3 27 0 27
4887
4888
4889
4890
4891
4892
4893
4894
4895
4896
4897
4898
4899
4900
4901
4902
4903
4904
4905
4906
4907
4908
4909
4910
4911
4912
4913
0.8125 0.8125 0.8125
0.875 0.8125 0.8125
0.9375 0.8125 0.8125
0.8125 0.875 0.8125
0.875 0.875 0.8125
0.9375 0.875 0.8125
0.8125 0.9375 0.8125
0.875 0.9375 0.8125
0.9375 0.9375 0.8125
0.8125 0.8125 0.875
0.875 0.8125 0.875
0.9375 0.8125 0.875
0.8125 0.875 0.875
0.875 0.875 0.875
0.9375 0.875 0.875
0.8125 0.9375 0.875
0.875 0.9375 0.875
0.9375 0.9375 0.875
0.8125 0.8125 0.9375
0.875 0.8125 0.9375
0.9375 0.8125 0.9375
0.8125 0.875 0.9375
0.875 0.875 0.9375
0.9375 0.875 0.9375
0.8125 0.9375 0.9375
0.875 0.9375 0.9375
0.9375 0.9375 0.9375
$EndNodes
$Elements
82 5633 1 5633
0 1 15 1
1 1 
2 1 3 16
2 1 65 689 74 
3 74 689 690 75 
4 75 690 691 76 
5 76 691 71 4 
6 65 66 692 689 
7 689 692 693 690 
8 690 693 694 691 
9 691 694 72 71 
10 66 67 695 692 
11 692 695 696 693 
12 693 696 697 694 
13 694 697 73 72 
14 67 2 68 695 
15 695 68 69 696 
16 696 69 70 697 
17 697 70 3 73 
2 3 3 16
18 1 89 707 65 
19 65 707 708 66 
20 66 708 709 67 
21 67 709 92 2 
22 89 90 710 707 
23 707 710 711 708 
24 708 711 712 709 
25 709 712 93 92 
26 90 91 713 710 
27 710 713 714 711 
28 711 714 715 712 
29 712 715 94 93 
30 91 5 77 713 
31 713 77 78 714 
32 714 78 79 715 
33 715 79 6 94 
2 5 3 16
34 1 74 725 89 
35 89 725 726 90 
36 90 726 727 91 
37 91 727 86 5 
38 74 75 728 725 
39 725 728 729 726 
40 726 729 730 727 
41 727 730 87 86 
42 75 76 731 728 
43 728 731 732 729 
44 729 732 733 730 
45 730 733 88 87 
46 76 4 95 731 
47 731 95 96 732 
48 732 96 97 733 
49 733 97 8 88 
2 7 3 32
50 2 101 743 68 
51 68 743 744 69 
52 69 744 745 70 
53 70 745 111 3 
54 101 102 746 743 
55 743 746 747 744 
56 744 747 748 745 
57 745 748 112 111 
58 102 103 749 746 
59 746 749 750 747 
60 747 750 751 748 
61 748 751 113 112 
62 103 104 752 749 
63 749 752 753 750 
64 750 753 754 751 
65 751 754 114 113 
66 104 105 755 752 
67 752 755 756 753 
68 753 756 757 754 
69 754 757 115 114 
70 105 106 758 755 
71 755 758 759 756 
72 756 759 760 757 
73 757 760 116 115 
74 106 107 761 758 
75 758 761 762 759 
76 759 762 763 760 
77 760 763 117 116 
78 107 9 108 761 
79 761 108 109 762 
80 762 109 110 763 
81 763 110 10 117 
2 9 3 32
82 2 92 785 101 
83 101 785 786 102 
84 102 786 787 103 
85 103 787 788 104 
86 104 788 789 105 
87 105 789 790 106 
88 106 790 791 107 
89 107 791 135 9 
90 92 93 792 785 
91 785 792 793 786 
92 786 793 794 787 
93 787 794 795 788 
94 788 795 796 789 
95 789 796 797 790 
96 790 797 798 791 
97 791 798 136 135 
98 93 94 799 792 
99 792 799 800 793 
100 793 800 801 794 
101 794 801 802 795 
102 795 802 803 796 
103 796 803 804 797 
104 797 804 805 798 
105 798 805 137 136 
106 94 6 118 799 
107 799 118 119 800 
108 800 119 120 801 
109 801 120 121 802 
110 802 121 122 803 
111 803 122 123 804 
112 804 123 124 805 
113 805 124 11 137 
2 12 3 16
114 9 141 836 108 
115 108 836 837 109 
116 109 837 838 110 
117 110 838 147 10 
118 141 142 839 836 
119 836 839 840 837 
120 837 840 841 838 
121 838 841 148 147 
122 142 143 842 839 
123 839 842 843 840 
124 840 843 844 841 
125 841 844 149 148 
126 143 13 144 842 
127 842 144 145 843 
128 843 145 146 844 
129 844 146 14 149 
2 14 3 16
130 9 135 854 141 
131 141 854 855 142 
132 142 855 856 143 
133 143 856 159 13 
134 135 136 857 854 
135 854 857 858 855 
136 855 858 859 856 
137 856 859 160 159 
138 136 137 860 857 
139 857 860 861 858 
140 858 861 862 859 
141 859 862 161 160 
142 137 11 150 860 
143 860 150 151 861 
144 861 151 152 862 
145 862 152 15 161 
2 16 3 16
146 13 159 872 144 
147 159 160 873 872 
148 160 161 874 873 
149 161 15 153 874 
150 144 872 875 145 
151 872 873 876 875 
152 873 874 877 876 
153 874 153 154 877 
154 145 875 878 146 
155 875 876 879 878 
156 876 877 880 879 
157 877 154 155 880 
158 146 878 162 14 
159 878 879 163 162 
160 879 880 164 163 
161 880 155 16 164 
2 17 3 32
162 4 71 881 175 
163 175 881 882 176 
164 176 882 883 177 
165 177 883 884 178 
166 178 884 885 179 
167 179 885 886 180 
168 180 886 887 181 
169 181 887 172 18 
170 71 72 888 881 
171 881 888 889 882 
172 882 889 890 883 
173 883 890 891 884 
174 884 891 892 885 
175 885 892 893 886 
176 886 893 894 887 
177 887 894 173 172 
178 72 73 895 888 
179 888 895 896 889 
180 889 896 897 890 
181 890 897 898 891 
182 891 898 899 892 
183 892 899 900 893 
184 893 900 901 894 
185 894 901 174 173 
186 73 3 165 895 
187 895 165 166 896 
188 896 166 167 897 
189 897 167 168 898 
190 898 168 169 899 
191 899 169 170 900 
192 900 170 171 901 
193 901 171 17 174 
2 20 3 32
194 4 175 932 95 
195 95 932 933 96 
196 96 933 934 97 
197 97 934 192 8 
198 175 176 935 932 
199 932 935 936 933 
200 933 936 937 934 
201 934 937 193 192 
202 176 177 938 935 
203 935 938 939 936 
204 936 939 940 937 
205 937 940 194 193 
206 177 178 941 938 
207 938 941 942 939 
208 939 942 943 940 
209 940 943 195 194 
210 178 179 944 941 
211 941 944 945 942 
212 942 945 946 943 
213 943 946 196 195 
214 179 180 947 944 
215 944 947 948 945 
216 945 948 949 946 
217 946 949 197 196 
218 180 181 950 947 
219 947 950 951 948 
220 948 951 952 949 
221 949 952 198 197 
222 181 18 199 950 
223 950 199 200 951 
224 951 200 201 952 
225 952 201 20 198 
2 22 3 64
226 3 111 974 165 
227 165 974 975 166 
228 166 975 976 167 
229 167 976 977 168 
230 168 977 978 169 
231 169 978 979 170 
232 170 979 980 171 
233 171 980 212 17 
234 111 112 981 974 
235 974 981 982 975 
236 975 982 983 976 
237 976 983 984 977 
238 977 984 985 978 
239 978 985 986 979 
240 979 986 987 980 
241 980 987 213 212 
242 112 113 988 981 
243 981 988 989 982 
244 982 989 990 983 
245 983 990 991 984 
246 984 991 992 985 
247 985 992 993 986 
248 986 993 994 987 
249 987 994 214 213 
250 113 114 995 988 
251 988 995 996 989 
252 989 996 997 990 
253 990 997 998 991 
254 991 998 999 992 
255 992 999 1000 993 
256 993 1000 1001 994 
257 994 1001 215 214 
258 114 115 1002 995 
259 995 1002 1003 996 
260 996 1003 1004 997 
261 997 1004 1005 998 
262 998 1005 1006 999 
263 999 1006 1007 1000 
264 1000 1007 1008 1001 
265 1001 1008 216 215 
266 115 116 1009 1002 
267 1002 1009 1010 1003 
268 1003 1010 1011 1004 
269 1004 1011 1012 1005 
270 1005 1012 1013 1006 
271 1006 1013 1014 1007 
272 1007 1014 1015 1008 
273 1008 1015 217 216 
274 116 117 1016 1009 
275 1009 1016 1017 1010 
276 1010 1017 1018 1011 
277 1011 1018 1019 1012 
278 1012 1019 1020 1013 
279 1013 1020 1021 1014 
280 1014 1021 1022 1015 
281 1015 1022 218 217 
282 117 10 205 1016 
283 1016 205 206 1017 
284 1017 206 207 1018 
285 1018 207 208 1019 
286 1019 208 209 1020 
287 1020 209 210 1021 
288 1021 210 211 1022 
289 1022 211 21 218 
2 26 3 32
290 10 147 1114 205 
291 205 1114 1115 206 
292 206 1115 1116 207 
293 207 1116 1117 208 
294 208 1117 1118 209 
295 209 1118 1119 210 
296 210 1119 1120 211 
297 211 1120 243 21 
298 147 148 1121 1114 
299 1114 1121 1122 1115 
300 1115 1122 1123 1116 
301 1116 1123 1124 1117 
302 1117 1124 1125 1118 
303 1118 1125 1126 1119 
304 1119 1126 1127 1120 
305 1120 1127 244 243 
306 148 149 1128 1121 
307 1121 1128 1129 1122 
308 1122 1129 1130 1123 
309 1123 1130 1131 1124 
310 1124 1131 1132 1125 
311 1125 1132 1133 1126 
312 1126 1133 1134 1127 
313 1127 1134 245 244 
314 149 14 236 1128 
315 1128 236 237 1129 
316 1129 237 238 1130 
317 1130 238 239 1131 
318 1131 239 240 1132 
319 1132 240 241 1133 
320 1133 241 242 1134 
321 1134 242 23 245 
2 29 3 32
322 14 162 1165 236 
323 162 163 1166 1165 
324 163 164 1167 1166 
325 164 16 246 1167 
326 236 1165 1168 237 
327 1165 1166 1169 1168 
328 1166 1167 1170 1169 
329 1167 246 247 1170 
330 237 1168 1171 238 
331 1168 1169 1172 1171 
332 1169 1170 1173 1172 
333 1170 247 248 1173 
334 238 1171 1174 239 
335 1171 1172 1175 1174 
336 1172 1173 1176 1175 
337 1173 248 249 1176 
338 239 1174 1177 240 
339 1174 1175 1178 1177 
340 1175 1176 1179 1178 
341 1176 249 250 1179 
342 240 1177 1180 241 
343 1177 1178 1181 1180 
344 1178 1179 1182 1181 
345 1179 250 251 1182 
346 241 1180 1183 242 
347 1180 1181 1184 1183 
348 1181 1182 1185 1184 
349 1182 251 252 1185 
350 242 1183 256 23 
351 1183 1184 257 256 
352 1184 1185 258 257 
353 1185 252 24 258 
2 30 3 16
354 18 172 1186 265 
355 265 1186 1187 266 
356 266 1187 1188 267 
357 267 1188 262 26 
358 172 173 1189 1186 
359 1186 1189 1190 1187 
360 1187 1190 1191 1188 
361 1188 1191 263 262 
362 173 174 1192 1189 
363 1189 1192 1193 1190 
364 1190 1193 1194 1191 
365 1191 1194 264 263 
366 174 17 259 1192 
367 1192 259 260 1193 
368 1193 260 261 1194 
369 1194 261 25 264 
2 32 3 16
370 26 262 1204 277 
371 262 263 1205 1204 
372 263 264 1206 1205 
373 264 25 280 1206 
374 277 1204 1207 278 
375 1204 1205 1208 1207 
376 1205 1206 1209 1208 
377 1206 280 281 1209 
378 278 1207 1210 279 
379 1207 1208 1211 1210 
380 1208 1209 1212 1211 
381 1209 281 282 1212 
382 279 1210 271 28 
383 1210 1211 272 271 
384 1211 1212 273 272 
385 1212 282 27 273 
2 33 3 16
386 18 265 1213 199 
387 199 1213 1214 200 
388 200 1214 1215 201 
389 201 1215 274 20 
390 265 266 1216 1213 
391 1213 1216 1217 1214 
392 1214 1217 1218 1215 
393 1215 1218 275 274 
394 266 267 1219 1216 
395 1216 1219 1220 1217 
396 1217 1220 1221 1218 
397 1218 1221 276 275 
398 267 26 277 1219 
399 1219 277 278 1220 
400 1220 278 279 1221 
401 1221 279 28 276 
2 35 3 32
402 17 212 1231 259 
403 259 1231 1232 260 
404 260 1232 1233 261 
405 261 1233 286 25 
406 212 213 1234 1231 
407 1231 1234 1235 1232 
408 1232 1235 1236 1233 
409 1233 1236 287 286 
410 213 214 1237 1234 
411 1234 1237 1238 1235 
412 1235 1238 1239 1236 
413 1236 1239 288 287 
414 214 215 1240 1237 
415 1237 1240 1241 1238 
416 1238 1241 1242 1239 
417 1239 1242 289 288 
418 215 216 1243 1240 
419 1240 1243 1244 1241 
420 1241 1244 1245 1242 
421 1242 1245 290 289 
422 216 217 1246 1243 
423 1243 1246 1247 1244 
424 1244 1247 1248 1245 
425 1245 1248 291 290 
426 217 218 1249 1246 
427 1246 1249 1250 1247 
428 1247 1250 1251 1248 
429 1248 1251 292 291 
430 218 21 283 1249 
431 1249 283 284 1250 
432 1250 284 285 1251 
433 1251 285 29 292 
2 37 3 32
434 25 286 1273 280 
435 286 287 1274 1273 
436 287 288 1275 1274 
437 288 289 1276 1275 
438 289 290 1277 1276 
439 290 291 1278 1277 
440 291 292 1279 1278 
441 292 29 303 1279 
442 280 1273 1280 281 
443 1273 1274 1281 1280 
444 1274 1275 1282 1281 
445 1275 1276 1283 1282 
446 1276 1277 1284 1283 
447 1277 1278 1285 1284 
448 1278 1279 1286 1285 
449 1279 303 304 1286 
450 281 1280 1287 282 
451 1280 1281 1288 1287 
452 1281 1282 1289 1288 
453 1282 1283 1290 1289 
454 1283 1284 1291 1290 
455 1284 1285 1292 1291 
456 1285 1286 1293 1292 
457 1286 304 305 1293 
458 282 1287 296 27 
459 1287 1288 297 296 
460 1288 1289 298 297 
461 1289 1290 299 298 
462 1290 1291 300 299 
463 1291 1292 301 300 
464 1292 1293 302 301 
465 1293 305 30 302 
2 39 3 16
466 21 243 1303 283 
467 283 1303 1304 284 
468 284 1304 1305 285 
469 285 1305 309 29 
470 243 244 1306 1303 
471 1303 1306 1307 1304 
472 1304 1307 1308 1305 
473 1305 1308 310 309 
474 244 245 1309 1306 
475 1306 1309 1310 1307 
476 1307 1310 1311 1308 
477 1308 1311 311 310 
478 245 23 306 1309 
479 1309 306 307 1310 
480 1310 307 308 1311 
481 1311 308 31 311 
2 41 3 16
482 29 309 1321 303 
483 309 310 1322 1321 
484 310 311 1323 1322 
485 311 31 318 1323 
486 303 1321 1324 304 
487 1321 1322 1325 1324 
488 1322 1323 1326 1325 
489 1323 318 319 1326 
490 304 1324 1327 305 
491 1324 1325 1328 1327 
492 1325 1326 1329 1328 
493 1326 319 320 1329 
494 305 1327 315 30 
495 1327 1328 316 315 
496 1328 1329 317 316 
497 1329 320 32 317 
2 42 3 16
498 23 256 1330 306 
499 256 257 1331 1330 
500 257 258 1332 1331 
501 258 24 312 1332 
502 306 1330 1333 307 
503 1330 1331 1334 1333 
504 1331 1332 1335 1334 
505 1332 312 313 1335 
506 307 1333 1336 308 
507 1333 1334 1337 1336 
508 1334 1335 1338 1337 
509 1335 313 314 1338 
510 308 1336 318 31 
511 1336 1337 319 318 
512 1337 1338 320 319 
513 1338 314 32 320 
2 44 3 32
514 5 333 1348 77 
515 77 1348 1349 78 
516 78 1349 1350 79 
517 79 1350 340 6 
518 333 334 1351 1348 
519 1348 1351 1352 1349 
520 1349 1352 1353 1350 
521 1350 1353 341 340 
522 334 335 1354 1351 
523 1351 1354 1355 1352 
524 1352 1355 1356 1353 
525 1353 1356 342 341 
526 335 336 1357 1354 
527 1354 1357 1358 1355 
528 1355 1358 1359 1356 
529 1356 1359 343 342 
530 336 337 1360 1357 
531 1357 1360 1361 1358 
532 1358 1361 1362 1359 
533 1359 1362 344 343 
534 337 338 1363 1360 
535 1360 1363 1364 1361 
536 1361 1364 1365 1362 
537 1362 1365 345 344 
538 338 339 1366 1363 
539 1363 1366 1367 1364 
540 1364 1367 1368 1365 
541 1365 1368 346 345 
542 339 33 321 1366 
543 1366 321 322 1367 
544 1367 322 323 1368 
545 1368 323 34 346 
2 46 3 32
546 5 86 1390 333 
547 333 1390 1391 334 
548 334 1391 1392 335 
549 335 1392 1393 336 
550 336 1393 1394 337 
551 337 1394 1395 338 
552 338 1395 1396 339 
553 339 1396 330 33 
554 86 87 1397 1390 
555 1390 1397 1398 1391 
556 1391 1398 1399 1392 
557 1392 1399 1400 1393 
558 1393 1400 1401 1394 
559 1394 1401 1402 1395 
560 1395 1402 1403 1396 
561 1396 1403 331 330 
562 87 88 1404 1397 
563 1397 1404 1405 1398 
564 1398 1405 1406 1399 
565 1399 1406 1407 1400 
566 1400 1407 1408 1401 
567 1401 1408 1409 1402 
568 1402 1409 1410 1403 
569 1403 1410 332 331 
570 88 8 347 1404 
571 1404 347 348 1405 
572 1405 348 349 1406 
573 1406 349 350 1407 
574 1407 350 351 1408 
575 1408 351 352 1409 
576 1409 352 353 1410 
577 1410 353 36 332 
2 49 3 64
578 6 340 1453 118 
579 118 1453 1454 119 
580 119 1454 1455 120 
581 120 1455 1456 121 
582 121 1456 1457 122 
583 122 1457 1458 123 
584 123 1458 1459 124 
585 124 1459 378 11 
586 340 341 1460 1453 
587 1453 1460 1461 1454 
588 1454 1461 1462 1455 
589 1455 1462 1463 1456 
590 1456 1463 1464 1457 
591 1457 1464 1465 1458 
592 1458 1465 1466 1459 
593 1459 1466 379 378 
594 341 342 1467 1460 
595 1460 1467 1468 1461 
596 1461 1468 1469 1462 
597 1462 1469 1470 1463 
598 1463 1470 1471 1464 
599 1464 1471 1472 1465 
600 1465 1472 1473 1466 
601 1466 1473 380 379 
602 342 343 1474 1467 
603 1467 1474 1475 1468 
604 1468 1475 1476 1469 
605 1469 1476 1477 1470 
606 1470 1477 1478 1471 
607 1471 1478 1479 1472 
608 1472 1479 1480 1473 
609 1473 1480 381 380 
610 343 344 1481 1474 
611 1474 1481 1482 1475 
612 1475 1482 1483 1476 
613 1476 1483 1484 1477 
614 1477 1484 1485 1478 
615 1478 1485 1486 1479 
616 1479 1486 1487 1480 
617 1480 1487 382 381 
618 344 345 1488 1481 
619 1481 1488 1489 1482 
620 1482 1489 1490 1483 
621 1483 1490 1491 1484 
622 1484 1491 1492 1485 
623 1485 1492 1493 1486 
624 1486 1493 1494 1487 
625 1487 1494 383 382 
626 345 346 1495 1488 
627 1488 1495 1496 1489 
628 1489 1496 1497 1490 
629 1490 1497 1498 1491 
630 1491 1498 1499 1492 
631 1492 1499 1500 1493 
632 1493 1500 1501 1494 
633 1494 1501 384 383 
634 346 34 361 1495 
635 1495 361 362 1496 
636 1496 362 363 1497 
637 1497 363 364 1498 
638 1498 364 365 1499 
639 1499 365 366 1500 
640 1500 366 367 1501 
641 1501 367 37 384 
2 53 3 32
642 11 378 1581 150 
643 150 1581 1582 151 
644 151 1582 1583 152 
645 152 1583 401 15 
646 378 379 1584 1581 
647 1581 1584 1585 1582 
648 1582 1585 1586 1583 
649 1583 1586 402 401 
650 379 380 1587 1584 
651 1584 1587 1588 1585 
652 1585 1588 1589 1586 
653 1586 1589 403 402 
654 380 381 1590 1587 
655 1587 1590 1591 1588 
656 1588 1591 1592 1589 
657 1589 1592 404 403 
658 381 382 1593 1590 
659 1590 1593 1594 1591 
660 1591 1594 1595 1592 
661 1592 1595 405 404 
662 382 383 1596 1593 
663 1593 1596 1597 1594 
664 1594 1597 1598 1595 
665 1595 1598 406 405 
666 383 384 1599 1596 
667 1596 1599 1600 1597 
668 1597 1600 1601 1598 
669 1598 1601 407 406 
670 384 37 392 1599 
671 1599 392 393 1600 
672 1600 393 394 1601 
673 1601 394 39 407 
2 55 3 32
674 15 401 1623 153 
675 401 402 1624 1623 
676 402 403 1625 1624 
677 403 404 1626 1625 
678 404 405 1627 1626 
679 405 406 1628 1627 
680 406 407 1629 1628 
681 407 39 395 1629 
682 153 1623 1630 154 
683 1623 1624 1631 1630 
684 1624 1625 1632 1631 
685 1625 1626 1633 1632 
686 1626 1627 1634 1633 
687 1627 1628 1635 1634 
688 1628 1629 1636 1635 
689 1629 395 396 1636 
690 154 1630 1637 155 
691 1630 1631 1638 1637 
692 1631 1632 1639 1638 
693 1632 1633 1640 1639 
694 1633 1634 1641 1640 
695 1634 1635 1642 1641 
696 1635 1636 1643 1642 
697 1636 396 397 1643 
698 155 1637 408 16 
699 1637 1638 409 408 
700 1638 1639 410 409 
701 1639 1640 411 410 
702 1640 1641 412 411 
703 1641 1642 413 412 
704 1642 1643 414 413 
705 1643 397 40 414 
2 58 3 64
706 8 192 1686 347 
707 347 1686 1687 348 
708 348 1687 1688 349 
709 349 1688 1689 350 
710 350 1689 1690 351 
711 351 1690 1691 352 
712 352 1691 1692 353 
713 353 1692 425 36 
714 192 193 1693 1686 
715 1686 1693 1694 1687 
716 1687 1694 1695 1688 
717 1688 1695 1696 1689 
718 1689 1696 1697 1690 
719 1690 1697 1698 1691 
720 1691 1698 1699 1692 
721 1692 1699 426 425 
722 193 194 1700 1693 
723 1693 1700 1701 1694 
724 1694 1701 1702 1695 
725 1695 1702 1703 1696 
726 1696 1703 1704 1697 
727 1697 1704 1705 1698 
728 1698 1705 1706 1699 
729 1699 1706 427 426 
730 194 195 1707 1700 
731 1700 1707 1708 1701 
732 1701 1708 1709 1702 
733 1702 1709 1710 1703 
734 1703 1710 1711 1704 
735 1704 1711 1712 1705 
736 1705 1712 1713 1706 
737 1706 1713 428 427 
738 195 196 1714 1707 
739 1707 1714 1715 1708 
740 1708 1715 1716 1709 
741 1709 1716 1717 1710 
742 1710 1717 1718 1711 
743 1711 1718 1719 1712 
744 1712 1719 1720 1713 
745 1713 1720 429 428 
746 196 197 1721 1714 
747 1714 1721 1722 1715 
748 1715 1722 1723 1716 
749 1716 1723 1724 1717 
750 1717 1724 1725 1718 
751 1718 1725 1726 1719 
752 1719 1726 1727 1720 
753 1720 1727 430 429 
754 197 198 1728 1721 
755 1721 1728 1729 1722 
756 1722 1729 1730 1723 
757 1723 1730 1731 1724 
758 1724 1731 1732 1725 
759 1725 1732 1733 1726 
760 1726 1733 1734 1727 
761 1727 1734 431 430 
762 198 20 432 1728 
763 1728 432 433 1729 
764 1729 433 434 1730 
765 1730 434 435 1731 
766 1731 435 436 1732 
767 1732 436 437 1733 
768 1733 437 438 1734 
769 1734 438 42 431 
2 65 3 64
770 16 408 1973 246 
771 408 409 1974 1973 
772 409 410 1975 1974 
773 410 411 1976 1975 
774 411 412 1977 1976 
775 412 413 1978 1977 
776 413 414 1979 1978 
777 414 40 467 1979 
778 246 1973 1980 247 
779 1973 1974 1981 1980 
780 1974 1975 1982 1981 
781 1975 1976 1983 1982 
782 1976 1977 1984 1983 
783 1977 1978 1985 1984 
784 1978 1979 1986 1985 
785 1979 467 468 1986 
786 247 1980 1987 248 
787 1980 1981 1988 1987 
788 1981 1982 1989 1988 
789 1982 1983 1990 1989 
790 1983 1984 1991 1990 
791 1984 1985 1992 1991 
792 1985 1986 1993 1992 
793 1986 468 469 1993 
794 248 1987 1994 249 
795 1987 1988 1995 1994 
796 1988 1989 1996 1995 
797 1989 1990 1997 1996 
798 1990 1991 1998 1997 
799 1991 1992 1999 1998 
800 1992 1993 2000 1999 
801 1993 469 470 2000 
802 249 1994 2001 250 
803 1994 1995 2002 2001 
804 1995 1996 2003 2002 
805 1996 1997 2004 2003 
806 1997 1998 2005 2004 
807 1998 1999 2006 2005 
808 1999 2000 2007 2006 
809 2000 470 471 2007 
810 250 2001 2008 251 
811 2001 2002 2009 2008 
812 2002 2003 2010 2009 
813 2003 2004 2011 2010 
814 2004 2005 2012 2011 
815 2005 2006 2013 2012 
816 2006 2007 2014 2013 
817 2007 471 472 2014 
818 251 2008 2015 252 
819 2008 2009 2016 2015 
820 2009 2010 2017 2016 
821 2010 2011 2018 2017 
822 2011 2012 2019 2018 
823 2012 2013 2020 2019 
824 2013 2014 2021 2020 
825 2014 472 473 2021 
826 252 2015 477 24 
827 2015 2016 478 477 
828 2016 2017 479 478 
829 2017 2018 480 479 
830 2018 2019 481 480 
831 2019 2020 482 481 
832 2020 2021 483 482 
833 2021 473 44 483 
2 67 3 32
834 28 271 2031 493 
835 271 272 2032 2031 
836 272 273 2033 2032 
837 273 27 500 2033 
838 493 2031 2034 494 
839 2031 2032 2035 2034 
840 2032 2033 2036 2035 
841 2033 500 501 2036 
842 494 2034 2037 495 
843 2034 2035 2038 2037 
844 2035 2036 2039 2038 
845 2036 501 502 2039 
846 495 2037 2040 496 
847 2037 2038 2041 2040 
848 2038 2039 2042 2041 
849 2039 502 503 2042 
850 496 2040 2043 497 
851 2040 2041 2044 2043 
852 2041 2042 2045 2044 
853 2042 503 504 2045 
854 497 2043 2046 498 
855 2043 2044 2047 2046 
856 2044 2045 2048 2047 
857 2045 504 505 2048 
858 498 2046 2049 499 
859 2046 2047 2050 2049 
860 2047 2048 2051 2050 
861 2048 505 506 2051 
862 499 2049 487 46 
863 2049 2050 488 487 
864 2050 2051 489 488 
865 2051 506 45 489 
2 68 3 32
866 20 274 2052 432 
867 432 2052 2053 433 
868 433 2053 2054 434 
869 434 2054 2055 435 
870 435 2055 2056 436 
871 436 2056 2057 437 
872 437 2057 2058 438 
873 438 2058 490 42 
874 274 275 2059 2052 
875 2052 2059 2060 2053 
876 2053 2060 2061 2054 
877 2054 2061 2062 2055 
878 2055 2062 2063 2056 
879 2056 2063 2064 2057 
880 2057 2064 2065 2058 
881 2058 2065 491 490 
882 275 276 2066 2059 
883 2059 2066 2067 2060 
884 2060 2067 2068 2061 
885 2061 2068 2069 2062 
886 2062 2069 2070 2063 
887 2063 2070 2071 2064 
888 2064 2071 2072 2065 
889 2065 2072 492 491 
890 276 28 493 2066 
891 2066 493 494 2067 
892 2067 494 495 2068 
893 2068 495 496 2069 
894 2069 496 497 2070 
895 2070 497 498 2071 
896 2071 498 499 2072 
897 2072 499 46 492 
2 71 3 64
898 27 296 2115 500 
899 296 297 2116 2115 
900 297 298 2117 2116 
901 298 299 2118 2117 
902 299 300 2119 2118 
903 300 301 2120 2119 
904 301 302 2121 2120 
905 302 30 517 2121 
906 500 2115 2122 501 
907 2115 2116 2123 2122 
908 2116 2117 2124 2123 
909 2117 2118 2125 2124 
910 2118 2119 2126 2125 
911 2119 2120 2127 2126 
912 2120 2121 2128 2127 
913 2121 517 518 2128 
914 501 2122 2129 502 
915 2122 2123 2130 2129 
916 2123 2124 2131 2130 
917 2124 2125 2132 2131 
918 2125 2126 2133 2132 
919 2126 2127 2134 2133 
920 2127 2128 2135 2134 
921 2128 518 519 2135 
922 502 2129 2136 503 
923 2129 2130 2137 2136 
924 2130 2131 2138 2137 
925 2131 2132 2139 2138 
926 2132 2133 2140 2139 
927 2133 2134 2141 2140 
928 2134 2135 2142 2141 
929 2135 519 520 2142 
930 503 2136 2143 504 
931 2136 2137 2144 2143 
932 2137 2138 2145 2144 
933 2138 2139 2146 2145 
934 2139 2140 2147 2146 
935 2140 2141 2148 2147 
936 2141 2142 2149 2148 
937 2142 520 521 2149 
938 504 2143 2150 505 
939 2143 2144 2151 2150 
940 2144 2145 2152 2151 
941 2145 2146 2153 2152 
942 2146 2147 2154 2153 
943 2147 2148 2155 2154 
944 2148 2149 2156 2155 
945 2149 521 522 2156 
946 505 2150 2157 506 
947 2150 2151 2158 2157 
948 2151 2152 2159 2158 
949 2152 2153 2160 2159 
950 2153 2154 2161 2160 
951 2154 2155 2162 2161 
952 2155 2156 2163 2162 
953 2156 522 523 2163 
954 506 2157 510 45 
955 2157 2158 511 510 
956 2158 2159 512 511 
957 2159 2160 513 512 
958 2160 2161 514 513 
959 2161 2162 515 514 
960 2162 2163 516 515 
961 2163 523 47 516 
2 74 3 32
962 30 315 2194 517 
963 315 316 2195 2194 
964 316 317 2196 2195 
965 317 32 530 2196 
966 517 2194 2197 518 
967 2194 2195 2198 2197 
968 2195 2196 2199 2198 
969 2196 530 531 2199 
970 518 2197 2200 519 
971 2197 2198 2201 2200 
972 2198 2199 2202 2201 
973 2199 531 532 2202 
974 519 2200 2203 520 
975 2200 2201 2204 2203 
976 2201 2202 2205 2204 
977 2202 532 533 2205 
978 520 2203 2206 521 
979 2203 2204 2207 2206 
980 2204 2205 2208 2207 
981 2205 533 534 2208 
982 521 2206 2209 522 
983 2206 2207 2210 2209 
984 2207 2208 2211 2210 
985 2208 534 535 2211 
986 522 2209 2212 523 
987 2209 2210 2213 2212 
988 2210 2211 2214 2213 
989 2211 535 536 2214 
990 523 2212 527 47 
991 2212 2213 528 527 
992 2213 2214 529 528 
993 2214 536 48 529 
2 75 3 32
994 24 477 2215 312 
995 477 478 2216 2215 
996 478 479 2217 2216 
997 479 480 2218 2217 
998 480 481 2219 2218 
999 481 482 2220 2219 
1000 482 483 2221 2220 
1001 483 44 524 2221 
1002 312 2215 2222 313 
1003 2215 2216 2223 2222 
1004 2216 2217 2224 2223 
1005 2217 2218 2225 2224 
1006 2218 2219 2226 2225 
1007 2219 2220 2227 2226 
1008 2220 2221 2228 2227 
1009 2221 524 525 2228 
1010 313 2222 2229 314 
1011 2222 2223 2230 2229 
1012 2223 2224 2231 2230 
1013 2224 2225 2232 2231 
1014 2225 2226 2233 2232 
1015 2226 2227 2234 2233 
1016 2227 2228 2235 2234 
1017 2228 525 526 2235 
1018 314 2229 530 32 
1019 2229 2230 531 530 
1020 2230 2231 532 531 
1021 2231 2232 533 532 
1022 2232 2233 534 533 
1023 2233 2234 535 534 
1024 2234 2235 536 535 
1025 2235 526 48 536 
2 76 3 16
1026 49 546 2236 537 
1027 546 547 2237 2236 
1028 547 548 2238 2237 
1029 548 52 543 2238 
1030 537 2236 2239 538 
1031 2236 2237 2240 2239 
1032 2237 2238 2241 2240 
1033 2238 543 544 2241 
1034 538 2239 2242 539 
1035 2239 2240 2243 2242 
1036 2240 2241 2244 2243 
1037 2241 544 545 2244 
1038 539 2242 540 50 
1039 2242 2243 541 540 
1040 2243 2244 542 541 
1041 2244 545 51 542 
2 77 3 16
1042 33 549 2245 321 
1043 321 2245 2246 322 
1044 322 2246 2247 323 
1045 323 2247 552 34 
1046 549 550 2248 2245 
1047 2245 2248 2249 2246 
1048 2246 2249 2250 2247 
1049 2247 2250 553 552 
1050 550 551 2251 2248 
1051 2248 2251 2252 2249 
1052 2249 2252 2253 2250 
1053 2250 2253 554 553 
1054 551 49 537 2251 
1055 2251 537 538 2252 
1056 2252 538 539 2253 
1057 2253 539 50 554 
2 79 3 16
1058 33 330 2263 549 
1059 549 2263 2264 550 
1060 550 2264 2265 551 
1061 551 2265 546 49 
1062 330 331 2266 2263 
1063 2263 2266 2267 2264 
1064 2264 2267 2268 2265 
1065 2265 2268 547 546 
1066 331 332 2269 2266 
1067 2266 2269 2270 2267 
1068 2267 2270 2271 2268 
1069 2268 2271 548 547 
1070 332 36 555 2269 
1071 2269 555 556 2270 
1072 2270 556 557 2271 
1073 2271 557 52 548 
2 81 3 32
1074 50 540 2281 561 
1075 540 541 2282 2281 
1076 541 542 2283 2282 
1077 542 51 571 2283 
1078 561 2281 2284 562 
1079 2281 2282 2285 2284 
1080 2282 2283 2286 2285 
1081 2283 571 572 2286 
1082 562 2284 2287 563 
1083 2284 2285 2288 2287 
1084 2285 2286 2289 2288 
1085 2286 572 573 2289 
1086 563 2287 2290 564 
1087 2287 2288 2291 2290 
1088 2288 2289 2292 2291 
1089 2289 573 574 2292 
1090 564 2290 2293 565 
1091 2290 2291 2294 2293 
1092 2291 2292 2295 2294 
1093 2292 574 575 2295 
1094 565 2293 2296 566 
1095 2293 2294 2297 2296 
1096 2294 2295 2298 2297 
1097 2295 575 576 2298 
1098 566 2296 2299 567 
1099 2296 2297 2300 2299 
1100 2297 2298 2301 2300 
1101 2298 576 577 2301 
1102 567 2299 568 53 
1103 2299 2300 569 568 
1104 2300 2301 570 569 
1105 2301 577 54 570 
2 82 3 32
1106 34 552 2302 361 
1107 361 2302 2303 362 
1108 362 2303 2304 363 
1109 363 2304 2305 364 
1110 364 2305 2306 365 
1111 365 2306 2307 366 
1112 366 2307 2308 367 
1113 367 2308 578 37 
1114 552 553 2309 2302 
1115 2302 2309 2310 2303 
1116 2303 2310 2311 2304 
1117 2304 2311 2312 2305 
1118 2305 2312 2313 2306 
1119 2306 2313 2314 2307 
1120 2307 2314 2315 2308 
1121 2308 2315 579 578 
1122 553 554 2316 2309 
1123 2309 2316 2317 2310 
1124 2310 2317 2318 2311 
1125 2311 2318 2319 2312 
1126 2312 2319 2320 2313 
1127 2313 2320 2321 2314 
1128 2314 2321 2322 2315 
1129 2315 2322 580 579 
1130 554 50 561 2316 
1131 2316 561 562 2317 
1132 2317 562 563 2318 
1133 2318 563 564 2319 
1134 2319 564 565 2320 
1135 2320 565 566 2321 
1136 2321 566 567 2322 
1137 2322 567 53 580 
2 85 3 16
1138 53 568 2353 584 
1139 568 569 2354 2353 
1140 569 570 2355 2354 
1141 570 54 590 2355 
1142 584 2353 2356 585 
1143 2353 2354 2357 2356 
1144 2354 2355 2358 2357 
1145 2355 590 591 2358 
1146 585 2356 2359 586 
1147 2356 2357 2360 2359 
1148 2357 2358 2361 2360 
1149 2358 591 592 2361 
1150 586 2359 587 55 
1151 2359 2360 588 587 
1152 2360 2361 589 588 
1153 2361 592 56 589 
2 86 3 16
1154 37 578 2362 392 
1155 392 2362 2363 393 
1156 393 2363 2364 394 
1157 394 2364 593 39 
1158 578 579 2365 2362 
1159 2362 2365 2366 2363 
1160 2363 2366 2367 2364 
1161 2364 2367 594 593 
1162 579 580 2368 2365 
1163 2365 2368 2369 2366 
1164 2366 2369 2370 2367 
1165 2367 2370 595 594 
1166 580 53 584 2368 
1167 2368 584 585 2369 
1168 2369 585 586 2370 
1169 2370 586 55 595 
2 88 3 16
1170 39 593 2380 395 
1171 593 594 2381 2380 
1172 594 595 2382 2381 
1173 595 55 587 2382 
1174 395 2380 2383 396 
1175 2380 2381 2384 2383 
1176 2381 2382 2385 2384 
1177 2382 587 588 2385 
1178 396 2383 2386 397 
1179 2383 2384 2387 2386 
1180 2384 2385 2388 2387 
1181 2385 588 589 2388 
1182 397 2386 596 40 
1183 2386 2387 597 596 
1184 2387 2388 598 597 
1185 2388 589 56 598 
2 89 3 32
1186 52 609 2389 543 
1187 609 610 2390 2389 
1188 610 611 2391 2390 
1189 611 612 2392 2391 
1190 612 613 2393 2392 
1191 613 614 2394 2393 
1192 614 615 2395 2394 
1193 615 58 606 2395 
1194 543 2389 2396 544 
1195 2389 2390 2397 2396 
1196 2390 2391 2398 2397 
1197 2391 2392 2399 2398 
1198 2392 2393 2400 2399 
1199 2393 2394 2401 2400 
1200 2394 2395 2402 2401 
1201 2395 606 607 2402 
1202 544 2396 2403 545 
1203 2396 2397 2404 2403 
1204 2397 2398 2405 2404 
1205 2398 2399 2406 2405 
1206 2399 2400 2407 2406 
1207 2400 2401 2408 2407 
1208 2401 2402 2409 2408 
1209 2402 607 608 2409 
1210 545 2403 599 51 
1211 2403 2404 600 599 
1212 2404 2405 601 600 
1213 2405 2406 602 601 
1214 2406 2407 603 602 
1215 2407 2408 604 603 
1216 2408 2409 605 604 
1217 2409 608 57 605 
2 91 3 32
1218 36 425 2419 555 
1219 555 2419 2420 556 
1220 556 2420 2421 557 
1221 557 2421 609 52 
1222 425 426 2422 2419 
1223 2419 2422 2423 2420 
1224 2420 2423 2424 2421 
1225 2421 2424 610 609 
1226 426 427 2425 2422 
1227 2422 2425 2426 2423 
1228 2423 2426 2427 2424 
1229 2424 2427 611 610 
1230 427 428 2428 2425 
1231 2425 2428 2429 2426 
1232 2426 2429 2430 2427 
1233 2427 2430 612 611 
1234 428 429 2431 2428 
1235 2428 2431 2432 2429 
1236 2429 2432 2433 2430 
1237 2430 2433 613 612 
1238 429 430 2434 2431 
1239 2431 2434 2435 2432 
1240 2432 2435 2436 2433 
1241 2433 2436 614 613 
1242 430 431 2437 2434 
1243 2434 2437 2438 2435 
1244 2435 2438 2439 2436 
1245 2436 2439 615 614 
1246 431 42 616 2437 
1247 2437 616 617 2438 
1248 2438 617 618 2439 
1249 2439 618 58 615 
2 93 3 64
1250 51 599 2461 571 
1251 599 600 2462 2461 
1252 600 601 2463 2462 
1253 601 602 2464 2463 
1254 602 603 2465 2464 
1255 603 604 2466 2465 
1256 604 605 2467 2466 
1257 605 57 629 2467 
1258 571 2461 2468 572 
1259 2461 2462 2469 2468 
1260 2462 2463 2470 2469 
1261 2463 2464 2471 2470 
1262 2464 2465 2472 2471 
1263 2465 2466 2473 2472 
1264 2466 2467 2474 2473 
1265 2467 629 630 2474 
1266 572 2468 2475 573 
1267 2468 2469 2476 2475 
1268 2469 2470 2477 2476 
1269 2470 2471 2478 2477 
1270 2471 2472 2479 2478 
1271 2472 2473 2480 2479 
1272 2473 2474 2481 2480 
1273 2474 630 631 2481 
1274 573 2475 2482 574 
1275 2475 2476 2483 2482 
1276 2476 2477 2484 2483 
1277 2477 2478 2485 2484 
1278 2478 2479 2486 2485 
1279 2479 2480 2487 2486 
1280 2480 2481 2488 2487 
1281 2481 631 632 2488 
1282 574 2482 2489 575 
1283 2482 2483 2490 2489 
1284 2483 2484 2491 2490 
1285 2484 2485 2492 2491 
1286 2485 2486 2493 2492 
1287 2486 2487 2494 2493 
1288 2487 2488 2495 2494 
1289 2488 632 633 2495 
1290 575 2489 2496 576 
1291 2489 2490 2497 2496 
1292 2490 2491 2498 2497 
1293 2491 2492 2499 2498 
1294 2492 2493 2500 2499 
1295 2493 2494 2501 2500 
1296 2494 2495 2502 2501 
1297 2495 633 634 2502 
1298 576 2496 2503 577 
1299 2496 2497 2504 2503 
1300 2497 2498 2505 2504 
1301 2498 2499 2506 2505 
1302 2499 2500 2507 2506 
1303 2500 2501 2508 2507 
1304 2501 2502 2509 2508 
1305 2502 634 635 2509 
1306 577 2503 622 54 
1307 2503 2504 623 622 
1308 2504 2505 624 623 
1309 2505 2506 625 624 
1310 2506 2507 626 625 
1311 2507 2508 627 626 
1312 2508 2509 628 627 
1313 2509 635 59 628 
2 96 3 32
1314 54 622 2552 590 
1315 622 623 2553 2552 
1316 623 624 2554 2553 
1317 624 625 2555 2554 
1318 625 626 2556 2555 
1319 626 627 2557 2556 
1320 627 628 2558 2557 
1321 628 59 646 2558 
1322 590 2552 2559 591 
1323 2552 2553 2560 2559 
1324 2553 2554 2561 2560 
1325 2554 2555 2562 2561 
1326 2555 2556 2563 2562 
1327 2556 2557 2564 2563 
1328 2557 2558 2565 2564 
1329 2558 646 647 2565 
1330 591 2559 2566 592 
1331 2559 2560 2567 2566 
1332 2560 2561 2568 2567 
1333 2561 2562 2569 2568 
1334 2562 2563 2570 2569 
1335 2563 2564 2571 2570 
1336 2564 2565 2572 2571 
1337 2565 647 648 2572 
1338 592 2566 639 56 
1339 2566 2567 640 639 
1340 2567 2568 641 640 
1341 2568 2569 642 641 
1342 2569 2570 643 642 
1343 2570 2571 644 643 
1344 2571 2572 645 644 
1345 2572 648 60 645 
2 98 3 32
1346 40 596 2582 467 
1347 596 597 2583 2582 
1348 597 598 2584 2583 
1349 598 56 639 2584 
1350 467 2582 2585 468 
1351 2582 2583 2586 2585 
1352 2583 2584 2587 2586 
1353 2584 639 640 2587 
1354 468 2585 2588 469 
1355 2585 2586 2589 2588 
1356 2586 2587 2590 2589 
1357 2587 640 641 2590 
1358 469 2588 2591 470 
1359 2588 2589 2592 2591 
1360 2589 2590 2593 2592 
1361 2590 641 642 2593 
1362 470 2591 2594 471 
1363 2591 2592 2595 2594 
1364 2592 2593 2596 2595 
1365 2593 642 643 2596 
1366 471 2594 2597 472 
1367 2594 2595 2598 2597 
1368 2595 2596 2599 2598 
1369 2596 643 644 2599 
1370 472 2597 2600 473 
1371 2597 2598 2601 2600 
1372 2598 2599 2602 2601 
1373 2599 644 645 2602 
1374 473 2600 649 44 
1375 2600 2601 650 649 
1376 2601 2602 651 650 
1377 2602 645 60 651 
2 99 3 16
1378 58 658 2603 606 
1379 658 659 2604 2603 
1380 659 660 2605 2604 
1381 660 62 655 2605 
1382 606 2603 2606 607 
1383 2603 2604 2607 2606 
1384 2604 2605 2608 2607 
1385 2605 655 656 2608 
1386 607 2606 2609 608 
1387 2606 2607 2610 2609 
1388 2607 2608 2611 2610 
1389 2608 656 657 2611 
1390 608 2609 652 57 
1391 2609 2610 653 652 
1392 2610 2611 654 653 
1393 2611 657 61 654 
2 100 3 16
1394 46 487 2612 661 
1395 487 488 2613 2612 
1396 488 489 2614 2613 
1397 489 45 664 2614 
1398 661 2612 2615 662 
1399 2612 2613 2616 2615 
1400 2613 2614 2617 2616 
1401 2614 664 665 2617 
1402 662 2615 2618 663 
1403 2615 2616 2619 2618 
1404 2616 2617 2620 2619 
1405 2617 665 666 2620 
1406 663 2618 655 62 
1407 2618 2619 656 655 
1408 2619 2620 657 656 
1409 2620 666 61 657 
2 101 3 16
1410 42 490 2621 616 
1411 616 2621 2622 617 
1412 617 2622 2623 618 
1413 618 2623 658 58 
1414 490 491 2624 2621 
1415 2621 2624 2625 2622 
1416 2622 2625 2626 2623 
1417 2623 2626 659 658 
1418 491 492 2627 2624 
1419 2624 2627 2628 2625 
1420 2625 2628 2629 2626 
1421 2626 2629 660 659 
1422 492 46 661 2627 
1423 2627 661 662 2628 
1424 2628 662 663 2629 
1425 2629 663 62 660 
2 103 3 32
1426 57 652 2639 629 
1427 652 653 2640 2639 
1428 653 654 2641 2640 
1429 654 61 670 2641 
1430 629 2639 2642 630 
1431 2639 2640 2643 2642 
1432 2640 2641 2644 2643 
1433 2641 670 671 2644 
1434 630 2642 2645 631 
1435 2642 2643 2646 2645 
1436 2643 2644 2647 2646 
1437 2644 671 672 2647 
1438 631 2645 2648 632 
1439 2645 2646 2649 2648 
1440 2646 2647 2650 2649 
1441 2647 672 673 2650 
1442 632 2648 2651 633 
1443 2648 2649 2652 2651 
1444 2649 2650 2653 2652 
1445 2650 673 674 2653 
1446 633 2651 2654 634 
1447 2651 2652 2655 2654 
1448 2652 2653 2656 2655 
1449 2653 674 675 2656 
1450 634 2654 2657 635 
1451 2654 2655 2658 2657 
1452 2655 2656 2659 2658 
1453 2656 675 676 2659 
1454 635 2657 667 59 
1455 2657 2658 668 667 
1456 2658 2659 669 668 
1457 2659 676 63 669 
2 104 3 32
1458 45 510 2660 664 
1459 510 511 2661 2660 
1460 511 512 2662 2661 
1461 512 513 2663 2662 
1462 513 514 2664 2663 
1463 514 515 2665 2664 
1464 515 516 2666 2665 
1465 516 47 677 2666 
1466 664 2660 2667 665 
1467 2660 2661 2668 2667 
1468 2661 2662 2669 2668 
1469 2662 2663 2670 2669 
1470 2663 2664 2671 2670 
1471 2664 2665 2672 2671 
1472 2665 2666 2673 2672 
1473 2666 677 678 2673 
1474 665 2667 2674 666 
1475 2667 2668 2675 2674 
1476 2668 2669 2676 2675 
1477 2669 2670 2677 2676 
1478 2670 2671 2678 2677 
1479 2671 2672 2679 2678 
1480 2672 2673 2680 2679 
1481 2673 678 679 2680 
1482 666 2674 670 61 
1483 2674 2675 671 670 
1484 2675 2676 672 671 
1485 2676 2677 673 672 
1486 2677 2678 674 673 
1487 2678 2679 675 674 
1488 2679 2680 676 675 
1489 2680 679 63 676 
2 106 3 16
1490 59 667 2690 646 
1491 667 668 2691 2690 
1492 668 669 2692 2691 
1493 669 63 683 2692 
1494 646 2690 2693 647 
1495 2690 2691 2694 2693 
1496 2691 2692 2695 2694 
1497 2692 683 684 2695 
1498 647 2693 2696 648 
1499 2693 2694 2697 2696 
1500 2694 2695 2698 2697 
1501 2695 684 685 2698 
1502 648 2696 680 60 
1503 2696 2697 681 680 
1504 2697 2698 682 681 
1505 2698 685 64 682 
2 107 3 16
1506 47 527 2699 677 
1507 527 528 2700 2699 
1508 528 529 2701 2700 
1509 529 48 686 2701 
1510 677 2699 2702 678 
1511 2699 2700 2703 2702 
1512 2700 2701 2704 2703 
1513 2701 686 687 2704 
1514 678 2702 2705 679 
1515 2702 2703 2706 2705 
1516 2703 2704 2707 2706 
1517 2704 687 688 2707 
1518 679 2705 683 63 
1519 2705 2706 684 683 
1520 2706 2707 685 684 
1521 2707 688 64 685 
2 108 3 16
1522 44 649 2708 524 
1523 649 650 2709 2708 
1524 650 651 2710 2709 
1525 651 60 680 2710 
1526 524 2708 2711 525 
1527 2708 2709 2712 2711 
1528 2709 2710 2713 2712 
1529 2710 680 681 2713 
1530 525 2711 2714 526 
1531 2711 2712 2715 2714 
1532 2712 2713 2716 2715 
1533 2713 681 682 2716 
1534 526 2714 686 48 
1535 2714 2715 687 686 
1536 2715 2716 688 687 
1537 2716 682 64 688 
3 1 5 64
1538 689 65 1 74 2717 707 89 725 
1539 2717 707 89 725 2718 710 90 726 
1540 2718 710 90 726 2719 713 91 727 
1541 2719 713 91 727 698 77 5 86 
1542 690 689 74 75 2720 2717 725 728 
1543 2720 2717 725 728 2721 2718 726 729 
1544 2721 2718 726 729 2722 2719 727 730 
1545 2722 2719 727 730 699 698 86 87 
1546 691 690 75 76 2723 2720 728 731 
1547 2723 2720 728 731 2724 2721 729 732 
1548 2724 2721 729 732 2725 2722 730 733 
1549 2725 2722 730 733 700 699 87 88 
1550 71 691 76 4 716 2723 731 95 
1551 716 2723 731 95 719 2724 732 96 
1552 719 2724 732 96 722 2725 733 97 
1553 722 2725 733 97 83 700 88 8 
1554 692 66 65 689 2726 708 707 2717 
1555 2726 708 707 2717 2727 711 710 2718 
1556 2727 711 710 2718 2728 714 713 2719 
1557 2728 714 713 2719 701 78 77 698 
1558 693 692 689 690 2729 2726 2717 2720 
1559 2729 2726 2717 2720 2730 2727 2718 2721 
1560 2730 2727 2718 2721 2731 2728 2719 2722 
1561 2731 2728 2719 2722 702 701 698 699 
1562 694 693 690 691 2732 2729 2720 2723 
1563 2732 2729 2720 2723 2733 2730 2721 2724 
1564 2733 2730 2721 2724 2734 2731 2722 2725 
1565 2734 2731 2722 2725 703 702 699 700 
1566 72 694 691 71 717 2732 2723 716 
1567 717 2732 2723 716 720 2733 2724 719 
1568 720 2733 2724 719 723 2734 2725 722 
1569 723 2734 2725 722 84 703 700 83 
1570 695 67 66 692 2735 709 708 2726 
1571 2735 709 708 2726 2736 712 711 2727 
1572 2736 712 711 2727 2737 715 714 2728 
1573 2737 715 714 2728 704 79 78 701 
1574 696 695 692 693 2738 2735 2726 2729 
1575 2738 2735 2726 2729 2739 2736 2727 2730 
1576 2739 2736 2727 2730 2740 2737 2728 2731 
1577 2740 2737 2728 2731 705 704 701 702 
1578 697 696 693 694 2741 2738 2729 2732 
1579 2741 2738 2729 2732 2742 2739 2730 2733 
1580 2742 2739 2730 2733 2743 2740 2731 2734 
1581 2743 2740 2731 2734 706 705 702 703 
1582 73 697 694 72 718 2741 2732 717 
1583 718 2741 2732 717 721 2742 2733 720 
1584 721 2742 2733 720 724 2743 2734 723 
1585 724 2743 2734 723 85 706 703 84 
1586 68 2 67 695 734 92 709 2735 
1587 734 92 709 2735 735 93 712 2736 
1588 735 93 712 2736 736 94 715 2737 
1589 736 94 715 2737 80 6 79 704 
1590 69 68 695 696 737 734 2735 2738 
1591 737 734 2735 2738 738 735 2736 2739 
1592 738 735 2736 2739 739 736 2737 2740 
1593 739 736 2737 2740 81 80 704 705 
1594 70 69 696 697 740 737 2738 2741 
1595 740 737 2738 2741 741 738 2739 2742 
1596 741 738 2739 2742 742 739 2740 2743 
1597 742 739 2740 2743 82 81 705 706 
1598 3 70 697 73 98 740 2741 718 
1599 98 740 2741 718 99 741 2742 721 
1600 99 741 2742 721 100 742 2743 724 
1601 100 742 2743 724 7 82 706 85 
3 2 5 128
1602 743 101 2 68 2744 785 92 734 
1603 2744 785 92 734 2745 792 93 735 
1604 2745 792 93 735 2746 799 94 736 
1605 2746 799 94 736 764 118 6 80 
1606 744 743 68 69 2747 2744 734 737 
1607 2747 2744 734 737 2748 2745 735 738 
1608 2748 2745 735 738 2749 2746 736 739 
1609 2749 2746 736 739 765 764 80 81 
1610 745 744 69 70 2750 2747 737 740 
1611 2750 2747 737 740 2751 2748 738 741 
1612 2751 2748 738 741 2752 2749 739 742 
1613 2752 2749 739 742 766 765 81 82 
1614 111 745 70 3 806 2750 740 98 
1615 806 2750 740 98 813 2751 741 99 
1616 813 2751 741 99 820 2752 742 100 
1617 820 2752 742 100 128 766 82 7 
1618 746 102 101 743 2753 786 785 2744 
1619 2753 786 785 2744 2754 793 792 2745 
1620 2754 793 792 2745 2755 800 799 2746 
1621 2755 800 799 2746 767 119 118 764 
1622 747 746 743 744 2756 2753 2744 2747 
1623 2756 2753 2744 2747 2757 2754 2745 2748 
1624 2757 2754 2745 2748 2758 2755 2746 2749 
1625 2758 2755 2746 2749 768 767 764 765 
1626 748 747 744 745 2759 2756 2747 2750 
1627 2759 2756 2747 2750 2760 2757 2748 2751 
1628 2760 2757 2748 2751 2761 2758 2749 2752 
1629 2761 2758 2749 2752 769 768 765 766 
1630 112 748 745 111 807 2759 2750 806 
1631 807 2759 2750 806 814 2760 2751 813 
1632 814 2760 2751 813 821 2761 2752 820 
1633 821 2761 2752 820 129 769 766 128 
1634 749 103 102 746 2762 787 786 2753 
1635 2762 787 786 2753 2763 794 793 2754 
1636 2763 794 793 2754 2764 801 800 2755 
1637 2764 801 800 2755 770 120 119 767 
1638 750 749 746 747 2765 2762 2753 2756 
1639 2765 2762 2753 2756 2766 2763 2754 2757 
1640 2766 2763 2754 2757 2767 2764 2755 2758 
1641 2767 2764 2755 2758 771 770 767 768 
1642 751 750 747 748 2768 2765 2756 2759 
1643 2768 2765 2756 2759 2769 2766 2757 2760 
1644 2769 2766 2757 2760 2770 2767 2758 2761 
1645 2770 2767 2758 2761 772 771 768 769 
1646 113 751 748 112 808 2768 2759 807 
1647 808 2768 2759 807 815 2769 2760 814 
1648 815 2769 2760 814 822 2770 2761 821 
1649 822 2770 2761 821 130 772 769 129 
1650 752 104 103 749 2771 788 787 2762 
1651 2771 788 787 2762 2772 795 794 2763 
1652 2772 795 794 2763 2773 802 801 2764 
1653 2773 802 801 2764 773 121 120 770 
1654 753 752 749 750 2774 2771 2762 2765 
1655 2774 2771 2762 2765 2775 2772 2763 2766 
1656 2775 2772 2763 2766 2776 2773 2764 2767 
1657 2776 2773 2764 2767 774 773 770 771 
1658 754 753 750 751 2777 2774 2765 2768 
1659 2777 2774 2765 2768 2778 2775 2766 2769 
1660 2778 2775 2766 2769 2779 2776 2767 2770 
1661 2779 2776 2767 2770 775 774 771 772 
1662 114 754 751 113 809 2777 2768 808 
1663 809 2777 2768 808 816 2778 2769 815 
1664 816 2778 2769 815 823 2779 2770 822 
1665 823 2779 2770 822 131 775 772 130 
1666 755 105 104 752 2780 789 788 2771 
1667 2780 789 788 2771 2781 796 795 2772 
1668 2781 796 795 2772 2782 803 802 2773 
1669 2782 803 802 2773 776 122 121 773 
1670 756 755 752 753 2783 2780 2771 2774 
1671 2783 2780 2771 2774 2784 2781 2772 2775 
1672 2784 2781 2772 2775 2785 2782 2773 2776 
1673 2785 2782 2773 2776 777 776 773 774 
1674 757 756 753 754 2786 2783 2774 2777 
1675 2786 2783 2774 2777 2787 2784 2775 2778 
1676 2787 2784 2775 2778 2788 2785 2776 2779 
1677 2788 2785 2776 2779 778 777 774 775 
1678 115 757 754 114 810 2786 2777 809 
1679 810 2786 2777 809 817 2787 2778 816 
1680 817 2787 2778 816 824 2788 2779 823 
1681 824 2788 2779 823 132 778 775 131 
1682 758 106 105 755 2789 790 789 2780 
1683 2789 790 789 2780 2790 797 796 2781 
1684 2790 797 796 2781 2791 804 803 2782 
1685 2791 804 803 2782 779 123 122 776 
1686 759 758 755 756 2792 2789 2780 2783 
1687 2792 2789 2780 2783 2793 2790 2781 2784 
1688 2793 2790 2781 2784 2794 2791 2782 2785 
1689 2794 2791 2782 2785 780 779 776 777 
1690 760 759 756 757 2795 2792 2783 2786 
1691 2795 2792 2783 2786 2796 2793 2784 2787 
1692 2796 2793 2784 2787 2797 2794 2785 2788 
1693 2797 2794 2785 2788 781 780 777 778 
1694 116 760 757 115 811 2795 2786 810 
1695 811 2795 2786 810 818 2796 2787 817 
1696 818 2796 2787 817 825 2797 2788 824 
1697 825 2797 2788 824 133 781 778 132 
1698 761 107 106 758 2798 791 790 2789 
1699 2798 791 790 2789 2799 798 797 2790 
1700 2799 798 797 2790 2800 805 804 2791 
1701 2800 805 804 2791 782 124 123 779 
1702 762 761 758 759 2801 2798 2789 2792 
1703 2801 2798 2789 2792 2802 2799 2790 2793 
1704 2802 2799 2790 2793 2803 2800 2791 2794 
1705 2803 2800 2791 2794 783 782 779 780 
1706 763 762 759 760 2804 2801 2792 2795 
1707 2804 2801 2792 2795 2805 2802 2793 2796 
1708 2805 2802 2793 2796 2806 2803 2794 2797 
1709 2806 2803 2794 2797 784 783 780 781 
1710 117 763 760 116 812 2804 2795 811 
1711 812 2804 2795 811 819 2805 2796 818 
1712 819 2805 2796 818 826 2806 2797 825 
1713 826 2806 2797 825 134 784 781 133 
1714 108 9 107 761 827 135 791 2798 
1715 827 135 791 2798 828 136 798 2799 
1716 828 136 798 2799 829 137 805 2800 
1717 829 137 805 2800 125 11 124 782 
1718 109 108 761 762 830 827 2798 2801 
1719 830 827 2798 2801 831 828 2799 2802 
1720 831 828 2799 2802 832 829 2800 2803 
1721 832 829 2800 2803 126 125 782 783 
1722 110 109 762 763 833 830 2801 2804 
1723 833 830 2801 2804 834 831 2802 2805 
1724 834 831 2802 2805 835 832 2803 2806 
1725 835 832 2803 2806 127 126 783 784 
1726 10 110 763 117 138 833 2804 812 
1727 138 833 2804 812 139 834 2805 819 
1728 139 834 2805 819 140 835 2806 826 
1729 140 835 2806 826 12 127 784 134 
3 3 5 64
1730 836 141 9 108 2807 854 135 827 
1731 2807 854 135 827 2808 857 136 828 
1732 2808 857 136 828 2809 860 137 829 
1733 2809 860 137 829 845 150 11 125 
1734 837 836 108 109 2810 2807 827 830 
1735 2810 2807 827 830 2811 2808 828 831 
1736 2811 2808 828 831 2812 2809 829 832 
1737 2812 2809 829 832 846 845 125 126 
1738 838 837 109 110 2813 2810 830 833 
1739 2813 2810 830 833 2814 2811 831 834 
1740 2814 2811 831 834 2815 2812 832 835 
1741 2815 2812 832 835 847 846 126 127 
1742 147 838 110 10 863 2813 833 138 
1743 863 2813 833 138 866 2814 834 139 
1744 866 2814 834 139 869 2815 835 140 
1745 869 2815 835 140 156 847 127 12 
1746 839 142 141 836 2816 855 854 2807 
1747 2816 855 854 2807 2817 858 857 2808 
1748 2817 858 857 2808 2818 861 860 2809 
1749 2818 861 860 2809 848 151 150 845 
1750 840 839 836 837 2819 2816 2807 2810 
1751 2819 2816 2807 2810 2820 2817 2808 2811 
1752 2820 2817 2808 2811 2821 2818 2809 2812 
1753 2821 2818 2809 2812 849 848 845 846 
1754 841 840 837 838 2822 2819 2810 2813 
1755 2822 2819 2810 2813 2823 2820 2811 2814 
1756 2823 2820 2811 2814 2824 2821 2812 2815 
1757 2824 2821 2812 2815 850 849 846 847 
1758 148 841 838 147 864 2822 2813 863 
1759 864 2822 2813 863 867 2823 2814 866 
1760 867 2823 2814 866 870 2824 2815 869 
1761 870 2824 2815 869 157 850 847 156 
1762 842 143 142 839 2825 856 855 2816 
1763 2825 856 855 2816 2826 859 858 2817 
1764 2826 859 858 2817 2827 862 861 2818 
1765 2827 862 861 2818 851 152 151 848 
1766 843 842 839 840 2828 2825 2816 2819 
1767 2828 2825 2816 2819 2829 2826 2817 2820 
1768 2829 2826 2817 2820 2830 2827 2818 2821 
1769 2830 2827 2818 2821 852 851 848 849 
1770 844 843 840 841 2831 2828 2819 2822 
1771 2831 2828 2819 2822 2832 2829 2820 2823 
1772 2832 2829 2820 2823 2833 2830 2821 2824 
1773 2833 2830 2821 2824 853 852 849 850 
1774 149 844 841 148 865 2831 2822 864 
1775 865 2831 2822 864 868 2832 2823 867 
1776 868 2832 2823 867 871 2833 2824 870 
1777 871 2833 2824 870 158 853 850 157 
1778 144 13 143 842 872 159 856 2825 
1779 872 159 856 2825 873 160 859 2826 
1780 873 160 859 2826 874 161 862 2827 
1781 874 161 862 2827 153 15 152 851 
1782 145 144 842 843 875 872 2825 2828 
1783 875 872 2825 2828 876 873 2826 2829 
1784 876 873 2826 2829 877 874 2827 2830 
1785 877 874 2827 2830 154 153 851 852 
1786 146 145 843 844 878 875 2828 2831 
1787 878 875 2828 2831 879 876 2829 2832 
1788 879 876 2829 2832 880 877 2830 2833 
1789 880 877 2830 2833 155 154 852 853 
1790 14 146 844 149 162 878 2831 865 
1791 162 878 2831 865 163 879 2832 868 
1792 163 879 2832 868 164 880 2833 871 
1793 164 880 2833 871 16 155 853 158 
3 4 5 128
1794 881 71 4 175 2834 716 95 932 
1795 2834 716 95 932 2835 719 96 933 
1796 2835 719 96 933 2836 722 97 934 
1797 2836 722 97 934 902 83 8 192 
1798 882 881 175 176 2837 2834 932 935 
1799 2837 2834 932 935 2838 2835 933 936 
1800 2838 2835 933 936 2839 2836 934 937 
1801 2839 2836 934 937 903 902 192 193 
1802 883 882 176 177 2840 2837 935 938 
1803 2840 2837 935 938 2841 2838 936 939 
1804 2841 2838 936 939 2842 2839 937 940 
1805 2842 2839 937 940 904 903 193 194 
1806 884 883 177 178 2843 2840 938 941 
1807 2843 2840 938 941 2844 2841 939 942 
1808 2844 2841 939 942 2845 2842 940 943 
1809 2845 2842 940 943 905 904 194 195 
1810 885 884 178 179 2846 2843 941 944 
1811 2846 2843 941 944 2847 2844 942 945 
1812 2847 2844 942 945 2848 2845 943 946 
1813 2848 2845 943 946 906 905 195 196 
1814 886 885 179 180 2849 2846 944 947 
1815 2849 2846 944 947 2850 2847 945 948 
1816 2850 2847 945 948 2851 2848 946 949 
1817 2851 2848 946 949 907 906 196 197 
1818 887 886 180 181 2852 2849 947 950 
1819 2852 2849 947 950 2853 2850 948 951 
1820 2853 2850 948 951 2854 2851 949 952 
1821 2854 2851 949 952 908 907 197 198 
1822 172 887 181 18 923 2852 950 199 
1823 923 2852 950 199 926 2853 951 200 
1824 926 2853 951 200 929 2854 952 201 
1825 929 2854 952 201 189 908 198 20 
1826 888 72 71 881 2855 717 716 2834 
1827 2855 717 716 2834 2856 720 719 2835 
1828 2856 720 719 2835 2857 723 722 2836 
1829 2857 723 722 2836 909 84 83 902 
1830 889 888 881 882 2858 2855 2834 2837 
1831 2858 2855 2834 2837 2859 2856 2835 2838 
1832 2859 2856 2835 2838 2860 2857 2836 2839 
1833 2860 2857 2836 2839 910 909 902 903 
1834 890 889 882 883 2861 2858 2837 2840 
1835 2861 2858 2837 2840 2862 2859 2838 2841 
1836 2862 2859 2838 2841 2863 2860 2839 2842 
1837 2863 2860 2839 2842 911 910 903 904 
1838 891 890 883 884 2864 2861 2840 2843 
1839 2864 2861 2840 2843 2865 2862 2841 2844 
1840 2865 2862 2841 2844 2866 2863 2842 2845 
1841 2866 2863 2842 2845 912 911 904 905 
1842 892 891 884 885 2867 2864 2843 2846 
1843 2867 2864 2843 2846 2868 2865 2844 2847 
1844 2868 2865 2844 2847 2869 2866 2845 2848 
1845 2869 2866 2845 2848 913 912 905 906 
1846 893 892 885 886 2870 2867 2846 2849 
1847 2870 2867 2846 2849 2871 2868 2847 2850 
1848 2871 2868 2847 2850 2872 2869 2848 2851 
1849 2872 2869 2848 2851 914 913 906 907 
1850 894 893 886 887 2873 2870 2849 2852 
1851 2873 2870 2849 2852 2874 2871 2850 2853 
1852 2874 2871 2850 2853 2875 2872 2851 2854 
1853 2875 2872 2851 2854 915 914 907 908 
1854 173 894 887 172 924 2873 2852 923 
1855 924 2873 2852 923 927 2874 2853 926 
1856 927 2874 2853 926 930 2875 2854 929 
1857 930 2875 2854 929 190 915 908 189 
1858 895 73 72 888 2876 718 717 2855 
1859 2876 718 717 2855 2877 721 720 2856 
1860 2877 721 720 2856 2878 724 723 2857 
1861 2878 724 723 2857 916 85 84 909 
1862 896 895 888 889 2879 2876 2855 2858 
1863 2879 2876 2855 2858 2880 2877 2856 2859 
1864 2880 2877 2856 2859 2881 2878 2857 2860 
1865 2881 2878 2857 2860 917 916 909 910 
1866 897 896 889 890 2882 2879 2858 2861 
1867 2882 2879 2858 2861 2883 2880 2859 2862 
1868 2883 2880 2859 2862 2884 2881 2860 2863 
1869 2884 2881 2860 2863 918 917 910 911 
1870 898 897 890 891 2885 2882 2861 2864 
1871 2885 2882 2861 2864 2886 2883 2862 2865 
1872 2886 2883 2862 2865 2887 2884 2863 2866 
1873 2887 2884 2863 2866 919 918 911 912 
1874 899 898 891 892 2888 2885 2864 2867 
1875 2888 2885 2864 2867 2889 2886 2865 2868 
1876 2889 2886 2865 2868 2890 2887 2866 2869 
1877 2890 2887 2866 2869 920 919 912 913 
1878 900 899 892 893 2891 2888 2867 2870 
1879 2891 2888 2867 2870 2892 2889 2868 2871 
1880 2892 2889 2868 2871 2893 2890 2869 2872 
1881 2893 2890 2869 2872 921 920 913 914 
1882 901 900 893 894 2894 2891 2870 2873 
1883 2894 2891 2870 2873 2895 2892 2871 2874 
1884 2895 2892 2871 2874 2896 2893 2872 2875 
1885 2896 2893 2872 2875 922 921 914 915 
1886 174 901 894 173 925 2894 2873 924 
1887 925 2894 2873 924 928 2895 2874 927 
1888 928 2895 2874 927 931 2896 2875 930 
1889 931 2896 2875 930 191 922 915 190 
1890 165 3 73 895 953 98 718 2876 
1891 953 98 718 2876 954 99 721 2877 
1892 954 99 721 2877 955 100 724 2878 
1893 955 100 724 2878 182 7 85 916 
1894 166 165 895 896 956 953 2876 2879 
1895 956 953 2876 2879 957 954 2877 2880 
1896 957 954 2877 2880 958 955 2878 2881 
1897 958 955 2878 2881 183 182 916 917 
1898 167 166 896 897 959 956 2879 2882 
1899 959 956 2879 2882 960 957 2880 2883 
1900 960 957 2880 2883 961 958 2881 2884 
1901 961 958 2881 2884 184 183 917 918 
1902 168 167 897 898 962 959 2882 2885 
1903 962 959 2882 2885 963 960 2883 2886 
1904 963 960 2883 2886 964 961 2884 2887 
1905 964 961 2884 2887 185 184 918 919 
1906 169 168 898 899 965 962 2885 2888 
1907 965 962 2885 2888 966 963 2886 2889 
1908 966 963 2886 2889 967 964 2887 2890 
1909 967 964 2887 2890 186 185 919 920 
1910 170 169 899 900 968 965 2888 2891 
1911 968 965 2888 2891 969 966 2889 2892 
1912 969 966 2889 2892 970 967 2890 2893 
1913 970 967 2890 2893 187 186 920 921 
1914 171 170 900 901 971 968 2891 2894 
1915 971 968 2891 2894 972 969 2892 2895 
1916 972 969 2892 2895 973 970 2893 2896 
1917 973 970 2893 2896 188 187 921 922 
1918 17 171 901 174 202 971 2894 925 
1919 202 971 2894 925 203 972 2895 928 
1920 203 972 2895 928 204 973 2896 931 
1921 204 973 2896 931 19 188 922 191 
3 5 5 256
1922 974 111 3 165 2897 806 98 953 
1923 2897 806 98 953 2898 813 99 954 
1924 2898 813 99 954 2899 820 100 955 
1925 2899 820 100 955 1023 128 7 182 
1926 975 974 165 166 2900 2897 953 956 
1927 2900 2897 953 956 2901 2898 954 957 
1928 2901 2898 954 957 2902 2899 955 958 
1929 2902 2899 955 958 1024 1023 182 183 
1930 976 975 166 167 2903 2900 956 959 
1931 2903 2900 956 959 2904 2901 957 960 
1932 2904 2901 957 960 2905 2902 958 961 
1933 2905 2902 958 961 1025 1024 183 184 
1934 977 976 167 168 2906 2903 959 962 
1935 2906 2903 959 962 2907 2904 960 963 
1936 2907 2904 960 963 2908 2905 961 964 
1937 2908 2905 961 964 1026 1025 184 185 
1938 978 977 168 169 2909 2906 962 965 
1939 2909 2906 962 965 2910 2907 963 966 
1940 2910 2907 963 966 2911 2908 964 967 
1941 2911 2908 964 967 1027 1026 185 186 
1942 979 978 169 170 2912 2909 965 968 
1943 2912 2909 965 968 2913 2910 966 969 
1944 2913 2910 966 969 2914 2911 967 970 
1945 2914 2911 967 970 1028 1027 186 187 
1946 980 979 170 171 2915 2912 968 971 
1947 2915 2912 968 971 2916 2913 969 972 
1948 2916 2913 969 972 2917 2914 970 973 
1949 2917 2914 970 973 1029 1028 187 188 
1950 212 980 171 17 1072 2915 971 202 
1951 1072 2915 971 202 1079 2916 972 203 
1952 1079 2916 972 203 1086 2917 973 204 
1953 1086 2917 973 204 226 1029 188 19 
1954 981 112 111 974 2918 807 806 2897 
1955 2918 807 806 2897 2919 814 813 2898 
1956 2919 814 813 2898 2920 821 820 2899 
1957 2920 821 820 2899 1030 129 128 1023 
1958 982 981 974 975 2921 2918 2897 2900 
1959 2921 2918 2897 2900 2922 2919 2898 2901 
1960 2922 2919 2898 2901 2923 2920 2899 2902 
1961 2923 2920 2899 2902 1031 1030 1023 1024 
1962 983 982 975 976 2924 2921 2900 2903 
1963 2924 2921 2900 2903 2925 2922 2901 2904 
1964 2925 2922 2901 2904 2926 2923 2902 2905 
1965 2926 2923 2902 2905 1032 1031 1024 1025 
1966 984 983 976 977 2927 2924 2903 2906 
1967 2927 2924 2903 2906 2928 2925 2904 2907 
1968 2928 2925 2904 2907 2929 2926 2905 2908 
1969 2929 2926 2905 2908 1033 1032 1025 1026 
1970 985 984 977 978 2930 2927 2906 2909 
1971 2930 2927 2906 2909 2931 2928 2907 2910 
1972 2931 2928 2907 2910 2932 2929 2908 2911 
1973 2932 2929 2908 2911 1034 1033 1026 1027 
1974 986 985 978 979 2933 2930 2909 2912 
1975 2933 2930 2909 2912 2934 2931 2910 2913 
1976 2934 2931 2910 2913 2935 2932 2911 2914 
1977 2935 2932 2911 2914 1035 1034 1027 1028 
1978 987 986 979 980 2936 2933 2912 2915 
1979 2936 2933 2912 2915 2937 2934 2913 2916 
1980 2937 2934 2913 2916 2938 2935 2914 2917 
1981 2938 2935 2914 2917 1036 1035 1028 1029 
1982 213 987 980 212 1073 2936 2915 1072 
1983 1073 2936 2915 1072 1080 2937 2916 1079 
1984 1080 2937 2916 1079 1087 2938 2917 1086 
1985 1087 2938 2917 1086 227 1036 1029 226 
1986 988 113 112 981 2939 808 807 2918 
1987 2939 808 807 2918 2940 815 814 2919 
1988 2940 815 814 2919 2941 822 821 2920 
1989 2941 822 821 2920 1037 130 129 1030 
1990 989 988 981 982 2942 2939 2918 2921 
1991 2942 2939 2918 2921 2943 2940 2919 2922 
1992 2943 2940 2919 2922 2944 2941 2920 2923 
1993 2944 2941 2920 2923 1038 1037 1030 1031 
1994 990 989 982 983 2945 2942 2921 2924 
1995 2945 2942 2921 2924 2946 2943 2922 2925 
1996 2946 2943 2922 2925 2947 2944 2923 2926 
1997 2947 2944 2923 2926 1039 1038 1031 1032 
1998 991 990 983 984 2948 2945 2924 2927 
1999 2948 2945 2924 2927 2949 2946 2925 2928 
2000 2949 2946 2925 2928 2950 2947 2926 2929 
2001 2950 2947 2926 2929 1040 1039 1032 1033 
2002 992 991 984 985 2951 2948 2927 2930 
2003 2951 2948 2927 2930 2952 2949 2928 2931 
2004 2952 2949 2928 2931 2953 2950 2929 2932 
2005 2953 2950 2929 2932 1041 1040 1033 1034 
2006 993 992 985 986 2954 2951 2930 2933 
2007 2954 2951 2930 2933 2955 2952 2931 2934 
2008 2955 2952 2931 2934 2956 2953 2932 2935 
2009 2956 2953 2932 2935 1042 1041 1034 1035 
2010 994 993 986 987 2957 2954 2933 2936 
2011 2957 2954 2933 2936 2958 2955 2934 2937 
2012 2958 2955 2934 2937 2959 2956 2935 2938 
2013 2959 2956 2935 2938 1043 1042 1035 1036 
2014 214 994 987 213 1074 2957 2936 1073 
2015 1074 2957 2936 1073 1081 2958 2937 1080 
2016 1081 2958 2937 1080 1088 2959 2938 1087 
2017 1088 2959 2938 1087 228 1043 1036 227 
2018 995 114 113 988 2960 809 808 2939 
2019 2960 809 808 2939 2961 816 815 2940 
2020 2961 816 815 2940 2962 823 822 2941 
2021 2962 823 822 2941 1044 131 130 1037 
2022 996 995 988 989 2963 2960 2939 2942 
2023 2963 2960 2939 2942 2964 2961 2940 2943 
2024 2964 2961 2940 2943 2965 2962 2941 2944 
2025 2965 2962 2941 2944 1045 1044 1037 1038 
2026 997 996 989 990 2966 2963 2942 2945 
2027 2966 2963 2942 2945 2967 2964 2943 2946 
2028 2967 2964 2943 2946 2968 2965 2944 2947 
2029 2968 2965 2944 2947 1046 1045 1038 1039 
2030 998 997 990 991 2969 2966 2945 2948 
2031 2969 2966 2945 2948 2970 2967 2946 2949 
2032 2970 2967 2946 2949 2971 2968 2947 2950 
2033 2971 2968 2947 2950 1047 1046 1039 1040 
2034 999 998 991 992 2972 2969 2948 2951 
2035 2972 2969 2948 2951 2973 2970 2949 2952 
2036 2973 2970 2949 2952 2974 2971 2950 2953 
2037 2974 2971 2950 2953 1048 1047 1040 1041 
2038 1000 999 992 993 2975 2972 2951 2954 
2039 2975 2972 2951 2954 2976 2973 2952 2955 
2040 2976 2973 2952 2955 2977 2974 2953 2956 
2041 2977 2974 2953 2956 1049 1048 1041 1042 
2042 1001 1000 993 994 2978 2975 2954 2957 
2043 2978 2975 2954 2957 2979 2976 2955 2958 
2044 2979 2976 2955 2958 2980 2977 2956 2959 
2045 2980 2977 2956 2959 1050 1049 1042 1043 
2046 215 1001 994 214 1075 2978 2957 1074 
2047 1075 2978 2957 1074 1082 2979 2958 1081 
2048 1082 2979 2958 1081 1089 2980 2959 1088 
2049 1089 2980 2959 1088 229 1050 1043 228 
2050 1002 115 114 995 2981 810 809 2960 
2051 2981 810 809 2960 2982 817 816 2961 
2052 2982 817 816 2961 2983 824 823 2962 
2053 2983 824 823 2962 1051 132 131 1044 
2054 1003 1002 995 996 2984 2981 2960 2963 
2055 2984 2981 2960 2963 2985 2982 2961 2964 
2056 2985 2982 2961 2964 2986 2983 2962 2965 
2057 2986 2983 2962 2965 1052 1051 1044 1045 
2058 1004 1003 996 997 2987 2984 2963 2966 
2059 2987 2984 2963 2966 2988 2985 2964 2967 
2060 2988 2985 2964 2967 2989 2986 2965 2968 
2061 2989 2986 2965 2968 1053 1052 1045 1046 
2062 1005 1004 997 998 2990 2987 2966 2969 
2063 2990 2987 2966 2969 2991 2988 2967 2970 
2064 2991 2988 2967 2970 2992 2989 2968 2971 
2065 2992 2989 2968 2971 1054 1053 1046 1047 
2066 1006 1005 998 999 2993 2990 2969 2972 
2067 2993 2990 2969 2972 2994 2991 2970 2973 
2068 2994 2991 2970 2973 2995 2992 2971 2974 
2069 2995 2992 2971 2974 1055 1054 1047 1048 
2070 1007 1006 999 1000 2996 2993 2972 2975 
2071 2996 2993 2972 2975 2997 2994 2973 2976 
2072 2997 2994 2973 2976 2998 2995 2974 2977 
2073 2998 2995 2974 2977 1056 1055 1048 1049 
2074 1008 1007 1000 1001 2999 2996 2975 2978 
2075 2999 2996 2975 2978 3000 2997 2976 2979 
2076 3000 2997 2976 2979 3001 2998 2977 2980 
2077 3001 2998 2977 2980 1057 1056 1049 1050 
2078 216 1008 1001 215 1076 2999 2978 1075 
2079 1076 2999 2978 1075 1083 3000 2979 1082 
2080 1083 3000 2979 1082 1090 3001 2980 1089 
2081 1090 3001 2980 1089 230 1057 1050 229 
2082 1009 116 115 1002 3002 811 810 2981 
2083 3002 811 810 2981 3003 818 817 2982 
2084 3003 818 817 2982 3004 825 824 2983 
2085 3004 825 824 2983 1058 133 132 1051 
2086 1010 1009 1002 1003 3005 3002 2981 2984 
2087 3005 3002 2981 2984 3006 3003 2982 2985 
2088 3006 3003 2982 2985 3007 3004 2983 2986 
2089 3007 3004 2983 2986 1059 1058 1051 1052 
2090 1011 1010 1003 1004 3008 3005 2984 2987 
2091 3008 3005 2984 2987 3009 3006 2985 2988 
2092 3009 3006 2985 2988 3010 3007 2986 2989 
2093 3010 3007 2986 2989 1060 1059 1052 1053 
2094 1012 1011 1004 1005 3011 3008 2987 2990 
2095 3011 3008 2987 2990 3012 3009 2988 2991 
2096 3012 3009 2988 2991 3013 3010 2989 2992 
2097 3013 3010 2989 2992 1061 1060 1053 1054 
2098 1013 1012 1005 1006 3014 3011 2990 2993 
2099 3014 3011 2990 2993 3015 3012 2991 2994 
2100 3015 3012 2991 2994 3016 3013 2992 2995 
2101 3016 3013 2992 2995 1062 1061 1054 1055 
2102 1014 1013 1006 1007 3017 3014 2993 2996 
2103 3017 3014 2993 2996 3018 3015 2994 2997 
2104 3018 3015 2994 2997 3019 3016 2995 2998 
2105 3019 3016 2995 2998 1063 1062 1055 1056 
2106 1015 1014 1007 1008 3020 3017 2996 2999 
2107 3020 3017 2996 2999 3021 3018 2997 3000 
2108 3021 3018 2997 3000 3022 3019 2998 3001 
2109 3022 3019 2998 3001 1064 1063 1056 1057 
2110 217 1015 1008 216 1077 3020 2999 1076 
2111 1077 3020 2999 1076 1084 3021 3000 1083 
2112 1084 3021 3000 1083 1091 3022 3001 1090 
2113 1091 3022 3001 1090 231 1064 1057 230 
2114 1016 117 116 1009 3023 812 811 3002 
2115 3023 812 811 3002 3024 819 818 3003 
2116 3024 819 818 3003 3025 826 825 3004 
2117 3025 826 825 3004 1065 134 133 1058 
2118 1017 1016 1009 1010 3026 3023 3002 3005 
2119 3026 3023 3002 3005 3027 3024 3003 3006 
2120 3027 3024 3003 3006 3028 3025 3004 3007 
2121 3028 3025 3004 3007 1066 1065 1058 1059 
2122 1018 1017 1010 1011 3029 3026 3005 3008 
2123 3029 3026 3005 3008 3030 3027 3006 3009 
2124 3030 3027 3006 3009 3031 3028 3007 3010 
2125 3031 3028 3007 3010 1067 1066 1059 1060 
2126 1019 1018 1011 1012 3032 3029 3008 3011 
2127 3032 3029 3008 3011 3033 3030 3009 3012 
2128 3033 3030 3009 3012 3034 3031 3010 3013 
2129 3034 3031 3010 3013 1068 1067 1060 1061 
2130 1020 1019 1012 1013 3035 3032 3011 3014 
2131 3035 3032 3011 3014 3036 3033 3012 3015 
2132 3036 3033 3012 3015 3037 3034 3013 3016 
2133 3037 3034 3013 3016 1069 1068 1061 1062 
2134 1021 1020 1013 1014 3038 3035 3014 3017 
2135 3038 3035 3014 3017 3039 3036 3015 3018 
2136 3039 3036 3015 3018 3040 3037 3016 3019 
2137 3040 3037 3016 3019 1070 1069 1062 1063 
2138 1022 1021 1014 1015 3041 3038 3017 3020 
2139 3041 3038 3017 3020 3042 3039 3018 3021 
2140 3042 3039 3018 3021 3043 3040 3019 3022 
2141 3043 3040 3019 3022 1071 1070 1063 1064 
2142 218 1022 1015 217 1078 3041 3020 1077 
2143 1078 3041 3020 1077 1085 3042 3021 1084 
2144 1085 3042 3021 1084 1092 3043 3022 1091 
2145 1092 3043 3022 1091 232 1071 1064 231 
2146 205 10 117 1016 1093 138 812 3023 
2147 1093 138 812 3023 1094 139 819 3024 
2148 1094 139 819 3024 1095 140 826 3025 
2149 1095 140 826 3025 219 12 134 1065 
2150 206 205 1016 1017 1096 1093 3023 3026 
2151 1096 1093 3023 3026 1097 1094 3024 3027 
2152 1097 1094 3024 3027 1098 1095 3025 3028 
2153 1098 1095 3025 3028 220 219 1065 1066 
2154 207 206 1017 1018 1099 1096 3026 3029 
2155 1099 1096 3026 3029 1100 1097 3027 3030 
2156 1100 1097 3027 3030 1101 1098 3028 3031 
2157 1101 1098 3028 3031 221 220 1066 1067 
2158 208 207 1018 1019 1102 1099 3029 3032 
2159 1102 1099 3029 3032 1103 1100 3030 3033 
2160 1103 1100 3030 3033 1104 1101 3031 3034 
2161 1104 1101 3031 3034 222 221 1067 1068 
2162 209 208 1019 1020 1105 1102 3032 3035 
2163 1105 1102 3032 3035 1106 1103 3033 3036 
2164 1106 1103 3033 3036 1107 1104 3034 3037 
2165 1107 1104 3034 3037 223 222 1068 1069 
2166 210 209 1020 1021 1108 1105 3035 3038 
2167 1108 1105 3035 3038 1109 1106 3036 3039 
2168 1109 1106 3036 3039 1110 1107 3037 3040 
2169 1110 1107 3037 3040 224 223 1069 1070 
2170 211 210 1021 1022 1111 1108 3038 3041 
2171 1111 1108 3038 3041 1112 1109 3039 3042 
2172 1112 1109 3039 3042 1113 1110 3040 3043 
2173 1113 1110 3040 3043 225 224 1070 1071 
2174 21 211 1022 218 233 1111 3041 1078 
2175 233 1111 3041 1078 234 1112 3042 1085 
2176 234 1112 3042 1085 235 1113 3043 1092 
2177 235 1113 3043 1092 22 225 1071 232 
3 6 5 128
2178 1114 147 10 205 3044 863 138 1093 
2179 3044 863 138 1093 3045 866 139 1094 
2180 3045 866 139 1094 3046 869 140 1095 
2181 3046 869 140 1095 1135 156 12 219 
2182 1115 1114 205 206 3047 3044 1093 1096 
2183 3047 3044 1093 1096 3048 3045 1094 1097 
2184 3048 3045 1094 1097 3049 3046 1095 1098 
2185 3049 3046 1095 1098 1136 1135 219 220 
2186 1116 1115 206 207 3050 3047 1096 1099 
2187 3050 3047 1096 1099 3051 3048 1097 1100 
2188 3051 3048 1097 1100 3052 3049 1098 1101 
2189 3052 3049 1098 1101 1137 1136 220 221 
2190 1117 1116 207 208 3053 3050 1099 1102 
2191 3053 3050 1099 1102 3054 3051 1100 1103 
2192 3054 3051 1100 1103 3055 3052 1101 1104 
2193 3055 3052 1101 1104 1138 1137 221 222 
2194 1118 1117 208 209 3056 3053 1102 1105 
2195 3056 3053 1102 1105 3057 3054 1103 1106 
2196 3057 3054 1103 1106 3058 3055 1104 1107 
2197 3058 3055 1104 1107 1139 1138 222 223 
2198 1119 1118 209 210 3059 3056 1105 1108 
2199 3059 3056 1105 1108 3060 3057 1106 1109 
2200 3060 3057 1106 1109 3061 3058 1107 1110 
2201 3061 3058 1107 1110 1140 1139 223 224 
2202 1120 1119 210 211 3062 3059 1108 1111 
2203 3062 3059 1108 1111 3063 3060 1109 1112 
2204 3063 3060 1109 1112 3064 3061 1110 1113 
2205 3064 3061 1110 1113 1141 1140 224 225 
2206 243 1120 211 21 1156 3062 1111 233 
2207 1156 3062 1111 233 1159 3063 1112 234 
2208 1159 3063 1112 234 1162 3064 1113 235 
2209 1162 3064 1113 235 253 1141 225 22 
2210 1121 148 147 1114 3065 864 863 3044 
2211 3065 864 863 3044 3066 867 866 3045 
2212 3066 867 866 3045 3067 870 869 3046 
2213 3067 870 869 3046 1142 157 156 1135 
2214 1122 1121 1114 1115 3068 3065 3044 3047 
2215 3068 3065 3044 3047 3069 3066 3045 3048 
2216 3069 3066 3045 3048 3070 3067 3046 3049 
2217 3070 3067 3046 3049 1143 1142 1135 1136 
2218 1123 1122 1115 1116 3071 3068 3047 3050 
2219 3071 3068 3047 3050 3072 3069 3048 3051 
2220 3072 3069 3048 3051 3073 3070 3049 3052 
2221 3073 3070 3049 3052 1144 1143 1136 1137 
2222 1124 1123 1116 1117 3074 3071 3050 3053 
2223 3074 3071 3050 3053 3075 3072 3051 3054 
2224 3075 3072 3051 3054 3076 3073 3052 3055 
2225 3076 3073 3052 3055 1145 1144 1137 1138 
2226 1125 1124 1117 1118 3077 3074 3053 3056 
2227 3077 3074 3053 3056 3078 3075 3054 3057 
2228 3078 3075 3054 3057 3079 3076 3055 3058 
2229 3079 3076 3055 3058 1146 1145 1138 1139 
2230 1126 1125 1118 1119 3080 3077 3056 3059 
2231 3080 3077 3056 3059 3081 3078 3057 3060 
2232 3081 3078 3057 3060 3082 3079 3058 3061 
2233 3082 3079 3058 3061 1147 1146 1139 1140 
2234 1127 1126 1119 1120 3083 3080 3059 3062 
2235 3083 3080 3059 3062 3084 3081 3060 3063 
2236 3084 3081 3060 3063 3085 3082 3061 3064 
2237 3085 3082 3061 3064 1148 1147 1140 1141 
2238 244 1127 1120 243 1157 3083 3062 1156 
2239 1157 3083 3062 1156 1160 3084 3063 1159 
2240 1160 3084 3063 1159 1163 3085 3064 1162 
2241 1163 3085 3064 1162 254 1148 1141 253 
2242 1128 149 148 1121 3086 865 864 3065 
2243 3086 865 864 3065 3087 868 867 3066 
2244 3087 868 867 3066 3088 871 870 3067 
2245 3088 871 870 3067 1149 158 157 1142 
2246 1129 1128 1121 1122 3089 3086 3065 3068 
2247 3089 3086 3065 3068 3090 3087 3066 3069 
2248 3090 3087 3066 3069 3091 3088 3067 3070 
2249 3091 3088 3067 3070 1150 1149 1142 1143 
2250 1130 1129 1122 1123 3092 3089 3068 3071 
2251 3092 3089 3068 3071 3093 3090 3069 3072 
2252 3093 3090 3069 3072 3094 3091 3070 3073 
2253 3094 3091 3070 3073 1151 1150 1143 1144 
2254 1131 1130 1123 1124 3095 3092 3071 3074 
2255 3095 3092 3071 3074 3096 3093 3072 3075 
2256 3096 3093 3072 3075 3097 3094 3073 3076 
2257 3097 3094 3073 3076 1152 1151 1144 1145 
2258 1132 1131 1124 1125 3098 3095 3074 3077 
2259 3098 3095 3074 3077 3099 3096 3075 3078 
2260 3099 3096 3075 3078 3100 3097 3076 3079 
2261 3100 3097 3076 3079 1153 1152 1145 1146 
2262 1133 1132 1125 1126 3101 3098 3077 3080 
2263 3101 3098 3077 3080 3102 3099 3078 3081 
2264 3102 3099 3078 3081 3103 3100 3079 3082 
2265 3103 3100 3079 3082 1154 1153 1146 1147 
2266 1134 1133 1126 1127 3104 3101 3080 3083 
2267 3104 3101 3080 3083 3105 3102 3081 3084 
2268 3105 3102 3081 3084 3106 3103 3082 3085 
2269 3106 3103 3082 3085 1155 1154 1147 1148 
2270 245 1134 1127 244 1158 3104 3083 1157 
2271 1158 3104 3083 1157 1161 3105 3084 1160 
2272 1161 3105 3084 1160 1164 3106 3085 1163 
2273 1164 3106 3085 1163 255 1155 1148 254 
2274 236 14 149 1128 1165 162 865 3086 
2275 1165 162 865 3086 1166 163 868 3087 
2276 1166 163 868 3087 1167 164 871 3088 
2277 1167 164 871 3088 246 16 158 1149 
2278 237 236 1128 1129 1168 1165 3086 3089 
2279 1168 1165 3086 3089 1169 1166 3087 3090 
2280 1169 1166 3087 3090 1170 1167 3088 3091 
2281 1170 1167 3088 3091 247 246 1149 1150 
2282 238 237 1129 1130 1171 1168 3089 3092 
2283 1171 1168 3089 3092 1172 1169 3090 3093 
2284 1172 1169 3090 3093 1173 1170 3091 3094 
2285 1173 1170 3091 3094 248 247 1150 1151 
2286 239 238 1130 1131 1174 1171 3092 3095 
2287 1174 1171 3092 3095 1175 1172 3093 3096 
2288 1175 1172 3093 3096 1176 1173 3094 3097 
2289 1176 1173 3094 3097 249 248 1151 1152 
2290 240 239 1131 1132 1177 1174 3095 3098 
2291 1177 1174 3095 3098 1178 1175 3096 3099 
2292 1178 1175 3096 3099 1179 1176 3097 3100 
2293 1179 1176 3097 3100 250 249 1152 1153 
2294 241 240 1132 1133 1180 1177 3098 3101 
2295 1180 1177 3098 3101 1181 1178 3099 3102 
2296 1181 1178 3099 3102 1182 1179 3100 3103 
2297 1182 1179 3100 3103 251 250 1153 1154 
2298 242 241 1133 1134 1183 1180 3101 3104 
2299 1183 1180 3101 3104 1184 1181 3102 3105 
2300 1184 1181 3102 3105 1185 1182 3103 3106 
2301 1185 1182 3103 3106 252 251 1154 1155 
2302 23 242 1134 245 256 1183 3104 1158 
2303 256 1183 3104 1158 257 1184 3105 1161 
2304 257 1184 3105 1161 258 1185 3106 1164 
2305 258 1185 3106 1164 24 252 1155 255 
3 7 5 64
2306 1186 172 18 265 3107 923 199 1213 
2307 3107 923 199 1213 3108 926 200 1214 
2308 3108 926 200 1214 3109 929 201 1215 
2309 3109 929 201 1215 1195 189 20 274 
2310 1187 1186 265 266 3110 3107 1213 1216 
2311 3110 3107 1213 1216 3111 3108 1214 1217 
2312 3111 3108 1214 1217 3112 3109 1215 1218 
2313 3112 3109 1215 1218 1196 1195 274 275 
2314 1188 1187 266 267 3113 3110 1216 1219 
2315 3113 3110 1216 1219 3114 3111 1217 1220 
2316 3114 3111 1217 1220 3115 3112 1218 1221 
2317 3115 3112 1218 1221 1197 1196 275 276 
2318 262 1188 267 26 1204 3113 1219 277 
2319 1204 3113 1219 277 1207 3114 1220 278 
2320 1207 3114 1220 278 1210 3115 1221 279 
2321 1210 3115 1221 279 271 1197 276 28 
2322 1189 173 172 1186 3116 924 923 3107 
2323 3116 924 923 3107 3117 927 926 3108 
2324 3117 927 926 3108 3118 930 929 3109 
2325 3118 930 929 3109 1198 190 189 1195 
2326 1190 1189 1186 1187 3119 3116 3107 3110 
2327 3119 3116 3107 3110 3120 3117 3108 3111 
2328 3120 3117 3108 3111 3121 3118 3109 3112 
2329 3121 3118 3109 3112 1199 1198 1195 1196 
2330 1191 1190 1187 1188 3122 3119 3110 3113 
2331 3122 3119 3110 3113 3123 3120 3111 3114 
2332 3123 3120 3111 3114 3124 3121 3112 3115 
2333 3124 3121 3112 3115 1200 1199 1196 1197 
2334 263 1191 1188 262 1205 3122 3113 1204 
2335 1205 3122 3113 1204 1208 3123 3114 1207 
2336 1208 3123 3114 1207 1211 3124 3115 1210 
2337 1211 3124 3115 1210 272 1200 1197 271 
2338 1192 174 173 1189 3125 925 924 3116 
2339 3125 925 924 3116 3126 928 927 3117 
2340 3126 928 927 3117 3127 931 930 3118 
2341 3127 931 930 3118 1201 191 190 1198 
2342 1193 1192 1189 1190 3128 3125 3116 3119 
2343 3128 3125 3116 3119 3129 3126 3117 3120 
2344 3129 3126 3117 3120 3130 3127 3118 3121 
2345 3130 3127 3118 3121 1202 1201 1198 1199 
2346 1194 1193 1190 1191 3131 3128 3119 3122 
2347 3131 3128 3119 3122 3132 3129 3120 3123 
2348 3132 3129 3120 3123 3133 3130 3121 3124 
2349 3133 3130 3121 3124 1203 1202 1199 1200 
2350 264 1194 1191 263 1206 3131 3122 1205 
2351 1206 3131 3122 1205 1209 3132 3123 1208 
2352 1209 3132 3123 1208 1212 3133 3124 1211 
2353 1212 3133 3124 1211 273 1203 1200 272 
2354 259 17 174 1192 1222 202 925 3125 
2355 1222 202 925 3125 1223 203 928 3126 
2356 1223 203 928 3126 1224 204 931 3127 
2357 1224 204 931 3127 268 19 191 1201 
2358 260 259 1192 1193 1225 1222 3125 3128 
2359 1225 1222 3125 3128 1226 1223 3126 3129 
2360 1226 1223 3126 3129 1227 1224 3127 3130 
2361 1227 1224 3127 3130 269 268 1201 1202 
2362 261 260 1193 1194 1228 1225 3128 3131 
2363 1228 1225 3128 3131 1229 1226 3129 3132 
2364 1229 1226 3129 3132 1230 1227 3130 3133 
2365 1230 1227 3130 3133 270 269 1202 1203 
2366 25 261 1194 264 280 1228 3131 1206 
2367 280 1228 3131 1206 281 1229 3132 1209 
2368 281 1229 3132 1209 282 1230 3133 1212 
2369 282 1230 3133 1212 27 270 1203 273 
3 8 5 128
2370 1231 212 17 259 3134 1072 202 1222 
2371 3134 1072 202 1222 3135 1079 203 1223 
2372 3135 1079 203 1223 3136 1086 204 1224 
2373 3136 1086 204 1224 1252 226 19 268 
2374 1232 1231 259 260 3137 3134 1222 1225 
2375 3137 3134 1222 1225 3138 3135 1223 1226 
2376 3138 3135 1223 1226 3139 3136 1224 1227 
2377 3139 3136 1224 1227 1253 1252 268 269 
2378 1233 1232 260 261 3140 3137 1225 1228 
2379 3140 3137 1225 1228 3141 3138 1226 1229 
2380 3141 3138 1226 1229 3142 3139 1227 1230 
2381 3142 3139 1227 1230 1254 1253 269 270 
2382 286 1233 261 25 1273 3140 1228 280 
2383 1273 3140 1228 280 1280 3141 1229 281 
2384 1280 3141 1229 281 1287 3142 1230 282 
2385 1287 3142 1230 282 296 1254 270 27 
2386 1234 213 212 1231 3143 1073 1072 3134 
2387 3143 1073 1072 3134 3144 1080 1079 3135 
2388 3144 1080 1079 3135 3145 1087 1086 3136 
2389 3145 1087 1086 3136 1255 227 226 1252 
2390 1235 1234 1231 1232 3146 3143 3134 3137 
2391 3146 3143 3134 3137 3147 3144 3135 3138 
2392 3147 3144 3135 3138 3148 3145 3136 3139 
2393 3148 3145 3136 3139 1256 1255 1252 1253 
2394 1236 1235 1232 1233 3149 3146 3137 3140 
2395 3149 3146 3137 3140 3150 3147 3138 3141 
2396 3150 3147 3138 3141 3151 3148 3139 3142 
2397 3151 3148 3139 3142 1257 1256 1253 1254 
2398 287 1236 1233 286 1274 3149 3140 1273 
2399 1274 3149 3140 1273 1281 3150 3141 1280 
2400 1281 3150 3141 1280 1288 3151 3142 1287 
2401 1288 3151 3142 1287 297 1257 1254 296 
2402 1237 214 213 1234 3152 1074 1073 3143 
2403 3152 1074 1073 3143 3153 1081 1080 3144 
2404 3153 1081 1080 3144 3154 1088 1087 3145 
2405 3154 1088 1087 3145 1258 228 227 1255 
2406 1238 1237 1234 1235 3155 3152 3143 3146 
2407 3155 3152 3143 3146 3156 3153 3144 3147 
2408 3156 3153 3144 3147 3157 3154 3145 3148 
2409 3157 3154 3145 3148 1259 1258 1255 1256 
2410 1239 1238 1235 1236 3158 3155 3146 3149 
2411 3158 3155 3146 3149 3159 3156 3147 3150 
2412 3159 3156 3147 3150 3160 3157 3148 3151 
2413 3160 3157 3148 3151 1260 1259 1256 1257 
2414 288 1239 1236 287 1275 3158 3149 1274 
2415 1275 3158 3149 1274 1282 3159 3150 1281 
2416 1282 3159 3150 1281 1289 3160 3151 1288 
2417 1289 3160 3151 1288 298 1260 1257 297 
2418 1240 215 214 1237 3161 1075 1074 3152 
2419 3161 1075 1074 3152 3162 1082 1081 3153 
2420 3162 1082 1081 3153 3163 1089 1088 3154 
2421 3163 1089 1088 3154 1261 229 228 1258 
2422 1241 1240 1237 1238 3164 3161 3152 3155 
2423 3164 3161 3152 3155 3165 3162 3153 3156 
2424 3165 3162 3153 3156 3166 3163 3154 3157 
2425 3166 3163 3154 3157 1262 1261 1258 1259 
2426 1242 1241 1238 1239 3167 3164 3155 3158 
2427 3167 3164 3155 3158 3168 3165 3156 3159 
2428 3168 3165 3156 3159 3169 3166 3157 3160 
2429 3169 3166 3157 3160 1263 1262 1259 1260 
2430 289 1242 1239 288 1276 3167 3158 1275 
2431 1276 3167 3158 1275 1283 3168 3159 1282 
2432 1283 3168 3159 1282 1290 3169 3160 1289 
2433 1290 3169 3160 1289 299 1263 1260 298 
2434 1243 216 215 1240 3170 1076 1075 3161 
2435 3170 1076 1075 3161 3171 1083 1082 3162 
2436 3171 1083 1082 3162 3172 1090 1089 3163 
2437 3172 1090 1089 3163 1264 230 229 1261 
2438 1244 1243 1240 1241 3173 3170 3161 3164 
2439 3173 3170 3161 3164 3174 3171 3162 3165 
2440 3174 3171 3162 3165 3175 3172 3163 3166 
2441 3175 3172 3163 3166 1265 1264 1261 1262 
2442 1245 1244 1241 1242 3176 3173 3164 3167 
2443 3176 3173 3164 3167 3177 3174 3165 3168 
2444 3177 3174 3165 3168 3178 3175 3166 3169 
2445 3178 3175 3166 3169 1266 1265 1262 1263 
2446 290 1245 1242 289 1277 3176 3167 1276 
2447 1277 3176 3167 1276 1284 3177 3168 1283 
2448 1284 3177 3168 1283 1291 3178 3169 1290 
2449 1291 3178 3169 1290 300 1266 1263 299 
2450 1246 217 216 1243 3179 1077 1076 3170 
2451 3179 1077 1076 3170 3180 1084 1083 3171 
2452 3180 1084 1083 3171 3181 1091 1090 3172 
2453 3181 1091 1090 3172 1267 231 230 1264 
2454 1247 1246 1243 1244 3182 3179 3170 3173 
2455 3182 3179 3170 3173 3183 3180 3171 3174 
2456 3183 3180 3171 3174 3184 3181 3172 3175 
2457 3184 3181 3172 3175 1268 1267 1264 1265 
2458 1248 1247 1244 1245 3185 3182 3173 3176 
2459 3185 3182 3173 3176 3186 3183 3174 3177 
2460 3186 3183 3174 3177 3187 3184 3175 3178 
2461 3187 3184 3175 3178 1269 1268 1265 1266 
2462 291 1248 1245 290 1278 3185 3176 1277 
2463 1278 3185 3176 1277 1285 3186 3177 1284 
2464 1285 3186 3177 1284 1292 3187 3178 1291 
2465 1292 3187 3178 1291 301 1269 1266 300 
2466 1249 218 217 1246 3188 1078 1077 3179 
2467 3188 1078 1077 3179 3189 1085 1084 3180 
2468 3189 1085 1084 3180 3190 1092 1091 3181 
2469 3190 1092 1091 3181 1270 232 231 1267 
2470 1250 1249 1246 1247 3191 3188 3179 3182 
2471 3191 3188 3179 3182 3192 3189 3180 3183 
2472 3192 3189 3180 3183 3193 3190 3181 3184 
2473 3193 3190 3181 3184 1271 1270 1267 1268 
2474 1251 1250 1247 1248 3194 3191 3182 3185 
2475 3194 3191 3182 3185 3195 3192 3183 3186 
2476 3195 3192 3183 3186 3196 3193 3184 3187 
2477 3196 3193 3184 3187 1272 1271 1268 1269 
2478 292 1251 1248 291 1279 3194 3185 1278 
2479 1279 3194 3185 1278 1286 3195 3186 1285 
2480 1286 3195 3186 1285 1293 3196 3187 1292 
2481 1293 3196 3187 1292 302 1272 1269 301 
2482 283 21 218 1249 1294 233 1078 3188 
2483 1294 233 1078 3188 1295 234 1085 3189 
2484 1295 234 1085 3189 1296 235 1092 3190 
2485 1296 235 1092 3190 293 22 232 1270 
2486 284 283 1249 1250 1297 1294 3188 3191 
2487 1297 1294 3188 3191 1298 1295 3189 3192 
2488 1298 1295 3189 3192 1299 1296 3190 3193 
2489 1299 1296 3190 3193 294 293 1270 1271 
2490 285 284 1250 1251 1300 1297 3191 3194 
2491 1300 1297 3191 3194 1301 1298 3192 3195 
2492 1301 1298 3192 3195 1302 1299 3193 3196 
2493 1302 1299 3193 3196 295 294 1271 1272 
2494 29 285 1251 292 303 1300 3194 1279 
2495 303 1300 3194 1279 304 1301 3195 1286 
2496 304 1301 3195 1286 305 1302 3196 1293 
2497 305 1302 3196 1293 30 295 1272 302 
3 9 5 64
2498 1303 243 21 283 3197 1156 233 1294 
2499 3197 1156 233 1294 3198 1159 234 1295 
2500 3198 1159 234 1295 3199 1162 235 1296 
2501 3199 1162 235 1296 1312 253 22 293 
2502 1304 1303 283 284 3200 3197 1294 1297 
2503 3200 3197 1294 1297 3201 3198 1295 1298 
2504 3201 3198 1295 1298 3202 3199 1296 1299 
2505 3202 3199 1296 1299 1313 1312 293 294 
2506 1305 1304 284 285 3203 3200 1297 1300 
2507 3203 3200 1297 1300 3204 3201 1298 1301 
2508 3204 3201 1298 1301 3205 3202 1299 1302 
2509 3205 3202 1299 1302 1314 1313 294 295 
2510 309 1305 285 29 1321 3203 1300 303 
2511 1321 3203 1300 303 1324 3204 1301 304 
2512 1324 3204 1301 304 1327 3205 1302 305 
2513 1327 3205 1302 305 315 1314 295 30 
2514 1306 244 243 1303 3206 1157 1156 3197 
2515 3206 1157 1156 3197 3207 1160 1159 3198 
2516 3207 1160 1159 3198 3208 1163 1162 3199 
2517 3208 1163 1162 3199 1315 254 253 1312 
2518 1307 1306 1303 1304 3209 3206 3197 3200 
2519 3209 3206 3197 3200 3210 3207 3198 3201 
2520 3210 3207 3198 3201 3211 3208 3199 3202 
2521 3211 3208 3199 3202 1316 1315 1312 1313 
2522 1308 1307 1304 1305 3212 3209 3200 3203 
2523 3212 3209 3200 3203 3213 3210 3201 3204 
2524 3213 3210 3201 3204 3214 3211 3202 3205 
2525 3214 3211 3202 3205 1317 1316 1313 1314 
2526 310 1308 1305 309 1322 3212 3203 1321 
2527 1322 3212 3203 1321 1325 3213 3204 1324 
2528 1325 3213 3204 1324 1328 3214 3205 1327 
2529 1328 3214 3205 1327 316 1317 1314 315 
2530 1309 245 244 1306 3215 1158 1157 3206 
2531 3215 1158 1157 3206 3216 1161 1160 3207 
2532 3216 1161 1160 3207 3217 1164 1163 3208 
2533 3217 1164 1163 3208 1318 255 254 1315 
2534 1310 1309 1306 1307 3218 3215 3206 3209 
2535 3218 3215 3206 3209 3219 3216 3207 3210 
2536 3219 3216 3207 3210 3220 3217 3208 3211 
2537 3220 3217 3208 3211 1319 1318 1315 1316 
2538 1311 1310 1307 1308 3221 3218 3209 3212 
2539 3221 3218 3209 3212 3222 3219 3210 3213 
2540 3222 3219 3210 3213 3223 3220 3211 3214 
2541 3223 3220 3211 3214 1320 1319 1316 1317 
2542 311 1311 1308 310 1323 3221 3212 1322 
2543 1323 3221 3212 1322 1326 3222 3213 1325 
2544 1326 3222 3213 1325 1329 3223 3214 1328 
2545 1329 3223 3214 1328 317 1320 1317 316 
2546 306 23 245 1309 1330 256 1158 3215 
2547 1330 256 1158 3215 1331 257 1161 3216 
2548 1331 257 1161 3216 1332 258 1164 3217 
2549 1332 258 1164 3217 312 24 255 1318 
2550 307 306 1309 1310 1333 1330 3215 3218 
2551 1333 1330 3215 3218 1334 1331 3216 3219 
2552 1334 1331 3216 3219 1335 1332 3217 3220 
2553 1335 1332 3217 3220 313 312 1318 1319 
2554 308 307 1310 1311 1336 1333 3218 3221 
2555 1336 1333 3218 3221 1337 1334 3219 3222 
2556 1337 1334 3219 3222 1338 1335 3220 3223 
2557 1338 1335 3220 3223 314 313 1319 1320 
2558 31 308 1311 311 318 1336 3221 1323 
2559 318 1336 3221 1323 319 1337 3222 1326 
2560 319 1337 3222 1326 320 1338 3223 1329 
2561 320 1338 3223 1329 32 314 1320 317 
3 10 5 128
2562 698 77 5 86 3224 1348 333 1390 
2563 3224 1348 333 1390 3225 1351 334 1391 
2564 3225 1351 334 1391 3226 1354 335 1392 
2565 3226 1354 335 1392 3227 1357 336 1393 
2566 3227 1357 336 1393 3228 1360 337 1394 
2567 3228 1360 337 1394 3229 1363 338 1395 
2568 3229 1363 338 1395 3230 1366 339 1396 
2569 3230 1366 339 1396 1339 321 33 330 
2570 699 698 86 87 3231 3224 1390 1397 
2571 3231 3224 1390 1397 3232 3225 1391 1398 
2572 3232 3225 1391 1398 3233 3226 1392 1399 
2573 3233 3226 1392 1399 3234 3227 1393 1400 
2574 3234 3227 1393 1400 3235 3228 1394 1401 
2575 3235 3228 1394 1401 3236 3229 1395 1402 
2576 3236 3229 1395 1402 3237 3230 1396 1403 
2577 3237 3230 1396 1403 1340 1339 330 331 
2578 700 699 87 88 3238 3231 1397 1404 
2579 3238 3231 1397 1404 3239 3232 1398 1405 
2580 3239 3232 1398 1405 3240 3233 1399 1406 
2581 3240 3233 1399 1406 3241 3234 1400 1407 
2582 3241 3234 1400 1407 3242 3235 1401 1408 
2583 3242 3235 1401 1408 3243 3236 1402 1409 
2584 3243 3236 1402 1409 3244 3237 1403 1410 
2585 3244 3237 1403 1410 1341 1340 331 332 
2586 83 700 88 8 1369 3238 1404 347 
2587 1369 3238 1404 347 1372 3239 1405 348 
2588 1372 3239 1405 348 1375 3240 1406 349 
2589 1375 3240 1406 349 1378 3241 1407 350 
2590 1378 3241 1407 350 1381 3242 1408 351 
2591 1381 3242 1408 351 1384 3243 1409 352 
2592 1384 3243 1409 352 1387 3244 1410 353 
2593 1387 3244 1410 353 327 1341 332 36 
2594 701 78 77 698 3245 1349 1348 3224 
2595 3245 1349 1348 3224 3246 1352 1351 3225 
2596 3246 1352 1351 3225 3247 1355 1354 3226 
2597 3247 1355 1354 3226 3248 1358 1357 3227 
2598 3248 1358 1357 3227 3249 1361 1360 3228 
2599 3249 1361 1360 3228 3250 1364 1363 3229 
2600 3250 1364 1363 3229 3251 1367 1366 3230 
2601 3251 1367 1366 3230 1342 322 321 1339 
2602 702 701 698 699 3252 3245 3224 3231 
2603 3252 3245 3224 3231 3253 3246 3225 3232 
2604 3253 3246 3225 3232 3254 3247 3226 3233 
2605 3254 3247 3226 3233 3255 3248 3227 3234 
2606 3255 3248 3227 3234 3256 3249 3228 3235 
2607 3256 3249 3228 3235 3257 3250 3229 3236 
2608 3257 3250 3229 3236 3258 3251 3230 3237 
2609 3258 3251 3230 3237 1343 1342 1339 1340 
2610 703 702 699 700 3259 3252 3231 3238 
2611 3259 3252 3231 3238 3260 3253 3232 3239 
2612 3260 3253 3232 3239 3261 3254 3233 3240 
2613 3261 3254 3233 3240 3262 3255 3234 3241 
2614 3262 3255 3234 3241 3263 3256 3235 3242 
2615 3263 3256 3235 3242 3264 3257 3236 3243 
2616 3264 3257 3236 3243 3265 3258 3237 3244 
2617 3265 3258 3237 3244 1344 1343 1340 1341 
2618 84 703 700 83 1370 3259 3238 1369 
2619 1370 3259 3238 1369 1373 3260 3239 1372 
2620 1373 3260 3239 1372 1376 3261 3240 1375 
2621 1376 3261 3240 1375 1379 3262 3241 1378 
2622 1379 3262 3241 1378 1382 3263 3242 1381 
2623 1382 3263 3242 1381 1385 3264 3243 1384 
2624 1385 3264 3243 1384 1388 3265 3244 1387 
2625 1388 3265 3244 1387 328 1344 1341 327 
2626 704 79 78 701 3266 1350 1349 3245 
2627 3266 1350 1349 3245 3267 1353 1352 3246 
2628 3267 1353 1352 3246 3268 1356 1355 3247 
2629 3268 1356 1355 3247 3269 1359 1358 3248 
2630 3269 1359 1358 3248 3270 1362 1361 3249 
2631 3270 1362 1361 3249 3271 1365 1364 3250 
2632 3271 1365 1364 3250 3272 1368 1367 3251 
2633 3272 1368 1367 3251 1345 323 322 1342 
2634 705 704 701 702 3273 3266 3245 3252 
2635 3273 3266 3245 3252 3274 3267 3246 3253 
2636 3274 3267 3246 3253 3275 3268 3247 3254 
2637 3275 3268 3247 3254 3276 3269 3248 3255 
2638 3276 3269 3248 3255 3277 3270 3249 3256 
2639 3277 3270 3249 3256 3278 3271 3250 3257 
2640 3278 3271 3250 3257 3279 3272 3251 3258 
2641 3279 3272 3251 3258 1346 1345 1342 1343 
2642 706 705 702 703 3280 3273 3252 3259 
2643 3280 3273 3252 3259 3281 3274 3253 3260 
2644 3281 3274 3253 3260 3282 3275 3254 3261 
2645 3282 3275 3254 3261 3283 3276 3255 3262 
2646 3283 3276 3255 3262 3284 3277 3256 3263 
2647 3284 3277 3256 3263 3285 3278 3257 3264 
2648 3285 3278 3257 3264 3286 3279 3258 3265 
2649 3286 3279 3258 3265 1347 1346 1343 1344 
2650 85 706 703 84 1371 3280 3259 1370 
2651 1371 3280 3259 1370 1374 3281 3260 1373 
2652 1374 3281 3260 1373 1377 3282 3261 1376 
2653 1377 3282 3261 1376 1380 3283 3262 1379 
2654 1380 3283 3262 1379 1383 3284 3263 1382 
2655 1383 3284 3263 1382 1386 3285 3264 1385 
2656 1386 3285 3264 1385 1389 3286 3265 1388 
2657 1389 3286 3265 1388 329 1347 1344 328 
2658 80 6 79 704 1411 340 1350 3266 
2659 1411 340 1350 3266 1412 341 1353 3267 
2660 1412 341 1353 3267 1413 342 1356 3268 
2661 1413 342 1356 3268 1414 343 1359 3269 
2662 1414 343 1359 3269 1415 344 1362 3270 
2663 1415 344 1362 3270 1416 345 1365 3271 
2664 1416 345 1365 3271 1417 346 1368 3272 
2665 1417 346 1368 3272 324 34 323 1345 
2666 81 80 704 705 1418 1411 3266 3273 
2667 1418 1411 3266 3273 1419 1412 3267 3274 
2668 1419 1412 3267 3274 1420 1413 3268 3275 
2669 1420 1413 3268 3275 1421 1414 3269 3276 
2670 1421 1414 3269 3276 1422 1415 3270 3277 
2671 1422 1415 3270 3277 1423 1416 3271 3278 
2672 1423 1416 3271 3278 1424 1417 3272 3279 
2673 1424 1417 3272 3279 325 324 1345 1346 
2674 82 81 705 706 1425 1418 3273 3280 
2675 1425 1418 3273 3280 1426 1419 3274 3281 
2676 1426 1419 3274 3281 1427 1420 3275 3282 
2677 1427 1420 3275 3282 1428 1421 3276 3283 
2678 1428 1421 3276 3283 1429 1422 3277 3284 
2679 1429 1422 3277 3284 1430 1423 3278 3285 
2680 1430 1423 3278 3285 1431 1424 3279 3286 
2681 1431 1424 3279 3286 326 325 1346 1347 
2682 7 82 706 85 354 1425 3280 1371 
2683 354 1425 3280 1371 355 1426 3281 1374 
2684 355 1426 3281 1374 356 1427 3282 1377 
2685 356 1427 3282 1377 357 1428 3283 1380 
2686 357 1428 3283 1380 358 1429 3284 1383 
2687 358 1429 3284 1383 359 1430 3285 1386 
2688 359 1430 3285 1386 360 1431 3286 1389 
2689 360 1431 3286 1389 35 326 1347 329 
3 11 5 256
2690 764 118 6 80 3287 1453 340 1411 
2691 3287 1453 340 1411 3288 1460 341 1412 
2692 3288 1460 341 1412 3289 1467 342 1413 
2693 3289 1467 342 1413 3290 1474 343 1414 
2694 3290 1474 343 1414 3291 1481 344 1415 
2695 3291 1481 344 1415 3292 1488 345 1416 
2696 3292 1488 345 1416 3293 1495 346 1417 
2697 3293 1495 346 1417 1432 361 34 324 
2698 765 764 80 81 3294 3287 1411 1418 
2699 3294 3287 1411 1418 3295 3288 1412 1419 
2700 3295 3288 1412 1419 3296 3289 1413 1420 
2701 3296 3289 1413 1420 3297 3290 1414 1421 
2702 3297 3290 1414 1421 3298 3291 1415 1422 
2703 3298 3291 1415 1422 3299 3292 1416 1423 
2704 3299 3292 1416 1423 3300 3293 1417 1424 
2705 3300 3293 1417 1424 1433 1432 324 325 
2706 766 765 81 82 3301 3294 1418 1425 
2707 3301 3294 1418 1425 3302 3295 1419 1426 
2708 3302 3295 1419 1426 3303 3296 1420 1427 
2709 3303 3296 1420 1427 3304 3297 1421 1428 
2710 3304 3297 1421 1428 3305 3298 1422 1429 
2711 3305 3298 1422 1429 3306 3299 1423 1430 
2712 3306 3299 1423 1430 3307 3300 1424 1431 
2713 3307 3300 1424 1431 1434 1433 325 326 
2714 128 766 82 7 1502 3301 1425 354 
2715 1502 3301 1425 354 1509 3302 1426 355 
2716 1509 3302 1426 355 1516 3303 1427 356 
2717 1516 3303 1427 356 1523 3304 1428 357 
2718 1523 3304 1428 357 1530 3305 1429 358 
2719 1530 3305 1429 358 1537 3306 1430 359 
2720 1537 3306 1430 359 1544 3307 1431 360 
2721 1544 3307 1431 360 371 1434 326 35 
2722 767 119 118 764 3308 1454 1453 3287 
2723 3308 1454 1453 3287 3309 1461 1460 3288 
2724 3309 1461 1460 3288 3310 1468 1467 3289 
2725 3310 1468 1467 3289 3311 1475 1474 3290 
2726 3311 1475 1474 3290 3312 1482 1481 3291 
2727 3312 1482 1481 3291 3313 1489 1488 3292 
2728 3313 1489 1488 3292 3314 1496 1495 3293 
2729 3314 1496 1495 3293 1435 362 361 1432 
2730 768 767 764 765 3315 3308 3287 3294 
2731 3315 3308 3287 3294 3316 3309 3288 3295 
2732 3316 3309 3288 3295 3317 3310 3289 3296 
2733 3317 3310 3289 3296 3318 3311 3290 3297 
2734 3318 3311 3290 3297 3319 3312 3291 3298 
2735 3319 3312 3291 3298 3320 3313 3292 3299 
2736 3320 3313 3292 3299 3321 3314 3293 3300 
2737 3321 3314 3293 3300 1436 1435 1432 1433 
2738 769 768 765 766 3322 3315 3294 3301 
2739 3322 3315 3294 3301 3323 3316 3295 3302 
2740 3323 3316 3295 3302 3324 3317 3296 3303 
2741 3324 3317 3296 3303 3325 3318 3297 3304 
2742 3325 3318 3297 3304 3326 3319 3298 3305 
2743 3326 3319 3298 3305 3327 3320 3299 3306 
2744 3327 3320 3299 3306 3328 3321 3300 3307 
2745 3328 3321 3300 3307 1437 1436 1433 1434 
2746 129 769 766 128 1503 3322 3301 1502 
2747 1503 3322 3301 1502 1510 3323 3302 1509 
2748 1510 3323 3302 1509 1517 3324 3303 1516 
2749 1517 3324 3303 1516 1524 3325 3304 1523 
2750 1524 3325 3304 1523 1531 3326 3305 1530 
2751 1531 3326 3305 1530 1538 3327 3306 1537 
2752 1538 3327 3306 1537 1545 3328 3307 1544 
2753 1545 3328 3307 1544 372 1437 1434 371 
2754 770 120 119 767 3329 1455 1454 3308 
2755 3329 1455 1454 3308 3330 1462 1461 3309 
2756 3330 1462 1461 3309 3331 1469 1468 3310 
2757 3331 1469 1468 3310 3332 1476 1475 3311 
2758 3332 1476 1475 3311 3333 1483 1482 3312 
2759 3333 1483 1482 3312 3334 1490 1489 3313 
2760 3334 1490 1489 3313 3335 1497 1496 3314 
2761 3335 1497 1496 3314 1438 363 362 1435 
2762 771 770 767 768 3336 3329 3308 3315 
2763 3336 3329 3308 3315 3337 3330 3309 3316 
2764 3337 3330 3309 3316 3338 3331 3310 3317 
2765 3338 3331 3310 3317 3339 3332 3311 3318 
2766 3339 3332 3311 3318 3340 3333 3312 3319 
2767 3340 3333 3312 3319 3341 3334 3313 3320 
2768 3341 3334 3313 3320 3342 3335 3314 3321 
2769 3342 3335 3314 3321 1439 1438 1435 1436 
2770 772 771 768 769 3343 3336 3315 3322 
2771 3343 3336 3315 3322 3344 3337 3316 3323 
2772 3344 3337 3316 3323 3345 3338 3317 3324 
2773 3345 3338 3317 3324 3346 3339 3318 3325 
2774 3346 3339 3318 3325 3347 3340 3319 3326 
2775 3347 3340 3319 3326 3348 3341 3320 3327 
2776 3348 3341 3320 3327 3349 3342 3321 3328 
2777 3349 3342 3321 3328 1440 1439 1436 1437 
2778 130 772 769 129 1504 3343 3322 1503 
2779 1504 3343 3322 1503 1511 3344 3323 1510 
2780 1511 3344 3323 1510 1518 3345 3324 1517 
2781 1518 3345 3324 1517 1525 3346 3325 1524 
2782 1525 3346 3325 1524 1532 3347 3326 1531 
2783 1532 3347 3326 1531 1539 3348 3327 1538 
2784 1539 3348 3327 1538 1546 3349 3328 1545 
2785 1546 3349 3328 1545 373 1440 1437 372 
2786 773 121 120 770 3350 1456 1455 3329 
2787 3350 1456 1455 3329 3351 1463 1462 3330 
2788 3351 1463 1462 3330 3352 1470 1469 3331 
2789 3352 1470 1469 3331 3353 1477 1476 3332 
2790 3353 1477 1476 3332 3354 1484 1483 3333 
2791 3354 1484 1483 3333 3355 1491 1490 3334 
2792 3355 1491 1490 3334 3356 1498 1497 3335 
2793 3356 1498 1497 3335 1441 364 363 1438 
2794 774 773 770 771 3357 3350 3329 3336 
2795 3357 3350 3329 3336 3358 3351 3330 3337 
2796 3358 3351 3330 3337 3359 3352 3331 3338 
2797 3359 3352 3331 3338 3360 3353 3332 3339 
2798 3360 3353 3332 3339 3361 3354 3333 3340 
2799 3361 3354 3333 3340 3362 3355 3334 3341 
2800 3362 3355 3334 3341 3363 3356 3335 3342 
2801 3363 3356 3335 3342 1442 1441 1438 1439 
2802 775 774 771 772 3364 3357 3336 3343 
2803 3364 3357 3336 3343 3365 3358 3337 3344 
2804 3365 3358 3337 3344 3366 3359 3338 3345 
2805 3366 3359 3338 3345 3367 3360 3339 3346 
2806 3367 3360 3339 3346 3368 3361 3340 3347 
2807 3368 3361 3340 3347 3369 3362 3341 3348 
2808 3369 3362 3341 3348 3370 3363 3342 3349 
2809 3370 3363 3342 3349 1443 1442 1439 1440 
2810 131 775 772 130 1505 3364 3343 1504 
2811 1505 3364 3343 1504 1512 3365 3344 1511 
2812 1512 3365 3344 1511 1519 3366 3345 1518 
2813 1519 3366 3345 1518 1526 3367 3346 1525 
2814 1526 3367 3346 1525 1533 3368 3347 1532 
2815 1533 3368 3347 1532 1540 3369 3348 1539 
2816 1540 3369 3348 1539 1547 3370 3349 1546 
2817 1547 3370 3349 1546 374 1443 1440 373 
2818 776 122 121 773 3371 1457 1456 3350 
2819 3371 1457 1456 3350 3372 1464 1463 3351 
2820 3372 1464 1463 3351 3373 1471 1470 3352 
2821 3373 1471 1470 3352 3374 1478 1477 3353 
2822 3374 1478 1477 3353 3375 1485 1484 3354 
2823 3375 1485 1484 3354 3376 1492 1491 3355 
2824 3376 1492 1491 3355 3377 1499 1498 3356 
2825 3377 1499 1498 3356 1444 365 364 1441 
2826 777 776 773 774 3378 3371 3350 3357 
2827 3378 3371 3350 3357 3379 3372 3351 3358 
2828 3379 3372 3351 3358 3380 3373 3352 3359 
2829 3380 3373 3352 3359 3381 3374 3353 3360 
2830 3381 3374 3353 3360 3382 3375 3354 3361 
2831 3382 3375 3354 3361 3383 3376 3355 3362 
2832 3383 3376 3355 3362 3384 3377 3356 3363 
2833 3384 3377 3356 3363 1445 1444 1441 1442 
2834 778 777 774 775 3385 3378 3357 3364 
2835 3385 3378 3357 3364 3386 3379 3358 3365 
2836 3386 3379 3358 3365 3387 3380 3359 3366 
2837 3387 3380 3359 3366 3388 3381 3360 3367 
2838 3388 3381 3360 3367 3389 3382 3361 3368 
2839 3389 3382 3361 3368 3390 3383 3362 3369 
2840 3390 3383 3362 3369 3391 3384 3363 3370 
2841 3391 3384 3363 3370 1446 1445 1442 1443 
2842 132 778 775 131 1506 3385 3364 1505 
2843 1506 3385 3364 1505 1513 3386 3365 1512 
2844 1513 3386 3365 1512 1520 3387 3366 1519 
2845 1520 3387 3366 1519 1527 3388 3367 1526 
2846 1527 3388 3367 1526 1534 3389 3368 1533 
2847 1534 3389 3368 1533 1541 3390 3369 1540 
2848 1541 3390 3369 1540 1548 3391 3370 1547 
2849 1548 3391 3370 1547 375 1446 1443 374 
2850 779 123 122 776 3392 1458 1457 3371 
2851 3392 1458 1457 3371 3393 1465 1464 3372 
2852 3393 1465 1464 3372 3394 1472 1471 3373 
2853 3394 1472 1471 3373 3395 1479 1478 3374 
2854 3395 1479 1478 3374 3396 1486 1485 3375 
2855 3396 1486 1485 3375 3397 1493 1492 3376 
2856 3397 1493 1492 3376 3398 1500 1499 3377 
2857 3398 1500 1499 3377 1447 366 365 1444 
2858 780 779 776 777 3399 3392 3371 3378 
2859 3399 3392 3371 3378 3400 3393 3372 3379 
2860 3400 3393 3372 3379 3401 3394 3373 3380 
2861 3401 3394 3373 3380 3402 3395 3374 3381 
2862 3402 3395 3374 3381 3403 3396 3375 3382 
2863 3403 3396 3375 3382 3404 3397 3376 3383 
2864 3404 3397 3376 3383 3405 3398 3377 3384 
2865 3405 3398 3377 3384 1448 1447 1444 1445 
2866 781 780 777 778 3406 3399 3378 3385 
2867 3406 3399 3378 3385 3407 3400 3379 3386 
2868 3407 3400 3379 3386 3408 3401 3380 3387 
2869 3408 3401 3380 3387 3409 3402 3381 3388 
2870 3409 3402 3381 3388 3410 3403 3382 3389 
2871 3410 3403 3382 3389 3411 3404 3383 3390 
2872 3411 3404 3383 3390 3412 3405 3384 3391 
2873 3412 3405 3384 3391 1449 1448 1445 1446 
2874 133 781 778 132 1507 3406 3385 1506 
2875 1507 3406 3385 1506 1514 3407 3386 1513 
2876 1514 3407 3386 1513 1521 3408 3387 1520 
2877 1521 3408 3387 1520 1528 3409 3388 1527 
2878 1528 3409 3388 1527 1535 3410 3389 1534 
2879 1535 3410 3389 1534 1542 3411 3390 1541 
2880 1542 3411 3390 1541 1549 3412 3391 1548 
2881 1549 3412 3391 1548 376 1449 1446 375 
2882 782 124 123 779 3413 1459 1458 3392 
2883 3413 1459 1458 3392 3414 1466 1465 3393 
2884 3414 1466 1465 3393 3415 1473 1472 3394 
2885 3415 1473 1472 3394 3416 1480 1479 3395 
2886 3416 1480 1479 3395 3417 1487 1486 3396 
2887 3417 1487 1486 3396 3418 1494 1493 3397 
2888 3418 1494 1493 3397 3419 1501 1500 3398 
2889 3419 1501 1500 3398 1450 367 366 1447 
2890 783 782 779 780 3420 3413 3392 3399 
2891 3420 3413 3392 3399 3421 3414 3393 3400 
2892 3421 3414 3393 3400 3422 3415 3394 3401 
2893 3422 3415 3394 3401 3423 3416 3395 3402 
2894 3423 3416 3395 3402 3424 3417 3396 3403 
2895 3424 3417 3396 3403 3425 3418 3397 3404 
2896 3425 3418 3397 3404 3426 3419 3398 3405 
2897 3426 3419 3398 3405 1451 1450 1447 1448 
2898 784 783 780 781 3427 3420 3399 3406 
2899 3427 3420 3399 3406 3428 3421 3400 3407 
2900 3428 3421 3400 3407 3429 3422 3401 3408 
2901 3429 3422 3401 3408 3430 3423 3402 3409 
2902 3430 3423 3402 3409 3431 3424 3403 3410 
2903 3431 3424 3403 3410 3432 3425 3404 3411 
2904 3432 3425 3404 3411 3433 3426 3405 3412 
2905 3433 3426 3405 3412 1452 1451 1448 1449 
2906 134 784 781 133 1508 3427 3406 1507 
2907 1508 3427 3406 1507 1515 3428 3407 1514 
2908 1515 3428 3407 1514 1522 3429 3408 1521 
2909 1522 3429 3408 1521 1529 3430 3409 1528 
2910 1529 3430 3409 1528 1536 3431 3410 1535 
2911 1536 3431 3410 1535 1543 3432 3411 1542 
2912 1543 3432 3411 1542 1550 3433 3412 1549 
2913 1550 3433 3412 1549 377 1452 1449 376 
2914 125 11 124 782 1551 378 1459 3413 
2915 1551 378 1459 3413 1552 379 1466 3414 
2916 1552 379 1466 3414 1553 380 1473 3415 
2917 1553 380 1473 3415 1554 381 1480 3416 
2918 1554 381 1480 3416 1555 382 1487 3417 
2919 1555 382 1487 3417 1556 383 1494 3418 
2920 1556 383 1494 3418 1557 384 1501 3419 
2921 1557 384 1501 3419 368 37 367 1450 
2922 126 125 782 783 1558 1551 3413 3420 
2923 1558 1551 3413 3420 1559 1552 3414 3421 
2924 1559 1552 3414 3421 1560 1553 3415 3422 
2925 1560 1553 3415 3422 1561 1554 3416 3423 
2926 1561 1554 3416 3423 1562 1555 3417 3424 
2927 1562 1555 3417 3424 1563 1556 3418 3425 
2928 1563 1556 3418 3425 1564 1557 3419 3426 
2929 1564 1557 3419 3426 369 368 1450 1451 
2930 127 126 783 784 1565 1558 3420 3427 
2931 1565 1558 3420 3427 1566 1559 3421 3428 
2932 1566 1559 3421 3428 1567 1560 3422 3429 
2933 1567 1560 3422 3429 1568 1561 3423 3430 
2934 1568 1561 3423 3430 1569 1562 3424 3431 
2935 1569 1562 3424 3431 1570 1563 3425 3432 
2936 1570 1563 3425 3432 1571 1564 3426 3433 
2937 1571 1564 3426 3433 370 369 1451 1452 
2938 12 127 784 134 385 1565 3427 1508 
2939 385 1565 3427 1508 386 1566 3428 1515 
2940 386 1566 3428 1515 387 1567 3429 1522 
2941 387 1567 3429 1522 388 1568 3430 1529 
2942 388 1568 3430 1529 389 1569 3431 1536 
2943 389 1569 3431 1536 390 1570 3432 1543 
2944 390 1570 3432 1543 391 1571 3433 1550 
2945 391 1571 3433 1550 38 370 1452 377 
3 12 5 128
2946 845 150 11 125 3434 1581 378 1551 
2947 3434 1581 378 1551 3435 1584 379 1552 
2948 3435 1584 379 1552 3436 1587 380 1553 
2949 3436 1587 380 1553 3437 1590 381 1554 
2950 3437 1590 381 1554 3438 1593 382 1555 
2951 3438 1593 382 1555 3439 1596 383 1556 
2952 3439 1596 383 1556 3440 1599 384 1557 
2953 3440 1599 384 1557 1572 392 37 368 
2954 846 845 125 126 3441 3434 1551 1558 
2955 3441 3434 1551 1558 3442 3435 1552 1559 
2956 3442 3435 1552 1559 3443 3436 1553 1560 
2957 3443 3436 1553 1560 3444 3437 1554 1561 
2958 3444 3437 1554 1561 3445 3438 1555 1562 
2959 3445 3438 1555 1562 3446 3439 1556 1563 
2960 3446 3439 1556 1563 3447 3440 1557 1564 
2961 3447 3440 1557 1564 1573 1572 368 369 
2962 847 846 126 127 3448 3441 1558 1565 
2963 3448 3441 1558 1565 3449 3442 1559 1566 
2964 3449 3442 1559 1566 3450 3443 1560 1567 
2965 3450 3443 1560 1567 3451 3444 1561 1568 
2966 3451 3444 1561 1568 3452 3445 1562 1569 
2967 3452 3445 1562 1569 3453 3446 1563 1570 
2968 3453 3446 1563 1570 3454 3447 1564 1571 
2969 3454 3447 1564 1571 1574 1573 369 370 
2970 156 847 127 12 1602 3448 1565 385 
2971 1602 3448 1565 385 1605 3449 1566 386 
2972 1605 3449 1566 386 1608 3450 1567 387 
2973 1608 3450 1567 387 1611 3451 1568 388 
2974 1611 3451 1568 388 1614 3452 1569 389 
2975 1614 3452 1569 389 1617 3453 1570 390 
2976 1617 3453 1570 390 1620 3454 1571 391 
2977 1620 3454 1571 391 398 1574 370 38 
2978 848 151 150 845 3455 1582 1581 3434 
2979 3455 1582 1581 3434 3456 1585 1584 3435 
2980 3456 1585 1584 3435 3457 1588 1587 3436 
2981 3457 1588 1587 3436 3458 1591 1590 3437 
2982 3458 1591 1590 3437 3459 1594 1593 3438 
2983 3459 1594 1593 3438 3460 1597 1596 3439 
2984 3460 1597 1596 3439 3461 1600 1599 3440 
2985 3461 1600 1599 3440 1575 393 392 1572 
2986 849 848 845 846 3462 3455 3434 3441 
2987 3462 3455 3434 3441 3463 3456 3435 3442 
2988 3463 3456 3435 3442 3464 3457 3436 3443 
2989 3464 3457 3436 3443 3465 3458 3437 3444 
2990 3465 3458 3437 3444 3466 3459 3438 3445 
2991 3466 3459 3438 3445 3467 3460 3439 3446 
2992 3467 3460 3439 3446 3468 3461 3440 3447 
2993 3468 3461 3440 3447 1576 1575 1572 1573 
2994 850 849 846 847 3469 3462 3441 3448 
2995 3469 3462 3441 3448 3470 3463 3442 3449 
2996 3470 3463 3442 3449 3471 3464 3443 3450 
2997 3471 3464 3443 3450 3472 3465 3444 3451 
2998 3472 3465 3444 3451 3473 3466 3445 3452 
2999 3473 3466 3445 3452 3474 3467 3446 3453 
3000 3474 3467 3446 3453 3475 3468 3447 3454 
3001 3475 3468 3447 3454 1577 1576 1573 1574 
3002 157 850 847 156 1603 3469 3448 1602 
3003 1603 3469 3448 1602 1606 3470 3449 1605 
3004 1606 3470 3449 1605 1609 3471 3450 1608 
3005 1609 3471 3450 1608 1612 3472 3451 1611 
3006 1612 3472 3451 1611 1615 3473 3452 1614 
3007 1615 3473 3452 1614 1618 3474 3453 1617 
3008 1618 3474 3453 1617 1621 3475 3454 1620 
3009 1621 3475 3454 1620 399 1577 1574 398 
3010 851 152 151 848 3476 1583 1582 3455 
3011 3476 1583 1582 3455 3477 1586 1585 3456 
3012 3477 1586 1585 3456 3478 1589 1588 3457 
3013 3478 1589 1588 3457 3479 1592 1591 3458 
3014 3479 1592 1591 3458 3480 1595 1594 3459 
3015 3480 1595 1594 3459 3481 1598 1597 3460 
3016 3481 1598 1597 3460 3482 1601 1600 3461 
3017 3482 1601 1600 3461 1578 394 393 1575 
3018 852 851 848 849 3483 3476 3455 3462 
3019 3483 3476 3455 3462 3484 3477 3456 3463 
3020 3484 3477 3456 3463 3485 3478 3457 3464 
3021 3485 3478 3457 3464 3486 3479 3458 3465 
3022 3486 3479 3458 3465 3487 3480 3459 3466 
3023 3487 3480 3459 3466 3488 3481 3460 3467 
3024 3488 3481 3460 3467 3489 3482 3461 3468 
3025 3489 3482 3461 3468 1579 1578 1575 1576 
3026 853 852 849 850 3490 3483 3462 3469 
3027 3490 3483 3462 3469 3491 3484 3463 3470 
3028 3491 3484 3463 3470 3492 3485 3464 3471 
3029 3492 3485 3464 3471 3493 3486 3465 3472 
3030 3493 3486 3465 3472 3494 3487 3466 3473 
3031 3494 3487 3466 3473 3495 3488 3467 3474 
3032 3495 3488 3467 3474 3496 3489 3468 3475 
3033 3496 3489 3468 3475 1580 1579 1576 1577 
3034 158 853 850 157 1604 3490 3469 1603 
3035 1604 3490 3469 1603 1607 3491 3470 1606 
3036 1607 3491 3470 1606 1610 3492 3471 1609 
3037 1610 3492 3471 1609 1613 3493 3472 1612 
3038 1613 3493 3472 1612 1616 3494 3473 1615 
3039 1616 3494 3473 1615 1619 3495 3474 1618 
3040 1619 3495 3474 1618 1622 3496 3475 1621 
3041 1622 3496 3475 1621 400 1580 1577 399 
3042 153 15 152 851 1623 401 1583 3476 
3043 1623 401 1583 3476 1624 402 1586 3477 
3044 1624 402 1586 3477 1625 403 1589 3478 
3045 1625 403 1589 3478 1626 404 1592 3479 
3046 1626 404 1592 3479 1627 405 1595 3480 
3047 1627 405 1595 3480 1628 406 1598 3481 
3048 1628 406 1598 3481 1629 407 1601 3482 
3049 1629 407 1601 3482 395 39 394 1578 
3050 154 153 851 852 1630 1623 3476 3483 
3051 1630 1623 3476 3483 1631 1624 3477 3484 
3052 1631 1624 3477 3484 1632 1625 3478 3485 
3053 1632 1625 3478 3485 1633 1626 3479 3486 
3054 1633 1626 3479 3486 1634 1627 3480 3487 
3055 1634 1627 3480 3487 1635 1628 3481 3488 
3056 1635 1628 3481 3488 1636 1629 3482 3489 
3057 1636 1629 3482 3489 396 395 1578 1579 
3058 155 154 852 853 1637 1630 3483 3490 
3059 1637 1630 3483 3490 1638 1631 3484 3491 
3060 1638 1631 3484 3491 1639 1632 3485 3492 
3061 1639 1632 3485 3492 1640 1633 3486 3493 
3062 1640 1633 3486 3493 1641 1634 3487 3494 
3063 1641 1634 3487 3494 1642 1635 3488 3495 
3064 1642 1635 3488 3495 1643 1636 3489 3496 
3065 1643 1636 3489 3496 397 396 1579 1580 
3066 16 155 853 158 408 1637 3490 1604 
3067 408 1637 3490 1604 409 1638 3491 1607 
3068 409 1638 3491 1607 410 1639 3492 1610 
3069 410 1639 3492 1610 411 1640 3493 1613 
3070 411 1640 3493 1613 412 1641 3494 1616 
3071 412 1641 3494 1616 413 1642 3495 1619 
3072 413 1642 3495 1619 414 1643 3496 1622 
3073 414 1643 3496 1622 40 397 1580 400 
3 13 5 256
3074 902 83 8 192 3497 1369 347 1686 
3075 3497 1369 347 1686 3498 1372 348 1687 
3076 3498 1372 348 1687 3499 1375 349 1688 
3077 3499 1375 349 1688 3500 1378 350 1689 
3078 3500 1378 350 1689 3501 1381 351 1690 
3079 3501 1381 351 1690 3502 1384 352 1691 
3080 3502 1384 352 1691 3503 1387 353 1692 
3081 3503 1387 353 1692 1644 327 36 425 
3082 903 902 192 193 3504 3497 1686 1693 
3083 3504 3497 1686 1693 3505 3498 1687 1694 
3084 3505 3498 1687 1694 3506 3499 1688 1695 
3085 3506 3499 1688 1695 3507 3500 1689 1696 
3086 3507 3500 1689 1696 3508 3501 1690 1697 
3087 3508 3501 1690 1697 3509 3502 1691 1698 
3088 3509 3502 1691 1698 3510 3503 1692 1699 
3089 3510 3503 1692 1699 1645 1644 425 426 
3090 904 903 193 194 3511 3504 1693 1700 
3091 3511 3504 1693 1700 3512 3505 1694 1701 
3092 3512 3505 1694 1701 3513 3506 1695 1702 
3093 3513 3506 1695 1702 3514 3507 1696 1703 
3094 3514 3507 1696 1703 3515 3508 1697 1704 
3095 3515 3508 1697 1704 3516 3509 1698 1705 
3096 3516 3509 1698 1705 3517 3510 1699 1706 
3097 3517 3510 1699 1706 1646 1645 426 427 
3098 905 904 194 195 3518 3511 1700 1707 
3099 3518 3511 1700 1707 3519 3512 1701 1708 
3100 3519 3512 1701 1708 3520 3513 1702 1709 
3101 3520 3513 1702 1709 3521 3514 1703 1710 
3102 3521 3514 1703 1710 3522 3515 1704 1711 
3103 3522 3515 1704 1711 3523 3516 1705 1712 
3104 3523 3516 1705 1712 3524 3517 1706 1713 
3105 3524 3517 1706 1713 1647 1646 427 428 
3106 906 905 195 196 3525 3518 1707 1714 
3107 3525 3518 1707 1714 3526 3519 1708 1715 
3108 3526 3519 1708 1715 3527 3520 1709 1716 
3109 3527 3520 1709 1716 3528 3521 1710 1717 
3110 3528 3521 1710 1717 3529 3522 1711 1718 
3111 3529 3522 1711 1718 3530 3523 1712 1719 
3112 3530 3523 1712 1719 3531 3524 1713 1720 
3113 3531 3524 1713 1720 1648 1647 428 429 
3114 907 906 196 197 3532 3525 1714 1721 
3115 3532 3525 1714 1721 3533 3526 1715 1722 
3116 3533 3526 1715 1722 3534 3527 1716 1723 
3117 3534 3527 1716 1723 3535 3528 1717 1724 
3118 3535 3528 1717 1724 3536 3529 1718 1725 
3119 3536 3529 1718 1725 3537 3530 1719 1726 
3120 3537 3530 1719 1726 3538 3531 1720 1727 
3121 3538 3531 1720 1727 1649 1648 429 430 
3122 908 907 197 198 3539 3532 1721 1728 
3123 3539 3532 1721 1728 3540 3533 1722 1729 
3124 3540 3533 1722 1729 3541 3534 1723 1730 
3125 3541 3534 1723 1730 3542 3535 1724 1731 
3126 3542 3535 1724 1731 3543 3536 1725 1732 
3127 3543 3536 1725 1732 3544 3537 1726 1733 
3128 3544 3537 1726 1733 3545 3538 1727 1734 
3129 3545 3538 1727 1734 1650 1649 430 431 
3130 189 908 198 20 1665 3539 1728 432 
3131 1665 3539 1728 432 1668 3540 1729 433 
3132 1668 3540 1729 433 1671 3541 1730 434 
3133 1671 3541 1730 434 1674 3542 1731 435 
3134 1674 3542 1731 435 1677 3543 1732 436 
3135 1677 3543 1732 436 1680 3544 1733 437 
3136 1680 3544 1733 437 1683 3545 1734 438 
3137 1683 3545 1734 438 422 1650 431 42 
3138 909 84 83 902 3546 1370 1369 3497 
3139 3546 1370 1369 3497 3547 1373 1372 3498 
3140 3547 1373 1372 3498 3548 1376 1375 3499 
3141 3548 1376 1375 3499 3549 1379 1378 3500 
3142 3549 1379 1378 3500 3550 1382 1381 3501 
3143 3550 1382 1381 3501 3551 1385 1384 3502 
3144 3551 1385 1384 3502 3552 1388 1387 3503 
3145 3552 1388 1387 3503 1651 328 327 1644 
3146 910 909 902 903 3553 3546 3497 3504 
3147 3553 3546 3497 3504 3554 3547 3498 3505 
3148 3554 3547 3498 3505 3555 3548 3499 3506 
3149 3555 3548 3499 3506 3556 3549 3500 3507 
3150 3556 3549 3500 3507 3557 3550 3501 3508 
3151 3557 3550 3501 3508 3558 3551 3502 3509 
3152 3558 3551 3502 3509 3559 3552 3503 3510 
3153 3559 3552 3503 3510 1652 1651 1644 1645 
3154 911 910 903 904 3560 3553 3504 3511 
3155 3560 3553 3504 3511 3561 3554 3505 3512 
3156 3561 3554 3505 3512 3562 3555 3506 3513 
3157 3562 3555 3506 3513 3563 3556 3507 3514 
3158 3563 3556 3507 3514 3564 3557 3508 3515 
3159 3564 3557 3508 3515 3565 3558 3509 3516 
3160 3565 3558 3509 3516 3566 3559 3510 3517 
3161 3566 3559 3510 3517 1653 1652 1645 1646 
3162 912 911 904 905 3567 3560 3511 3518 
3163 3567 3560 3511 3518 3568 3561 3512 3519 
3164 3568 3561 3512 3519 3569 3562 3513 3520 
3165 3569 3562 3513 3520 3570 3563 3514 3521 
3166 3570 3563 3514 3521 3571 3564 3515 3522 
3167 3571 3564 3515 3522 3572 3565 3516 3523 
3168 3572 3565 3516 3523 3573 3566 3517 3524 
3169 3573 3566 3517 3524 1654 1653 1646 1647 
3170 913 912 905 906 3574 3567 3518 3525 
3171 3574 3567 3518 3525 3575 3568 3519 3526 
3172 3575 3568 3519 3526 3576 3569 3520 3527 
3173 3576 3569 3520 3527 3577 3570 3521 3528 
3174 3577 3570 3521 3528 3578 3571 3522 3529 
3175 3578 3571 3522 3529 3579 3572 3523 3530 
3176 3579 3572 3523 3530 3580 3573 3524 3531 
3177 3580 3573 3524 3531 1655 1654 1647 1648 
3178 914 913 906 907 3581 3574 3525 3532 
3179 3581 3574 3525 3532 3582 3575 3526 3533 
3180 3582 3575 3526 3533 3583 3576 3527 3534 
3181 3583 3576 3527 3534 3584 3577 3528 3535 
3182 3584 3577 3528 3535 3585 3578 3529 3536 
3183 3585 3578 3529 3536 3586 3579 3530 3537 
3184 3586 3579 3530 3537 3587 3580 3531 3538 
3185 3587 3580 3531 3538 1656 1655 1648 1649 
3186 915 914 907 908 3588 3581 3532 3539 
3187 3588 3581 3532 3539 3589 3582 3533 3540 
3188 3589 3582 3533 3540 3590 3583 3534 3541 
3189 3590 3583 3534 3541 3591 3584 3535 3542 
3190 3591 3584 3535 3542 3592 3585 3536 3543 
3191 3592 3585 3536 3543 3593 3586 3537 3544 
3192 3593 3586 3537 3544 3594 3587 3538 3545 
3193 3594 3587 3538 3545 1657 1656 1649 1650 
3194 190 915 908 189 1666 3588 3539 1665 
3195 1666 3588 3539 1665 1669 3589 3540 1668 
3196 1669 3589 3540 1668 1672 3590 3541 1671 
3197 1672 3590 3541 1671 1675 3591 3542 1674 
3198 1675 3591 3542 1674 1678 3592 3543 1677 
3199 1678 3592 3543 1677 1681 3593 3544 1680 
3200 1681 3593 3544 1680 1684 3594 3545 1683 
3201 1684 3594 3545 1683 423 1657 1650 422 
3202 916 85 84 909 3595 1371 1370 3546 
3203 3595 1371 1370 3546 3596 1374 1373 3547 
3204 3596 1374 1373 3547 3597 1377 1376 3548 
3205 3597 1377 1376 3548 3598 1380 1379 3549 
3206 3598 1380 1379 3549 3599 1383 1382 3550 
3207 3599 1383 1382 3550 3600 1386 1385 3551 
3208 3600 1386 1385 3551 3601 1389 1388 3552 
3209 3601 1389 1388 3552 1658 329 328 1651 
3210 917 916 909 910 3602 3595 3546 3553 
3211 3602 3595 3546 3553 3603 3596 3547 3554 
3212 3603 3596 3547 3554 3604 3597 3548 3555 
3213 3604 3597 3548 3555 3605 3598 3549 3556 
3214 3605 3598 3549 3556 3606 3599 3550 3557 
3215 3606 3599 3550 3557 3607 3600 3551 3558 
3216 3607 3600 3551 3558 3608 3601 3552 3559 
3217 3608 3601 3552 3559 1659 1658 1651 1652 
3218 918 917 910 911 3609 3602 3553 3560 
3219 3609 3602 3553 3560 3610 3603 3554 3561 
3220 3610 3603 3554 3561 3611 3604 3555 3562 
3221 3611 3604 3555 3562 3612 3605 3556 3563 
3222 3612 3605 3556 3563 3613 3606 3557 3564 
3223 3613 3606 3557 3564 3614 3607 3558 3565 
3224 3614 3607 3558 3565 3615 3608 3559 3566 
3225 3615 3608 3559 3566 1660 1659 1652 1653 
3226 919 918 911 912 3616 3609 3560 3567 
3227 3616 3609 3560 3567 3617 3610 3561 3568 
3228 3617 3610 3561 3568 3618 3611 3562 3569 
3229 3618 3611 3562 3569 3619 3612 3563 3570 
3230 3619 3612 3563 3570 3620 3613 3564 3571 
3231 3620 3613 3564 3571 3621 3614 3565 3572 
3232 3621 3614 3565 3572 3622 3615 3566 3573 
3233 3622 3615 3566 3573 1661 1660 1653 1654 
3234 920 919 912 913 3623 3616 3567 3574 
3235 3623 3616 3567 3574 3624 3617 3568 3575 
3236 3624 3617 3568 3575 3625 3618 3569 3576 
3237 3625 3618 3569 3576 3626 3619 3570 3577 
3238 3626 3619 3570 3577 3627 3620 3571 3578 
3239 3627 3620 3571 3578 3628 3621 3572 3579 
3240 3628 3621 3572 3579 3629 3622 3573 3580 
3241 3629 3622 3573 3580 1662 1661 1654 1655 
3242 921 920 913 914 3630 3623 3574 3581 
3243 3630 3623 3574 3581 3631 3624 3575 3582 
3244 3631 3624 3575 3582 3632 3625 3576 3583 
3245 3632 3625 3576 3583 3633 3626 3577 3584 
3246 3633 3626 3577 3584 3634 3627 3578 3585 
3247 3634 3627 3578 3585 3635 3628 3579 3586 
3248 3635 3628 3579 3586 3636 3629 3580 3587 
3249 3636 3629 3580 3587 1663 1662 1655 1656 
3250 922 921 914 915 3637 3630 3581 3588 
3251 3637 3630 3581 3588 3638 3631 3582 3589 
3252 3638 3631 3582 3589 3639 3632 3583 3590 
3253 3639 3632 3583 3590 3640 3633 3584 3591 
3254 3640 3633 3584 3591 3641 3634 3585 3592 
3255 3641 3634 3585 3592 3642 3635 3586 3593 
3256 3642 3635 3586 3593 3643 3636 3587 3594 
3257 3643 3636 3587 3594 1664 1663 1656 1657 
3258 191 922 915 190 1667 3637 3588 1666 
3259 1667 3637 3588 1666 1670 3638 3589 1669 
3260 1670 3638 3589 1669 1673 3639 3590 1672 
3261 1673 3639 3590 1672 1676 3640 3591 1675 
3262 1676 3640 3591 1675 1679 3641 3592 1678 
3263 1679 3641 3592 1678 1682 3642 3593 1681 
3264 1682 3642 3593 1681 1685 3643 3594 1684 
3265 1685 3643 3594 1684 424 1664 1657 423 
3266 182 7 85 916 1735 354 1371 3595 
3267 1735 354 1371 3595 1736 355 1374 3596 
3268 1736 355 1374 3596 1737 356 1377 3597 
3269 1737 356 1377 3597 1738 357 1380 3598 
3270 1738 357 1380 3598 1739 358 1383 3599 
3271 1739 358 1383 3599 1740 359 1386 3600 
3272 1740 359 1386 3600 1741 360 1389 3601 
3273 1741 360 1389 3601 415 35 329 1658 
3274 183 182 916 917 1742 1735 3595 3602 
3275 1742 1735 3595 3602 1743 1736 3596 3603 
3276 1743 1736 3596 3603 1744 1737 3597 3604 
3277 1744 1737 3597 3604 1745 1738 3598 3605 
3278 1745 1738 3598 3605 1746 1739 3599 3606 
3279 1746 1739 3599 3606 1747 1740 3600 3607 
3280 1747 1740 3600 3607 1748 1741 3601 3608 
3281 1748 1741 3601 3608 416 415 1658 1659 
3282 184 183 917 918 1749 1742 3602 3609 
3283 1749 1742 3602 3609 1750 1743 3603 3610 
3284 1750 1743 3603 3610 1751 1744 3604 3611 
3285 1751 1744 3604 3611 1752 1745 3605 3612 
3286 1752 1745 3605 3612 1753 1746 3606 3613 
3287 1753 1746 3606 3613 1754 1747 3607 3614 
3288 1754 1747 3607 3614 1755 1748 3608 3615 
3289 1755 1748 3608 3615 417 416 1659 1660 
3290 185 184 918 919 1756 1749 3609 3616 
3291 1756 1749 3609 3616 1757 1750 3610 3617 
3292 1757 1750 3610 3617 1758 1751 3611 3618 
3293 1758 1751 3611 3618 1759 1752 3612 3619 
3294 1759 1752 3612 3619 1760 1753 3613 3620 
3295 1760 1753 3613 3620 1761 1754 3614 3621 
3296 1761 1754 3614 3621 1762 1755 3615 3622 
3297 1762 1755 3615 3622 418 417 1660 1661 
3298 186 185 919 920 1763 1756 3616 3623 
3299 1763 1756 3616 3623 1764 1757 3617 3624 
3300 1764 1757 3617 3624 1765 1758 3618 3625 
3301 1765 1758 3618 3625 1766 1759 3619 3626 
3302 1766 1759 3619 3626 1767 1760 3620 3627 
3303 1767 1760 3620 3627 1768 1761 3621 3628 
3304 1768 1761 3621 3628 1769 1762 3622 3629 
3305 1769 1762 3622 3629 419 418 1661 1662 
3306 187 186 920 921 1770 1763 3623 3630 
3307 1770 1763 3623 3630 1771 1764 3624 3631 
3308 1771 1764 3624 3631 1772 1765 3625 3632 
3309 1772 1765 3625 3632 1773 1766 3626 3633 
3310 1773 1766 3626 3633 1774 1767 3627 3634 
3311 1774 1767 3627 3634 1775 1768 3628 3635 
3312 1775 1768 3628 3635 1776 1769 3629 3636 
3313 1776 1769 3629 3636 420 419 1662 1663 
3314 188 187 921 922 1777 1770 3630 3637 
3315 1777 1770 3630 3637 1778 1771 3631 3638 
3316 1778 1771 3631 3638 1779 1772 3632 3639 
3317 1779 1772 3632 3639 1780 1773 3633 3640 
3318 1780 1773 3633 3640 1781 1774 3634 3641 
3319 1781 1774 3634 3641 1782 1775 3635 3642 
3320 1782 1775 3635 3642 1783 1776 3636 3643 
3321 1783 1776 3636 3643 421 420 1663 1664 
3322 19 188 922 191 439 1777 3637 1667 
3323 439 1777 3637 1667 440 1778 3638 1670 
3324 440 1778 3638 1670 441 1779 3639 1673 
3325 441 1779 3639 1673 442 1780 3640 1676 
3326 442 1780 3640 1676 443 1781 3641 1679 
3327 443 1781 3641 1679 444 1782 3642 1682 
3328 444 1782 3642 1682 445 1783 3643 1685 
3329 445 1783 3643 1685 41 421 1664 424 
3 14 5 512
3330 1023 128 7 182 3644 1502 354 1735 
3331 3644 1502 354 1735 3645 1509 355 1736 
3332 3645 1509 355 1736 3646 1516 356 1737 
3333 3646 1516 356 1737 3647 1523 357 1738 
3334 3647 1523 357 1738 3648 1530 358 1739 
3335 3648 1530 358 1739 3649 1537 359 1740 
3336 3649 1537 359 1740 3650 1544 360 1741 
3337 3650 1544 360 1741 1784 371 35 415 
3338 1024 1023 182 183 3651 3644 1735 1742 
3339 3651 3644 1735 1742 3652 3645 1736 1743 
3340 3652 3645 1736 1743 3653 3646 1737 1744 
3341 3653 3646 1737 1744 3654 3647 1738 1745 
3342 3654 3647 1738 1745 3655 3648 1739 1746 
3343 3655 3648 1739 1746 3656 3649 1740 1747 
3344 3656 3649 1740 1747 3657 3650 1741 1748 
3345 3657 3650 1741 1748 1785 1784 415 416 
3346 1025 1024 183 184 3658 3651 1742 1749 
3347 3658 3651 1742 1749 3659 3652 1743 1750 
3348 3659 3652 1743 1750 3660 3653 1744 1751 
3349 3660 3653 1744 1751 3661 3654 1745 1752 
3350 3661 3654 1745 1752 3662 3655 1746 1753 
3351 3662 3655 1746 1753 3663 3656 1747 1754 
3352 3663 3656 1747 1754 3664 3657 1748 1755 
3353 3664 3657 1748 1755 1786 1785 416 417 
3354 1026 1025 184 185 3665 3658 1749 1756 
3355 3665 3658 1749 1756 3666 3659 1750 1757 
3356 3666 3659 1750 1757 3667 3660 1751 1758 
3357 3667 3660 1751 1758 3668 3661 1752 1759 
3358 3668 3661 1752 1759 3669 3662 1753 1760 
3359 3669 3662 1753 1760 3670 3663 1754 1761 
3360 3670 3663 1754 1761 3671 3664 1755 1762 
3361 3671 3664 1755 1762 1787 1786 417 418 
3362 1027 1026 185 186 3672 3665 1756 1763 
3363 3672 3665 1756 1763 3673 3666 1757 1764 
3364 3673 3666 1757 1764 3674 3667 1758 1765 
3365 3674 3667 1758 1765 3675 3668 1759 1766 
3366 3675 3668 1759 1766 3676 3669 1760 1767 
3367 3676 3669 1760 1767 3677 3670 1761 1768 
3368 3677 3670 1761 1768 3678 3671 1762 1769 
3369 3678 3671 1762 1769 1788 1787 418 419 
3370 1028 1027 186 187 3679 3672 1763 1770 
3371 3679 3672 1763 1770 3680 3673 1764 1771 
3372 3680 3673 1764 1771 3681 3674 1765 1772 
3373 3681 3674 1765 1772 3682 3675 1766 1773 
3374 3682 3675 1766 1773 3683 3676 1767 1774 
3375 3683 3676 1767 1774 3684 3677 1768 1775 
3376 3684 3677 1768 1775 3685 3678 1769 1776 
3377 3685 3678 1769 1776 1789 1788 419 420 
3378 1029 1028 187 188 3686 3679 1770 1777 
3379 3686 3679 1770 1777 3687 3680 1771 1778 
3380 3687 3680 1771 1778 3688 3681 1772 1779 
3381 3688 3681 1772 1779 3689 3682 1773 1780 
3382 3689 3682 1773 1780 3690 3683 1774 1781 
3383 3690 3683 1774 1781 3691 3684 1775 1782 
3384 3691 3684 1775 1782 3692 3685 1776 1783 
3385 3692 3685 1776 1783 1790 1789 420 421 
3386 226 1029 188 19 1833 3686 1777 439 
3387 1833 3686 1777 439 1840 3687 1778 440 
3388 1840 3687 1778 440 1847 3688 1779 441 
3389 1847 3688 1779 441 1854 3689 1780 442 
3390 1854 3689 1780 442 1861 3690 1781 443 
3391 1861 3690 1781 443 1868 3691 1782 444 
3392 1868 3691 1782 444 1875 3692 1783 445 
3393 1875 3692 1783 445 453 1790 421 41 
3394 1030 129 128 1023 3693 1503 1502 3644 
3395 3693 1503 1502 3644 3694 1510 1509 3645 
3396 3694 1510 1509 3645 3695 1517 1516 3646 
3397 3695 1517 1516 3646 3696 1524 1523 3647 
3398 3696 1524 1523 3647 3697 1531 1530 3648 
3399 3697 1531 1530 3648 3698 1538 1537 3649 
3400 3698 1538 1537 3649 3699 1545 1544 3650 
3401 3699 1545 1544 3650 1791 372 371 1784 
3402 1031 1030 1023 1024 3700 3693 3644 3651 
3403 3700 3693 3644 3651 3701 3694 3645 3652 
3404 3701 3694 3645 3652 3702 3695 3646 3653 
3405 3702 3695 3646 3653 3703 3696 3647 3654 
3406 3703 3696 3647 3654 3704 3697 3648 3655 
3407 3704 3697 3648 3655 3705 3698 3649 3656 
3408 3705 3698 3649 3656 3706 3699 3650 3657 
3409 3706 3699 3650 3657 1792 1791 1784 1785 
3410 1032 1031 1024 1025 3707 3700 3651 3658 
3411 3707 3700 3651 3658 3708 3701 3652 3659 
3412 3708 3701 3652 3659 3709 3702 3653 3660 
3413 3709 3702 3653 3660 3710 3703 3654 3661 
3414 3710 3703 3654 3661 3711 3704 3655 3662 
3415 3711 3704 3655 3662 3712 3705 3656 3663 
3416 3712 3705 3656 3663 3713 3706 3657 3664 
3417 3713 3706 3657 3664 1793 1792 1785 1786 
3418 1033 1032 1025 1026 3714 3707 3658 3665 
3419 3714 3707 3658 3665 3715 3708 3659 3666 
3420 3715 3708 3659 3666 3716 3709 3660 3667 
3421 3716 3709 3660 3667 3717 3710 3661 3668 
3422 3717 3710 3661 3668 3718 3711 3662 3669 
3423 3718 3711 3662 3669 3719 3712 3663 3670 
3424 3719 3712 3663 3670 3720 3713 3664 3671 
3425 3720 3713 3664 3671 1794 1793 1786 1787 
3426 1034 1033 1026 1027 3721 3714 3665 3672 
3427 3721 3714 3665 3672 3722 3715 3666 3673 
3428 3722 3715 3666 3673 3723 3716 3667 3674 
3429 3723 3716 3667 3674 3724 3717 3668 3675 
3430 3724 3717 3668 3675 3725 3718 3669 3676 
3431 3725 3718 3669 3676 3726 3719 3670 3677 
3432 3726 3719 3670 3677 3727 3720 3671 3678 
3433 3727 3720 3671 3678 1795 1794 1787 1788 
3434 1035 1034 1027 1028 3728 3721 3672 3679 
3435 3728 3721 3672 3679 3729 3722 3673 3680 
3436 3729 3722 3673 3680 3730 3723 3674 3681 
3437 3730 3723 3674 3681 3731 3724 3675 3682 
3438 3731 3724 3675 3682 3732 3725 3676 3683 
3439 3732 3725 3676 3683 3733 3726 3677 3684 
3440 3733 3726 3677 3684 3734 3727 3678 3685 
3441 3734 3727 3678 3685 1796 1795 1788 1789 
3442 1036 1035 1028 1029 3735 3728 3679 3686 
3443 3735 3728 3679 3686 3736 3729 3680 3687 
3444 3736 3729 3680 3687 3737 3730 3681 3688 
3445 3737 3730 3681 3688 3738 3731 3682 3689 
3446 3738 3731 3682 3689 3739 3732 3683 3690 
3447 3739 3732 3683 3690 3740 3733 3684 3691 
3448 3740 3733 3684 3691 3741 3734 3685 3692 
3449 3741 3734 3685 3692 1797 1796 1789 1790 
3450 227 1036 1029 226 1834 3735 3686 1833 
3451 1834 3735 3686 1833 1841 3736 3687 1840 
3452 1841 3736 3687 1840 1848 3737 3688 1847 
3453 1848 3737 3688 1847 1855 3738 3689 1854 
3454 1855 3738 3689 1854 1862 3739 3690 1861 
3455 1862 3739 3690 1861 1869 3740 3691 1868 
3456 1869 3740 3691 1868 1876 3741 3692 1875 
3457 1876 3741 3692 1875 454 1797 1790 453 
3458 1037 130 129 1030 3742 1504 1503 3693 
3459 3742 1504 1503 3693 3743 1511 1510 3694 
3460 3743 1511 1510 3694 3744 1518 1517 3695 
3461 3744 1518 1517 3695 3745 1525 1524 3696 
3462 3745 1525 1524 3696 3746 1532 1531 3697 
3463 3746 1532 1531 3697 3747 1539 1538 3698 
3464 3747 1539 1538 3698 3748 1546 1545 3699 
3465 3748 1546 1545 3699 1798 373 372 1791 
3466 1038 1037 1030 1031 3749 3742 3693 3700 
3467 3749 3742 3693 3700 3750 3743 3694 3701 
3468 3750 3743 3694 3701 3751 3744 3695 3702 
3469 3751 3744 3695 3702 3752 3745 3696 3703 
3470 3752 3745 3696 3703 3753 3746 3697 3704 
3471 3753 3746 3697 3704 3754 3747 3698 3705 
3472 3754 3747 3698 3705 3755 3748 3699 3706 
3473 3755 3748 3699 3706 1799 1798 1791 1792 
3474 1039 1038 1031 1032 3756 3749 3700 3707 
3475 3756 3749 3700 3707 3757 3750 3701 3708 
3476 3757 3750 3701 3708 3758 3751 3702 3709 
3477 3758 3751 3702 3709 3759 3752 3703 3710 
3478 3759 3752 3703 3710 3760 3753 3704 3711 
3479 3760 3753 3704 3711 3761 3754 3705 3712 
3480 3761 3754 3705 3712 3762 3755 3706 3713 
3481 3762 3755 3706 3713 1800 1799 1792 1793 
3482 1040 1039 1032 1033 3763 3756 3707 3714 
3483 3763 3756 3707 3714 3764 3757 3708 3715 
3484 3764 3757 3708 3715 3765 3758 3709 3716 
3485 3765 3758 3709 3716 3766 3759 3710 3717 
3486 3766 3759 3710 3717 3767 3760 3711 3718 
3487 3767 3760 3711 3718 3768 3761 3712 3719 
3488 3768 3761 3712 3719 3769 3762 3713 3720 
3489 3769 3762 3713 3720 1801 1800 1793 1794 
3490 1041 1040 1033 1034 3770 3763 3714 3721 
3491 3770 3763 3714 3721 3771 3764 3715 3722 
3492 3771 3764 3715 3722 3772 3765 3716 3723 
3493 3772 3765 3716 3723 3773 3766 3717 3724 
3494 3773 3766 3717 3724 3774 3767 3718 3725 
3495 3774 3767 3718 3725 3775 3768 3719 3726 
3496 3775 3768 3719 3726 3776 3769 3720 3727 
3497 3776 3769 3720 3727 1802 1801 1794 1795 
3498 1042 1041 1034 1035 3777 3770 3721 3728 
3499 3777 3770 3721 3728 3778 3771 3722 3729 
3500 3778 3771 3722 3729 3779 3772 3723 3730 
3501 3779 3772 3723 3730 3780 3773 3724 3731 
3502 3780 3773 3724 3731 3781 3774 3725 3732 
3503 3781 3774 3725 3732 3782 3775 3726 3733 
3504 3782 3775 3726 3733 3783 3776 3727 3734 
3505 3783 3776 3727 3734 1803 1802 1795 1796 
3506 1043 1042 1035 1036 3784 3777 3728 3735 
3507 3784 3777 3728 3735 3785 3778 3729 3736 
3508 3785 3778 3729 3736 3786 3779 3730 3737 
3509 3786 3779 3730 3737 3787 3780 3731 3738 
3510 3787 3780 3731 3738 3788 3781 3732 3739 
3511 3788 3781 3732 3739 3789 3782 3733 3740 
3512 3789 3782 3733 3740 3790 3783 3734 3741 
3513 3790 3783 3734 3741 1804 1803 1796 1797 
3514 228 1043 1036 227 1835 3784 3735 1834 
3515 1835 3784 3735 1834 1842 3785 3736 1841 
3516 1842 3785 3736 1841 1849 3786 3737 1848 
3517 1849 3786 3737 1848 1856 3787 3738 1855 
3518 1856 3787 3738 1855 1863 3788 3739 1862 
3519 1863 3788 3739 1862 1870 3789 3740 1869 
3520 1870 3789 3740 1869 1877 3790 3741 1876 
3521 1877 3790 3741 1876 455 1804 1797 454 
3522 1044 131 130 1037 3791 1505 1504 3742 
3523 3791 1505 1504 3742 3792 1512 1511 3743 
3524 3792 1512 1511 3743 3793 1519 1518 3744 
3525 3793 1519 1518 3744 3794 1526 1525 3745 
3526 3794 1526 1525 3745 3795 1533 1532 3746 
3527 3795 1533 1532 3746 3796 1540 1539 3747 
3528 3796 1540 1539 3747 3797 1547 1546 3748 
3529 3797 1547 1546 3748 1805 374 373 1798 
3530 1045 1044 1037 1038 3798 3791 3742 3749 
3531 3798 3791 3742 3749 3799 3792 3743 3750 
3532 3799 3792 3743 3750 3800 3793 3744 3751 
3533 3800 3793 3744 3751 3801 3794 3745 3752 
3534 3801 3794 3745 3752 3802 3795 3746 3753 
3535 3802 3795 3746 3753 3803 3796 3747 3754 
3536 3803 3796 3747 3754 3804 3797 3748 3755 
3537 3804 3797 3748 3755 1806 1805 1798 1799 
3538 1046 1045 1038 1039 3805 3798 3749 3756 
3539 3805 3798 3749 3756 3806 3799 3750 3757 
3540 3806 3799 3750 3757 3807 3800 3751 3758 
3541 3807 3800 3751 3758 3808 3801 3752 3759 
3542 3808 3801 3752 3759 3809 3802 3753 3760 
3543 3809 3802 3753 3760 3810 3803 3754 3761 
3544 3810 3803 3754 3761 3811 3804 3755 3762 
3545 3811 3804 3755 3762 1807 1806 1799 1800 
3546 1047 1046 1039 1040 3812 3805 3756 3763 
3547 3812 3805 3756 3763 3813 3806 3757 3764 
3548 3813 3806 3757 3764 3814 3807 3758 3765 
3549 3814 3807 3758 3765 3815 3808 3759 3766 
3550 3815 3808 3759 3766 3816 3809 3760 3767 
3551 3816 3809 3760 3767 3817 3810 3761 3768 
3552 3817 3810 3761 3768 3818 3811 3762 3769 
3553 3818 3811 3762 3769 1808 1807 1800 1801 
3554 1048 1047 1040 1041 3819 3812 3763 3770 
3555 3819 3812 3763 3770 3820 3813 3764 3771 
3556 3820 3813 3764 3771 3821 3814 3765 3772 
3557 3821 3814 3765 3772 3822 3815 3766 3773 
3558 3822 3815 3766 3773 3823 3816 3767 3774 
3559 3823 3816 3767 3774 3824 3817 3768 3775 
3560 3824 3817 3768 3775 3825 3818 3769 3776 
3561 3825 3818 3769 3776 1809 1808 1801 1802 
3562 1049 1048 1041 1042 3826 3819 3770 3777 
3563 3826 3819 3770 3777 3827 3820 3771 3778 
3564 3827 3820 3771 3778 3828 3821 3772 3779 
3565 3828 3821 3772 3779 3829 3822 3773 3780 
3566 3829 3822 3773 3780 3830 3823 3774 3781 
3567 3830 3823 3774 3781 3831 3824 3775 3782 
3568 3831 3824 3775 3782 3832 3825 3776 3783 
3569 3832 3825 3776 3783 1810 1809 1802 1803 
3570 1050 1049 1042 1043 3833 3826 3777 3784 
3571 3833 3826 3777 3784 3834 3827 3778 3785 
3572 3834 3827 3778 3785 3835 3828 3779 3786 
3573 3835 3828 3779 3786 3836 3829 3780 3787 
3574 3836 3829 3780 3787 3837 3830 3781 3788 
3575 3837 3830 3781 3788 3838 3831 3782 3789 
3576 3838 3831 3782 3789 3839 3832 3783 3790 
3577 3839 3832 3783 3790 1811 1810 1803 1804 
3578 229 1050 1043 228 1836 3833 3784 1835 
3579 1836 3833 3784 1835 1843 3834 3785 1842 
3580 1843 3834 3785 1842 1850 3835 3786 1849 
3581 1850 3835 3786 1849 1857 3836 3787 1856 
3582 1857 3836 3787 1856 1864 3837 3788 1863 
3583 1864 3837 3788 1863 1871 3838 3789 1870 
3584 1871 3838 3789 1870 1878 3839 3790 1877 
3585 1878 3839 3790 1877 456 1811 1804 455 
3586 1051 132 131 1044 3840 1506 1505 3791 
3587 3840 1506 1505 3791 3841 1513 1512 3792 
3588 3841 1513 1512 3792 3842 1520 1519 3793 
3589 3842 1520 1519 3793 3843 1527 1526 3794 
3590 3843 1527 1526 3794 3844 1534 1533 3795 
3591 3844 1534 1533 3795 3845 1541 1540 3796 
3592 3845 1541 1540 3796 3846 1548 1547 3797 
3593 3846 1548 1547 3797 1812 375 374 1805 
3594 1052 1051 1044 1045 3847 3840 3791 3798 
3595 3847 3840 3791 3798 3848 3841 3792 3799 
3596 3848 3841 3792 3799 3849 3842 3793 3800 
3597 3849 3842 3793 3800 3850 3843 3794 3801 
3598 3850 3843 3794 3801 3851 3844 3795 3802 
3599 3851 3844 3795 3802 3852 3845 3796 3803 
3600 3852 3845 3796 3803 3853 3846 3797 3804 
3601 3853 3846 3797 3804 1813 1812 1805 1806 
3602 1053 1052 1045 1046 3854 3847 3798 3805 
3603 3854 3847 3798 3805 3855 3848 3799 3806 
3604 3855 3848 3799 3806 3856 3849 3800 3807 
3605 3856 3849 3800 3807 3857 3850 3801 3808 
3606 3857 3850 3801 3808 3858 3851 3802 3809 
3607 3858 3851 3802 3809 3859 3852 3803 3810 
3608 3859 3852 3803 3810 3860 3853 3804 3811 
3609 3860 3853 3804 3811 1814 1813 1806 1807 
3610 1054 1053 1046 1047 3861 3854 3805 3812 
3611 3861 3854 3805 3812 3862 3855 3806 3813 
3612 3862 3855 3806 3813 3863 3856 3807 3814 
3613 3863 3856 3807 3814 3864 3857 3808 3815 
3614 3864 3857 3808 3815 3865 3858 3809 3816 
3615 3865 3858 3809 3816 3866 3859 3810 3817 
3616 3866 3859 3810 3817 3867 3860 3811 3818 
3617 3867 3860 3811 3818 1815 1814 1807 1808 
3618 1055 1054 1047 1048 3868 3861 3812 3819 
3619 3868 3861 3812 3819 3869 3862 3813 3820 
3620 3869 3862 3813 3820 3870 3863 3814 3821 
3621 3870 3863 3814 3821 3871 3864 3815 3822 
3622 3871 3864 3815 3822 3872 3865 3816 3823 
3623 3872 3865 3816 3823 3873 3866 3817 3824 
3624 3873 3866 3817 3824 3874 3867 3818 3825 
3625 3874 3867 3818 3825 1816 1815 1808 1809 
3626 1056 1055 1048 1049 3875 3868 3819 3826 
3627 3875 3868 3819 3826 3876 3869 3820 3827 
3628 3876 3869 3820 3827 3877 3870 3821 3828 
3629 3877 3870 3821 3828 3878 3871 3822 3829 
3630 3878 3871 3822 3829 3879 3872 3823 3830 
3631 3879 3872 3823 3830 3880 3873 3824 3831 
3632 3880 3873 3824 3831 3881 3874 3825 3832 
3633 3881 3874 3825 3832 1817 1816 1809 1810 
3634 1057 1056 1049 1050 3882 3875 3826 3833 
3635 3882 3875 3826 3833 3883 3876 3827 3834 
3636 3883 3876 3827 3834 3884 3877 3828 3835 
3637 3884 3877 3828 3835 3885 3878 3829 3836 
3638 3885 3878 3829 3836 3886 3879 3830 3837 
3639 3886 3879 3830 3837 3887 3880 3831 3838 
3640 3887 3880 3831 3838 3888 3881 3832 3839 
3641 3888 3881 3832 3839 1818 1817 1810 1811 
3642 230 1057 1050 229 1837 3882 3833 1836 
3643 1837 3882 3833 1836 1844 3883 3834 1843 
3644 1844 3883 3834 1843 1851 3884 3835 1850 
3645 1851 3884 3835 1850 1858 3885 3836 1857 
3646 1858 3885 3836 1857 1865 3886 3837 1864 
3647 1865 3886 3837 1864 1872 3887 3838 1871 
3648 1872 3887 3838 1871 1879 3888 3839 1878 
3649 1879 3888 3839 1878 457 1818 1811 456 
3650 1058 133 132 1051 3889 1507 1506 3840 
3651 3889 1507 1506 3840 3890 1514 1513 3841 
3652 3890 1514 1513 3841 3891 1521 1520 3842 
3653 3891 1521 1520 3842 3892 1528 1527 3843 
3654 3892 1528 1527 3843 3893 1535 1534 3844 
3655 3893 1535 1534 3844 3894 1542 1541 3845 
3656 3894 1542 1541 3845 3895 1549 1548 3846 
3657 3895 1549 1548 3846 1819 376 375 1812 
3658 1059 1058 1051 1052 3896 3889 3840 3847 
3659 3896 3889 3840 3847 3897 3890 3841 3848 
3660 3897 3890 3841 3848 3898 3891 3842 3849 
3661 3898 3891 3842 3849 3899 3892 3843 3850 
3662 3899 3892 3843 3850 3900 3893 3844 3851 
3663 3900 3893 3844 3851 3901 3894 3845 3852 
3664 3901 3894 3845 3852 3902 3895 3846 3853 
3665 3902 3895 3846 3853 1820 1819 1812 1813 
3666 1060 1059 1052 1053 3903 3896 3847 3854 
3667 3903 3896 3847 3854 3904 3897 3848 3855 
3668 3904 3897 3848 3855 3905 3898 3849 3856 
3669 3905 3898 3849 3856 3906 3899 3850 3857 
3670 3906 3899 3850 3857 3907 3900 3851 3858 
3671 3907 3900 3851 3858 3908 3901 3852 3859 
3672 3908 3901 3852 3859 3909 3902 3853 3860 
3673 3909 3902 3853 3860 1821 1820 1813 1814 
3674 1061 1060 1053 1054 3910 3903 3854 3861 
3675 3910 3903 3854 3861 3911 3904 3855 3862 
3676 3911 3904 3855 3862 3912 3905 3856 3863 
3677 3912 3905 3856 3863 3913 3906 3857 3864 
3678 3913 3906 3857 3864 3914 3907 3858 3865 
3679 3914 3907 3858 3865 3915 3908 3859 3866 
3680 3915 3908 3859 3866 3916 3909 3860 3867 
3681 3916 3909 3860 3867 1822 1821 1814 1815 
3682 1062 1061 1054 1055 3917 3910 3861 3868 
3683 3917 3910 3861 3868 3918 3911 3862 3869 
3684 3918 3911 3862 3869 3919 3912 3863 3870 
3685 3919 3912 3863 3870 3920 3913 3864 3871 
3686 3920 3913 3864 3871 3921 3914 3865 3872 
3687 3921 3914 3865 3872 3922 3915 3866 3873 
3688 3922 3915 3866 3873 3923 3916 3867 3874 
3689 3923 3916 3867 3874 1823 1822 1815 1816 
3690 1063 1062 1055 1056 3924 3917 3868 3875 
3691 3924 3917 3868 3875 3925 3918 3869 3876 
3692 3925 3918 3869 3876 3926 3919 3870 3877 
3693 3926 3919 3870 3877 3927 3920 3871 3878 
3694 3927 3920 3871 3878 3928 3921 3872 3879 
3695 3928 3921 3872 3879 3929 3922 3873 3880 
3696 3929 3922 3873 3880 3930 3923 3874 3881 
3697 3930 3923 3874 3881 1824 1823 1816 1817 
3698 1064 1063 1056 1057 3931 3924 3875 3882 
3699 3931 3924 3875 3882 3932 3925 3876 3883 
3700 3932 3925 3876 3883 3933 3926 3877 3884 
3701 3933 3926 3877 3884 3934 3927 3878 3885 
3702 3934 3927 3878 3885 3935 3928 3879 3886 
3703 3935 3928 3879 3886 3936 3929 3880 3887 
3704 3936 3929 3880 3887 3937 3930 3881 3888 
3705 3937 3930 3881 3888 1825 1824 1817 1818 
3706 231 1064 1057 230 1838 3931 3882 1837 
3707 1838 3931 3882 1837 1845 3932 3883 1844 
3708 1845 3932 3883 1844 1852 3933 3884 1851 
3709 1852 3933 3884 1851 1859 3934 3885 1858 
3710 1859 3934 3885 1858 1866 3935 3886 1865 
3711 1866 3935 3886 1865 1873 3936 3887 1872 
3712 1873 3936 3887 1872 1880 3937 3888 1879 
3713 1880 3937 3888 1879 458 1825 1818 457 
3714 1065 134 133 1058 3938 1508 1507 3889 
3715 3938 1508 1507 3889 3939 1515 1514 3890 
3716 3939 1515 1514 3890 3940 1522 1521 3891 
3717 3940 1522 1521 3891 3941 1529 1528 3892 
3718 3941 1529 1528 3892 3942 1536 1535 3893 
3719 3942 1536 1535 3893 3943 1543 1542 3894 
3720 3943 1543 1542 3894 3944 1550 1549 3895 
3721 3944 1550 1549 3895 1826 377 376 1819 
3722 1066 1065 1058 1059 3945 3938 3889 3896 
3723 3945 3938 3889 3896 3946 3939 3890 3897 
3724 3946 3939 3890 3897 3947 3940 3891 3898 
3725 3947 3940 3891 3898 3948 3941 3892 3899 
3726 3948 3941 3892 3899 3949 3942 3893 3900 
3727 3949 3942 3893 3900 3950 3943 3894 3901 
3728 3950 3943 3894 3901 3951 3944 3895 3902 
3729 3951 3944 3895 3902 1827 1826 1819 1820 
3730 1067 1066 1059 1060 3952 3945 3896 3903 
3731 3952 3945 3896 3903 3953 3946 3897 3904 
3732 3953 3946 3897 3904 3954 3947 3898 3905 
3733 3954 3947 3898 3905 3955 3948 3899 3906 
3734 3955 3948 3899 3906 3956 3949 3900 3907 
3735 3956 3949 3900 3907 3957 3950 3901 3908 
3736 3957 3950 3901 3908 3958 3951 3902 3909 
3737 3958 3951 3902 3909 1828 1827 1820 1821 
3738 1068 1067 1060 1061 3959 3952 3903 3910 
3739 3959 3952 3903 3910 3960 3953 3904 3911 
3740 3960 3953 3904 3911 3961 3954 3905 3912 
3741 3961 3954 3905 3912 3962 3955 3906 3913 
3742 3962 3955 3906 3913 3963 3956 3907 3914 
3743 3963 3956 3907 3914 3964 3957 3908 3915 
3744 3964 3957 3908 3915 3965 3958 3909 3916 
3745 3965 3958 3909 3916 1829 1828 1821 1822 
3746 1069 1068 1061 1062 3966 3959 3910 3917 
3747 3966 3959 3910 3917 3967 3960 3911 3918 
3748 3967 3960 3911 3918 3968 3961 3912 3919 
3749 3968 3961 3912 3919 3969 3962 3913 3920 
3750 3969 3962 3913 3920 3970 3963 3914 3921 
3751 3970 3963 3914 3921 3971 3964 3915 3922 
3752 3971 3964 3915 3922 3972 3965 3916 3923 
3753 3972 3965 3916 3923 1830 1829 1822 1823 
3754 1070 1069 1062 1063 3973 3966 3917 3924 
3755 3973 3966 3917 3924 3974 3967 3918 3925 
3756 3974 3967 3918 3925 3975 3968 3919 3926 
3757 3975 3968 3919 3926 3976 3969 3920 3927 
3758 3976 3969 3920 3927 3977 3970 3921 3928 
3759 3977 3970 3921 3928 3978 3971 3922 3929 
3760 3978 3971 3922 3929 3979 3972 3923 3930 
3761 3979 3972 3923 3930 1831 1830 1823 1824 
3762 1071 1070 1063 1064 3980 3973 3924 3931 
3763 3980 3973 3924 3931 3981 3974 3925 3932 
3764 3981 3974 3925 3932 3982 3975 3926 3933 
3765 3982 3975 3926 3933 3983 3976 3927 3934 
3766 3983 3976 3927 3934 3984 3977 3928 3935 
3767 3984 3977 3928 3935 3985 3978 3929 3936 
3768 3985 3978 3929 3936 3986 3979 3930 3937 
3769 3986 3979 3930 3937 1832 1831 1824 1825 
3770 232 1071 1064 231 1839 3980 3931 1838 
3771 1839 3980 3931 1838 1846 3981 3932 1845 
3772 1846 3981 3932 1845 1853 3982 3933 1852 
3773 1853 3982 3933 1852 1860 3983 3934 1859 
3774 1860 3983 3934 1859 1867 3984 3935 1866 
3775 1867 3984 3935 1866 1874 3985 3936 1873 
3776 1874 3985 3936 1873 1881 3986 3937 1880 
3777 1881 3986 3937 1880 459 1832 1825 458 
3778 219 12 134 1065 1882 385 1508 3938 
3779 1882 385 1508 3938 1883 386 1515 3939 
3780 1883 386 1515 3939 1884 387 1522 3940 
3781 1884 387 1522 3940 1885 388 1529 3941 
3782 1885 388 1529 3941 1886 389 1536 3942 
3783 1886 389 1536 3942 1887 390 1543 3943 
3784 1887 390 1543 3943 1888 391 1550 3944 
3785 1888 391 1550 3944 446 38 377 1826 
3786 220 219 1065 1066 1889 1882 3938 3945 
3787 1889 1882 3938 3945 1890 1883 3939 3946 
3788 1890 1883 3939 3946 1891 1884 3940 3947 
3789 1891 1884 3940 3947 1892 1885 3941 3948 
3790 1892 1885 3941 3948 1893 1886 3942 3949 
3791 1893 1886 3942 3949 1894 1887 3943 3950 
3792 1894 1887 3943 3950 1895 1888 3944 3951 
3793 1895 1888 3944 3951 447 446 1826 1827 
3794 221 220 1066 1067 1896 1889 3945 3952 
3795 1896 1889 3945 3952 1897 1890 3946 3953 
3796 1897 1890 3946 3953 1898 1891 3947 3954 
3797 1898 1891 3947 3954 1899 1892 3948 3955 
3798 1899 1892 3948 3955 1900 1893 3949 3956 
3799 1900 1893 3949 3956 1901 1894 3950 3957 
3800 1901 1894 3950 3957 1902 1895 3951 3958 
3801 1902 1895 3951 3958 448 447 1827 1828 
3802 222 221 1067 1068 1903 1896 3952 3959 
3803 1903 1896 3952 3959 1904 1897 3953 3960 
3804 1904 1897 3953 3960 1905 1898 3954 3961 
3805 1905 1898 3954 3961 1906 1899 3955 3962 
3806 1906 1899 3955 3962 1907 1900 3956 3963 
3807 1907 1900 3956 3963 1908 1901 3957 3964 
3808 1908 1901 3957 3964 1909 1902 3958 3965 
3809 1909 1902 3958 3965 449 448 1828 1829 
3810 223 222 1068 1069 1910 1903 3959 3966 
3811 1910 1903 3959 3966 1911 1904 3960 3967 
3812 1911 1904 3960 3967 1912 1905 3961 3968 
3813 1912 1905 3961 3968 1913 1906 3962 3969 
3814 1913 1906 3962 3969 1914 1907 3963 3970 
3815 1914 1907 3963 3970 1915 1908 3964 3971 
3816 1915 1908 3964 3971 1916 1909 3965 3972 
3817 1916 1909 3965 3972 450 449 1829 1830 
3818 224 223 1069 1070 1917 1910 3966 3973 
3819 1917 1910 3966 3973 1918 1911 3967 3974 
3820 1918 1911 3967 3974 1919 1912 3968 3975 
3821 1919 1912 3968 3975 1920 1913 3969 3976 
3822 1920 1913 3969 3976 1921 1914 3970 3977 
3823 1921 1914 3970 3977 1922 1915 3971 3978 
3824 1922 1915 3971 3978 1923 1916 3972 3979 
3825 1923 1916 3972 3979 451 450 1830 1831 
3826 225 224 1070 1071 1924 1917 3973 3980 
3827 1924 1917 3973 3980 1925 1918 3974 3981 
3828 1925 1918 3974 3981 1926 1919 3975 3982 
3829 1926 1919 3975 3982 1927 1920 3976 3983 
3830 1927 1920 3976 3983 1928 1921 3977 3984 
3831 1928 1921 3977 3984 1929 1922 3978 3985 
3832 1929 1922 3978 3985 1930 1923 3979 3986 
3833 1930 1923 3979 3986 452 451 1831 1832 
3834 22 225 1071 232 460 1924 3980 1839 
3835 460 1924 3980 1839 461 1925 3981 1846 
3836 461 1925 3981 1846 462 1926 3982 1853 
3837 462 1926 3982 1853 463 1927 3983 1860 
3838 463 1927 3983 1860 464 1928 3984 1867 
3839 464 1928 3984 1867 465 1929 3985 1874 
3840 465 1929 3985 1874 466 1930 3986 1881 
3841 466 1930 3986 1881 43 452 1832 459 
3 15 5 256
3842 1135 156 12 219 3987 1602 385 1882 
3843 3987 1602 385 1882 3988 1605 386 1883 
3844 3988 1605 386 1883 3989 1608 387 1884 
3845 3989 1608 387 1884 3990 1611 388 1885 
3846 3990 1611 388 1885 3991 1614 389 1886 
3847 3991 1614 389 1886 3992 1617 390 1887 
3848 3992 1617 390 1887 3993 1620 391 1888 
3849 3993 1620 391 1888 1931 398 38 446 
3850 1136 1135 219 220 3994 3987 1882 1889 
3851 3994 3987 1882 1889 3995 3988 1883 1890 
3852 3995 3988 1883 1890 3996 3989 1884 1891 
3853 3996 3989 1884 1891 3997 3990 1885 1892 
3854 3997 3990 1885 1892 3998 3991 1886 1893 
3855 3998 3991 1886 1893 3999 3992 1887 1894 
3856 3999 3992 1887 1894 4000 3993 1888 1895 
3857 4000 3993 1888 1895 1932 1931 446 447 
3858 1137 1136 220 221 4001 3994 1889 1896 
3859 4001 3994 1889 1896 4002 3995 1890 1897 
3860 4002 3995 1890 1897 4003 3996 1891 1898 
3861 4003 3996 1891 1898 4004 3997 1892 1899 
3862 4004 3997 1892 1899 4005 3998 1893 1900 
3863 4005 3998 1893 1900 4006 3999 1894 1901 
3864 4006 3999 1894 1901 4007 4000 1895 1902 
3865 4007 4000 1895 1902 1933 1932 447 448 
3866 1138 1137 221 222 4008 4001 1896 1903 
3867 4008 4001 1896 1903 4009 4002 1897 1904 
3868 4009 4002 1897 1904 4010 4003 1898 1905 
3869 4010 4003 1898 1905 4011 4004 1899 1906 
3870 4011 4004 1899 1906 4012 4005 1900 1907 
3871 4012 4005 1900 1907 4013 4006 1901 1908 
3872 4013 4006 1901 1908 4014 4007 1902 1909 
3873 4014 4007 1902 1909 1934 1933 448 449 
3874 1139 1138 222 223 4015 4008 1903 1910 
3875 4015 4008 1903 1910 4016 4009 1904 1911 
3876 4016 4009 1904 1911 4017 4010 1905 1912 
3877 4017 4010 1905 1912 4018 4011 1906 1913 
3878 4018 4011 1906 1913 4019 4012 1907 1914 
3879 4019 4012 1907 1914 4020 4013 1908 1915 
3880 4020 4013 1908 1915 4021 4014 1909 1916 
3881 4021 4014 1909 1916 1935 1934 449 450 
3882 1140 1139 223 224 4022 4015 1910 1917 
3883 4022 4015 1910 1917 4023 4016 1911 1918 
3884 4023 4016 1911 1918 4024 4017 1912 1919 
3885 4024 4017 1912 1919 4025 4018 1913 1920 
3886 4025 4018 1913 1920 4026 4019 1914 1921 
3887 4026 4019 1914 1921 4027 4020 1915 1922 
3888 4027 4020 1915 1922 4028 4021 1916 1923 
3889 4028 4021 1916 1923 1936 1935 450 451 
3890 1141 1140 224 225 4029 4022 1917 1924 
3891 4029 4022 1917 1924 4030 4023 1918 1925 
3892 4030 4023 1918 1925 4031 4024 1919 1926 
3893 4031 4024 1919 1926 4032 4025 1920 1927 
3894 4032 4025 1920 1927 4033 4026 1921 1928 
3895 4033 4026 1921 1928 4034 4027 1922 1929 
3896 4034 4027 1922 1929 4035 4028 1923 1930 
3897 4035 4028 1923 1930 1937 1936 451 452 
3898 253 1141 225 22 1952 4029 1924 460 
3899 1952 4029 1924 460 1955 4030 1925 461 
3900 1955 4030 1925 461 1958 4031 1926 462 
3901 1958 4031 1926 462 1961 4032 1927 463 
3902 1961 4032 1927 463 1964 4033 1928 464 
3903 1964 4033 1928 464 1967 4034 1929 465 
3904 1967 4034 1929 465 1970 4035 1930 466 
3905 1970 4035 1930 466 474 1937 452 43 
3906 1142 157 156 1135 4036 1603 1602 3987 
3907 4036 1603 1602 3987 4037 1606 1605 3988 
3908 4037 1606 1605 3988 4038 1609 1608 3989 
3909 4038 1609 1608 3989 4039 1612 1611 3990 
3910 4039 1612 1611 3990 4040 1615 1614 3991 
3911 4040 1615 1614 3991 4041 1618 1617 3992 
3912 4041 1618 1617 3992 4042 1621 1620 3993 
3913 4042 1621 1620 3993 1938 399 398 1931 
3914 1143 1142 1135 1136 4043 4036 3987 3994 
3915 4043 4036 3987 3994 4044 4037 3988 3995 
3916 4044 4037 3988 3995 4045 4038 3989 3996 
3917 4045 4038 3989 3996 4046 4039 3990 3997 
3918 4046 4039 3990 3997 4047 4040 3991 3998 
3919 4047 4040 3991 3998 4048 4041 3992 3999 
3920 4048 4041 3992 3999 4049 4042 3993 4000 
3921 4049 4042 3993 4000 1939 1938 1931 1932 
3922 1144 1143 1136 1137 4050 4043 3994 4001 
3923 4050 4043 3994 4001 4051 4044 3995 4002 
3924 4051 4044 3995 4002 4052 4045 3996 4003 
3925 4052 4045 3996 4003 4053 4046 3997 4004 
3926 4053 4046 3997 4004 4054 4047 3998 4005 
3927 4054 4047 3998 4005 4055 4048 3999 4006 
3928 4055 4048 3999 4006 4056 4049 4000 4007 
3929 4056 4049 4000 4007 1940 1939 1932 1933 
3930 1145 1144 1137 1138 4057 4050 4001 4008 
3931 4057 4050 4001 4008 4058 4051 4002 4009 
3932 4058 4051 4002 4009 4059 4052 4003 4010 
3933 4059 4052 4003 4010 4060 4053 4004 4011 
3934 4060 4053 4004 4011 4061 4054 4005 4012 
3935 4061 4054 4005 4012 4062 4055 4006 4013 
3936 4062 4055 4006 4013 4063 4056 4007 4014 
3937 4063 4056 4007 4014 1941 1940 1933 1934 
3938 1146 1145 1138 1139 4064 4057 4008 4015 
3939 4064 4057 4008 4015 4065 4058 4009 4016 
3940 4065 4058 4009 4016 4066 4059 4010 4017 
3941 4066 4059 4010 4017 4067 4060 4011 4018 
3942 4067 4060 4011 4018 4068 4061 4012 4019 
3943 4068 4061 4012 4019 4069 4062 4013 4020 
3944 4069 4062 4013 4020 4070 4063 4014 4021 
3945 4070 4063 4014 4021 1942 1941 1934 1935 
3946 1147 1146 1139 1140 4071 4064 4015 4022 
3947 4071 4064 4015 4022 4072 4065 4016 4023 
3948 4072 4065 4016 4023 4073 4066 4017 4024 
3949 4073 4066 4017 4024 4074 4067 4018 4025 
3950 4074 4067 4018 4025 4075 4068 4019 4026 
3951 4075 4068 4019 4026 4076 4069 4020 4027 
3952 4076 4069 4020 4027 4077 4070 4021 4028 
3953 4077 4070 4021 4028 1943 1942 1935 1936 
3954 1148 1147 1140 1141 4078 4071 4022 4029 
3955 4078 4071 4022 4029 4079 4072 4023 4030 
3956 4079 4072 4023 4030 4080 4073 4024 4031 
3957 4080 4073 4024 4031 4081 4074 4025 4032 
3958 4081 4074 4025 4032 4082 4075 4026 4033 
3959 4082 4075 4026 4033 4083 4076 4027 4034 
3960 4083 4076 4027 4034 4084 4077 4028 4035 
3961 4084 4077 4028 4035 1944 1943 1936 1937 
3962 254 1148 1141 253 1953 4078 4029 1952 
3963 1953 4078 4029 1952 1956 4079 4030 1955 
3964 1956 4079 4030 1955 1959 4080 4031 1958 
3965 1959 4080 4031 1958 1962 4081 4032 1961 
3966 1962 4081 4032 1961 1965 4082 4033 1964 
3967 1965 4082 4033 1964 1968 4083 4034 1967 
3968 1968 4083 4034 1967 1971 4084 4035 1970 
3969 1971 4084 4035 1970 475 1944 1937 474 
3970 1149 158 157 1142 4085 1604 1603 4036 
3971 4085 1604 1603 4036 4086 1607 1606 4037 
3972 4086 1607 1606 4037 4087 1610 1609 4038 
3973 4087 1610 1609 4038 4088 1613 1612 4039 
3974 4088 1613 1612 4039 4089 1616 1615 4040 
3975 4089 1616 1615 4040 4090 1619 1618 4041 
3976 4090 1619 1618 4041 4091 1622 1621 4042 
3977 4091 1622 1621 4042 1945 400 399 1938 
3978 1150 1149 1142 1143 4092 4085 4036 4043 
3979 4092 4085 4036 4043 4093 4086 4037 4044 
3980 4093 4086 4037 4044 4094 4087 4038 4045 
3981 4094 4087 4038 4045 4095 4088 4039 4046 
3982 4095 4088 4039 4046 4096 4089 4040 4047 
3983 4096 4089 4040 4047 4097 4090 4041 4048 
3984 4097 4090 4041 4048 4098 4091 4042 4049 
3985 4098 4091 4042 4049 1946 1945 1938 1939 
3986 1151 1150 1143 1144 4099 4092 4043 4050 
3987 4099 4092 4043 4050 4100 4093 4044 4051 
3988 4100 4093 4044 4051 4101 4094 4045 4052 
3989 4101 4094 4045 4052 4102 4095 4046 4053 
3990 4102 4095 4046 4053 4103 4096 4047 4054 
3991 4103 4096 4047 4054 4104 4097 4048 4055 
3992 4104 4097 4048 4055 4105 4098 4049 4056 
3993 4105 4098 4049 4056 1947 1946 1939 1940 
3994 1152 1151 1144 1145 4106 4099 4050 4057 
3995 4106 4099 4050 4057 4107 4100 4051 4058 
3996 4107 4100 4051 4058 4108 4101 4052 4059 
3997 4108 4101 4052 4059 4109 4102 4053 4060 
3998 4109 4102 4053 4060 4110 4103 4054 4061 
3999 4110 4103 4054 4061 4111 4104 4055 4062 
4000 4111 4104 4055 4062 4112 4105 4056 4063 
4001 4112 4105 4056 4063 1948 1947 1940 1941 
4002 1153 1152 1145 1146 4113 4106 4057 4064 
4003 4113 4106 4057 4064 4114 4107 4058 4065 
4004 4114 4107 4058 4065 4115 4108 4059 4066 
4005 4115 4108 4059 4066 4116 4109 4060 4067 
4006 4116 4109 4060 4067 4117 4110 4061 4068 
4007 4117 4110 4061 4068 4118 4111 4062 4069 
4008 4118 4111 4062 4069 4119 4112 4063 4070 
4009 4119 4112 4063 4070 1949 1948 1941 1942 
4010 1154 1153 1146 1147 4120 4113 4064 4071 
4011 4120 4113 4064 4071 4121 4114 4065 4072 
4012 4121 4114 4065 4072 4122 4115 4066 4073 
4013 4122 4115 4066 4073 4123 4116 4067 4074 
4014 4123 4116 4067 4074 4124 4117 4068 4075 
4015 4124 4117 4068 4075 4125 4118 4069 4076 
4016 4125 4118 4069 4076 4126 4119 4070 4077 
4017 4126 4119 4070 4077 1950 1949 1942 1943 
4018 1155 1154 1147 1148 4127 4120 4071 4078 
4019 4127 4120 4071 4078 4128 4121 4072 4079 
4020 4128 4121 4072 4079 4129 4122 4073 4080 
4021 4129 4122 4073 4080 4130 4123 4074 4081 
4022 4130 4123 4074 4081 4131 4124 4075 4082 
4023 4131 4124 4075 4082 4132 4125 4076 4083 
4024 4132 4125 4076 4083 4133 4126 4077 4084 
4025 4133 4126 4077 4084 1951 1950 1943 1944 
4026 255 1155 1148 254 1954 4127 4078 1953 
4027 1954 4127 4078 1953 1957 4128 4079 1956 
4028 1957 4128 4079 1956 1960 4129 4080 1959 
4029 1960 4129 4080 1959 1963 4130 4081 1962 
4030 1963 4130 4081 1962 1966 4131 4082 1965 
4031 1966 4131 4082 1965 1969 4132 4083 1968 
4032 1969 4132 4083 1968 1972 4133 4084 1971 
4033 1972 4133 4084 1971 476 1951 1944 475 
4034 246 16 158 1149 1973 408 1604 4085 
4035 1973 408 1604 4085 1974 409 1607 4086 
4036 1974 409 1607 4086 1975 410 1610 4087 
4037 1975 410 1610 4087 1976 411 1613 4088 
4038 1976 411 1613 4088 1977 412 1616 4089 
4039 1977 412 1616 4089 1978 413 1619 4090 
4040 1978 413 1619 4090 1979 414 1622 4091 
4041 1979 414 1622 4091 467 40 400 1945 
4042 247 246 1149 1150 1980 1973 4085 4092 
4043 1980 1973 4085 4092 1981 1974 4086 4093 
4044 1981 1974 4086 4093 1982 1975 4087 4094 
4045 1982 1975 4087 4094 1983 1976 4088 4095 
4046 1983 1976 4088 4095 1984 1977 4089 4096 
4047 1984 1977 4089 4096 1985 1978 4090 4097 
4048 1985 1978 4090 4097 1986 1979 4091 4098 
4049 1986 1979 4091 4098 468 467 1945 1946 
4050 248 247 1150 1151 1987 1980 4092 4099 
4051 1987 1980 4092 4099 1988 1981 4093 4100 
4052 1988 1981 4093 4100 1989 1982 4094 4101 
4053 1989 1982 4094 4101 1990 1983 4095 4102 
4054 1990 1983 4095 4102 1991 1984 4096 4103 
4055 1991 1984 4096 4103 1992 1985 4097 4104 
4056 1992 1985 4097 4104 1993 1986 4098 4105 
4057 1993 1986 4098 4105 469 468 1946 1947 
4058 249 248 1151 1152 1994 1987 4099 4106 
4059 1994 1987 4099 4106 1995 1988 4100 4107 
4060 1995 1988 4100 4107 1996 1989 4101 4108 
4061 1996 1989 4101 4108 1997 1990 4102 4109 
4062 1997 1990 4102 4109 1998 1991 4103 4110 
4063 1998 1991 4103 4110 1999 1992 4104 4111 
4064 1999 1992 4104 4111 2000 1993 4105 4112 
4065 2000 1993 4105 4112 470 469 1947 1948 
4066 250 249 1152 1153 2001 1994 4106 4113 
4067 2001 1994 4106 4113 2002 1995 4107 4114 
4068 2002 1995 4107 4114 2003 1996 4108 4115 
4069 2003 1996 4108 4115 2004 1997 4109 4116 
4070 2004 1997 4109 4116 2005 1998 4110 4117 
4071 2005 1998 4110 4117 2006 1999 4111 4118 
4072 2006 1999 4111 4118 2007 2000 4112 4119 
4073 2007 2000 4112 4119 471 470 1948 1949 
4074 251 250 1153 1154 2008 2001 4113 4120 
4075 2008 2001 4113 4120 2009 2002 4114 4121 
4076 2009 2002 4114 4121 2010 2003 4115 4122 
4077 2010 2003 4115 4122 2011 2004 4116 4123 
4078 2011 2004 4116 4123 2012 2005 4117 4124 
4079 2012 2005 4117 4124 2013 2006 4118 4125 
4080 2013 2006 4118 4125 2014 2007 4119 4126 
4081 2014 2007 4119 4126 472 471 1949 1950 
4082 252 251 1154 1155 2015 2008 4120 4127 
4083 2015 2008 4120 4127 2016 2009 4121 4128 
4084 2016 2009 4121 4128 2017 2010 4122 4129 
4085 2017 2010 4122 4129 2018 2011 4123 4130 
4086 2018 2011 4123 4130 2019 2012 4124 4131 
4087 2019 2012 4124 4131 2020 2013 4125 4132 
4088 2020 2013 4125 4132 2021 2014 4126 4133 
4089 2021 2014 4126 4133 473 472 1950 1951 
4090 24 252 1155 255 477 2015 4127 1954 
4091 477 2015 4127 1954 478 2016 4128 1957 
4092 478 2016 4128 1957 479 2017 4129 1960 
4093 479 2017 4129 1960 480 2018 4130 1963 
4094 480 2018 4130 1963 481 2019 4131 1966 
4095 481 2019 4131 1966 482 2020 4132 1969 
4096 482 2020 4132 1969 483 2021 4133 1972 
4097 483 2021 4133 1972 44 473 1951 476 
3 16 5 128
4098 1195 189 20 274 4134 1665 432 2052 
4099 4134 1665 432 2052 4135 1668 433 2053 
4100 4135 1668 433 2053 4136 1671 434 2054 
4101 4136 1671 434 2054 4137 1674 435 2055 
4102 4137 1674 435 2055 4138 1677 436 2056 
4103 4138 1677 436 2056 4139 1680 437 2057 
4104 4139 1680 437 2057 4140 1683 438 2058 
4105 4140 1683 438 2058 2022 422 42 490 
4106 1196 1195 274 275 4141 4134 2052 2059 
4107 4141 4134 2052 2059 4142 4135 2053 2060 
4108 4142 4135 2053 2060 4143 4136 2054 2061 
4109 4143 4136 2054 2061 4144 4137 2055 2062 
4110 4144 4137 2055 2062 4145 4138 2056 2063 
4111 4145 4138 2056 2063 4146 4139 2057 2064 
4112 4146 4139 2057 2064 4147 4140 2058 2065 
4113 4147 4140 2058 2065 2023 2022 490 491 
4114 1197 1196 275 276 4148 4141 2059 2066 
4115 4148 4141 2059 2066 4149 4142 2060 2067 
4116 4149 4142 2060 2067 4150 4143 2061 2068 
4117 4150 4143 2061 2068 4151 4144 2062 2069 
4118 4151 4144 2062 2069 4152 4145 2063 2070 
4119 4152 4145 2063 2070 4153 4146 2064 2071 
4120 4153 4146 2064 2071 4154 4147 2065 2072 
4121 4154 4147 2065 2072 2024 2023 491 492 
4122 271 1197 276 28 2031 4148 2066 493 
4123 2031 4148 2066 493 2034 4149 2067 494 
4124 2034 4149 2067 494 2037 4150 2068 495 
4125 2037 4150 2068 495 2040 4151 2069 496 
4126 2040 4151 2069 496 2043 4152 2070 497 
4127 2043 4152 2070 497 2046 4153 2071 498 
4128 2046 4153 2071 498 2049 4154 2072 499 
4129 2049 4154 2072 499 487 2024 492 46 
4130 1198 190 189 1195 4155 1666 1665 4134 
4131 4155 1666 1665 4134 4156 1669 1668 4135 
4132 4156 1669 1668 4135 4157 1672 1671 4136 
4133 4157 1672 1671 4136 4158 1675 1674 4137 
4134 4158 1675 1674 4137 4159 1678 1677 4138 
4135 4159 1678 1677 4138 4160 1681 1680 4139 
4136 4160 1681 1680 4139 4161 1684 1683 4140 
4137 4161 1684 1683 4140 2025 423 422 2022 
4138 1199 1198 1195 1196 4162 4155 4134 4141 
4139 4162 4155 4134 4141 4163 4156 4135 4142 
4140 4163 4156 4135 4142 4164 4157 4136 4143 
4141 4164 4157 4136 4143 4165 4158 4137 4144 
4142 4165 4158 4137 4144 4166 4159 4138 4145 
4143 4166 4159 4138 4145 4167 4160 4139 4146 
4144 4167 4160 4139 4146 4168 4161 4140 4147 
4145 4168 4161 4140 4147 2026 2025 2022 2023 
4146 1200 1199 1196 1197 4169 4162 4141 4148 
4147 4169 4162 4141 4148 4170 4163 4142 4149 
4148 4170 4163 4142 4149 4171 4164 4143 4150 
4149 4171 4164 4143 4150 4172 4165 4144 4151 
4150 4172 4165 4144 4151 4173 4166 4145 4152 
4151 4173 4166 4145 4152 4174 4167 4146 4153 
4152 4174 4167 4146 4153 4175 4168 4147 4154 
4153 4175 4168 4147 4154 2027 2026 2023 2024 
4154 272 1200 1197 271 2032 4169 4148 2031 
4155 2032 4169 4148 2031 2035 4170 4149 2034 
4156 2035 4170 4149 2034 2038 4171 4150 2037 
4157 2038 4171 4150 2037 2041 4172 4151 2040 
4158 2041 4172 4151 2040 2044 4173 4152 2043 
4159 2044 4173 4152 2043 2047 4174 4153 2046 
4160 2047 4174 4153 2046 2050 4175 4154 2049 
4161 2050 4175 4154 2049 488 2027 2024 487 
4162 1201 191 190 1198 4176 1667 1666 4155 
4163 4176 1667 1666 4155 4177 1670 1669 4156 
4164 4177 1670 1669 4156 4178 1673 1672 4157 
4165 4178 1673 1672 4157 4179 1676 1675 4158 
4166 4179 1676 1675 4158 4180 1679 1678 4159 
4167 4180 1679 1678 4159 4181 1682 1681 4160 
4168 4181 1682 1681 4160 4182 1685 1684 4161 
4169 4182 1685 1684 4161 2028 424 423 2025 
4170 1202 1201 1198 1199 4183 4176 4155 4162 
4171 4183 4176 4155 4162 4184 4177 4156 4163 
4172 4184 4177 4156 4163 4185 4178 4157 4164 
4173 4185 4178 4157 4164 4186 4179 4158 4165 
4174 4186 4179 4158 4165 4187 4180 4159 4166 
4175 4187 4180 4159 4166 4188 4181 4160 4167 
4176 4188 4181 4160 4167 4189 4182 4161 4168 
4177 4189 4182 4161 4168 2029 2028 2025 2026 
4178 1203 1202 1199 1200 4190 4183 4162 4169 
4179 4190 4183 4162 4169 4191 4184 4163 4170 
4180 4191 4184 4163 4170 4192 4185 4164 4171 
4181 4192 4185 4164 4171 4193 4186 4165 4172 
4182 4193 4186 4165 4172 4194 4187 4166 4173 
4183 4194 4187 4166 4173 4195 4188 4167 4174 
4184 4195 4188 4167 4174 4196 4189 4168 4175 
4185 4196 4189 4168 4175 2030 2029 2026 2027 
4186 273 1203 1200 272 2033 4190 4169 2032 
4187 2033 4190 4169 2032 2036 4191 4170 2035 
4188 2036 4191 4170 2035 2039 4192 4171 2038 
4189 2039 4192 4171 2038 2042 4193 4172 2041 
4190 2042 4193 4172 2041 2045 4194 4173 2044 
4191 2045 4194 4173 2044 2048 4195 4174 2047 
4192 2048 4195 4174 2047 2051 4196 4175 2050 
4193 2051 4196 4175 2050 489 2030 2027 488 
4194 268 19 191 1201 2073 439 1667 4176 
4195 2073 439 1667 4176 2074 440 1670 4177 
4196 2074 440 1670 4177 2075 441 1673 4178 
4197 2075 441 1673 4178 2076 442 1676 4179 
4198 2076 442 1676 4179 2077 443 1679 4180 
4199 2077 443 1679 4180 2078 444 1682 4181 
4200 2078 444 1682 4181 2079 445 1685 4182 
4201 2079 445 1685 4182 484 41 424 2028 
4202 269 268 1201 1202 2080 2073 4176 4183 
4203 2080 2073 4176 4183 2081 2074 4177 4184 
4204 2081 2074 4177 4184 2082 2075 4178 4185 
4205 2082 2075 4178 4185 2083 2076 4179 4186 
4206 2083 2076 4179 4186 2084 2077 4180 4187 
4207 2084 2077 4180 4187 2085 2078 4181 4188 
4208 2085 2078 4181 4188 2086 2079 4182 4189 
4209 2086 2079 4182 4189 485 484 2028 2029 
4210 270 269 1202 1203 2087 2080 4183 4190 
4211 2087 2080 4183 4190 2088 2081 4184 4191 
4212 2088 2081 4184 4191 2089 2082 4185 4192 
4213 2089 2082 4185 4192 2090 2083 4186 4193 
4214 2090 2083 4186 4193 2091 2084 4187 4194 
4215 2091 2084 4187 4194 2092 2085 4188 4195 
4216 2092 2085 4188 4195 2093 2086 4189 4196 
4217 2093 2086 4189 4196 486 485 2029 2030 
4218 27 270 1203 273 500 2087 4190 2033 
4219 500 2087 4190 2033 501 2088 4191 2036 
4220 501 2088 4191 2036 502 2089 4192 2039 
4221 502 2089 4192 2039 503 2090 4193 2042 
4222 503 2090 4193 2042 504 2091 4194 2045 
4223 504 2091 4194 2045 505 2092 4195 2048 
4224 505 2092 4195 2048 506 2093 4196 2051 
4225 506 2093 4196 2051 45 486 2030 489 
3 17 5 256
4226 1252 226 19 268 4197 1833 439 2073 
4227 4197 1833 439 2073 4198 1840 440 2074 
4228 4198 1840 440 2074 4199 1847 441 2075 
4229 4199 1847 441 2075 4200 1854 442 2076 
4230 4200 1854 442 2076 4201 1861 443 2077 
4231 4201 1861 443 2077 4202 1868 444 2078 
4232 4202 1868 444 2078 4203 1875 445 2079 
4233 4203 1875 445 2079 2094 453 41 484 
4234 1253 1252 268 269 4204 4197 2073 2080 
4235 4204 4197 2073 2080 4205 4198 2074 2081 
4236 4205 4198 2074 2081 4206 4199 2075 2082 
4237 4206 4199 2075 2082 4207 4200 2076 2083 
4238 4207 4200 2076 2083 4208 4201 2077 2084 
4239 4208 4201 2077 2084 4209 4202 2078 2085 
4240 4209 4202 2078 2085 4210 4203 2079 2086 
4241 4210 4203 2079 2086 2095 2094 484 485 
4242 1254 1253 269 270 4211 4204 2080 2087 
4243 4211 4204 2080 2087 4212 4205 2081 2088 
4244 4212 4205 2081 2088 4213 4206 2082 2089 
4245 4213 4206 2082 2089 4214 4207 2083 2090 
4246 4214 4207 2083 2090 4215 4208 2084 2091 
4247 4215 4208 2084 2091 4216 4209 2085 2092 
4248 4216 4209 2085 2092 4217 4210 2086 2093 
4249 4217 4210 2086 2093 2096 2095 485 486 
4250 296 1254 270 27 2115 4211 2087 500 
4251 2115 4211 2087 500 2122 4212 2088 501 
4252 2122 4212 2088 501 2129 4213 2089 502 
4253 2129 4213 2089 502 2136 4214 2090 503 
4254 2136 4214 2090 503 2143 4215 2091 504 
4255 2143 4215 2091 504 2150 4216 2092 505 
4256 2150 4216 2092 505 2157 4217 2093 506 
4257 2157 4217 2093 506 510 2096 486 45 
4258 1255 227 226 1252 4218 1834 1833 4197 
4259 4218 1834 1833 4197 4219 1841 1840 4198 
4260 4219 1841 1840 4198 4220 1848 1847 4199 
4261 4220 1848 1847 4199 4221 1855 1854 4200 
4262 4221 1855 1854 4200 4222 1862 1861 4201 
4263 4222 1862 1861 4201 4223 1869 1868 4202 
4264 4223 1869 1868 4202 4224 1876 1875 4203 
4265 4224 1876 1875 4203 2097 454 453 2094 
4266 1256 1255 1252 1253 4225 4218 4197 4204 
4267 4225 4218 4197 4204 4226 4219 4198 4205 
4268 4226 4219 4198 4205 4227 4220 4199 4206 
4269 4227 4220 4199 4206 4228 4221 4200 4207 
4270 4228 4221 4200 4207 4229 4222 4201 4208 
4271 4229 4222 4201 4208 4230 4223 4202 4209 
4272 4230 4223 4202 4209 4231 4224 4203 4210 
4273 4231 4224 4203 4210 2098 2097 2094 2095 
4274 1257 1256 1253 1254 4232 4225 4204 4211 
4275 4232 4225 4204 4211 4233 4226 4205 4212 
4276 4233 4226 4205 4212 4234 4227 4206 4213 
4277 4234 4227 4206 4213 4235 4228 4207 4214 
4278 4235 4228 4207 4214 4236 4229 4208 4215 
4279 4236 4229 4208 4215 4237 4230 4209 4216 
4280 4237 4230 4209 4216 4238 4231 4210 4217 
4281 4238 4231 4210 4217 2099 2098 2095 2096 
4282 297 1257 1254 296 2116 4232 4211 2115 
4283 2116 4232 4211 2115 2123 4233 4212 2122 
4284 2123 4233 4212 2122 2130 4234 4213 2129 
4285 2130 4234 4213 2129 2137 4235 4214 2136 
4286 2137 4235 4214 2136 2144 4236 4215 2143 
4287 2144 4236 4215 2143 2151 4237 4216 2150 
4288 2151 4237 4216 2150 2158 4238 4217 2157 
4289 2158 4238 4217 2157 511 2099 2096 510 
4290 1258 228 227 1255 4239 1835 1834 4218 
4291 4239 1835 1834 4218 4240 1842 1841 4219 
4292 4240 1842 1841 4219 4241 1849 1848 4220 
4293 4241 1849 1848 4220 4242 1856 1855 4221 
4294 4242 1856 1855 4221 4243 1863 1862 4222 
4295 4243 1863 1862 4222 4244 1870 1869 4223 
4296 4244 1870 1869 4223 4245 1877 1876 4224 
4297 4245 1877 1876 4224 2100 455 454 2097 
4298 1259 1258 1255 1256 4246 4239 4218 4225 
4299 4246 4239 4218 4225 4247 4240 4219 4226 
4300 4247 4240 4219 4226 4248 4241 4220 4227 
4301 4248 4241 4220 4227 4249 4242 4221 4228 
4302 4249 4242 4221 4228 4250 4243 4222 4229 
4303 4250 4243 4222 4229 4251 4244 4223 4230 
4304 4251 4244 4223 4230 4252 4245 4224 4231 
4305 4252 4245 4224 4231 2101 2100 2097 2098 
4306 1260 1259 1256 1257 4253 4246 4225 4232 
4307 4253 4246 4225 4232 4254 4247 4226 4233 
4308 4254 4247 4226 4233 4255 4248 4227 4234 
4309 4255 4248 4227 4234 4256 4249 4228 4235 
4310 4256 4249 4228 4235 4257 4250 4229 4236 
4311 4257 4250 4229 4236 4258 4251 4230 4237 
4312 4258 4251 4230 4237 4259 4252 4231 4238 
4313 4259 4252 4231 4238 2102 2101 2098 2099 
4314 298 1260 1257 297 2117 4253 4232 2116 
4315 2117 4253 4232 2116 2124 4254 4233 2123 
4316 2124 4254 4233 2123 2131 4255 4234 2130 
4317 2131 4255 4234 2130 2138 4256 4235 2137 
4318 2138 4256 4235 2137 2145 4257 4236 2144 
4319 2145 4257 4236 2144 2152 4258 4237 2151 
4320 2152 4258 4237 2151 2159 4259 4238 2158 
4321 2159 4259 4238 2158 512 2102 2099 511 
4322 1261 229 228 1258 4260 1836 1835 4239 
4323 4260 1836 1835 4239 4261 1843 1842 4240 
4324 4261 1843 1842 4240 4262 1850 1849 4241 
4325 4262 1850 1849 4241 4263 1857 1856 4242 
4326 4263 1857 1856 4242 4264 1864 1863 4243 
4327 4264 1864 1863 4243 4265 1871 1870 4244 
4328 4265 1871 1870 4244 4266 1878 1877 4245 
4329 4266 1878 1877 4245 2103 456 455 2100 
4330 1262 1261 1258 1259 4267 4260 4239 4246 
4331 4267 4260 4239 4246 4268 4261 4240 4247 
4332 4268 4261 4240 4247 4269 4262 4241 4248 
4333 4269 4262 4241 4248 4270 4263 4242 4249 
4334 4270 4263 4242 4249 4271 4264 4243 4250 
4335 4271 4264 4243 4250 4272 4265 4244 4251 
4336 4272 4265 4244 4251 4273 4266 4245 4252 
4337 4273 4266 4245 4252 2104 2103 2100 2101 
4338 1263 1262 1259 1260 4274 4267 4246 4253 
4339 4274 4267 4246 4253 4275 4268 4247 4254 
4340 4275 4268 4247 4254 4276 4269 4248 4255 
4341 4276 4269 4248 4255 4277 4270 4249 4256 
4342 4277 4270 4249 4256 4278 4271 4250 4257 
4343 4278 4271 4250 4257 4279 4272 4251 4258 
4344 4279 4272 4251 4258 4280 4273 4252 4259 
4345 4280 4273 4252 4259 2105 2104 2101 2102 
4346 299 1263 1260 298 2118 4274 4253 2117 
4347 2118 4274 4253 2117 2125 4275 4254 2124 
4348 2125 4275 4254 2124 2132 4276 4255 2131 
4349 2132 4276 4255 2131 2139 4277 4256 2138 
4350 2139 4277 4256 2138 2146 4278 4257 2145 
4351 2146 4278 4257 2145 2153 4279 4258 2152 
4352 2153 4279 4258 2152 2160 4280 4259 2159 
4353 2160 4280 4259 2159 513 2105 2102 512 
4354 1264 230 229 1261 4281 1837 1836 4260 
4355 4281 1837 1836 4260 4282 1844 1843 4261 
4356 4282 1844 1843 4261 4283 1851 1850 4262 
4357 4283 1851 1850 4262 4284 1858 1857 4263 
4358 4284 1858 1857 4263 4285 1865 1864 4264 
4359 4285 1865 1864 4264 4286 1872 1871 4265 
4360 4286 1872 1871 4265 4287 1879 1878 4266 
4361 4287 1879 1878 4266 2106 457 456 2103 
4362 1265 1264 1261 1262 4288 4281 4260 4267 
4363 4288 4281 4260 4267 4289 4282 4261 4268 
4364 4289 4282 4261 4268 4290 4283 4262 4269 
4365 4290 4283 4262 4269 4291 4284 4263 4270 
4366 4291 4284 4263 4270 4292 4285 4264 4271 
4367 4292 4285 4264 4271 4293 4286 4265 4272 
4368 4293 4286 4265 4272 4294 4287 4266 4273 
4369 4294 4287 4266 4273 2107 2106 2103 2104 
4370 1266 1265 1262 1263 4295 4288 4267 4274 
4371 4295 4288 4267 4274 4296 4289 4268 4275 
4372 4296 4289 4268 4275 4297 4290 4269 4276 
4373 4297 4290 4269 4276 4298 4291 4270 4277 
4374 4298 4291 4270 4277 4299 4292 4271 4278 
4375 4299 4292 4271 4278 4300 4293 4272 4279 
4376 4300 4293 4272 4279 4301 4294 4273 4280 
4377 4301 4294 4273 4280 2108 2107 2104 2105 
4378 300 1266 1263 299 2119 4295 4274 2118 
4379 2119 4295 4274 2118 2126 4296 4275 2125 
4380 2126 4296 4275 2125 2133 4297 4276 2132 
4381 2133 4297 4276 2132 2140 4298 4277 2139 
4382 2140 4298 4277 2139 2147 4299 4278 2146 
4383 2147 4299 4278 2146 2154 4300 4279 2153 
4384 2154 4300 4279 2153 2161 4301 4280 2160 
4385 2161 4301 4280 2160 514 2108 2105 513 
4386 1267 231 230 1264 4302 1838 1837 4281 
4387 4302 1838 1837 4281 4303 1845 1844 4282 
4388 4303 1845 1844 4282 4304 1852 1851 4283 
4389 4304 1852 1851 4283 4305 1859 1858 4284 
4390 4305 1859 1858 4284 4306 1866 1865 4285 
4391 4306 1866 1865 4285 4307 1873 1872 4286 
4392 4307 1873 1872 4286 4308 1880 1879 4287 
4393 4308 1880 1879 4287 2109 458 457 2106 
4394 1268 1267 1264 1265 4309 4302 4281 4288 
4395 4309 4302 4281 4288 4310 4303 4282 4289 
4396 4310 4303 4282 4289 4311 4304 4283 4290 
4397 4311 4304 4283 4290 4312 4305 4284 4291 
4398 4312 4305 4284 4291 4313 4306 4285 4292 
4399 4313 4306 4285 4292 4314 4307 4286 4293 
4400 4314 4307 4286 4293 4315 4308 4287 4294 
4401 4315 4308 4287 4294 2110 2109 2106 2107 
4402 1269 1268 1265 1266 4316 4309 4288 4295 
4403 4316 4309 4288 4295 4317 4310 4289 4296 
4404 4317 4310 4289 4296 4318 4311 4290 4297 
4405 4318 4311 4290 4297 4319 4312 4291 4298 
4406 4319 4312 4291 4298 4320 4313 4292 4299 
4407 4320 4313 4292 4299 4321 4314 4293 4300 
4408 4321 4314 4293 4300 4322 4315 4294 4301 
4409 4322 4315 4294 4301 2111 2110 2107 2108 
4410 301 1269 1266 300 2120 4316 4295 2119 
4411 2120 4316 4295 2119 2127 4317 4296 2126 
4412 2127 4317 4296 2126 2134 4318 4297 2133 
4413 2134 4318 4297 2133 2141 4319 4298 2140 
4414 2141 4319 4298 2140 2148 4320 4299 2147 
4415 2148 4320 4299 2147 2155 4321 4300 2154 
4416 2155 4321 4300 2154 2162 4322 4301 2161 
4417 2162 4322 4301 2161 515 2111 2108 514 
4418 1270 232 231 1267 4323 1839 1838 4302 
4419 4323 1839 1838 4302 4324 1846 1845 4303 
4420 4324 1846 1845 4303 4325 1853 1852 4304 
4421 4325 1853 1852 4304 4326 1860 1859 4305 
4422 4326 1860 1859 4305 4327 1867 1866 4306 
4423 4327 1867 1866 4306 4328 1874 1873 4307 
4424 4328 1874 1873 4307 4329 1881 1880 4308 
4425 4329 1881 1880 4308 2112 459 458 2109 
4426 1271 1270 1267 1268 4330 4323 4302 4309 
4427 4330 4323 4302 4309 4331 4324 4303 4310 
4428 4331 4324 4303 4310 4332 4325 4304 4311 
4429 4332 4325 4304 4311 4333 4326 4305 4312 
4430 4333 4326 4305 4312 4334 4327 4306 4313 
4431 4334 4327 4306 4313 4335 4328 4307 4314 
4432 4335 4328 4307 4314 4336 4329 4308 4315 
4433 4336 4329 4308 4315 2113 2112 2109 2110 
4434 1272 1271 1268 1269 4337 4330 4309 4316 
4435 4337 4330 4309 4316 4338 4331 4310 4317 
4436 4338 4331 4310 4317 4339 4332 4311 4318 
4437 4339 4332 4311 4318 4340 4333 4312 4319 
4438 4340 4333 4312 4319 4341 4334 4313 4320 
4439 4341 4334 4313 4320 4342 4335 4314 4321 
4440 4342 4335 4314 4321 4343 4336 4315 4322 
4441 4343 4336 4315 4322 2114 2113 2110 2111 
4442 302 1272 1269 301 2121 4337 4316 2120 
4443 2121 4337 4316 2120 2128 4338 4317 2127 
4444 2128 4338 4317 2127 2135 4339 4318 2134 
4445 2135 4339 4318 2134 2142 4340 4319 2141 
4446 2142 4340 4319 2141 2149 4341 4320 2148 
4447 2149 4341 4320 2148 2156 4342 4321 2155 
4448 2156 4342 4321 2155 2163 4343 4322 2162 
4449 2163 4343 4322 2162 516 2114 2111 515 
4450 293 22 232 1270 2164 460 1839 4323 
4451 2164 460 1839 4323 2165 461 1846 4324 
4452 2165 461 1846 4324 2166 462 1853 4325 
4453 2166 462 1853 4325 2167 463 1860 4326 
4454 2167 463 1860 4326 2168 464 1867 4327 
4455 2168 464 1867 4327 2169 465 1874 4328 
4456 2169 465 1874 4328 2170 466 1881 4329 
4457 2170 466 1881 4329 507 43 459 2112 
4458 294 293 1270 1271 2171 2164 4323 4330 
4459 2171 2164 4323 4330 2172 2165 4324 4331 
4460 2172 2165 4324 4331 2173 2166 4325 4332 
4461 2173 2166 4325 4332 2174 2167 4326 4333 
4462 2174 2167 4326 4333 2175 2168 4327 4334 
4463 2175 2168 4327 4334 2176 2169 4328 4335 
4464 2176 2169 4328 4335 2177 2170 4329 4336 
4465 2177 2170 4329 4336 508 507 2112 2113 
4466 295 294 1271 1272 2178 2171 4330 4337 
4467 2178 2171 4330 4337 2179 2172 4331 4338 
4468 2179 2172 4331 4338 2180 2173 4332 4339 
4469 2180 2173 4332 4339 2181 2174 4333 4340 
4470 2181 2174 4333 4340 2182 2175 4334 4341 
4471 2182 2175 4334 4341 2183 2176 4335 4342 
4472 2183 2176 4335 4342 2184 2177 4336 4343 
4473 2184 2177 4336 4343 509 508 2113 2114 
4474 30 295 1272 302 517 2178 4337 2121 
4475 517 2178 4337 2121 518 2179 4338 2128 
4476 518 2179 4338 2128 519 2180 4339 2135 
4477 519 2180 4339 2135 520 2181 4340 2142 
4478 520 2181 4340 2142 521 2182 4341 2149 
4479 521 2182 4341 2149 522 2183 4342 2156 
4480 522 2183 4342 2156 523 2184 4343 2163 
4481 523 2184 4343 2163 47 509 2114 516 
3 18 5 128
4482 1312 253 22 293 4344 1952 460 2164 
4483 4344 1952 460 2164 4345 1955 461 2165 
4484 4345 1955 461 2165 4346 1958 462 2166 
4485 4346 1958 462 2166 4347 1961 463 2167 
4486 4347 1961 463 2167 4348 1964 464 2168 
4487 4348 1964 464 2168 4349 1967 465 2169 
4488 4349 1967 465 2169 4350 1970 466 2170 
4489 4350 1970 466 2170 2185 474 43 507 
4490 1313 1312 293 294 4351 4344 2164 2171 
4491 4351 4344 2164 2171 4352 4345 2165 2172 
4492 4352 4345 2165 2172 4353 4346 2166 2173 
4493 4353 4346 2166 2173 4354 4347 2167 2174 
4494 4354 4347 2167 2174 4355 4348 2168 2175 
4495 4355 4348 2168 2175 4356 4349 2169 2176 
4496 4356 4349 2169 2176 4357 4350 2170 2177 
4497 4357 4350 2170 2177 2186 2185 507 508 
4498 1314 1313 294 295 4358 4351 2171 2178 
4499 4358 4351 2171 2178 4359 4352 2172 2179 
4500 4359 4352 2172 2179 4360 4353 2173 2180 
4501 4360 4353 2173 2180 4361 4354 2174 2181 
4502 4361 4354 2174 2181 4362 4355 2175 2182 
4503 4362 4355 2175 2182 4363 4356 2176 2183 
4504 4363 4356 2176 2183 4364 4357 2177 2184 
4505 4364 4357 2177 2184 2187 2186 508 509 
4506 315 1314 295 30 2194 4358 2178 517 
4507 2194 4358 2178 517 2197 4359 2179 518 
4508 2197 4359 2179 518 2200 4360 2180 519 
4509 2200 4360 2180 519 2203 4361 2181 520 
4510 2203 4361 2181 520 2206 4362 2182 521 
4511 2206 4362 2182 521 2209 4363 2183 522 
4512 2209 4363 2183 522 2212 4364 2184 523 
4513 2212 4364 2184 523 527 2187 509 47 
4514 1315 254 253 1312 4365 1953 1952 4344 
4515 4365 1953 1952 4344 4366 1956 1955 4345 
4516 4366 1956 1955 4345 4367 1959 1958 4346 
4517 4367 1959 1958 4346 4368 1962 1961 4347 
4518 4368 1962 1961 4347 4369 1965 1964 4348 
4519 4369 1965 1964 4348 4370 1968 1967 4349 
4520 4370 1968 1967 4349 4371 1971 1970 4350 
4521 4371 1971 1970 4350 2188 475 474 2185 
4522 1316 1315 1312 1313 4372 4365 4344 4351 
4523 4372 4365 4344 4351 4373 4366 4345 4352 
4524 4373 4366 4345 4352 4374 4367 4346 4353 
4525 4374 4367 4346 4353 4375 4368 4347 4354 
4526 4375 4368 4347 4354 4376 4369 4348 4355 
4527 4376 4369 4348 4355 4377 4370 4349 4356 
4528 4377 4370 4349 4356 4378 4371 4350 4357 
4529 4378 4371 4350 4357 2189 2188 2185 2186 
4530 1317 1316 1313 1314 4379 4372 4351 4358 
4531 4379 4372 4351 4358 4380 4373 4352 4359 
4532 4380 4373 4352 4359 4381 4374 4353 4360 
4533 4381 4374 4353 4360 4382 4375 4354 4361 
4534 4382 4375 4354 4361 4383 4376 4355 4362 
4535 4383 4376 4355 4362 4384 4377 4356 4363 
4536 4384 4377 4356 4363 4385 4378 4357 4364 
4537 4385 4378 4357 4364 2190 2189 2186 2187 
4538 316 1317 1314 315 2195 4379 4358 2194 
4539 2195 4379 4358 2194 2198 4380 4359 2197 
4540 2198 4380 4359 2197 2201 4381 4360 2200 
4541 2201 4381 4360 2200 2204 4382 4361 2203 
4542 2204 4382 4361 2203 2207 4383 4362 2206 
4543 2207 4383 4362 2206 2210 4384 4363 2209 
4544 2210 4384 4363 2209 2213 4385 4364 2212 
4545 2213 4385 4364 2212 528 2190 2187 527 
4546 1318 255 254 1315 4386 1954 1953 4365 
4547 4386 1954 1953 4365 4387 1957 1956 4366 
4548 4387 1957 1956 4366 4388 1960 1959 4367 
4549 4388 1960 1959 4367 4389 1963 1962 4368 
4550 4389 1963 1962 4368 4390 1966 1965 4369 
4551 4390 1966 1965 4369 4391 1969 1968 4370 
4552 4391 1969 1968 4370 4392 1972 1971 4371 
4553 4392 1972 1971 4371 2191 476 475 2188 
4554 1319 1318 1315 1316 4393 4386 4365 4372 
4555 4393 4386 4365 4372 4394 4387 4366 4373 
4556 4394 4387 4366 4373 4395 4388 4367 4374 
4557 4395 4388 4367 4374 4396 4389 4368 4375 
4558 4396 4389 4368 4375 4397 4390 4369 4376 
4559 4397 4390 4369 4376 4398 4391 4370 4377 
4560 4398 4391 4370 4377 4399 4392 4371 4378 
4561 4399 4392 4371 4378 2192 2191 2188 2189 
4562 1320 1319 1316 1317 4400 4393 4372 4379 
4563 4400 4393 4372 4379 4401 4394 4373 4380 
4564 4401 4394 4373 4380 4402 4395 4374 4381 
4565 4402 4395 4374 4381 4403 4396 4375 4382 
4566 4403 4396 4375 4382 4404 4397 4376 4383 
4567 4404 4397 4376 4383 4405 4398 4377 4384 
4568 4405 4398 4377 4384 4406 4399 4378 4385 
4569 4406 4399 4378 4385 2193 2192 2189 2190 
4570 317 1320 1317 316 2196 4400 4379 2195 
4571 2196 4400 4379 2195 2199 4401 4380 2198 
4572 2199 4401 4380 2198 2202 4402 4381 2201 
4573 2202 4402 4381 2201 2205 4403 4382 2204 
4574 2205 4403 4382 2204 2208 4404 4383 2207 
4575 2208 4404 4383 2207 2211 4405 4384 2210 
4576 2211 4405 4384 2210 2214 4406 4385 2213 
4577 2214 4406 4385 2213 529 2193 2190 528 
4578 312 24 255 1318 2215 477 1954 4386 
4579 2215 477 1954 4386 2216 478 1957 4387 
4580 2216 478 1957 4387 2217 479 1960 4388 
4581 2217 479 1960 4388 2218 480 1963 4389 
4582 2218 480 1963 4389 2219 481 1966 4390 
4583 2219 481 1966 4390 2220 482 1969 4391 
4584 2220 482 1969 4391 2221 483 1972 4392 
4585 2221 483 1972 4392 524 44 476 2191 
4586 313 312 1318 1319 2222 2215 4386 4393 
4587 2222 2215 4386 4393 2223 2216 4387 4394 
4588 2223 2216 4387 4394 2224 2217 4388 4395 
4589 2224 2217 4388 4395 2225 2218 4389 4396 
4590 2225 2218 4389 4396 2226 2219 4390 4397 
4591 2226 2219 4390 4397 2227 2220 4391 4398 
4592 2227 2220 4391 4398 2228 2221 4392 4399 
4593 2228 2221 4392 4399 525 524 2191 2192 
4594 314 313 1319 1320 2229 2222 4393 4400 
4595 2229 2222 4393 4400 2230 2223 4394 4401 
4596 2230 2223 4394 4401 2231 2224 4395 4402 
4597 2231 2224 4395 4402 2232 2225 4396 4403 
4598 2232 2225 4396 4403 2233 2226 4397 4404 
4599 2233 2226 4397 4404 2234 2227 4398 4405 
4600 2234 2227 4398 4405 2235 2228 4399 4406 
4601 2235 2228 4399 4406 526 525 2192 2193 
4602 32 314 1320 317 530 2229 4400 2196 
4603 530 2229 4400 2196 531 2230 4401 2199 
4604 531 2230 4401 2199 532 2231 4402 2202 
4605 532 2231 4402 2202 533 2232 4403 2205 
4606 533 2232 4403 2205 534 2233 4404 2208 
4607 534 2233 4404 2208 535 2234 4405 2211 
4608 535 2234 4405 2211 536 2235 4406 2214 
4609 536 2235 4406 2214 48 526 2193 529 
3 19 5 64
4610 1339 321 33 330 4407 2245 549 2263 
4611 4407 2245 549 2263 4408 2248 550 2264 
4612 4408 2248 550 2264 4409 2251 551 2265 
4613 4409 2251 551 2265 2236 537 49 546 
4614 1340 1339 330 331 4410 4407 2263 2266 
4615 4410 4407 2263 2266 4411 4408 2264 2267 
4616 4411 4408 2264 2267 4412 4409 2265 2268 
4617 4412 4409 2265 2268 2237 2236 546 547 
4618 1341 1340 331 332 4413 4410 2266 2269 
4619 4413 4410 2266 2269 4414 4411 2267 2270 
4620 4414 4411 2267 2270 4415 4412 2268 2271 
4621 4415 4412 2268 2271 2238 2237 547 548 
4622 327 1341 332 36 2254 4413 2269 555 
4623 2254 4413 2269 555 2257 4414 2270 556 
4624 2257 4414 2270 556 2260 4415 2271 557 
4625 2260 4415 2271 557 543 2238 548 52 
4626 1342 322 321 1339 4416 2246 2245 4407 
4627 4416 2246 2245 4407 4417 2249 2248 4408 
4628 4417 2249 2248 4408 4418 2252 2251 4409 
4629 4418 2252 2251 4409 2239 538 537 2236 
4630 1343 1342 1339 1340 4419 4416 4407 4410 
4631 4419 4416 4407 4410 4420 4417 4408 4411 
4632 4420 4417 4408 4411 4421 4418 4409 4412 
4633 4421 4418 4409 4412 2240 2239 2236 2237 
4634 1344 1343 1340 1341 4422 4419 4410 4413 
4635 4422 4419 4410 4413 4423 4420 4411 4414 
4636 4423 4420 4411 4414 4424 4421 4412 4415 
4637 4424 4421 4412 4415 2241 2240 2237 2238 
4638 328 1344 1341 327 2255 4422 4413 2254 
4639 2255 4422 4413 2254 2258 4423 4414 2257 
4640 2258 4423 4414 2257 2261 4424 4415 2260 
4641 2261 4424 4415 2260 544 2241 2238 543 
4642 1345 323 322 1342 4425 2247 2246 4416 
4643 4425 2247 2246 4416 4426 2250 2249 4417 
4644 4426 2250 2249 4417 4427 2253 2252 4418 
4645 4427 2253 2252 4418 2242 539 538 2239 
4646 1346 1345 1342 1343 4428 4425 4416 4419 
4647 4428 4425 4416 4419 4429 4426 4417 4420 
4648 4429 4426 4417 4420 4430 4427 4418 4421 
4649 4430 4427 4418 4421 2243 2242 2239 2240 
4650 1347 1346 1343 1344 4431 4428 4419 4422 
4651 4431 4428 4419 4422 4432 4429 4420 4423 
4652 4432 4429 4420 4423 4433 4430 4421 4424 
4653 4433 4430 4421 4424 2244 2243 2240 2241 
4654 329 1347 1344 328 2256 4431 4422 2255 
4655 2256 4431 4422 2255 2259 4432 4423 2258 
4656 2259 4432 4423 2258 2262 4433 4424 2261 
4657 2262 4433 4424 2261 545 2244 2241 544 
4658 324 34 323 1345 2272 552 2247 4425 
4659 2272 552 2247 4425 2273 553 2250 4426 
4660 2273 553 2250 4426 2274 554 2253 4427 
4661 2274 554 2253 4427 540 50 539 2242 
4662 325 324 1345 1346 2275 2272 4425 4428 
4663 2275 2272 4425 4428 2276 2273 4426 4429 
4664 2276 2273 4426 4429 2277 2274 4427 4430 
4665 2277 2274 4427 4430 541 540 2242 2243 
4666 326 325 1346 1347 2278 2275 4428 4431 
4667 2278 2275 4428 4431 2279 2276 4429 4432 
4668 2279 2276 4429 4432 2280 2277 4430 4433 
4669 2280 2277 4430 4433 542 541 2243 2244 
4670 35 326 1347 329 558 2278 4431 2256 
4671 558 2278 4431 2256 559 2279 4432 2259 
4672 559 2279 4432 2259 560 2280 4433 2262 
4673 560 2280 4433 2262 51 542 2244 545 
3 20 5 128
4674 1432 361 34 324 4434 2302 552 2272 
4675 4434 2302 552 2272 4435 2309 553 2273 
4676 4435 2309 553 2273 4436 2316 554 2274 
4677 4436 2316 554 2274 2281 561 50 540 
4678 1433 1432 324 325 4437 4434 2272 2275 
4679 4437 4434 2272 2275 4438 4435 2273 2276 
4680 4438 4435 2273 2276 4439 4436 2274 2277 
4681 4439 4436 2274 2277 2282 2281 540 541 
4682 1434 1433 325 326 4440 4437 2275 2278 
4683 4440 4437 2275 2278 4441 4438 2276 2279 
4684 4441 4438 2276 2279 4442 4439 2277 2280 
4685 4442 4439 2277 2280 2283 2282 541 542 
4686 371 1434 326 35 2323 4440 2278 558 
4687 2323 4440 2278 558 2330 4441 2279 559 
4688 2330 4441 2279 559 2337 4442 2280 560 
4689 2337 4442 2280 560 571 2283 542 51 
4690 1435 362 361 1432 4443 2303 2302 4434 
4691 4443 2303 2302 4434 4444 2310 2309 4435 
4692 4444 2310 2309 4435 4445 2317 2316 4436 
4693 4445 2317 2316 4436 2284 562 561 2281 
4694 1436 1435 1432 1433 4446 4443 4434 4437 
4695 4446 4443 4434 4437 4447 4444 4435 4438 
4696 4447 4444 4435 4438 4448 4445 4436 4439 
4697 4448 4445 4436 4439 2285 2284 2281 2282 
4698 1437 1436 1433 1434 4449 4446 4437 4440 
4699 4449 4446 4437 4440 4450 4447 4438 4441 
4700 4450 4447 4438 4441 4451 4448 4439 4442 
4701 4451 4448 4439 4442 2286 2285 2282 2283 
4702 372 1437 1434 371 2324 4449 4440 2323 
4703 2324 4449 4440 2323 2331 4450 4441 2330 
4704 2331 4450 4441 2330 2338 4451 4442 2337 
4705 2338 4451 4442 2337 572 2286 2283 571 
4706 1438 363 362 1435 4452 2304 2303 4443 
4707 4452 2304 2303 4443 4453 2311 2310 4444 
4708 4453 2311 2310 4444 4454 2318 2317 4445 
4709 4454 2318 2317 4445 2287 563 562 2284 
4710 1439 1438 1435 1436 4455 4452 4443 4446 
4711 4455 4452 4443 4446 4456 4453 4444 4447 
4712 4456 4453 4444 4447 4457 4454 4445 4448 
4713 4457 4454 4445 4448 2288 2287 2284 2285 
4714 1440 1439 1436 1437 4458 4455 4446 4449 
4715 4458 4455 4446 4449 4459 4456 4447 4450 
4716 4459 4456 4447 4450 4460 4457 4448 4451 
4717 4460 4457 4448 4451 2289 2288 2285 2286 
4718 373 1440 1437 372 2325 4458 4449 2324 
4719 2325 4458 4449 2324 2332 4459 4450 2331 
4720 2332 4459 4450 2331 2339 4460 4451 2338 
4721 2339 4460 4451 2338 573 2289 2286 572 
4722 1441 364 363 1438 4461 2305 2304 4452 
4723 4461 2305 2304 4452 4462 2312 2311 4453 
4724 4462 2312 2311 4453 4463 2319 2318 4454 
4725 4463 2319 2318 4454 2290 564 563 2287 
4726 1442 1441 1438 1439 4464 4461 4452 4455 
4727 4464 4461 4452 4455 4465 4462 4453 4456 
4728 4465 4462 4453 4456 4466 4463 4454 4457 
4729 4466 4463 4454 4457 2291 2290 2287 2288 
4730 1443 1442 1439 1440 4467 4464 4455 4458 
4731 4467 4464 4455 4458 4468 4465 4456 4459 
4732 4468 4465 4456 4459 4469 4466 4457 4460 
4733 4469 4466 4457 4460 2292 2291 2288 2289 
4734 374 1443 1440 373 2326 4467 4458 2325 
4735 2326 4467 4458 2325 2333 4468 4459 2332 
4736 2333 4468 4459 2332 2340 4469 4460 2339 
4737 2340 4469 4460 2339 574 2292 2289 573 
4738 1444 365 364 1441 4470 2306 2305 4461 
4739 4470 2306 2305 4461 4471 2313 2312 4462 
4740 4471 2313 2312 4462 4472 2320 2319 4463 
4741 4472 2320 2319 4463 2293 565 564 2290 
4742 1445 1444 1441 1442 4473 4470 4461 4464 
4743 4473 4470 4461 4464 4474 4471 4462 4465 
4744 4474 4471 4462 4465 4475 4472 4463 4466 
4745 4475 4472 4463 4466 2294 2293 2290 2291 
4746 1446 1445 1442 1443 4476 4473 4464 4467 
4747 4476 4473 4464 4467 4477 4474 4465 4468 
4748 4477 4474 4465 4468 4478 4475 4466 4469 
4749 4478 4475 4466 4469 2295 2294 2291 2292 
4750 375 1446 1443 374 2327 4476 4467 2326 
4751 2327 4476 4467 2326 2334 4477 4468 2333 
4752 2334 4477 4468 2333 2341 4478 4469 2340 
4753 2341 4478 4469 2340 575 2295 2292 574 
4754 1447 366 365 1444 4479 2307 2306 4470 
4755 4479 2307 2306 4470 4480 2314 2313 4471 
4756 4480 2314 2313 4471 4481 2321 2320 4472 
4757 4481 2321 2320 4472 2296 566 565 2293 
4758 1448 1447 1444 1445 4482 4479 4470 4473 
4759 4482 4479 4470 4473 4483 4480 4471 4474 
4760 4483 4480 4471 4474 4484 4481 4472 4475 
4761 4484 4481 4472 4475 2297 2296 2293 2294 
4762 1449 1448 1445 1446 4485 4482 4473 4476 
4763 4485 4482 4473 4476 4486 4483 4474 4477 
4764 4486 4483 4474 4477 4487 4484 4475 4478 
4765 4487 4484 4475 4478 2298 2297 2294 2295 
4766 376 1449 1446 375 2328 4485 4476 2327 
4767 2328 4485 4476 2327 2335 4486 4477 2334 
4768 2335 4486 4477 2334 2342 4487 4478 2341 
4769 2342 4487 4478 2341 576 2298 2295 575 
4770 1450 367 366 1447 4488 2308 2307 4479 
4771 4488 2308 2307 4479 4489 2315 2314 4480 
4772 4489 2315 2314 4480 4490 2322 2321 4481 
4773 4490 2322 2321 4481 2299 567 566 2296 
4774 1451 1450 1447 1448 4491 4488 4479 4482 
4775 4491 4488 4479 4482 4492 4489 4480 4483 
4776 4492 4489 4480 4483 4493 4490 4481 4484 
4777 4493 4490 4481 4484 2300 2299 2296 2297 
4778 1452 1451 1448 1449 4494 4491 4482 4485 
4779 4494 4491 4482 4485 4495 4492 4483 4486 
4780 4495 4492 4483 4486 4496 4493 4484 4487 
4781 4496 4493 4484 4487 2301 2300 2297 2298 
4782 377 1452 1449 376 2329 4494 4485 2328 
4783 2329 4494 4485 2328 2336 4495 4486 2335 
4784 2336 4495 4486 2335 2343 4496 4487 2342 
4785 2343 4496 4487 2342 577 2301 2298 576 
4786 368 37 367 1450 2344 578 2308 4488 
4787 2344 578 2308 4488 2345 579 2315 4489 
4788 2345 579 2315 4489 2346 580 2322 4490 
4789 2346 580 2322 4490 568 53 567 2299 
4790 369 368 1450 1451 2347 2344 4488 4491 
4791 2347 2344 4488 4491 2348 2345 4489 4492 
4792 2348 2345 4489 4492 2349 2346 4490 4493 
4793 2349 2346 4490 4493 569 568 2299 2300 
4794 370 369 1451 1452 2350 2347 4491 4494 
4795 2350 2347 4491 4494 2351 2348 4492 4495 
4796 2351 2348 4492 4495 2352 2349 4493 4496 
4797 2352 2349 4493 4496 570 569 2300 2301 
4798 38 370 1452 377 581 2350 4494 2329 
4799 581 2350 4494 2329 582 2351 4495 2336 
4800 582 2351 4495 2336 583 2352 4496 2343 
4801 583 2352 4496 2343 54 570 2301 577 
3 21 5 64
4802 1572 392 37 368 4497 2362 578 2344 
4803 4497 2362 578 2344 4498 2365 579 2345 
4804 4498 2365 579 2345 4499 2368 580 2346 
4805 4499 2368 580 2346 2353 584 53 568 
4806 1573 1572 368 369 4500 4497 2344 2347 
4807 4500 4497 2344 2347 4501 4498 2345 2348 
4808 4501 4498 2345 2348 4502 4499 2346 2349 
4809 4502 4499 2346 2349 2354 2353 568 569 
4810 1574 1573 369 370 4503 4500 2347 2350 
4811 4503 4500 2347 2350 4504 4501 2348 2351 
4812 4504 4501 2348 2351 4505 4502 2349 2352 
4813 4505 4502 2349 2352 2355 2354 569 570 
4814 398 1574 370 38 2371 4503 2350 581 
4815 2371 4503 2350 581 2374 4504 2351 582 
4816 2374 4504 2351 582 2377 4505 2352 583 
4817 2377 4505 2352 583 590 2355 570 54 
4818 1575 393 392 1572 4506 2363 2362 4497 
4819 4506 2363 2362 4497 4507 2366 2365 4498 
4820 4507 2366 2365 4498 4508 2369 2368 4499 
4821 4508 2369 2368 4499 2356 585 584 2353 
4822 1576 1575 1572 1573 4509 4506 4497 4500 
4823 4509 4506 4497 4500 4510 4507 4498 4501 
4824 4510 4507 4498 4501 4511 4508 4499 4502 
4825 4511 4508 4499 4502 2357 2356 2353 2354 
4826 1577 1576 1573 1574 4512 4509 4500 4503 
4827 4512 4509 4500 4503 4513 4510 4501 4504 
4828 4513 4510 4501 4504 4514 4511 4502 4505 
4829 4514 4511 4502 4505 2358 2357 2354 2355 
4830 399 1577 1574 398 2372 4512 4503 2371 
4831 2372 4512 4503 2371 2375 4513 4504 2374 
4832 2375 4513 4504 2374 2378 4514 4505 2377 
4833 2378 4514 4505 2377 591 2358 2355 590 
4834 1578 394 393 1575 4515 2364 2363 4506 
4835 4515 2364 2363 4506 4516 2367 2366 4507 
4836 4516 2367 2366 4507 4517 2370 2369 4508 
4837 4517 2370 2369 4508 2359 586 585 2356 
4838 1579 1578 1575 1576 4518 4515 4506 4509 
4839 4518 4515 4506 4509 4519 4516 4507 4510 
4840 4519 4516 4507 4510 4520 4517 4508 4511 
4841 4520 4517 4508 4511 2360 2359 2356 2357 
4842 1580 1579 1576 1577 4521 4518 4509 4512 
4843 4521 4518 4509 4512 4522 4519 4510 4513 
4844 4522 4519 4510 4513 4523 4520 4511 4514 
4845 4523 4520 4511 4514 2361 2360 2357 2358 
4846 400 1580 1577 399 2373 4521 4512 2372 
4847 2373 4521 4512 2372 2376 4522 4513 2375 
4848 2376 4522 4513 2375 2379 4523 4514 2378 
4849 2379 4523 4514 2378 592 2361 2358 591 
4850 395 39 394 1578 2380 593 2364 4515 
4851 2380 593 2364 4515 2381 594 2367 4516 
4852 2381 594 2367 4516 2382 595 2370 4517 
4853 2382 595 2370 4517 587 55 586 2359 
4854 396 395 1578 1579 2383 2380 4515 4518 
4855 2383 2380 4515 4518 2384 2381 4516 4519 
4856 2384 2381 4516 4519 2385 2382 4517 4520 
4857 2385 2382 4517 4520 588 587 2359 2360 
4858 397 396 1579 1580 2386 2383 4518 4521 
4859 2386 2383 4518 4521 2387 2384 4519 4522 
4860 2387 2384 4519 4522 2388 2385 4520 4523 
4861 2388 2385 4520 4523 589 588 2360 2361 
4862 40 397 1580 400 596 2386 4521 2373 
4863 596 2386 4521 2373 597 2387 4522 2376 
4864 597 2387 4522 2376 598 2388 4523 2379 
4865 598 2388 4523 2379 56 589 2361 592 
3 22 5 128
4866 1644 327 36 425 4524 2254 555 2419 
4867 4524 2254 555 2419 4525 2257 556 2420 
4868 4525 2257 556 2420 4526 2260 557 2421 
4869 4526 2260 557 2421 2389 543 52 609 
4870 1645 1644 425 426 4527 4524 2419 2422 
4871 4527 4524 2419 2422 4528 4525 2420 2423 
4872 4528 4525 2420 2423 4529 4526 2421 2424 
4873 4529 4526 2421 2424 2390 2389 609 610 
4874 1646 1645 426 427 4530 4527 2422 2425 
4875 4530 4527 2422 2425 4531 4528 2423 2426 
4876 4531 4528 2423 2426 4532 4529 2424 2427 
4877 4532 4529 2424 2427 2391 2390 610 611 
4878 1647 1646 427 428 4533 4530 2425 2428 
4879 4533 4530 2425 2428 4534 4531 2426 2429 
4880 4534 4531 2426 2429 4535 4532 2427 2430 
4881 4535 4532 2427 2430 2392 2391 611 612 
4882 1648 1647 428 429 4536 4533 2428 2431 
4883 4536 4533 2428 2431 4537 4534 2429 2432 
4884 4537 4534 2429 2432 4538 4535 2430 2433 
4885 4538 4535 2430 2433 2393 2392 612 613 
4886 1649 1648 429 430 4539 4536 2431 2434 
4887 4539 4536 2431 2434 4540 4537 2432 2435 
4888 4540 4537 2432 2435 4541 4538 2433 2436 
4889 4541 4538 2433 2436 2394 2393 613 614 
4890 1650 1649 430 431 4542 4539 2434 2437 
4891 4542 4539 2434 2437 4543 4540 2435 2438 
4892 4543 4540 2435 2438 4544 4541 2436 2439 
4893 4544 4541 2436 2439 2395 2394 614 615 
4894 422 1650 431 42 2410 4542 2437 616 
4895 2410 4542 2437 616 2413 4543 2438 617 
4896 2413 4543 2438 617 2416 4544 2439 618 
4897 2416 4544 2439 618 606 2395 615 58 
4898 1651 328 327 1644 4545 2255 2254 4524 
4899 4545 2255 2254 4524 4546 2258 2257 4525 
4900 4546 2258 2257 4525 4547 2261 2260 4526 
4901 4547 2261 2260 4526 2396 544 543 2389 
4902 1652 1651 1644 1645 4548 4545 4524 4527 
4903 4548 4545 4524 4527 4549 4546 4525 4528 
4904 4549 4546 4525 4528 4550 4547 4526 4529 
4905 4550 4547 4526 4529 2397 2396 2389 2390 
4906 1653 1652 1645 1646 4551 4548 4527 4530 
4907 4551 4548 4527 4530 4552 4549 4528 4531 
4908 4552 4549 4528 4531 4553 4550 4529 4532 
4909 4553 4550 4529 4532 2398 2397 2390 2391 
4910 1654 1653 1646 1647 4554 4551 4530 4533 
4911 4554 4551 4530 4533 4555 4552 4531 4534 
4912 4555 4552 4531 4534 4556 4553 4532 4535 
4913 4556 4553 4532 4535 2399 2398 2391 2392 
4914 1655 1654 1647 1648 4557 4554 4533 4536 
4915 4557 4554 4533 4536 4558 4555 4534 4537 
4916 4558 4555 4534 4537 4559 4556 4535 4538 
4917 4559 4556 4535 4538 2400 2399 2392 2393 
4918 1656 1655 1648 1649 4560 4557 4536 4539 
4919 4560 4557 4536 4539 4561 4558 4537 4540 
4920 4561 4558 4537 4540 4562 4559 4538 4541 
4921 4562 4559 4538 4541 2401 2400 2393 2394 
4922 1657 1656 1649 1650 4563 4560 4539 4542 
4923 4563 4560 4539 4542 4564 4561 4540 4543 
4924 4564 4561 4540 4543 4565 4562 4541 4544 
4925 4565 4562 4541 4544 2402 2401 2394 2395 
4926 423 1657 1650 422 2411 4563 4542 2410 
4927 2411 4563 4542 2410 2414 4564 4543 2413 
4928 2414 4564 4543 2413 2417 4565 4544 2416 
4929 2417 4565 4544 2416 607 2402 2395 606 
4930 1658 329 328 1651 4566 2256 2255 4545 
4931 4566 2256 2255 4545 4567 2259 2258 4546 
4932 4567 2259 2258 4546 4568 2262 2261 4547 
4933 4568 2262 2261 4547 2403 545 544 2396 
4934 1659 1658 1651 1652 4569 4566 4545 4548 
4935 4569 4566 4545 4548 4570 4567 4546 4549 
4936 4570 4567 4546 4549 4571 4568 4547 4550 
4937 4571 4568 4547 4550 2404 2403 2396 2397 
4938 1660 1659 1652 1653 4572 4569 4548 4551 
4939 4572 4569 4548 4551 4573 4570 4549 4552 
4940 4573 4570 4549 4552 4574 4571 4550 4553 
4941 4574 4571 4550 4553 2405 2404 2397 2398 
4942 1661 1660 1653 1654 4575 4572 4551 4554 
4943 4575 4572 4551 4554 4576 4573 4552 4555 
4944 4576 4573 4552 4555 4577 4574 4553 4556 
4945 4577 4574 4553 4556 2406 2405 2398 2399 
4946 1662 1661 1654 1655 4578 4575 4554 4557 
4947 4578 4575 4554 4557 4579 4576 4555 4558 
4948 4579 4576 4555 4558 4580 4577 4556 4559 
4949 4580 4577 4556 4559 2407 2406 2399 2400 
4950 1663 1662 1655 1656 4581 4578 4557 4560 
4951 4581 4578 4557 4560 4582 4579 4558 4561 
4952 4582 4579 4558 4561 4583 4580 4559 4562 
4953 4583 4580 4559 4562 2408 2407 2400 2401 
4954 1664 1663 1656 1657 4584 4581 4560 4563 
4955 4584 4581 4560 4563 4585 4582 4561 4564 
4956 4585 4582 4561 4564 4586 4583 4562 4565 
4957 4586 4583 4562 4565 2409 2408 2401 2402 
4958 424 1664 1657 423 2412 4584 4563 2411 
4959 2412 4584 4563 2411 2415 4585 4564 2414 
4960 2415 4585 4564 2414 2418 4586 4565 2417 
4961 2418 4586 4565 2417 608 2409 2402 607 
4962 415 35 329 1658 2440 558 2256 4566 
4963 2440 558 2256 4566 2441 559 2259 4567 
4964 2441 559 2259 4567 2442 560 2262 4568 
4965 2442 560 2262 4568 599 51 545 2403 
4966 416 415 1658 1659 2443 2440 4566 4569 
4967 2443 2440 4566 4569 2444 2441 4567 4570 
4968 2444 2441 4567 4570 2445 2442 4568 4571 
4969 2445 2442 4568 4571 600 599 2403 2404 
4970 417 416 1659 1660 2446 2443 4569 4572 
4971 2446 2443 4569 4572 2447 2444 4570 4573 
4972 2447 2444 4570 4573 2448 2445 4571 4574 
4973 2448 2445 4571 4574 601 600 2404 2405 
4974 418 417 1660 1661 2449 2446 4572 4575 
4975 2449 2446 4572 4575 2450 2447 4573 4576 
4976 2450 2447 4573 4576 2451 2448 4574 4577 
4977 2451 2448 4574 4577 602 601 2405 2406 
4978 419 418 1661 1662 2452 2449 4575 4578 
4979 2452 2449 4575 4578 2453 2450 4576 4579 
4980 2453 2450 4576 4579 2454 2451 4577 4580 
4981 2454 2451 4577 4580 603 602 2406 2407 
4982 420 419 1662 1663 2455 2452 4578 4581 
4983 2455 2452 4578 4581 2456 2453 4579 4582 
4984 2456 2453 4579 4582 2457 2454 4580 4583 
4985 2457 2454 4580 4583 604 603 2407 2408 
4986 421 420 1663 1664 2458 2455 4581 4584 
4987 2458 2455 4581 4584 2459 2456 4582 4585 
4988 2459 2456 4582 4585 2460 2457 4583 4586 
4989 2460 2457 4583 4586 605 604 2408 2409 
4990 41 421 1664 424 619 2458 4584 2412 
4991 619 2458 4584 2412 620 2459 4585 2415 
4992 620 2459 4585 2415 621 2460 4586 2418 
4993 621 2460 4586 2418 57 605 2409 608 
3 23 5 256
4994 1784 371 35 415 4587 2323 558 2440 
4995 4587 2323 558 2440 4588 2330 559 2441 
4996 4588 2330 559 2441 4589 2337 560 2442 
4997 4589 2337 560 2442 2461 571 51 599 
4998 1785 1784 415 416 4590 4587 2440 2443 
4999 4590 4587 2440 2443 4591 4588 2441 2444 
5000 4591 4588 2441 2444 4592 4589 2442 2445 
5001 4592 4589 2442 2445 2462 2461 599 600 
5002 1786 1785 416 417 4593 4590 2443 2446 
5003 4593 4590 2443 2446 4594 4591 2444 2447 
5004 4594 4591 2444 2447 4595 4592 2445 2448 
5005 4595 4592 2445 2448 2463 2462 600 601 
5006 1787 1786 417 418 4596 4593 2446 2449 
5007 4596 4593 2446 2449 4597 4594 2447 2450 
5008 4597 4594 2447 2450 4598 4595 2448 2451 
5009 4598 4595 2448 2451 2464 2463 601 602 
5010 1788 1787 418 419 4599 4596 2449 2452 
5011 4599 4596 2449 2452 4600 4597 2450 2453 
5012 4600 4597 2450 2453 4601 4598 2451 2454 
5013 4601 4598 2451 2454 2465 2464 602 603 
5014 1789 1788 419 420 4602 4599 2452 2455 
5015 4602 4599 2452 2455 4603 4600 2453 2456 
5016 4603 4600 2453 2456 4604 4601 2454 2457 
5017 4604 4601 2454 2457 2466 2465 603 604 
5018 1790 1789 420 421 4605 4602 2455 2458 
5019 4605 4602 2455 2458 4606 4603 2456 2459 
5020 4606 4603 2456 2459 4607 4604 2457 2460 
5021 4607 4604 2457 2460 2467 2466 604 605 
5022 453 1790 421 41 2510 4605 2458 619 
5023 2510 4605 2458 619 2517 4606 2459 620 
5024 2517 4606 2459 620 2524 4607 2460 621 
5025 2524 4607 2460 621 629 2467 605 57 
5026 1791 372 371 1784 4608 2324 2323 4587 
5027 4608 2324 2323 4587 4609 2331 2330 4588 
5028 4609 2331 2330 4588 4610 2338 2337 4589 
5029 4610 2338 2337 4589 2468 572 571 2461 
5030 1792 1791 1784 1785 4611 4608 4587 4590 
5031 4611 4608 4587 4590 4612 4609 4588 4591 
5032 4612 4609 4588 4591 4613 4610 4589 4592 
5033 4613 4610 4589 4592 2469 2468 2461 2462 
5034 1793 1792 1785 1786 4614 4611 4590 4593 
5035 4614 4611 4590 4593 4615 4612 4591 4594 
5036 4615 4612 4591 4594 4616 4613 4592 4595 
5037 4616 4613 4592 4595 2470 2469 2462 2463 
5038 1794 1793 1786 1787 4617 4614 4593 4596 
5039 4617 4614 4593 4596 4618 4615 4594 4597 
5040 4618 4615 4594 4597 4619 4616 4595 4598 
5041 4619 4616 4595 4598 2471 2470 2463 2464 
5042 1795 1794 1787 1788 4620 4617 4596 4599 
5043 4620 4617 4596 4599 4621 4618 4597 4600 
5044 4621 4618 4597 4600 4622 4619 4598 4601 
5045 4622 4619 4598 4601 2472 2471 2464 2465 
5046 1796 1795 1788 1789 4623 4620 4599 4602 
5047 4623 4620 4599 4602 4624 4621 4600 4603 
5048 4624 4621 4600 4603 4625 4622 4601 4604 
5049 4625 4622 4601 4604 2473 2472 2465 2466 
5050 1797 1796 1789 1790 4626 4623 4602 4605 
5051 4626 4623 4602 4605 4627 4624 4603 4606 
5052 4627 4624 4603 4606 4628 4625 4604 4607 
5053 4628 4625 4604 4607 2474 2473 2466 2467 
5054 454 1797 1790 453 2511 4626 4605 2510 
5055 2511 4626 4605 2510 2518 4627 4606 2517 
5056 2518 4627 4606 2517 2525 4628 4607 2524 
5057 2525 4628 4607 2524 630 2474 2467 629 
5058 1798 373 372 1791 4629 2325 2324 4608 
5059 4629 2325 2324 4608 4630 2332 2331 4609 
5060 4630 2332 2331 4609 4631 2339 2338 4610 
5061 4631 2339 2338 4610 2475 573 572 2468 
5062 1799 1798 1791 1792 4632 4629 4608 4611 
5063 4632 4629 4608 4611 4633 4630 4609 4612 
5064 4633 4630 4609 4612 4634 4631 4610 4613 
5065 4634 4631 4610 4613 2476 2475 2468 2469 
5066 1800 1799 1792 1793 4635 4632 4611 4614 
5067 4635 4632 4611 4614 4636 4633 4612 4615 
5068 4636 4633 4612 4615 4637 4634 4613 4616 
5069 4637 4634 4613 4616 2477 2476 2469 2470 
5070 1801 1800 1793 1794 4638 4635 4614 4617 
5071 4638 4635 4614 4617 4639 4636 4615 4618 
5072 4639 4636 4615 4618 4640 4637 4616 4619 
5073 4640 4637 4616 4619 2478 2477 2470 2471 
5074 1802 1801 1794 1795 4641 4638 4617 4620 
5075 4641 4638 4617 4620 4642 4639 4618 4621 
5076 4642 4639 4618 4621 4643 4640 4619 4622 
5077 4643 4640 4619 4622 2479 2478 2471 2472 
5078 1803 1802 1795 1796 4644 4641 4620 4623 
5079 4644 4641 4620 4623 4645 4642 4621 4624 
5080 4645 4642 4621 4624 4646 4643 4622 4625 
5081 4646 4643 4622 4625 2480 2479 2472 2473 
5082 1804 1803 1796 1797 4647 4644 4623 4626 
5083 4647 4644 4623 4626 4648 4645 4624 4627 
5084 4648 4645 4624 4627 4649 4646 4625 4628 
5085 4649 4646 4625 4628 2481 2480 2473 2474 
5086 455 1804 1797 454 2512 4647 4626 2511 
5087 2512 4647 4626 2511 2519 4648 4627 2518 
5088 2519 4648 4627 2518 2526 4649 4628 2525 
5089 2526 4649 4628 2525 631 2481 2474 630 
5090 1805 374 373 1798 4650 2326 2325 4629 
5091 4650 2326 2325 4629 4651 2333 2332 4630 
5092 4651 2333 2332 4630 4652 2340 2339 4631 
5093 4652 2340 2339 4631 2482 574 573 2475 
5094 1806 1805 1798 1799 4653 4650 4629 4632 
5095 4653 4650 4629 4632 4654 4651 4630 4633 
5096 4654 4651 4630 4633 4655 4652 4631 4634 
5097 4655 4652 4631 4634 2483 2482 2475 2476 
5098 1807 1806 1799 1800 4656 4653 4632 4635 
5099 4656 4653 4632 4635 4657 4654 4633 4636 
5100 4657 4654 4633 4636 4658 4655 4634 4637 
5101 4658 4655 4634 4637 2484 2483 2476 2477 
5102 1808 1807 1800 1801 4659 4656 4635 4638 
5103 4659 4656 4635 4638 4660 4657 4636 4639 
5104 4660 4657 4636 4639 4661 4658 4637 4640 
5105 4661 4658 4637 4640 2485 2484 2477 2478 
5106 1809 1808 1801 1802 4662 4659 4638 4641 
5107 4662 4659 4638 4641 4663 4660 4639 4642 
5108 4663 4660 4639 4642 4664 4661 4640 4643 
5109 4664 4661 4640 4643 2486 2485 2478 2479 
5110 1810 1809 1802 1803 4665 4662 4641 4644 
5111 4665 4662 4641 4644 4666 4663 4642 4645 
5112 4666 4663 4642 4645 4667 4664 4643 4646 
5113 4667 4664 4643 4646 2487 2486 2479 2480 
5114 1811 1810 1803 1804 4668 4665 4644 4647 
5115 4668 4665 4644 4647 4669 4666 4645 4648 
5116 4669 4666 4645 4648 4670 4667 4646 4649 
5117 4670 4667 4646 4649 2488 2487 2480 2481 
5118 456 1811 1804 455 2513 4668 4647 2512 
5119 2513 4668 4647 2512 2520 4669 4648 2519 
5120 2520 4669 4648 2519 2527 4670 4649 2526 
5121 2527 4670 4649 2526 632 2488 2481 631 
5122 1812 375 374 1805 4671 2327 2326 4650 
5123 4671 2327 2326 4650 4672 2334 2333 4651 
5124 4672 2334 2333 4651 4673 2341 2340 4652 
5125 4673 2341 2340 4652 2489 575 574 2482 
5126 1813 1812 1805 1806 4674 4671 4650 4653 
5127 4674 4671 4650 4653 4675 4672 4651 4654 
5128 4675 4672 4651 4654 4676 4673 4652 4655 
5129 4676 4673 4652 4655 2490 2489 2482 2483 
5130 1814 1813 1806 1807 4677 4674 4653 4656 
5131 4677 4674 4653 4656 4678 4675 4654 4657 
5132 4678 4675 4654 4657 4679 4676 4655 4658 
5133 4679 4676 4655 4658 2491 2490 2483 2484 
5134 1815 1814 1807 1808 4680 4677 4656 4659 
5135 4680 4677 4656 4659 4681 4678 4657 4660 
5136 4681 4678 4657 4660 4682 4679 4658 4661 
5137 4682 4679 4658 4661 2492 2491 2484 2485 
5138 1816 1815 1808 1809 4683 4680 4659 4662 
5139 4683 4680 4659 4662 4684 4681 4660 4663 
5140 4684 4681 4660 4663 4685 4682 4661 4664 
5141 4685 4682 4661 4664 2493 2492 2485 2486 
5142 1817 1816 1809 1810 4686 4683 4662 4665 
5143 4686 4683 4662 4665 4687 4684 4663 4666 
5144 4687 4684 4663 4666 4688 4685 4664 4667 
5145 4688 4685 4664 4667 2494 2493 2486 2487 
5146 1818 1817 1810 1811 4689 4686 4665 4668 
5147 4689 4686 4665 4668 4690 4687 4666 4669 
5148 4690 4687 4666 4669 4691 4688 4667 4670 
5149 4691 4688 4667 4670 2495 2494 2487 2488 
5150 457 1818 1811 456 2514 4689 4668 2513 
5151 2514 4689 4668 2513 2521 4690 4669 2520 
5152 2521 4690 4669 2520 2528 4691 4670 2527 
5153 2528 4691 4670 2527 633 2495 2488 632 
5154 1819 376 375 1812 4692 2328 2327 4671 
5155 4692 2328 2327 4671 4693 2335 2334 4672 
5156 4693 2335 2334 4672 4694 2342 2341 4673 
5157 4694 2342 2341 4673 2496 576 575 2489 
5158 1820 1819 1812 1813 4695 4692 4671 4674 
5159 4695 4692 4671 4674 4696 4693 4672 4675 
5160 4696 4693 4672 4675 4697 4694 4673 4676 
5161 4697 4694 4673 4676 2497 2496 2489 2490 
5162 1821 1820 1813 1814 4698 4695 4674 4677 
5163 4698 4695 4674 4677 4699 4696 4675 4678 
5164 4699 4696 4675 4678 4700 4697 4676 4679 
5165 4700 4697 4676 4679 2498 2497 2490 2491 
5166 1822 1821 1814 1815 4701 4698 4677 4680 
5167 4701 4698 4677 4680 4702 4699 4678 4681 
5168 4702 4699 4678 4681 4703 4700 4679 4682 
5169 4703 4700 4679 4682 2499 2498 2491 2492 
5170 1823 1822 1815 1816 4704 4701 4680 4683 
5171 4704 4701 4680 4683 4705 4702 4681 4684 
5172 4705 4702 4681 4684 4706 4703 4682 4685 
5173 4706 4703 4682 4685 2500 2499 2492 2493 
5174 1824 1823 1816 1817 4707 4704 4683 4686 
5175 4707 4704 4683 4686 4708 4705 4684 4687 
5176 4708 4705 4684 4687 4709 4706 4685 4688 
5177 4709 4706 4685 4688 2501 2500 2493 2494 
5178 1825 1824 1817 1818 4710 4707 4686 4689 
5179 4710 4707 4686 4689 4711 4708 4687 4690 
5180 4711 4708 4687 4690 4712 4709 4688 4691 
5181 4712 4709 4688 4691 2502 2501 2494 2495 
5182 458 1825 1818 457 2515 4710 4689 2514 
5183 2515 4710 4689 2514 2522 4711 4690 2521 
5184 2522 4711 4690 2521 2529 4712 4691 2528 
5185 2529 4712 4691 2528 634 2502 2495 633 
5186 1826 377 376 1819 4713 2329 2328 4692 
5187 4713 2329 2328 4692 4714 2336 2335 4693 
5188 4714 2336 2335 4693 4715 2343 2342 4694 
5189 4715 2343 2342 4694 2503 577 576 2496 
5190 1827 1826 1819 1820 4716 4713 4692 4695 
5191 4716 4713 4692 4695 4717 4714 4693 4696 
5192 4717 4714 4693 4696 4718 4715 4694 4697 
5193 4718 4715 4694 4697 2504 2503 2496 2497 
5194 1828 1827 1820 1821 4719 4716 4695 4698 
5195 4719 4716 4695 4698 4720 4717 4696 4699 
5196 4720 4717 4696 4699 4721 4718 4697 4700 
5197 4721 4718 4697 4700 2505 2504 2497 2498 
5198 1829 1828 1821 1822 4722 4719 4698 4701 
5199 4722 4719 4698 4701 4723 4720 4699 4702 
5200 4723 4720 4699 4702 4724 4721 4700 4703 
5201 4724 4721 4700 4703 2506 2505 2498 2499 
5202 1830 1829 1822 1823 4725 4722 4701 4704 
5203 4725 4722 4701 4704 4726 4723 4702 4705 
5204 4726 4723 4702 4705 4727 4724 4703 4706 
5205 4727 4724 4703 4706 2507 2506 2499 2500 
5206 1831 1830 1823 1824 4728 4725 4704 4707 
5207 4728 4725 4704 4707 4729 4726 4705 4708 
5208 4729 4726 4705 4708 4730 4727 4706 4709 
5209 4730 4727 4706 4709 2508 2507 2500 2501 
5210 1832 1831 1824 1825 4731 4728 4707 4710 
5211 4731 4728 4707 4710 4732 4729 4708 4711 
5212 4732 4729 4708 4711 4733 4730 4709 4712 
5213 4733 4730 4709 4712 2509 2508 2501 2502 
5214 459 1832 1825 458 2516 4731 4710 2515 
5215 2516 4731 4710 2515 2523 4732 4711 2522 
5216 2523 4732 4711 2522 2530 4733 4712 2529 
5217 2530 4733 4712 2529 635 2509 2502 634 
5218 446 38 377 1826 2531 581 2329 4713 
5219 2531 581 2329 4713 2532 582 2336 4714 
5220 2532 582 2336 4714 2533 583 2343 4715 
5221 2533 583 2343 4715 622 54 577 2503 
5222 447 446 1826 1827 2534 2531 4713 4716 
5223 2534 2531 4713 4716 2535 2532 4714 4717 
5224 2535 2532 4714 4717 2536 2533 4715 4718 
5225 2536 2533 4715 4718 623 622 2503 2504 
5226 448 447 1827 1828 2537 2534 4716 4719 
5227 2537 2534 4716 4719 2538 2535 4717 4720 
5228 2538 2535 4717 4720 2539 2536 4718 4721 
5229 2539 2536 4718 4721 624 623 2504 2505 
5230 449 448 1828 1829 2540 2537 4719 4722 
5231 2540 2537 4719 4722 2541 2538 4720 4723 
5232 2541 2538 4720 4723 2542 2539 4721 4724 
5233 2542 2539 4721 4724 625 624 2505 2506 
5234 450 449 1829 1830 2543 2540 4722 4725 
5235 2543 2540 4722 4725 2544 2541 4723 4726 
5236 2544 2541 4723 4726 2545 2542 4724 4727 
5237 2545 2542 4724 4727 626 625 2506 2507 
5238 451 450 1830 1831 2546 2543 4725 4728 
5239 2546 2543 4725 4728 2547 2544 4726 4729 
5240 2547 2544 4726 4729 2548 2545 4727 4730 
5241 2548 2545 4727 4730 627 626 2507 2508 
5242 452 451 1831 1832 2549 2546 4728 4731 
5243 2549 2546 4728 4731 2550 2547 4729 4732 
5244 2550 2547 4729 4732 2551 2548 4730 4733 
5245 2551 2548 4730 4733 628 627 2508 2509 
5246 43 452 1832 459 636 2549 4731 2516 
5247 636 2549 4731 2516 637 2550 4732 2523 
5248 637 2550 4732 2523 638 2551 4733 2530 
5249 638 2551 4733 2530 59 628 2509 635 
3 24 5 128
5250 1931 398 38 446 4734 2371 581 2531 
5251 4734 2371 581 2531 4735 2374 582 2532 
5252 4735 2374 582 2532 4736 2377 583 2533 
5253 4736 2377 583 2533 2552 590 54 622 
5254 1932 1931 446 447 4737 4734 2531 2534 
5255 4737 4734 2531 2534 4738 4735 2532 2535 
5256 4738 4735 2532 2535 4739 4736 2533 2536 
5257 4739 4736 2533 2536 2553 2552 622 623 
5258 1933 1932 447 448 4740 4737 2534 2537 
5259 4740 4737 2534 2537 4741 4738 2535 2538 
5260 4741 4738 2535 2538 4742 4739 2536 2539 
5261 4742 4739 2536 2539 2554 2553 623 624 
5262 1934 1933 448 449 4743 4740 2537 2540 
5263 4743 4740 2537 2540 4744 4741 2538 2541 
5264 4744 4741 2538 2541 4745 4742 2539 2542 
5265 4745 4742 2539 2542 2555 2554 624 625 
5266 1935 1934 449 450 4746 4743 2540 2543 
5267 4746 4743 2540 2543 4747 4744 2541 2544 
5268 4747 4744 2541 2544 4748 4745 2542 2545 
5269 4748 4745 2542 2545 2556 2555 625 626 
5270 1936 1935 450 451 4749 4746 2543 2546 
5271 4749 4746 2543 2546 4750 4747 2544 2547 
5272 4750 4747 2544 2547 4751 4748 2545 2548 
5273 4751 4748 2545 2548 2557 2556 626 627 
5274 1937 1936 451 452 4752 4749 2546 2549 
5275 4752 4749 2546 2549 4753 4750 2547 2550 
5276 4753 4750 2547 2550 4754 4751 2548 2551 
5277 4754 4751 2548 2551 2558 2557 627 628 
5278 474 1937 452 43 2573 4752 2549 636 
5279 2573 4752 2549 636 2576 4753 2550 637 
5280 2576 4753 2550 637 2579 4754 2551 638 
5281 2579 4754 2551 638 646 2558 628 59 
5282 1938 399 398 1931 4755 2372 2371 4734 
5283 4755 2372 2371 4734 4756 2375 2374 4735 
5284 4756 2375 2374 4735 4757 2378 2377 4736 
5285 4757 2378 2377 4736 2559 591 590 2552 
5286 1939 1938 1931 1932 4758 4755 4734 4737 
5287 4758 4755 4734 4737 4759 4756 4735 4738 
5288 4759 4756 4735 4738 4760 4757 4736 4739 
5289 4760 4757 4736 4739 2560 2559 2552 2553 
5290 1940 1939 1932 1933 4761 4758 4737 4740 
5291 4761 4758 4737 4740 4762 4759 4738 4741 
5292 4762 4759 4738 4741 4763 4760 4739 4742 
5293 4763 4760 4739 4742 2561 2560 2553 2554 
5294 1941 1940 1933 1934 4764 4761 4740 4743 
5295 4764 4761 4740 4743 4765 4762 4741 4744 
5296 4765 4762 4741 4744 4766 4763 4742 4745 
5297 4766 4763 4742 4745 2562 2561 2554 2555 
5298 1942 1941 1934 1935 4767 4764 4743 4746 
5299 4767 4764 4743 4746 4768 4765 4744 4747 
5300 4768 4765 4744 4747 4769 4766 4745 4748 
5301 4769 4766 4745 4748 2563 2562 2555 2556 
5302 1943 1942 1935 1936 4770 4767 4746 4749 
5303 4770 4767 4746 4749 4771 4768 4747 4750 
5304 4771 4768 4747 4750 4772 4769 4748 4751 
5305 4772 4769 4748 4751 2564 2563 2556 2557 
5306 1944 1943 1936 1937 4773 4770 4749 4752 
5307 4773 4770 4749 4752 4774 4771 4750 4753 
5308 4774 4771 4750 4753 4775 4772 4751 4754 
5309 4775 4772 4751 4754 2565 2564 2557 2558 
5310 475 1944 1937 474 2574 4773 4752 2573 
5311 2574 4773 4752 2573 2577 4774 4753 2576 
5312 2577 4774 4753 2576 2580 4775 4754 2579 
5313 2580 4775 4754 2579 647 2565 2558 646 
5314 1945 400 399 1938 4776 2373 2372 4755 
5315 4776 2373 2372 4755 4777 2376 2375 4756 
5316 4777 2376 2375 4756 4778 2379 2378 4757 
5317 4778 2379 2378 4757 2566 592 591 2559 
5318 1946 1945 1938 1939 4779 4776 4755 4758 
5319 4779 4776 4755 4758 4780 4777 4756 4759 
5320 4780 4777 4756 4759 4781 4778 4757 4760 
5321 4781 4778 4757 4760 2567 2566 2559 2560 
5322 1947 1946 1939 1940 4782 4779 4758 4761 
5323 4782 4779 4758 4761 4783 4780 4759 4762 
5324 4783 4780 4759 4762 4784 4781 4760 4763 
5325 4784 4781 4760 4763 2568 2567 2560 2561 
5326 1948 1947 1940 1941 4785 4782 4761 4764 
5327 4785 4782 4761 4764 4786 4783 4762 4765 
5328 4786 4783 4762 4765 4787 4784 4763 4766 
5329 4787 4784 4763 4766 2569 2568 2561 2562 
5330 1949 1948 1941 1942 4788 4785 4764 4767 
5331 4788 4785 4764 4767 4789 4786 4765 4768 
5332 4789 4786 4765 4768 4790 4787 4766 4769 
5333 4790 4787 4766 4769 2570 2569 2562 2563 
5334 1950 1949 1942 1943 4791 4788 4767 4770 
5335 4791 4788 4767 4770 4792 4789 4768 4771 
5336 4792 4789 4768 4771 4793 4790 4769 4772 
5337 4793 4790 4769 4772 2571 2570 2563 2564 
5338 1951 1950 1943 1944 4794 4791 4770 4773 
5339 4794 4791 4770 4773 4795 4792 4771 4774 
5340 4795 4792 4771 4774 4796 4793 4772 4775 
5341 4796 4793 4772 4775 2572 2571 2564 2565 
5342 476 1951 1944 475 2575 4794 4773 2574 
5343 2575 4794 4773 2574 2578 4795 4774 2577 
5344 2578 4795 4774 2577 2581 4796 4775 2580 
5345 2581 4796 4775 2580 648 2572 2565 647 
5346 467 40 400 1945 2582 596 2373 4776 
5347 2582 596 2373 4776 2583 597 2376 4777 
5348 2583 597 2376 4777 2584 598 2379 4778 
5349 2584 598 2379 4778 639 56 592 2566 
5350 468 467 1945 1946 2585 2582 4776 4779 
5351 2585 2582 4776 4779 2586 2583 4777 4780 
5352 2586 2583 4777 4780 2587 2584 4778 4781 
5353 2587 2584 4778 4781 640 639 2566 2567 
5354 469 468 1946 1947 2588 2585 4779 4782 
5355 2588 2585 4779 4782 2589 2586 4780 4783 
5356 2589 2586 4780 4783 2590 2587 4781 4784 
5357 2590 2587 4781 4784 641 640 2567 2568 
5358 470 469 1947 1948 2591 2588 4782 4785 
5359 2591 2588 4782 4785 2592 2589 4783 4786 
5360 2592 2589 4783 4786 2593 2590 4784 4787 
5361 2593 2590 4784 4787 642 641 2568 2569 
5362 471 470 1948 1949 2594 2591 4785 4788 
5363 2594 2591 4785 4788 2595 2592 4786 4789 
5364 2595 2592 4786 4789 2596 2593 4787 4790 
5365 2596 2593 4787 4790 643 642 2569 2570 
5366 472 471 1949 1950 2597 2594 4788 4791 
5367 2597 2594 4788 4791 2598 2595 4789 4792 
5368 2598 2595 4789 4792 2599 2596 4790 4793 
5369 2599 2596 4790 4793 644 643 2570 2571 
5370 473 472 1950 1951 2600 2597 4791 4794 
5371 2600 2597 4791 4794 2601 2598 4792 4795 
5372 2601 2598 4792 4795 2602 2599 4793 4796 
5373 2602 2599 4793 4796 645 644 2571 2572 
5374 44 473 1951 476 649 2600 4794 2575 
5375 649 2600 4794 2575 650 2601 4795 2578 
5376 650 2601 4795 2578 651 2602 4796 2581 
5377 651 2602 4796 2581 60 645 2572 648 
3 25 5 64
5378 2022 422 42 490 4797 2410 616 2621 
5379 4797 2410 616 2621 4798 2413 617 2622 
5380 4798 2413 617 2622 4799 2416 618 2623 
5381 4799 2416 618 2623 2603 606 58 658 
5382 2023 2022 490 491 4800 4797 2621 2624 
5383 4800 4797 2621 2624 4801 4798 2622 2625 
5384 4801 4798 2622 2625 4802 4799 2623 2626 
5385 4802 4799 2623 2626 2604 2603 658 659 
5386 2024 2023 491 492 4803 4800 2624 2627 
5387 4803 4800 2624 2627 4804 4801 2625 2628 
5388 4804 4801 2625 2628 4805 4802 2626 2629 
5389 4805 4802 2626 2629 2605 2604 659 660 
5390 487 2024 492 46 2612 4803 2627 661 
5391 2612 4803 2627 661 2615 4804 2628 662 
5392 2615 4804 2628 662 2618 4805 2629 663 
5393 2618 4805 2629 663 655 2605 660 62 
5394 2025 423 422 2022 4806 2411 2410 4797 
5395 4806 2411 2410 4797 4807 2414 2413 4798 
5396 4807 2414 2413 4798 4808 2417 2416 4799 
5397 4808 2417 2416 4799 2606 607 606 2603 
5398 2026 2025 2022 2023 4809 4806 4797 4800 
5399 4809 4806 4797 4800 4810 4807 4798 4801 
5400 4810 4807 4798 4801 4811 4808 4799 4802 
5401 4811 4808 4799 4802 2607 2606 2603 2604 
5402 2027 2026 2023 2024 4812 4809 4800 4803 
5403 4812 4809 4800 4803 4813 4810 4801 4804 
5404 4813 4810 4801 4804 4814 4811 4802 4805 
5405 4814 4811 4802 4805 2608 2607 2604 2605 
5406 488 2027 2024 487 2613 4812 4803 2612 
5407 2613 4812 4803 2612 2616 4813 4804 2615 
5408 2616 4813 4804 2615 2619 4814 4805 2618 
5409 2619 4814 4805 2618 656 2608 2605 655 
5410 2028 424 423 2025 4815 2412 2411 4806 
5411 4815 2412 2411 4806 4816 2415 2414 4807 
5412 4816 2415 2414 4807 4817 2418 2417 4808 
5413 4817 2418 2417 4808 2609 608 607 2606 
5414 2029 2028 2025 2026 4818 4815 4806 4809 
5415 4818 4815 4806 4809 4819 4816 4807 4810 
5416 4819 4816 4807 4810 4820 4817 4808 4811 
5417 4820 4817 4808 4811 2610 2609 2606 2607 
5418 2030 2029 2026 2027 4821 4818 4809 4812 
5419 4821 4818 4809 4812 4822 4819 4810 4813 
5420 4822 4819 4810 4813 4823 4820 4811 4814 
5421 4823 4820 4811 4814 2611 2610 2607 2608 
5422 489 2030 2027 488 2614 4821 4812 2613 
5423 2614 4821 4812 2613 2617 4822 4813 2616 
5424 2617 4822 4813 2616 2620 4823 4814 2619 
5425 2620 4823 4814 2619 657 2611 2608 656 
5426 484 41 424 2028 2630 619 2412 4815 
5427 2630 619 2412 4815 2631 620 2415 4816 
5428 2631 620 2415 4816 2632 621 2418 4817 
5429 2632 621 2418 4817 652 57 608 2609 
5430 485 484 2028 2029 2633 2630 4815 4818 
5431 2633 2630 4815 4818 2634 2631 4816 4819 
5432 2634 2631 4816 4819 2635 2632 4817 4820 
5433 2635 2632 4817 4820 653 652 2609 2610 
5434 486 485 2029 2030 2636 2633 4818 4821 
5435 2636 2633 4818 4821 2637 2634 4819 4822 
5436 2637 2634 4819 4822 2638 2635 4820 4823 
5437 2638 2635 4820 4823 654 653 2610 2611 
5438 45 486 2030 489 664 2636 4821 2614 
5439 664 2636 4821 2614 665 2637 4822 2617 
5440 665 2637 4822 2617 666 2638 4823 2620 
5441 666 2638 4823 2620 61 654 2611 657 
3 26 5 128
5442 2094 453 41 484 4824 2510 619 2630 
5443 4824 2510 619 2630 4825 2517 620 2631 
5444 4825 2517 620 2631 4826 2524 621 2632 
5445 4826 2524 621 2632 2639 629 57 652 
5446 2095 2094 484 485 4827 4824 2630 2633 
5447 4827 4824 2630 2633 4828 4825 2631 2634 
5448 4828 4825 2631 2634 4829 4826 2632 2635 
5449 4829 4826 2632 2635 2640 2639 652 653 
5450 2096 2095 485 486 4830 4827 2633 2636 
5451 4830 4827 2633 2636 4831 4828 2634 2637 
5452 4831 4828 2634 2637 4832 4829 2635 2638 
5453 4832 4829 2635 2638 2641 2640 653 654 
5454 510 2096 486 45 2660 4830 2636 664 
5455 2660 4830 2636 664 2667 4831 2637 665 
5456 2667 4831 2637 665 2674 4832 2638 666 
5457 2674 4832 2638 666 670 2641 654 61 
5458 2097 454 453 2094 4833 2511 2510 4824 
5459 4833 2511 2510 4824 4834 2518 2517 4825 
5460 4834 2518 2517 4825 4835 2525 2524 4826 
5461 4835 2525 2524 4826 2642 630 629 2639 
5462 2098 2097 2094 2095 4836 4833 4824 4827 
5463 4836 4833 4824 4827 4837 4834 4825 4828 
5464 4837 4834 4825 4828 4838 4835 4826 4829 
5465 4838 4835 4826 4829 2643 2642 2639 2640 
5466 2099 2098 2095 2096 4839 4836 4827 4830 
5467 4839 4836 4827 4830 4840 4837 4828 4831 
5468 4840 4837 4828 4831 4841 4838 4829 4832 
5469 4841 4838 4829 4832 2644 2643 2640 2641 
5470 511 2099 2096 510 2661 4839 4830 2660 
5471 2661 4839 4830 2660 2668 4840 4831 2667 
5472 2668 4840 4831 2667 2675 4841 4832 2674 
5473 2675 4841 4832 2674 671 2644 2641 670 
5474 2100 455 454 2097 4842 2512 2511 4833 
5475 4842 2512 2511 4833 4843 2519 2518 4834 
5476 4843 2519 2518 4834 4844 2526 2525 4835 
5477 4844 2526 2525 4835 2645 631 630 2642 
5478 2101 2100 2097 2098 4845 4842 4833 4836 
5479 4845 4842 4833 4836 4846 4843 4834 4837 
5480 4846 4843 4834 4837 4847 4844 4835 4838 
5481 4847 4844 4835 4838 2646 2645 2642 2643 
5482 2102 2101 2098 2099 4848 4845 4836 4839 
5483 4848 4845 4836 4839 4849 4846 4837 4840 
5484 4849 4846 4837 4840 4850 4847 4838 4841 
5485 4850 4847 4838 4841 2647 2646 2643 2644 
5486 512 2102 2099 511 2662 4848 4839 2661 
5487 2662 4848 4839 2661 2669 4849 4840 2668 
5488 2669 4849 4840 2668 2676 4850 4841 2675 
5489 2676 4850 4841 2675 672 2647 2644 671 
5490 2103 456 455 2100 4851 2513 2512 4842 
5491 4851 2513 2512 4842 4852 2520 2519 4843 
5492 4852 2520 2519 4843 4853 2527 2526 4844 
5493 4853 2527 2526 4844 2648 632 631 2645 
5494 2104 2103 2100 2101 4854 4851 4842 4845 
5495 4854 4851 4842 4845 4855 4852 4843 4846 
5496 4855 4852 4843 4846 4856 4853 4844 4847 
5497 4856 4853 4844 4847 2649 2648 2645 2646 
5498 2105 2104 2101 2102 4857 4854 4845 4848 
5499 4857 4854 4845 4848 4858 4855 4846 4849 
5500 4858 4855 4846 4849 4859 4856 4847 4850 
5501 4859 4856 4847 4850 2650 2649 2646 2647 
5502 513 2105 2102 512 2663 4857 4848 2662 
5503 2663 4857 4848 2662 2670 4858 4849 2669 
5504 2670 4858 4849 2669 2677 4859 4850 2676 
5505 2677 4859 4850 2676 673 2650 2647 672 
5506 2106 457 456 2103 4860 2514 2513 4851 
5507 4860 2514 2513 4851 4861 2521 2520 4852 
5508 4861 2521 2520 4852 4862 2528 2527 4853 
5509 4862 2528 2527 4853 2651 633 632 2648 
5510 2107 2106 2103 2104 4863 4860 4851 4854 
5511 4863 4860 4851 4854 4864 4861 4852 4855 
5512 4864 4861 4852 4855 4865 4862 4853 4856 
5513 4865 4862 4853 4856 2652 2651 2648 2649 
5514 2108 2107 2104 2105 4866 4863 4854 4857 
5515 4866 4863 4854 4857 4867 4864 4855 4858 
5516 4867 4864 4855 4858 4868 4865 4856 4859 
5517 4868 4865 4856 4859 2653 2652 2649 2650 
5518 514 2108 2105 513 2664 4866 4857 2663 
5519 2664 4866 4857 2663 2671 4867 4858 2670 
5520 2671 4867 4858 2670 2678 4868 4859 2677 
5521 2678 4868 4859 2677 674 2653 2650 673 
5522 2109 458 457 2106 4869 2515 2514 4860 
5523 4869 2515 2514 4860 4870 2522 2521 4861 
5524 4870 2522 2521 4861 4871 2529 2528 4862 
5525 4871 2529 2528 4862 2654 634 633 2651 
5526 2110 2109 2106 2107 4872 4869 4860 4863 
5527 4872 4869 4860 4863 4873 4870 4861 4864 
5528 4873 4870 4861 4864 4874 4871 4862 4865 
5529 4874 4871 4862 4865 2655 2654 2651 2652 
5530 2111 2110 2107 2108 4875 4872 4863 4866 
5531 4875 4872 4863 4866 4876 4873 4864 4867 
5532 4876 4873 4864 4867 4877 4874 4865 4868 
5533 4877 4874 4865 4868 2656 2655 2652 2653 
5534 515 2111 2108 514 2665 4875 4866 2664 
5535 2665 4875 4866 2664 2672 4876 4867 2671 
5536 2672 4876 4867 2671 2679 4877 4868 2678 
5537 2679 4877 4868 2678 675 2656 2653 674 
5538 2112 459 458 2109 4878 2516 2515 4869 
5539 4878 2516 2515 4869 4879 2523 2522 4870 
5540 4879 2523 2522 4870 4880 2530 2529 4871 
5541 4880 2530 2529 4871 2657 635 634 2654 
5542 2113 2112 2109 2110 4881 4878 4869 4872 
5543 4881 4878 4869 4872 4882 4879 4870 4873 
5544 4882 4879 4870 4873 4883 4880 4871 4874 
5545 4883 4880 4871 4874 2658 2657 2654 2655 
5546 2114 2113 2110 2111 4884 4881 4872 4875 
5547 4884 4881 4872 4875 4885 4882 4873 4876 
5548 4885 4882 4873 4876 4886 4883 4874 4877 
5549 4886 4883 4874 4877 2659 2658 2655 2656 
5550 516 2114 2111 515 2666 4884 4875 2665 
5551 2666 4884 4875 2665 2673 4885 4876 2672 
5552 2673 4885 4876 2672 2680 4886 4877 2679 
5553 2680 4886 4877 2679 676 2659 2656 675 
5554 507 43 459 2112 2681 636 2516 4878 
5555 2681 636 2516 4878 2682 637 2523 4879 
5556 2682 637 2523 4879 2683 638 2530 4880 
5557 2683 638 2530 4880 667 59 635 2657 
5558 508 507 2112 2113 2684 2681 4878 4881 
5559 2684 2681 4878 4881 2685 2682 4879 4882 
5560 2685 2682 4879 4882 2686 2683 4880 4883 
5561 2686 2683 4880 4883 668 667 2657 2658 
5562 509 508 2113 2114 2687 2684 4881 4884 
5563 2687 2684 4881 4884 2688 2685 4882 4885 
5564 2688 2685 4882 4885 2689 2686 4883 4886 
5565 2689 2686 4883 4886 669 668 2658 2659 
5566 47 509 2114 516 677 2687 4884 2666 
5567 677 2687 4884 2666 678 2688 4885 2673 
5568 678 2688 4885 2673 679 2689 4886 2680 
5569 679 2689 4886 2680 63 669 2659 676 
3 27 5 64
5570 2185 474 43 507 4887 2573 636 2681 
5571 4887 2573 636 2681 4888 2576 637 2682 
5572 4888 2576 637 2682 4889 2579 638 2683 
5573 4889 2579 638 2683 2690 646 59 667 
5574 2186 2185 507 508 4890 4887 2681 2684 
5575 4890 4887 2681 2684 4891 4888 2682 2685 
5576 4891 4888 2682 2685 4892 4889 2683 2686 
5577 4892 4889 2683 2686 2691 2690 667 668 
5578 2187 2186 508 509 4893 4890 2684 2687 
5579 4893 4890 2684 2687 4894 4891 2685 2688 
5580 4894 4891 2685 2688 4895 4892 2686 2689 
5581 4895 4892 2686 2689 2692 2691 668 669 
5582 527 2187 509 47 2699 4893 2687 677 
5583 2699 4893 2687 677 2702 4894 2688 678 
5584 2702 4894 2688 678 2705 4895 2689 679 
5585 2705 4895 2689 679 683 2692 669 63 
5586 2188 475 474 2185 4896 2574 2573 4887 
5587 4896 2574 2573 4887 4897 2577 2576 4888 
5588 4897 2577 2576 4888 4898 2580 2579 4889 
5589 4898 2580 2579 4889 2693 647 646 2690 
5590 2189 2188 2185 2186 4899 4896 4887 4890 
5591 4899 4896 4887 4890 4900 4897 4888 4891 
5592 4900 4897 4888 4891 4901 4898 4889 4892 
5593 4901 4898 4889 4892 2694 2693 2690 2691 
5594 2190 2189 2186 2187 4902 4899 4890 4893 
5595 4902 4899 4890 4893 4903 4900 4891 4894 
5596 4903 4900 4891 4894 4904 4901 4892 4895 
5597 4904 4901 4892 4895 2695 2694 2691 2692 
5598 528 2190 2187 527 2700 4902 4893 2699 
5599 2700 4902 4893 2699 2703 4903 4894 2702 
5600 2703 4903 4894 2702 2706 4904 4895 2705 
5601 2706 4904 4895 2705 684 2695 2692 683 
5602 2191 476 475 2188 4905 2575 2574 4896 
5603 4905 2575 2574 4896 4906 2578 2577 4897 
5604 4906 2578 2577 4897 4907 2581 2580 4898 
5605 4907 2581 2580 4898 2696 648 647 2693 
5606 2192 2191 2188 2189 4908 4905 4896 4899 
5607 4908 4905 4896 4899 4909 4906 4897 4900 
5608 4909 4906 4897 4900 4910 4907 4898 4901 
5609 4910 4907 4898 4901 2697 2696 2693 2694 
5610 2193 2192 2189 2190 4911 4908 4899 4902 
5611 4911 4908 4899 4902 4912 4909 4900 4903 
5612 4912 4909 4900 4903 4913 4910 4901 4904 
5613 4913 4910 4901 4904 2698 2697 2694 2695 
5614 529 2193 2190 528 2701 4911 4902 2700 
5615 2701 4911 4902 2700 2704 4912 4903 2703 
5616 2704 4912 4903 2703 2707 4913 4904 2706 
5617 2707 4913 4904 2706 685 2698 2695 684 
5618 524 44 476 2191 2708 649 2575 4905 
5619 2708 649 2575 4905 2709 650 2578 4906 
5620 2709 650 2578 4906 2710 651 2581 4907 
5621 2710 651 2581 4907 680 60 648 2696 
5622 525 524 2191 2192 2711 2708 4905 4908 
5623 2711 2708 4905 4908 2712 2709 4906 4909 
5624 2712 2709 4906 4909 2713 2710 4907 4910 
5625 2713 2710 4907 4910 681 680 2696 2697 
5626 526 525 2192 2193 2714 2711 4908 4911 
5627 2714 2711 4908 4911 2715 2712 4909 4912 
5628 2715 2712 4909 4912 2716 2713 4910 4913 
5629 2716 2713 4910 4913 682 681 2697 2698 
5630 48 526 2193 529 686 2714 4911 2701 
5631 686 2714 4911 2701 687 2715 4912 2704 
5632 687 2715 4912 2704 688 2716 4913 2707 
5633 688 2716 4913 2707 64 682 2698 685 
$EndElements
$Periodic
127
0 13 1
16 1 0 0 0 0 1 0 0 0 0 1 1 0 0 0 1
1
13 1
0 14 4
16 1 0 0 0 0 1 0 0 0 0 1 1 0 0 0 1
1
14 4
0 15 5
16 1 0 0 0 0 1 0 0 0 0 1 1 0 0 0 1
1
15 5
0 16 8
16 1 0 0 0 0 1 0 0 0 0 1 1 0 0 0 1
1
16 8
0 23 18
16 1 0 0 0 0 1 0 0 0 0 1 1 0 0 0 1
1
23 18
0 24 20
16 1 0 0 0 0 1 0 0 0 0 1 1 0 0 0 1
1
24 20
0 25 2
16 1 0 0 0 0 1 0 1 0 0 1 0 0 0 0 1
1
25 2
0 26 1
16 1 0 0 0 0 1 0 1 0 0 1 0 0 0 0 1
1
26 1
0 27 6
16 1 0 0 0 0 1 0 1 0 0 1 0 0 0 0 1
1
27 6
0 28 5
16 1 0 0 0 0 1 0 1 0 0 1 0 0 0 0 1
1
28 5
0 29 9
16 1 0 0 0 0 1 0 1 0 0 1 0 0 0 0 1
1
29 9
0 30 11
16 1 0 0 0 0 1 0 1 0 0 1 0 0 0 0 1
1
30 11
0 31 26
16 1 0 0 0 0 1 0 0 0 0 1 1 0 0 0 1
1
31 26
0 32 28
16 1 0 0 0 0 1 0 0 0 0 1 1 0 0 0 1
1
32 28
0 39 33
16 1 0 0 0 0 1 0 0 0 0 1 1 0 0 0 1
1
39 33
0 40 36
16 1 0 0 0 0 1 0 0 0 0 1 1 0 0 0 1
1
40 36
0 44 42
16 1 0 0 0 0 1 0 0 0 0 1 1 0 0 0 1
1
44 42
0 45 34
16 1 0 0 0 0 1 0 1 0 0 1 0 0 0 0 1
1
45 34
0 46 33
16 1 0 0 0 0 1 0 1 0 0 1 0 0 0 0 1
1
46 33
0 47 37
16 1 0 0 0 0 1 0 1 0 0 1 0 0 0 0 1
1
47 37
0 48 46
16 1 0 0 0 0 1 0 0 0 0 1 1 0 0 0 1
1
48 46
0 49 1
16 1 0 0 1 0 1 0 0 0 0 1 0 0 0 0 1
1
49 1
0 50 2
16 1 0 0 1 0 1 0 0 0 0 1 0 0 0 0 1
1
50 2
0 51 3
16 1 0 0 1 0 1 0 0 0 0 1 0 0 0 0 1
1
51 3
0 52 4
16 1 0 0 1 0 1 0 0 0 0 1 0 0 0 0 1
1
52 4
0 53 9
16 1 0 0 1 0 1 0 0 0 0 1 0 0 0 0 1
1
53 9
0 54 10
16 1 0 0 1 0 1 0 0 0 0 1 0 0 0 0 1
1
54 10
0 55 49
16 1 0 0 0 0 1 0 0 0 0 1 1 0 0 0 1
1
55 49
0 56 52
16 1 0 0 0 0 1 0 0 0 0 1 1 0 0 0 1
1
56 52
0 57 17
16 1 0 0 1 0 1 0 0 0 0 1 0 0 0 0 1
1
57 17
0 58 18
16 1 0 0 1 0 1 0 0 0 0 1 0 0 0 0 1
1
58 18
0 59 21
16 1 0 0 1 0 1 0 0 0 0 1 0 0 0 0 1
1
59 21
0 60 58
16 1 0 0 0 0 1 0 0 0 0 1 1 0 0 0 1
1
60 58
0 61 50
16 1 0 0 0 0 1 0 1 0 0 1 0 0 0 0 1
1
61 50
0 62 49
16 1 0 0 0 0 1 0 1 0 0 1 0 0 0 0 1
1
62 49
0 63 53
16 1 0 0 0 0 1 0 1 0 0 1 0 0 0 0 1
1
63 53
0 64 62
16 1 0 0 0 0 1 0 0 0 0 1 1 0 0 0 1
1
64 62
1 22 4
16 1 0 0 0 0 1 0 0 0 0 1 1 0 0 0 1
5
13 1
14 4
144 74
145 75
146 76
1 25 8
16 1 0 0 0 0 1 0 0 0 0 1 1 0 0 0 1
5
15 5
16 8
153 86
154 87
155 88
1 27 9
16 1 0 0 0 0 1 0 0 0 0 1 1 0 0 0 1
5
13 1
15 5
159 89
160 90
161 91
1 28 11
16 1 0 0 0 0 1 0 0 0 0 1 1 0 0 0 1
5
14 4
16 8
162 95
163 96
164 97
1 42 31
16 1 0 0 0 0 1 0 0 0 0 1 1 0 0 0 1
9
14 4
23 18
236 175
237 176
238 177
239 178
240 179
241 180
242 181
1 44 34
16 1 0 0 0 0 1 0 0 0 0 1 1 0 0 0 1
9
16 8
24 20
246 192
247 193
248 194
249 195
250 196
251 197
252 198
1 46 35
16 1 0 0 0 0 1 0 0 0 0 1 1 0 0 0 1
5
23 18
24 20
256 199
257 200
258 201
1 48 1
16 1 0 0 0 0 1 0 1 0 0 1 0 0 0 0 1
5
25 2
26 1
262 65
263 66
264 67
1 51 5
16 1 0 0 0 0 1 0 1 0 0 1 0 0 0 0 1
5
27 6
28 5
271 77
272 78
273 79
1 53 9
16 1 0 0 0 0 1 0 1 0 0 1 0 0 0 0 1
5
26 1
28 5
277 89
278 90
279 91
1 54 10
16 1 0 0 0 0 1 0 1 0 0 1 0 0 0 0 1
5
25 2
27 6
280 92
281 93
282 94
1 56 13
16 1 0 0 0 0 1 0 1 0 0 1 0 0 0 0 1
9
25 2
29 9
286 101
287 102
288 103
289 104
290 105
291 106
292 107
1 58 16
16 1 0 0 0 0 1 0 1 0 0 1 0 0 0 0 1
9
27 6
30 11
296 118
297 119
298 120
299 121
300 122
301 123
302 124
1 59 19
16 1 0 0 0 0 1 0 1 0 0 1 0 0 0 0 1
5
29 9
30 11
303 135
304 136
305 137
1 60 49
16 1 0 0 0 0 1 0 0 0 0 1 1 0 0 0 1
5
23 18
31 26
306 265
307 266
308 267
1 61 21
16 1 0 0 0 0 1 0 1 0 0 1 0 0 0 0 1
5
29 9
31 13
309 141
310 142
311 143
1 62 52
16 1 0 0 0 0 1 0 0 0 0 1 1 0 0 0 1
5
24 20
32 28
312 274
313 275
314 276
1 63 24
16 1 0 0 0 0 1 0 1 0 0 1 0 0 0 0 1
5
30 11
32 15
315 150
316 151
317 152
1 64 53
16 1 0 0 0 0 1 0 0 0 0 1 1 0 0 0 1
5
31 26
32 28
318 277
319 278
320 279
1 79 68
16 1 0 0 0 0 1 0 0 0 0 1 1 0 0 0 1
5
39 33
40 36
395 330
396 331
397 332
1 81 69
16 1 0 0 0 0 1 0 0 0 0 1 1 0 0 0 1
9
15 5
39 33
401 333
402 334
403 335
404 336
405 337
406 338
407 339
1 82 71
16 1 0 0 0 0 1 0 0 0 0 1 1 0 0 0 1
9
16 8
40 36
408 347
409 348
410 349
411 350
412 351
413 352
414 353
1 91 85
16 1 0 0 0 0 1 0 0 0 0 1 1 0 0 0 1
9
40 36
44 42
467 425
468 426
469 427
470 428
471 429
472 430
473 431
1 93 86
16 1 0 0 0 0 1 0 0 0 0 1 1 0 0 0 1
9
24 20
44 42
477 432
478 433
479 434
480 435
481 436
482 437
483 438
1 95 65
16 1 0 0 0 0 1 0 1 0 0 1 0 0 0 0 1
5
45 34
46 33
487 321
488 322
489 323
1 97 69
16 1 0 0 0 0 1 0 1 0 0 1 0 0 0 0 1
9
28 5
46 33
493 333
494 334
495 335
496 336
497 337
498 338
499 339
1 98 70
16 1 0 0 0 0 1 0 1 0 0 1 0 0 0 0 1
9
27 6
45 34
500 340
501 341
502 342
503 343
504 344
505 345
506 346
1 100 73
16 1 0 0 0 0 1 0 1 0 0 1 0 0 0 0 1
9
45 34
47 37
510 361
511 362
512 363
513 364
514 365
515 366
516 367
1 101 76
16 1 0 0 0 0 1 0 1 0 0 1 0 0 0 0 1
9
30 11
47 37
517 378
518 379
519 380
520 381
521 382
522 383
523 384
1 102 96
16 1 0 0 0 0 1 0 0 0 0 1 1 0 0 0 1
5
44 42
48 46
524 490
525 491
526 492
1 103 78
16 1 0 0 0 0 1 0 1 0 0 1 0 0 0 0 1
5
47 37
48 39
527 392
528 393
529 394
1 104 97
16 1 0 0 0 0 1 0 0 0 0 1 1 0 0 0 1
9
32 28
48 46
530 493
531 494
532 495
533 496
534 497
535 498
536 499
1 105 1
16 1 0 0 1 0 1 0 0 0 0 1 0 0 0 0 1
5
49 1
50 2
537 65
538 66
539 67
1 106 2
16 1 0 0 1 0 1 0 0 0 0 1 0 0 0 0 1
5
50 2
51 3
540 68
541 69
542 70
1 107 3
16 1 0 0 1 0 1 0 0 0 0 1 0 0 0 0 1
5
51 3
52 4
543 71
544 72
545 73
1 108 4
16 1 0 0 1 0 1 0 0 0 0 1 0 0 0 0 1
5
49 1
52 4
546 74
547 75
548 76
1 113 13
16 1 0 0 1 0 1 0 0 0 0 1 0 0 0 0 1
9
50 2
53 9
561 101
562 102
563 103
564 104
565 105
566 106
567 107
1 114 14
16 1 0 0 1 0 1 0 0 0 0 1 0 0 0 0 1
5
53 9
54 10
568 108
569 109
570 110
1 115 15
16 1 0 0 1 0 1 0 0 0 0 1 0 0 0 0 1
9
51 3
54 10
571 111
572 112
573 113
574 114
575 115
576 116
577 117
1 118 21
16 1 0 0 1 0 1 0 0 0 0 1 0 0 0 0 1
5
53 9
55 13
584 141
585 142
586 143
1 119 108
16 1 0 0 0 0 1 0 0 0 0 1 1 0 0 0 1
5
55 49
56 52
587 546
588 547
589 548
1 120 23
16 1 0 0 1 0 1 0 0 0 0 1 0 0 0 0 1
5
54 10
56 14
590 147
591 148
592 149
1 121 109
16 1 0 0 0 0 1 0 0 0 0 1 1 0 0 0 1
5
39 33
55 49
593 549
594 550
595 551
1 122 111
16 1 0 0 0 0 1 0 0 0 0 1 1 0 0 0 1
5
40 36
56 52
596 555
597 556
598 557
1 123 29
16 1 0 0 1 0 1 0 0 0 0 1 0 0 0 0 1
9
51 3
57 17
599 165
600 166
601 167
602 168
603 169
604 170
605 171
1 124 30
16 1 0 0 1 0 1 0 0 0 0 1 0 0 0 0 1
5
57 17
58 18
606 172
607 173
608 174
1 125 31
16 1 0 0 1 0 1 0 0 0 0 1 0 0 0 0 1
9
52 4
58 18
609 175
610 176
611 177
612 178
613 179
614 180
615 181
1 128 37
16 1 0 0 1 0 1 0 0 0 0 1 0 0 0 0 1
9
54 10
59 21
622 205
623 206
624 207
625 208
626 209
627 210
628 211
1 129 38
16 1 0 0 1 0 1 0 0 0 0 1 0 0 0 0 1
9
57 17
59 21
629 212
630 213
631 214
632 215
633 216
634 217
635 218
1 131 125
16 1 0 0 0 0 1 0 0 0 0 1 1 0 0 0 1
9
56 52
60 58
639 609
640 610
641 611
642 612
643 613
644 614
645 615
1 132 43
16 1 0 0 1 0 1 0 0 0 0 1 0 0 0 0 1
5
59 21
60 23
646 243
647 244
648 245
1 133 126
16 1 0 0 0 0 1 0 0 0 0 1 1 0 0 0 1
5
44 42
60 58
649 616
650 617
651 618
1 134 47
16 1 0 0 1 0 1 0 0 0 0 1 0 0 0 0 1
5
57 17
61 25
652 259
653 260
654 261
1 135 105
16 1 0 0 0 0 1 0 1 0 0 1 0 0 0 0 1
5
61 50
62 49
655 537
656 538
657 539
1 136 49
16 1 0 0 1 0 1 0 0 0 0 1 0 0 0 0 1
5
58 18
62 26
658 265
659 266
660 267
1 137 109
16 1 0 0 0 0 1 0 1 0 0 1 0 0 0 0 1
5
46 33
62 49
661 549
662 550
663 551
1 138 110
16 1 0 0 0 0 1 0 1 0 0 1 0 0 0 0 1
5
45 34
61 50
664 552
665 553
666 554
1 139 55
16 1 0 0 1 0 1 0 0 0 0 1 0 0 0 0 1
5
59 21
63 29
667 283
668 284
669 285
1 140 113
16 1 0 0 0 0 1 0 1 0 0 1 0 0 0 0 1
9
61 50
63 53
670 561
671 562
672 563
673 564
674 565
675 566
676 567
1 141 116
16 1 0 0 0 0 1 0 1 0 0 1 0 0 0 0 1
5
47 37
63 53
677 578
678 579
679 580
1 142 136
16 1 0 0 0 0 1 0 0 0 0 1 1 0 0 0 1
5
60 58
64 62
680 658
681 659
682 660
1 143 118
16 1 0 0 0 0 1 0 1 0 0 1 0 0 0 0 1
5
63 53
64 55
683 584
684 585
685 586
1 144 137
16 1 0 0 0 0 1 0 0 0 0 1 1 0 0 0 1
5
48 46
64 62
686 661
687 662
688 663
2 16 5
16 1 0 0 0 0 1 0 0 0 0 1 1 0 0 0 1
25
13 1
14 4
15 5
16 8
144 74
145 75
146 76
153 86
154 87
155 88
159 89
160 90
161 91
162 95
163 96
164 97
872 725
873 726
874 727
875 728
876 729
877 730
878 731
879 732
880 733
2 29 20
16 1 0 0 0 0 1 0 0 0 0 1 1 0 0 0 1
45
14 4
16 8
23 18
24 20
162 95
163 96
164 97
236 175
237 176
238 177
239 178
240 179
241 180
242 181
246 192
247 193
248 194
249 195
250 196
251 197
252 198
256 199
257 200
258 201
1165 932
1166 933
1167 934
1168 935
1169 936
1170 937
1171 938
1172 939
1173 940
1174 941
1175 942
1176 943
1177 944
1178 945
1179 946
1180 947
1181 948
1182 949
1183 950
1184 951
1185 952
2 32 3
16 1 0 0 0 0 1 0 1 0 0 1 0 0 0 0 1
25
25 2
26 1
27 6
28 5
262 65
263 66
264 67
271 77
272 78
273 79
277 89
278 90
279 91
280 92
281 93
282 94
1204 707
1205 708
1206 709
1207 710
1208 711
1209 712
1210 713
1211 714
1212 715
2 37 9
16 1 0 0 0 0 1 0 1 0 0 1 0 0 0 0 1
45
25 2
27 6
29 9
30 11
280 92
281 93
282 94
286 101
287 102
288 103
289 104
290 105
291 106
292 107
296 118
297 119
298 120
299 121
300 122
301 123
302 124
303 135
304 136
305 137
1273 785
1274 786
1275 787
1276 788
1277 789
1278 790
1279 791
1280 792
1281 793
1282 794
1283 795
1284 796
1285 797
1286 798
1287 799
1288 800
1289 801
1290 802
1291 803
1292 804
1293 805
2 41 14
16 1 0 0 0 0 1 0 1 0 0 1 0 0 0 0 1
25
29 9
30 11
31 13
32 15
303 135
304 136
305 137
309 141
310 142
311 143
315 150
316 151
317 152
318 159
319 160
320 161
1321 854
1322 855
1323 856
1324 857
1325 858
1326 859
1327 860
1328 861
1329 862
2 42 33
16 1 0 0 0 0 1 0 0 0 0 1 1 0 0 0 1
25
23 18
24 20
31 26
32 28
256 199
257 200
258 201
306 265
307 266
308 267
312 274
313 275
314 276
318 277
319 278
320 279
1330 1213
1331 1214
1332 1215
1333 1216
1334 1217
1335 1218
1336 1219
1337 1220
1338 1221
2 55 46
16 1 0 0 0 0 1 0 0 0 0 1 1 0 0 0 1
45
15 5
16 8
39 33
40 36
153 86
154 87
155 88
395 330
396 331
397 332
401 333
402 334
403 335
404 336
405 337
406 338
407 339
408 347
409 348
410 349
411 350
412 351
413 352
414 353
1623 1390
1624 1391
1625 1392
1626 1393
1627 1394
1628 1395
1629 1396
1630 1397
1631 1398
1632 1399
1633 1400
1634 1401
1635 1402
1636 1403
1637 1404
1638 1405
1639 1406
1640 1407
1641 1408
1642 1409
1643 1410
2 65 58
16 1 0 0 0 0 1 0 0 0 0 1 1 0 0 0 1
81
16 8
24 20
40 36
44 42
246 192
247 193
248 194
249 195
250 196
251 197
252 198
408 347
409 348
410 349
411 350
412 351
413 352
414 353
467 425
468 426
469 427
470 428
471 429
472 430
473 431
477 432
478 433
479 434
480 435
481 436
482 437
483 438
1973 1686
1974 1687
1975 1688
1976 1689
1977 1690
1978 1691
1979 1692
1980 1693
1981 1694
1982 1695
1983 1696
1984 1697
1985 1698
1986 1699
1987 1700
1988 1701
1989 1702
1990 1703
1991 1704
1992 1705
1993 1706
1994 1707
1995 1708
1996 1709
1997 1710
1998 1711
1999 1712
2000 1713
2001 1714
2002 1715
2003 1716
2004 1717
2005 1718
2006 1719
2007 1720
2008 1721
2009 1722
2010 1723
2011 1724
2012 1725
2013 1726
2014 1727
2015 1728
2016 1729
2017 1730
2018 1731
2019 1732
2020 1733
2021 1734
2 67 44
16 1 0 0 0 0 1 0 1 0 0 1 0 0 0 0 1
45
27 6
28 5
45 34
46 33
271 77
272 78
273 79
487 321
488 322
489 323
493 333
494 334
495 335
496 336
497 337
498 338
499 339
500 340
501 341
502 342
503 343
504 344
505 345
506 346
2031 1348
2032 1349
2033 1350
2034 1351
2035 1352
2036 1353
2037 1354
2038 1355
2039 1356
2040 1357
2041 1358
2042 1359
2043 1360
2044 1361
2045 1362
2046 1363
2047 1364
2048 1365
2049 1366
2050 1367
2051 1368
2 71 49
16 1 0 0 0 0 1 0 1 0 0 1 0 0 0 0 1
81
27 6
30 11
45 34
47 37
296 118
297 119
298 120
299 121
300 122
301 123
302 124
500 340
501 341
502 342
503 343
504 344
505 345
506 346
510 361
511 362
512 363
513 364
514 365
515 366
516 367
517 378
518 379
519 380
520 381
521 382
522 383
523 384
2115 1453
2116 1454
2117 1455
2118 1456
2119 1457
2120 1458
2121 1459
2122 1460
2123 1461
2124 1462
2125 1463
2126 1464
2127 1465
2128 1466
2129 1467
2130 1468
2131 1469
2132 1470
2133 1471
2134 1472
2135 1473
2136 1474
2137 1475
2138 1476
2139 1477
2140 1478
2141 1479
2142 1480
2143 1481
2144 1482
2145 1483
2146 1484
2147 1485
2148 1486
2149 1487
2150 1488
2151 1489
2152 1490
2153 1491
2154 1492
2155 1493
2156 1494
2157 1495
2158 1496
2159 1497
2160 1498
2161 1499
2162 1500
2163 1501
2 74 53
16 1 0 0 0 0 1 0 1 0 0 1 0 0 0 0 1
45
30 11
32 15
47 37
48 39
315 150
316 151
317 152
517 378
518 379
519 380
520 381
521 382
522 383
523 384
527 392
528 393
529 394
530 401
531 402
532 403
533 404
534 405
535 406
536 407
2194 1581
2195 1582
2196 1583
2197 1584
2198 1585
2199 1586
2200 1587
2201 1588
2202 1589
2203 1590
2204 1591
2205 1592
2206 1593
2207 1594
2208 1595
2209 1596
2210 1597
2211 1598
2212 1599
2213 1600
2214 1601
2 75 68
16 1 0 0 0 0 1 0 0 0 0 1 1 0 0 0 1
45
24 20
32 28
44 42
48 46
312 274
313 275
314 276
477 432
478 433
479 434
480 435
481 436
482 437
483 438
524 490
525 491
526 492
530 493
531 494
532 495
533 496
534 497
535 498
536 499
2215 2052
2216 2053
2217 2054
2218 2055
2219 2056
2220 2057
2221 2058
2222 2059
2223 2060
2224 2061
2225 2062
2226 2063
2227 2064
2228 2065
2229 2066
2230 2067
2231 2068
2232 2069
2233 2070
2234 2071
2235 2072
2 76 1
16 1 0 0 1 0 1 0 0 0 0 1 0 0 0 0 1
25
49 1
50 2
51 3
52 4
537 65
538 66
539 67
540 68
541 69
542 70
543 71
544 72
545 73
546 74
547 75
548 76
2236 689
2237 690
2238 691
2239 692
2240 693
2241 694
2242 695
2243 696
2244 697
2 81 7
16 1 0 0 1 0 1 0 0 0 0 1 0 0 0 0 1
45
50 2
51 3
53 9
54 10
540 68
541 69
542 70
561 101
562 102
563 103
564 104
565 105
566 106
567 107
568 108
569 109
570 110
571 111
572 112
573 113
574 114
575 115
576 116
577 117
2281 743
2282 744
2283 745
2284 746
2285 747
2286 748
2287 749
2288 750
2289 751
2290 752
2291 753
2292 754
2293 755
2294 756
2295 757
2296 758
2297 759
2298 760
2299 761
2300 762
2301 763
2 85 12
16 1 0 0 1 0 1 0 0 0 0 1 0 0 0 0 1
25
53 9
54 10
55 13
56 14
568 108
569 109
570 110
584 141
585 142
586 143
587 144
588 145
589 146
590 147
591 148
592 149
2353 836
2354 837
2355 838
2356 839
2357 840
2358 841
2359 842
2360 843
2361 844
2 88 79
16 1 0 0 0 0 1 0 0 0 0 1 1 0 0 0 1
25
39 33
40 36
55 49
56 52
395 330
396 331
397 332
587 546
588 547
589 548
593 549
594 550
595 551
596 555
597 556
598 557
2380 2263
2381 2264
2382 2265
2383 2266
2384 2267
2385 2268
2386 2269
2387 2270
2388 2271
2 89 17
16 1 0 0 1 0 1 0 0 0 0 1 0 0 0 0 1
45
51 3
52 4
57 17
58 18
543 71
544 72
545 73
599 165
600 166
601 167
602 168
603 169
604 170
605 171
606 172
607 173
608 174
609 175
610 176
611 177
612 178
613 179
614 180
615 181
2389 881
2390 882
2391 883
2392 884
2393 885
2394 886
2395 887
2396 888
2397 889
2398 890
2399 891
2400 892
2401 893
2402 894
2403 895
2404 896
2405 897
2406 898
2407 899
2408 900
2409 901
2 93 22
16 1 0 0 1 0 1 0 0 0 0 1 0 0 0 0 1
81
51 3
54 10
57 17
59 21
571 111
572 112
573 113
574 114
575 115
576 116
577 117
599 165
600 166
601 167
602 168
603 169
604 170
605 171
622 205
623 206
624 207
625 208
626 209
627 210
628 211
629 212
630 213
631 214
632 215
633 216
634 217
635 218
2461 974
2462 975
2463 976
2464 977
2465 978
2466 979
2467 980
2468 981
2469 982
2470 983
2471 984
2472 985
2473 986
2474 987
2475 988
2476 989
2477 990
2478 991
2479 992
2480 993
2481 994
2482 995
2483 996
2484 997
2485 998
2486 999
2487 1000
2488 1001
2489 1002
2490 1003
2491 1004
2492 1005
2493 1006
2494 1007
2495 1008
2496 1009
2497 1010
2498 1011
2499 1012
2500 1013
2501 1014
2502 1015
2503 1016
2504 1017
2505 1018
2506 1019
2507 1020
2508 1021
2509 1022
2 96 26
16 1 0 0 1 0 1 0 0 0 0 1 0 0 0 0 1
45
54 10
56 14
59 21
60 23
590 147
591 148
592 149
622 205
623 206
624 207
625 208
626 209
627 210
628 211
639 236
640 237
641 238
642 239
643 240
644 241
645 242
646 243
647 244
648 245
2552 1114
2553 1115
2554 1116
2555 1117
2556 1118
2557 1119
2558 1120
2559 1121
2560 1122
2561 1123
2562 1124
2563 1125
2564 1126
2565 1127
2566 1128
2567 1129
2568 1130
2569 1131
2570 1132
2571 1133
2572 1134
2 98 91
16 1 0 0 0 0 1 0 0 0 0 1 1 0 0 0 1
45
40 36
44 42
56 52
60 58
467 425
468 426
469 427
470 428
471 429
472 430
473 431
596 555
597 556
598 557
639 609
640 610
641 611
642 612
643 613
644 614
645 615
649 616
650 617
651 618
2582 2419
2583 2420
2584 2421
2585 2422
2586 2423
2587 2424
2588 2425
2589 2426
2590 2427
2591 2428
2592 2429
2593 2430
2594 2431
2595 2432
2596 2433
2597 2434
2598 2435
2599 2436
2600 2437
2601 2438
2602 2439
2 99 30
16 1 0 0 1 0 1 0 0 0 0 1 0 0 0 0 1
25
57 17
58 18
61 25
62 26
606 172
607 173
608 174
652 259
653 260
654 261
655 262
656 263
657 264
658 265
659 266
660 267
2603 1186
2604 1187
2605 1188
2606 1189
2607 1190
2608 1191
2609 1192
2610 1193
2611 1194
2 100 77
16 1 0 0 0 0 1 0 1 0 0 1 0 0 0 0 1
25
45 34
46 33
61 50
62 49
487 321
488 322
489 323
655 537
656 538
657 539
661 549
662 550
663 551
664 552
665 553
666 554
2612 2245
2613 2246
2614 2247
2615 2248
2616 2249
2617 2250
2618 2251
2619 2252
2620 2253
2 103 35
16 1 0 0 1 0 1 0 0 0 0 1 0 0 0 0 1
45
57 17
59 21
61 25
63 29
629 212
630 213
631 214
632 215
633 216
634 217
635 218
652 259
653 260
654 261
667 283
668 284
669 285
670 286
671 287
672 288
673 289
674 290
675 291
676 292
2639 1231
2640 1232
2641 1233
2642 1234
2643 1235
2644 1236
2645 1237
2646 1238
2647 1239
2648 1240
2649 1241
2650 1242
2651 1243
2652 1244
2653 1245
2654 1246
2655 1247
2656 1248
2657 1249
2658 1250
2659 1251
2 104 82
16 1 0 0 0 0 1 0 1 0 0 1 0 0 0 0 1
45
45 34
47 37
61 50
63 53
510 361
511 362
512 363
513 364
514 365
515 366
516 367
664 552
665 553
666 554
670 561
671 562
672 563
673 564
674 565
675 566
676 567
677 578
678 579
679 580
2660 2302
2661 2303
2662 2304
2663 2305
2664 2306
2665 2307
2666 2308
2667 2309
2668 2310
2669 2311
2670 2312
2671 2313
2672 2314
2673 2315
2674 2316
2675 2317
2676 2318
2677 2319
2678 2320
2679 2321
2680 2322
2 106 39
16 1 0 0 1 0 1 0 0 0 0 1 0 0 0 0 1
25
59 21
60 23
63 29
64 31
646 243
647 244
648 245
667 283
668 284
669 285
680 306
681 307
682 308
683 309
684 310
685 311
2690 1303
2691 1304
2692 1305
2693 1306
2694 1307
2695 1308
2696 1309
2697 1310
2698 1311
2 107 86
16 1 0 0 0 0 1 0 1 0 0 1 0 0 0 0 1
25
47 37
48 39
63 53
64 55
527 392
528 393
529 394
677 578
678 579
679 580
683 584
684 585
685 586
686 593
687 594
688 595
2699 2362
2700 2363
2701 2364
2702 2365
2703 2366
2704 2367
2705 2368
2706 2369
2707 2370
2 108 101
16 1 0 0 0 0 1 0 0 0 0 1 1 0 0 0 1
25
44 42
48 46
60 58
64 62
524 490
525 491
526 492
649 616
650 617
651 618
680 658
681 659
682 660
686 661
687 662
688 663
2708 2621
2709 2622
2710 2623
2711 2624
2712 2625
2713 2626
2714 2627
2715 2628
2716 2629
$EndPeriodic
