$MeshFormat
4.1 0 8
$EndMeshFormat
$PhysicalNames
7
0 7 "neck_monitor"
2 2 "symmetry_x"
2 3 "symmetry_y"
2 4 "midplane"
2 5 "loaded_end"
2 6 "outer_surface"
3 1 "solid"
$EndPhysicalNames
$Entities
14 25 15 3
1 0 0 0 0
2 0.4 0 0 0
3 0.4 0.4 0 0
4 0 0.4 0 0
5 1 0 0 1 7
6 0.7071067811865475 0.7071067811865475 0 0
7 0 1 0 0
8 0 0 1 0
9 0.4 0 1 0
13 0.4 0.4 1 0
17 0 0.4 1 0
19 1 0 1 0
24 0.7071067811865475 0.7071067811865475 1 0
35 0 1 1 0
1 0 0 0 0.4 0 0 0 2 1 -2
2 0.4 0 0 0.4 0.4 0 0 2 2 -3
3 0 0.4 0 0.4 0.4 0 0 2 3 -4
4 0 0 0 0 0.4 0 0 2 4 -1
5 0.4 0 0 1 0 0 0 2 2 -5
6 0.7071067811865476 0 0 1 0.7071067811865475 0 0 2 5 -6
7 0.4 0.4 0 0.7071067811865475 0.7071067811865475 0 0 2 6 -3
8 1.110223024625157e-16 0.7071067811865476 0 0.7071067811865476 1 0 0 2 6 -7
9 0 0.4 0 0 1 0 0 2 7 -4
11 0 0 1 0.4 0 1 0 2 8 -9
12 0.4 0 1 0.4 0.4 1 0 2 9 -13
13 0 0.4 1 0.4 0.4 1 0 2 13 -17
14 0 0 1 0 0.4 1 0 2 17 -8
16 0 0 0 0 0 1 0 2 1 -8
17 0.4 0 0 0.4 0 1 0 2 2 -9
21 0.4 0.4 0 0.4 0.4 1 0 2 3 -13
25 0 0.4 0 0 0.4 1 0 2 4 -17
33 0.4 0 1 1 0 1 0 2 9 -19
34 0.7071067811865476 0 1 1 0.7071067811865475 1 0 2 19 -24
35 0.4 0.4 1 0.7071067811865475 0.7071067811865475 1 0 2 24 -13
39 1 0 0 1 0 1 0 2 5 -19
43 0.7071067811865475 0.7071067811865475 0 0.7071067811865475 0.7071067811865475 1 0 2 6 -24
57 1.110223024625157e-16 0.7071067811865476 1 0.7071067811865476 1 1 0 2 24 -35
58 0 0.4 1 0 1 1 0 2 35 -17
69 0 1 0 0 1 1 0 2 7 -35
1 0 0 0 0.4 0.4 0 1 4 4 1 2 3 4
2 0.4 0 0 1 0.7071067811865475 0 1 4 4 5 6 7 -2
3 0 0.4 0 0.7071067811865476 1 0 1 4 4 -3 -7 8 9
18 0 0 0 0.4 0 1 1 3 4 1 17 -11 -16
22 0.4 0 0 0.4 0.4 1 0 4 2 21 -12 -17
26 0 0.4 0 0.4 0.4 1 0 4 3 25 -13 -21
30 0 0 0 0 0.4 1 1 2 4 4 16 -14 -25
31 0 0 1 0.4 0.4 1 1 5 4 11 12 13 14
40 0.4 0 0 1 0 1 1 3 4 5 39 -33 -17
44 0.7071067811865475 0 0 1 0.7071067811865475 1 1 6 4 6 43 -34 -39
48 0.4 0.4 0 0.7071067811865475 0.7071067811865475 1 0 4 7 21 -35 -43
53 0.4 0 1 1 0.7071067811865475 1 1 5 4 33 34 35 -12
70 0 0.7071067811865475 0 0.7071067811865476 1 1 1 6 4 8 69 -57 -43
74 0 0.4 0 0 1 1 1 2 4 9 25 -58 -69
75 0 0.4 1 0.7071067811865476 1 1 1 5 4 -13 -35 57 58
1 0 0 0 0.4 0.4 1 1 1 6 -1 31 18 22 26 30
2 0.4 0 0 1 0.7071067811865475 1 1 1 6 -2 53 40 44 48 -22
3 0 0.4 0 0.7071067811865476 1 1 1 1 6 -3 75 -26 -48 70 74
$EndEntities
$Nodes
57 1300 1 1300
0 1 0 1
1
0 0 0
0 2 0 1
2
2.5190264 0 0
0 3 0 1
3
2.5190264 2.5190264 0
0 4 0 1
4
0 2.5190264 0
0 5 0 1
5
6.297566 0 0
0 6 0 1
6
4.453051623569841 4.453051623569841 0
0 7 0 1
7
0 6.297566 0
0 8 0 1
8
0 0 26.667
0 9 0 1
9
2.5652 0 26.667
0 13 0 1
10
2.5652 2.5652 26.667
0 17 0 1
11
0 2.5652 26.667
0 19 0 1
12
6.413 0 26.667
0 24 0 1
13
4.534675787749329 4.534675787749329 26.667
0 35 0 1
14
0 6.413 26.667
1 1 0 3
15
16
17
0.6297565999985305 0 0
1.259513199996689 0 0
1.889269799998327 0 0
1 2 0 3
18
19
20
2.5190264 0.6297565999985305 0
2.5190264 1.259513199996689 0
2.5190264 1.889269799998327 0
1 3 0 3
21
22
23
1.889269800001742 2.5190264 0
1.259513200003451 2.5190264 0
0.6297566000017425 2.5190264 0
1 4 0 3
24
25
26
0 1.889269800001742 0
0 1.259513200003451 0
0 0.6297566000017425 0
1 5 0 2
27
28
3.778539599996404 0 0
5.038052799996633 0 0
1 6 0 3
29
30
31
6.176560034527387 1.228594182077646 0
5.818192329354853 2.409974178905731 0
5.236234758544988 3.498740212956845 0
1 7 0 2
32
33
3.808376549043513 3.808376549043513 0
3.163701474525514 3.163701474525514 0
1 8 0 3
34
35
36
3.498740207112436 5.236234762450098 0
2.409974165185987 5.818192335037757 0
1.228594174915733 6.17656003595198 0
1 9 0 2
37
38
0 5.038052800002047 0
0 3.778539600002638 0
1 11 0 3
39
40
41
0.6412999999985036 0 26.667
1.282599999996628 0 26.667
1.923899999998297 0 26.667
1 12 0 3
42
43
44
2.5652 0.6412999999985036 26.667
2.5652 1.282599999996628 26.667
2.5652 1.923899999998297 26.667
1 13 0 3
45
46
47
1.923900000001775 2.5652 26.667
1.282600000003514 2.5652 26.667
0.6413000000017746 2.5652 26.667
1 14 0 3
48
49
50
0 1.923900000001775 26.667
0 1.282600000003514 26.667
0 0.6413000000017746 26.667
1 16 0 23
51
52
53
54
55
56
57
58
59
60
61
62
63
64
65
66
67
68
69
70
71
72
73
0 0 0.7407499999999999
0 0 1.4815
0 0 2.22225
0 0 2.963
0 0 3.703750000000001
0 0 4.444500000000001
0 0 5.185250000000001
0 0 5.925999999999999
0 0 6.66675
0 0 7.407500000000002
0 0 8.148249999999999
0 0 8.889000000000001
0 0 10.3705
0 0 11.852
0 0 13.3335
0 0 14.815
0 0 16.2965
0 0 17.778
0 0 19.2595
0 0 20.741
0 0 22.2225
0 0 23.704
0 0 25.1855
1 17 0 23
74
75
76
77
78
79
80
81
82
83
84
85
86
87
88
89
90
91
92
93
94
95
96
2.520309 0 0.7407499999999999
2.5215916 0 1.4815
2.5228742 0 2.22225
2.5241568 0 2.963
2.5254394 0 3.703750000000001
2.526722 0 4.444500000000001
2.5280046 0 5.185250000000001
2.5292872 0 5.925999999999999
2.5305698 0 6.66675
2.5318524 0 7.407500000000002
2.533135 0 8.148249999999999
2.5344176 0 8.889000000000001
2.536982800000001 0 10.3705
2.539548 0 11.852
2.5421132 0 13.3335
2.5446784 0 14.815
2.5472436 0 16.2965
2.5498088 0 17.778
2.552374 0 19.2595
2.5549392 0 20.741
2.5575044 0 22.2225
2.5600696 0 23.704
2.5626348 0 25.1855
1 21 0 23
97
98
99
100
101
102
103
104
105
106
107
108
109
110
111
112
113
114
115
116
117
118
119
2.520309 2.520309 0.7407499999999999
2.5215916 2.5215916 1.4815
2.5228742 2.5228742 2.22225
2.5241568 2.5241568 2.963
2.5254394 2.5254394 3.703750000000001
2.526722 2.526722 4.444500000000001
2.5280046 2.5280046 5.185250000000001
2.5292872 2.5292872 5.925999999999999
2.5305698 2.5305698 6.66675
2.5318524 2.5318524 7.407500000000002
2.533135 2.533135 8.148249999999999
2.5344176 2.5344176 8.889000000000001
2.536982800000001 2.536982800000001 10.3705
2.539548 2.539548 11.852
2.5421132 2.5421132 13.3335
2.5446784 2.5446784 14.815
2.5472436 2.5472436 16.2965
2.5498088 2.5498088 17.778
2.552374 2.552374 19.2595
2.5549392 2.5549392 20.741
2.5575044 2.5575044 22.2225
2.5600696 2.5600696 23.704
2.5626348 2.5626348 25.1855
1 25 0 23
120
121
122
123
124
125
126
127
128
129
130
131
132
133
134
135
136
137
138
139
140
141
142
0 2.520309 0.7407499999999999
0 2.5215916 1.4815
0 2.5228742 2.22225
0 2.5241568 2.963
0 2.5254394 3.703750000000001
0 2.526722 4.444500000000001
0 2.5280046 5.185250000000001
0 2.5292872 5.925999999999999
0 2.5305698 6.66675
0 2.5318524 7.407500000000002
0 2.533135 8.148249999999999
0 2.5344176 8.889000000000001
0 2.536982800000001 10.3705
0 2.539548 11.852
0 2.5421132 13.3335
0 2.5446784 14.815
0 2.5472436 16.2965
0 2.5498088 17.778
0 2.552374 19.2595
0 2.5549392 20.741
0 2.5575044 22.2225
0 2.5600696 23.704
0 2.5626348 25.1855
1 33 0 2
143
144
3.847799999996339 0 26.667
5.130399999996571 0 26.667
1 34 0 3
145
146
147
6.289776002573714 1.251114238368275 26.667
5.924839439261562 2.454148858356142 26.667
5.332214621736241 3.56287190728803 26.667
1 35 0 2
148
149
3.878183858496449 3.878183858496449 26.667
3.221691929252051 3.221691929252051 26.667
1 39 0 23
150
151
152
153
154
155
156
157
158
159
160
161
162
163
164
165
166
167
168
169
170
171
172
6.3007725 0 0.7407499999999999
6.303979 0 1.4815
6.3071855 0 2.22225
6.310392 0 2.963
6.313598499999999 0 3.703750000000001
6.316805 0 4.444500000000001
6.3200115 0 5.185250000000001
6.323218 0 5.925999999999999
6.3264245 0 6.66675
6.329631 0 7.407500000000002
6.3328375 0 8.148249999999999
6.336044 0 8.889000000000001
6.342457 0 10.3705
6.34887 0 11.852
6.355283 0 13.3335
6.361696 0 14.815
6.368109 0 16.2965
6.374522 0 17.778
6.380935 0 19.2595
6.387348 0 20.741
6.393761 0 22.2225
6.400174 0 23.704
6.406587 0 25.1855
1 43 0 23
173
174
175
176
177
178
179
180
181
182
183
184
185
186
187
188
189
190
191
192
193
194
195
4.455318961463716 4.455318961463716 0.7407499999999999
4.45758629935759 4.45758629935759 1.4815
4.459853637251465 4.459853637251465 2.22225
4.46212097514534 4.46212097514534 2.963
4.464388313039214 4.464388313039214 3.703750000000001
4.466655650933089 4.466655650933089 4.444500000000001
4.468922988826963 4.468922988826963 5.185250000000001
4.471190326720838 4.471190326720838 5.925999999999999
4.473457664614713 4.473457664614713 6.66675
4.475725002508588 4.475725002508588 7.407500000000002
4.477992340402462 4.477992340402462 8.148249999999999
4.480259678296337 4.480259678296337 8.889000000000001
4.484794354084086 4.484794354084086 10.3705
4.489329029871835 4.489329029871835 11.852
4.493863705659585 4.493863705659585 13.3335
4.498398381447334 4.498398381447334 14.815
4.502933057235084 4.502933057235084 16.2965
4.507467733022833 4.507467733022833 17.778
4.512002408810583 4.512002408810583 19.2595
4.516537084598331 4.516537084598331 20.741
4.521071760386081 4.521071760386081 22.2225
4.52560643617383 4.52560643617383 23.704
4.53014111196158 4.53014111196158 25.1855
1 57 0 3
196
197
198
3.562871901336493 5.332214625712931 26.667
2.454148844384915 5.924839445048633 26.667
1.251114231075085 6.289776004024421 26.667
1 58 0 2
199
200
0 5.130400000002085 26.667
0 3.847800000002686 26.667
1 69 0 23
201
202
203
204
205
206
207
208
209
210
211
212
213
214
215
216
217
218
219
220
221
222
223
0 6.3007725 0.7407499999999999
0 6.303979 1.4815
0 6.3071855 2.22225
0 6.310392 2.963
0 6.313598499999999 3.703750000000001
0 6.316805 4.444500000000001
0 6.3200115 5.185250000000001
0 6.323218 5.925999999999999
0 6.3264245 6.66675
0 6.329631 7.407500000000002
0 6.3328375 8.148249999999999
0 6.336044 8.889000000000001
0 6.342457 10.3705
0 6.34887 11.852
0 6.355283 13.3335
0 6.361696 14.815
0 6.368109 16.2965
0 6.374522 17.778
0 6.380935 19.2595
0 6.387348 20.741
0 6.393761 22.2225
0 6.400174 23.704
0 6.406587 25.1855
2 1 0 9
224
225
226
227
228
229
230
231
232
0.6297565999993338 0.6297566000009396 0
0.6297566000001366 1.25951320000176 0
0.6297566000009395 1.889269800000889 0
1.259513199998379 0.6297566000001366 0
1.259513200000069 1.259513200000069 0
1.25951320000176 1.889269800000036 0
1.889269799999181 0.6297565999993335 0
1.889269800000035 1.259513199998379 0
1.889269800000889 1.889269799999181 0
2 2 0 6
233
234
235
236
237
238
3.738204278173634 0.8293691273587863 0
3.618748376450907 1.643000192967474 0
3.424762519515749 2.425759937652831 0
4.957382156347903 1.028981654717043 0
4.718470352899505 2.02648718593431 0
4.330498639026485 2.962250075301533 0
2 3 0 6
239
240
241
242
243
244
2.425759935707123 3.42476252081932 0
2.96225007140653 4.330498641631514 0
1.643000188398909 3.618748378348748 0
2.026487176790221 4.718470356691184 0
0.8293691249737335 3.738204278653499 0
1.028981649943601 4.957382157301976 0
2 18 0 69
245
246
247
248
249
250
251
252
253
254
255
256
257
258
259
260
261
262
263
264
265
266
267
268
269
270
271
272
273
274
275
276
277
278
279
280
281
282
283
284
285
286
287
288
289
290
291
292
293
294
295
296
297
298
299
300
301
302
303
304
305
306
307
308
309
310
311
312
313
0.6300772499985298 0 0.7407499999999999
0.630397899998529 0 1.4815
0.6307185499985283 0 2.22225
0.6310391999985275 0 2.963
0.6313598499985268 0 3.703750000000001
0.6316804999985262 0 4.444500000000001
0.6320011499985253 0 5.185250000000001
0.6323217999985246 0 5.925999999999999
0.6326424499985238 0 6.66675
0.6329630999985231 0 7.407500000000002
0.6332837499985223 0 8.148249999999999
0.6336043999985216 0 8.889000000000001
0.6342456999985201 0 10.3705
0.6348869999985186 0 11.852
0.6355282999985171 0 13.3335
0.6361695999985156 0 14.815
0.6368108999985141 0 16.2965
0.6374521999985125 0 17.778
0.6380934999985111 0 19.2595
0.6387347999985097 0 20.741
0.6393760999985082 0 22.2225
0.6400173999985066 0 23.704
0.6406586999985051 0 25.1855
1.260154499996687 0 0.7407499999999999
1.260795799996685 0 1.4815
1.261437099996684 0 2.22225
1.262078399996682 0 2.963
1.26271969999668 0 3.703750000000001
1.263360999996679 0 4.444500000000001
1.264002299996677 0 5.185250000000001
1.264643599996675 0 5.925999999999999
1.265284899996674 0 6.66675
1.265926199996672 0 7.407500000000002
1.26656749999667 0 8.148249999999999
1.267208799996669 0 8.889000000000001
1.268491399996665 0 10.3705
1.269773999996662 0 11.852
1.271056599996659 0 13.3335
1.272339199996655 0 14.815
1.273621799996652 0 16.2965
1.274904399996648 0 17.778
1.276186999996645 0 19.2595
1.277469599996642 0 20.741
1.278752199996638 0 22.2225
1.280034799996635 0 23.704
1.281317399996631 0 25.1855
1.890231749998327 0 0.7407499999999999
1.891193699998326 0 1.4815
1.892155649998325 0 2.22225
1.893117599998324 0 2.963
1.894079549998323 0 3.703750000000001
1.895041499998322 0 4.444500000000001
1.896003449998321 0 5.185250000000001
1.896965399998321 0 5.925999999999999
1.89792734999832 0 6.66675
1.898889299998319 0 7.407500000000002
1.899851249998318 0 8.148249999999999
1.900813199998317 0 8.889000000000001
1.902737099998316 0 10.3705
1.904660999998314 0 11.852
1.906584899998312 0 13.3335
1.908508799998311 0 14.815
1.910432699998309 0 16.2965
1.912356599998307 0 17.778
1.914280499998305 0 19.2595
1.916204399998304 0 20.741
1.918128299998302 0 22.2225
1.9200521999983 0 23.704
1.921976099998299 0 25.1855
2 22 0 69
314
315
316
317
318
319
320
321
322
323
324
325
326
327
328
329
330
331
332
333
334
335
336
337
338
339
340
341
342
343
344
345
346
347
348
349
350
351
352
353
354
355
356
357
358
359
360
361
362
363
364
365
366
367
368
369
370
371
372
373
374
375
376
377
378
379
380
381
382
2.520309 0.6300772499985298 0.7407499999999999
2.5215916 0.630397899998529 1.4815
2.5228742 0.6307185499985283 2.22225
2.5241568 0.6310391999985275 2.963
2.5254394 0.6313598499985268 3.703750000000001
2.526722 0.6316804999985262 4.444500000000001
2.5280046 0.6320011499985253 5.185250000000001
2.5292872 0.6323217999985246 5.925999999999999
2.5305698 0.6326424499985238 6.66675
2.5318524 0.6329630999985231 7.407500000000002
2.533135 0.6332837499985223 8.148249999999999
2.5344176 0.6336043999985216 8.889000000000001
2.536982800000001 0.6342456999985201 10.3705
2.539548 0.6348869999985186 11.852
2.5421132 0.6355282999985171 13.3335
2.5446784 0.6361695999985156 14.815
2.5472436 0.6368108999985141 16.2965
2.5498088 0.6374521999985125 17.778
2.552374 0.6380934999985111 19.2595
2.5549392 0.6387347999985097 20.741
2.5575044 0.6393760999985082 22.2225
2.5600696 0.6400173999985066 23.704
2.5626348 0.6406586999985051 25.1855
2.520309 1.260154499996687 0.7407499999999999
2.5215916 1.260795799996685 1.4815
2.5228742 1.261437099996684 2.22225
2.5241568 1.262078399996682 2.963
2.5254394 1.26271969999668 3.703750000000001
2.526722 1.263360999996679 4.444500000000001
2.5280046 1.264002299996677 5.185250000000001
2.5292872 1.264643599996675 5.925999999999999
2.5305698 1.265284899996674 6.66675
2.5318524 1.265926199996672 7.407500000000002
2.533135 1.26656749999667 8.148249999999999
2.5344176 1.267208799996669 8.889000000000001
2.536982800000001 1.268491399996665 10.3705
2.539548 1.269773999996662 11.852
2.5421132 1.271056599996659 13.3335
2.5446784 1.272339199996655 14.815
2.5472436 1.273621799996652 16.2965
2.5498088 1.274904399996648 17.778
2.552374 1.276186999996645 19.2595
2.5549392 1.277469599996642 20.741
2.5575044 1.278752199996638 22.2225
2.5600696 1.280034799996635 23.704
2.5626348 1.281317399996631 25.1855
2.520309 1.890231749998327 0.7407499999999999
2.5215916 1.891193699998326 1.4815
2.5228742 1.892155649998325 2.22225
2.5241568 1.893117599998324 2.963
2.5254394 1.894079549998323 3.703750000000001
2.526722 1.895041499998322 4.444500000000001
2.5280046 1.896003449998321 5.185250000000001
2.5292872 1.896965399998321 5.925999999999999
2.5305698 1.89792734999832 6.66675
2.5318524 1.898889299998319 7.407500000000002
2.533135 1.899851249998318 8.148249999999999
2.5344176 1.900813199998317 8.889000000000001
2.536982800000001 1.902737099998316 10.3705
2.539548 1.904660999998314 11.852
2.5421132 1.906584899998312 13.3335
2.5446784 1.908508799998311 14.815
2.5472436 1.910432699998309 16.2965
2.5498088 1.912356599998307 17.778
2.552374 1.914280499998305 19.2595
2.5549392 1.916204399998304 20.741
2.5575044 1.918128299998302 22.2225
2.5600696 1.9200521999983 23.704
2.5626348 1.921976099998299 25.1855
2 26 0 69
383
384
385
386
387
388
389
390
391
392
393
394
395
396
397
398
399
400
401
402
403
404
405
406
407
408
409
410
411
412
413
414
415
416
417
418
419
420
421
422
423
424
425
426
427
428
429
430
431
432
433
434
435
436
437
438
439
440
441
442
443
444
445
446
447
448
449
450
451
1.890231750001743 2.520309 0.7407499999999999
1.891193700001744 2.5215916 1.4815
1.892155650001745 2.5228742 2.22225
1.893117600001746 2.5241568 2.963
1.894079550001747 2.5254394 3.703750000000001
1.895041500001748 2.526722 4.444500000000001
1.896003450001749 2.5280046 5.185250000000001
1.89696540000175 2.5292872 5.925999999999999
1.897927350001751 2.5305698 6.66675
1.898889300001751 2.5318524 7.407500000000002
1.899851250001752 2.533135 8.148249999999999
1.900813200001753 2.5344176 8.889000000000001
1.902737100001755 2.536982800000001 10.3705
1.904661000001757 2.539548 11.852
1.906584900001759 2.5421132 13.3335
1.90850880000176 2.5446784 14.815
1.910432700001762 2.5472436 16.2965
1.912356600001764 2.5498088 17.778
1.914280500001766 2.552374 19.2595
1.916204400001768 2.5549392 20.741
1.918128300001769 2.5575044 22.2225
1.920052200001771 2.5600696 23.704
1.921976100001773 2.5626348 25.1855
1.260154500003452 2.520309 0.7407499999999999
1.260795800003454 2.5215916 1.4815
1.261437100003456 2.5228742 2.22225
1.262078400003458 2.5241568 2.963
1.262719700003459 2.5254394 3.703750000000001
1.263361000003461 2.526722 4.444500000000001
1.264002300003463 2.5280046 5.185250000000001
1.264643600003465 2.5292872 5.925999999999999
1.265284900003466 2.5305698 6.66675
1.265926200003468 2.5318524 7.407500000000002
1.26656750000347 2.533135 8.148249999999999
1.267208800003472 2.5344176 8.889000000000001
1.268491400003475 2.536982800000001 10.3705
1.269774000003479 2.539548 11.852
1.271056600003482 2.5421132 13.3335
1.272339200003486 2.5446784 14.815
1.273621800003489 2.5472436 16.2965
1.274904400003493 2.5498088 17.778
1.276187000003496 2.552374 19.2595
1.2774696000035 2.5549392 20.741
1.278752200003503 2.5575044 22.2225
1.280034800003507 2.5600696 23.704
1.28131740000351 2.5626348 25.1855
0.6300772500017434 2.520309 0.7407499999999999
0.6303979000017443 2.5215916 1.4815
0.6307185500017453 2.5228742 2.22225
0.6310392000017461 2.5241568 2.963
0.6313598500017469 2.5254394 3.703750000000001
0.6316805000017479 2.526722 4.444500000000001
0.6320011500017487 2.5280046 5.185250000000001
0.6323218000017496 2.5292872 5.925999999999999
0.6326424500017506 2.5305698 6.66675
0.6329631000017514 2.5318524 7.407500000000002
0.6332837500017523 2.533135 8.148249999999999
0.6336044000017532 2.5344176 8.889000000000001
0.6342457000017551 2.536982800000001 10.3705
0.6348870000017567 2.539548 11.852
0.6355283000017585 2.5421132 13.3335
0.6361696000017603 2.5446784 14.815
0.6368109000017621 2.5472436 16.2965
0.6374522000017638 2.5498088 17.778
0.6380935000017656 2.552374 19.2595
0.6387348000017674 2.5549392 20.741
0.6393761000017693 2.5575044 22.2225
0.6400174000017709 2.5600696 23.704
0.6406587000017727 2.5626348 25.1855
2 30 0 69
452
453
454
455
456
457
458
459
460
461
462
463
464
465
466
467
468
469
470
471
472
473
474
475
476
477
478
479
480
481
482
483
484
485
486
487
488
489
490
491
492
493
494
495
496
497
498
499
500
501
502
503
504
505
506
507
508
509
510
511
512
513
514
515
516
517
518
519
520
0 1.890231750001743 0.7407499999999999
0 1.891193700001744 1.4815
0 1.892155650001745 2.22225
0 1.893117600001746 2.963
0 1.894079550001747 3.703750000000001
0 1.895041500001748 4.444500000000001
0 1.896003450001749 5.185250000000001
0 1.89696540000175 5.925999999999999
0 1.897927350001751 6.66675
0 1.898889300001751 7.407500000000002
0 1.899851250001752 8.148249999999999
0 1.900813200001753 8.889000000000001
0 1.902737100001755 10.3705
0 1.904661000001757 11.852
0 1.906584900001759 13.3335
0 1.90850880000176 14.815
0 1.910432700001762 16.2965
0 1.912356600001764 17.778
0 1.914280500001766 19.2595
0 1.916204400001768 20.741
0 1.918128300001769 22.2225
0 1.920052200001771 23.704
0 1.921976100001773 25.1855
0 1.260154500003452 0.7407499999999999
0 1.260795800003454 1.4815
0 1.261437100003456 2.22225
0 1.262078400003458 2.963
0 1.262719700003459 3.703750000000001
0 1.263361000003461 4.444500000000001
0 1.264002300003463 5.185250000000001
0 1.264643600003465 5.925999999999999
0 1.265284900003466 6.66675
0 1.265926200003468 7.407500000000002
0 1.26656750000347 8.148249999999999
0 1.267208800003472 8.889000000000001
0 1.268491400003475 10.3705
0 1.269774000003479 11.852
0 1.271056600003482 13.3335
0 1.272339200003486 14.815
0 1.273621800003489 16.2965
0 1.274904400003493 17.778
0 1.276187000003496 19.2595
0 1.2774696000035 20.741
0 1.278752200003503 22.2225
0 1.280034800003507 23.704
0 1.28131740000351 25.1855
0 0.6300772500017434 0.7407499999999999
0 0.6303979000017443 1.4815
0 0.6307185500017453 2.22225
0 0.6310392000017461 2.963
0 0.6313598500017469 3.703750000000001
0 0.6316805000017479 4.444500000000001
0 0.6320011500017487 5.185250000000001
0 0.6323218000017496 5.925999999999999
0 0.6326424500017506 6.66675
0 0.6329631000017514 7.407500000000002
0 0.6332837500017523 8.148249999999999
0 0.6336044000017532 8.889000000000001
0 0.6342457000017551 10.3705
0 0.6348870000017567 11.852
0 0.6355283000017585 13.3335
0 0.6361696000017603 14.815
0 0.6368109000017621 16.2965
0 0.6374522000017638 17.778
0 0.6380935000017656 19.2595
0 0.6387348000017674 20.741
0 0.6393761000017693 22.2225
0 0.6400174000017709 23.704
0 0.6406587000017727 25.1855
2 31 0 9
521
522
523
524
525
526
527
528
529
0.6412999999993216 0.6413000000009569 26.667
0.6413000000001391 1.282600000001793 26.667
0.6413000000009568 1.923900000000905 26.667
1.282599999998349 0.6413000000001391 26.667
1.282600000000071 1.282600000000071 26.667
1.282600000001792 1.923900000000037 26.667
1.923899999999167 0.6412999999993214 26.667
1.923900000000036 1.28259999999835 26.667
1.923900000000905 1.923899999999166 26.667
2 40 0 46
530
531
532
533
534
535
536
537
538
539
540
541
542
543
544
545
546
547
548
549
550
551
552
553
554
555
556
557
558
559
560
561
562
563
564
565
566
567
568
569
570
571
572
573
574
575
3.780463499996403 0 0.7407499999999999
3.782387399996401 0 1.4815
3.784311299996399 0 2.22225
3.786235199996398 0 2.963
3.788159099996395 0 3.703750000000001
3.790082999996394 0 4.444500000000001
3.792006899996392 0 5.185250000000001
3.79393079999639 0 5.925999999999999
3.795854699996388 0 6.66675
3.797778599996386 0 7.407500000000002
3.799702499996385 0 8.148249999999999
3.801626399996383 0 8.889000000000001
3.805474199996379 0 10.3705
3.809321999996375 0 11.852
3.813169799996372 0 13.3335
3.817017599996368 0 14.815
3.820865399996365 0 16.2965
3.824713199996361 0 17.778
3.828560999996357 0 19.2595
3.832408799996354 0 20.741
3.83625659999635 0 22.2225
3.840104399996346 0 23.704
3.843952199996342 0 25.1855
5.040617999996631 0 0.7407499999999999
5.04318319999663 0 1.4815
5.045748399996628 0 2.22225
5.048313599996626 0 2.963
5.050878799996624 0 3.703750000000001
5.053443999996623 0 4.444500000000001
5.056009199996621 0 5.185250000000001
5.058574399996619 0 5.925999999999999
5.061139599996618 0 6.66675
5.063704799996616 0 7.407500000000002
5.066269999996615 0 8.148249999999999
5.068835199996613 0 8.889000000000001
5.073965599996609 0 10.3705
5.079095999996605 0 11.852
5.084226399996602 0 13.3335
5.089356799996599 0 14.815
5.094487199996596 0 16.2965
5.099617599996591 0 17.778
5.104747999996588 0 19.2595
5.109878399996585 0 20.741
5.115008799996582 0 22.2225
5.120139199996578 0 23.704
5.125269599996574 0 25.1855
2 44 0 69
576
577
578
579
580
581
582
583
584
585
586
587
588
589
590
591
592
593
594
595
596
597
598
599
600
601
602
603
604
605
606
607
608
609
610
611
612
613
614
615
616
617
618
619
620
621
622
623
624
625
626
627
628
629
630
631
632
633
634
635
636
637
638
639
640
641
642
643
644
6.179704922528674 1.22921973919683 0.7407499999999999
6.182849810529961 1.229845296316014 1.4815
6.185994698531248 1.230470853435198 2.22225
6.189139586532534 1.231096410554382 2.963
6.192284474533821 1.231721967673566 3.703750000000001
6.195429362535108 1.232347524792751 4.444500000000001
6.198574250536395 1.232973081911935 5.185250000000001
6.201719138537682 1.233598639031119 5.925999999999999
6.204864026538969 1.234224196150303 6.66675
6.208008914540255 1.234849753269487 7.407500000000002
6.211153802541543 1.235475310388671 8.148249999999999
6.214298690542829 1.236100867507856 8.889000000000001
6.220588466545403 1.237351981746224 10.3705
6.226878242547977 1.238603095984592 11.852
6.23316801855055 1.23985421022296 13.3335
6.239457794553124 1.241105324461329 14.815
6.245747570555698 1.242356438699697 16.2965
6.252037346558271 1.243607552938065 17.778
6.258327122560845 1.244858667176433 19.2595
6.264616898563419 1.246109781414802 20.741
6.270906674565993 1.24736089565317 22.2225
6.277196450568566 1.248612009891538 23.704
6.28348622657114 1.249863124129907 25.1855
5.821154749074483 2.411201253334909 0.7407499999999999
5.824117168794115 2.412428327764087 1.4815
5.827079588513746 2.413655402193266 2.22225
5.830042008233376 2.414882476622444 2.963
5.833004427953006 2.416109551051621 3.703750000000001
5.835966847672638 2.4173366254808 4.444500000000001
5.838929267392269 2.418563699909978 5.185250000000001
5.841891687111899 2.419790774339156 5.925999999999999
5.84485410683153 2.421017848768334 6.66675
5.847816526551161 2.422244923197512 7.407500000000002
5.850778946270792 2.42347199762669 8.148249999999999
5.853741365990422 2.424699072055868 8.889000000000001
5.859666205429685 2.427153220914224 10.3705
5.865591044868945 2.42960736977258 11.852
5.871515884308207 2.432061518630936 13.3335
5.877440723747469 2.434515667489293 14.815
5.883365563186731 2.436969816347649 16.2965
5.889290402625991 2.439423965206005 17.778
5.895215242065253 2.441878114064361 19.2595
5.901140081504515 2.444332262922718 20.741
5.907064920943776 2.446786411781074 22.2225
5.912989760383038 2.44924056063943 23.704
5.918914599822299 2.451694709497786 25.1855
5.238900865855856 3.500521648910489 0.7407499999999999
5.241566973166725 3.502303084864133 1.4815
5.244233080477593 3.504084520817778 2.22225
5.24689918778846 3.505865956771422 2.963
5.249565295099329 3.507647392725065 3.703750000000001
5.252231402410197 3.50942882867871 4.444500000000001
5.254897509721065 3.511210264632354 5.185250000000001
5.257563617031932 3.512991700585998 5.925999999999999
5.260229724342801 3.514773136539641 6.66675
5.262895831653669 3.516554572493285 7.407500000000002
5.265561938964537 3.51833600844693 8.148249999999999
5.268228046275405 3.520117444400574 8.889000000000001
5.273560260897142 3.523680316307862 10.3705
5.278892475518878 3.52724318821515 11.852
5.284224690140614 3.530806060122438 13.3335
5.289556904762351 3.534368932029726 14.815
5.294889119384087 3.537931803937014 16.2965
5.300221334005823 3.541494675844302 17.778
5.305553548627559 3.54505754775159 19.2595
5.310885763249296 3.548620419658878 20.741
5.316217977871032 3.552183291566166 22.2225
5.321550192492768 3.555746163473454 23.704
5.326882407114504 3.559309035380742 25.1855
2 48 0 46
645
646
647
648
649
650
651
652
653
654
655
656
657
658
659
660
661
662
663
664
665
666
667
668
669
670
671
672
673
674
675
676
677
678
679
680
681
682
683
684
685
686
687
688
689
690
3.810315640972761 3.810315640972761 0.7407499999999999
3.81225473290201 3.81225473290201 1.4815
3.814193824831258 3.814193824831258 2.22225
3.816132916760506 3.816132916760506 2.963
3.818072008689754 3.818072008689754 3.703750000000001
3.820011100619003 3.820011100619003 4.444500000000001
3.82195019254825 3.82195019254825 5.185250000000001
3.823889284477499 3.823889284477499 5.925999999999999
3.825828376406747 3.825828376406747 6.66675
3.827767468335995 3.827767468335995 7.407500000000002
3.829706560265243 3.829706560265243 8.148249999999999
3.831645652194492 3.831645652194492 8.889000000000001
3.835523836052988 3.835523836052988 10.3705
3.839402019911485 3.839402019911485 11.852
3.843280203769981 3.843280203769981 13.3335
3.847158387628478 3.847158387628478 14.815
3.851036571486974 3.851036571486974 16.2965
3.85491475534547 3.85491475534547 17.778
3.858792939203967 3.858792939203967 19.2595
3.862671123062464 3.862671123062464 20.741
3.86654930692096 3.86654930692096 22.2225
3.870427490779456 3.870427490779456 23.704
3.874305674637953 3.874305674637953 25.1855
3.165312320490139 3.165312320490139 0.7407499999999999
3.166923166454766 3.166923166454766 1.4815
3.168534012419391 3.168534012419391 2.22225
3.170144858384018 3.170144858384018 2.963
3.171755704348644 3.171755704348644 3.703750000000001
3.17336655031327 3.17336655031327 4.444500000000001
3.174977396277896 3.174977396277896 5.185250000000001
3.176588242242522 3.176588242242522 5.925999999999999
3.178199088207148 3.178199088207148 6.66675
3.179809934171774 3.179809934171774 7.407500000000002
3.1814207801364 3.1814207801364 8.148249999999999
3.183031626101026 3.183031626101026 8.889000000000001
3.186253318030278 3.186253318030278 10.3705
3.18947500995953 3.18947500995953 11.852
3.192696701888782 3.192696701888782 13.3335
3.195918393818034 3.195918393818034 14.815
3.199140085747286 3.199140085747286 16.2965
3.202361777676538 3.202361777676538 17.778
3.20558346960579 3.20558346960579 19.2595
3.208805161535043 3.208805161535043 20.741
3.212026853464295 3.212026853464295 22.2225
3.215248545393546 3.215248545393546 23.704
3.218470237322798 3.218470237322798 25.1855
2 53 0 6
691
692
693
694
695
696
3.806725334189037 0.8445714127889882 26.667
3.685079813086463 1.673116286117591 26.667
3.487538207246181 2.470223969096569 26.667
5.048250668378721 1.047842825577437 26.667
4.804959626170576 2.063632572234532 26.667
4.409876414487256 3.016547938188934 26.667
2 70 0 69
697
698
699
700
701
702
703
704
705
706
707
708
709
710
711
712
713
714
715
716
717
718
719
720
721
722
723
724
725
726
727
728
729
730
731
732
733
734
735
736
737
738
739
740
741
742
743
744
745
746
747
748
749
750
751
752
753
754
755
756
757
758
759
760
761
762
763
764
765
3.500521643063105 5.238900869762954 0.7407499999999999
3.502303079013773 5.241566977075811 1.4815
3.504084514964441 5.244233084388668 2.22225
3.505865950915109 5.246899191701524 2.963
3.507647386865777 5.24956529901438 3.703750000000001
3.509428822816446 5.252231406327237 4.444500000000001
3.511210258767114 5.254897513640093 5.185250000000001
3.512991694717782 5.25756362095295 5.925999999999999
3.514773130668451 5.260229728265807 6.66675
3.516554566619119 5.262895835578663 7.407500000000002
3.518336002569787 5.265561942891519 8.148249999999999
3.520117438520455 5.268228050204375 8.889000000000001
3.523680310421792 5.273560264830089 10.3705
3.527243182323128 5.278892479455801 11.852
3.530806054224465 5.284224694081514 13.3335
3.534368926125802 5.289556908707228 14.815
3.537931798027138 5.294889123332941 16.2965
3.541494669928474 5.300221337958653 17.778
3.545057541829811 5.305553552584366 19.2595
3.548620413731147 5.310885767210079 20.741
3.552183285632484 5.316217981835792 22.2225
3.55574615753382 5.321550196461505 23.704
3.559309029435157 5.326882411087218 25.1855
2.411201239608179 5.821154754760282 0.7407499999999999
2.412428314030372 5.824117174482806 1.4815
2.413655388452564 5.827079594205331 2.22225
2.414882462874757 5.830042013927855 2.963
2.416109537296949 5.833004433650379 3.703750000000001
2.417336611719142 5.835966853372904 4.444500000000001
2.418563686141334 5.838929273095427 5.185250000000001
2.419790760563526 5.841891692817952 5.925999999999999
2.421017834985719 5.844854112540476 6.66675
2.422244909407911 5.847816532263001 7.407500000000002
2.423471983830104 5.850778951985525 8.148249999999999
2.424699058252296 5.85374137170805 8.889000000000001
2.427153207096681 5.859666211153098 10.3705
2.429607355941066 5.865591050598146 11.852
2.432061504785451 5.871515890043195 13.3335
2.434515653629836 5.877440729488244 14.815
2.436969802474221 5.883365568933293 16.2965
2.439423951318606 5.889290408378341 17.778
2.441878100162991 5.89521524782339 19.2595
2.444332249007376 5.901140087268439 20.741
2.446786397851761 5.907064926713487 22.2225
2.449240546696145 5.912989766158535 23.704
2.45169469554053 5.918914605603584 25.1855
1.229219732031271 6.179704923953993 0.7407499999999999
1.229845289146808 6.182849811956006 1.4815
1.230470846262346 6.185994699958018 2.22225
1.231096403377884 6.18913958796003 2.963
1.231721960493421 6.192284475962041 3.703750000000001
1.232347517608959 6.195429363964054 4.444500000000001
1.232973074724496 6.198574251966066 5.185250000000001
1.233598631840034 6.201719139968079 5.925999999999999
1.234224188955571 6.204864027970091 6.66675
1.234849746071109 6.208008915972103 7.407500000000002
1.235475303186646 6.211153803974115 8.148249999999999
1.236100860302184 6.214298691976127 8.889000000000001
1.237351974533259 6.220588467980153 10.3705
1.238603088764334 6.226878243984176 11.852
1.239854202995409 6.2331680199882 13.3335
1.241105317226484 6.239457795992226 14.815
1.242356431457559 6.24574757199625 16.2965
1.243607545688634 6.252037348000274 17.778
1.244858659919709 6.258327124004299 19.2595
1.246109774150784 6.264616900008323 20.741
1.24736088838186 6.270906676012348 22.2225
1.248612002612935 6.277196452016371 23.704
1.24986311684401 6.283486228020396 25.1855
2 74 0 46
766
767
768
769
770
771
772
773
774
775
776
777
778
779
780
781
782
783
784
785
786
787
788
789
790
791
792
793
794
795
796
797
798
799
800
801
802
803
804
805
806
807
808
809
810
811
0 5.040618000002048 0.7407499999999999
0 5.04318320000205 1.4815
0 5.045748400002051 2.22225
0 5.048313600002052 2.963
0 5.050878800002052 3.703750000000001
0 5.053444000002054 4.444500000000001
0 5.056009200002054 5.185250000000001
0 5.058574400002056 5.925999999999999
0 5.061139600002057 6.66675
0 5.063704800002058 7.407500000000002
0 5.066270000002059 8.148249999999999
0 5.06883520000206 8.889000000000001
0 5.073965600002063 10.3705
0 5.079096000002064 11.852
0 5.084226400002066 13.3335
0 5.089356800002069 14.815
0 5.094487200002071 16.2965
0 5.099617600002072 17.778
0 5.104748000002075 19.2595
0 5.109878400002077 20.741
0 5.115008800002079 22.2225
0 5.120139200002081 23.704
0 5.125269600002083 25.1855
0 3.780463500002639 0.7407499999999999
0 3.782387400002641 1.4815
0 3.784311300002642 2.22225
0 3.786235200002643 2.963
0 3.788159100002644 3.703750000000001
0 3.790083000002646 4.444500000000001
0 3.792006900002647 5.185250000000001
0 3.793930800002649 5.925999999999999
0 3.79585470000265 6.66675
0 3.797778600002651 7.407500000000002
0 3.799702500002653 8.148249999999999
0 3.801626400002654 8.889000000000001
0 3.805474200002657 10.3705
0 3.809322000002659 11.852
0 3.813169800002662 13.3335
0 3.817017600002665 14.815
0 3.820865400002668 16.2965
0 3.82471320000267 17.778
0 3.828561000002673 19.2595
0 3.832408800002676 20.741
0 3.836256600002678 22.2225
0 3.84010440000268 23.704
0 3.843952200002684 25.1855
2 75 0 6
812
813
814
815
816
817
2.470223967115197 3.487538208573645 26.667
3.016547934222536 4.409876417140034 26.667
1.673116281465284 3.685079815019092 26.667
2.063632562922832 4.804959630031756 26.667
0.8445714103602175 3.806725334677698 26.667
1.047842820716498 5.048250669350281 26.667
3 1 0 207
818
819
820
821
822
823
824
825
826
827
828
829
830
831
832
833
834
835
836
837
838
839
840
841
842
843
844
845
846
847
848
849
850
851
852
853
854
855
856
857
858
859
860
861
862
863
864
865
866
867
868
869
870
871
872
873
874
875
876
877
878
879
880
881
882
883
884
885
886
887
888
889
890
891
892
893
894
895
896
897
898
899
900
901
902
903
904
905
906
907
908
909
910
911
912
913
914
915
916
917
918
919
920
921
922
923
924
925
926
927
928
929
930
931
932
933
934
935
936
937
938
939
940
941
942
943
944
945
946
947
948
949
950
951
952
953
954
955
956
957
958
959
960
961
962
963
964
965
966
967
968
969
970
971
972
973
974
975
976
977
978
979
980
981
982
983
984
985
986
987
988
989
990
991
992
993
994
995
996
997
998
999
1000
1001
1002
1003
1004
1005
1006
1007
1008
1009
1010
1011
1012
1013
1014
1015
1016
1017
1018
1019
1020
1021
1022
1023
1024
0.6300772499993335 0.6300772500009401 0.7407499999999999
0.6303978999993332 0.6303979000009405 1.4815
0.6307185499993329 0.6307185500009411 2.22225
0.6310391999993324 0.6310392000009416 2.963
0.631359849999332 0.631359850000942 3.703750000000001
0.6316804999993318 0.6316805000009426 4.444500000000001
0.6320011499993314 0.6320011500009429 5.185250000000001
0.632321799999331 0.6323218000009434 5.925999999999999
0.6326424499993307 0.6326424500009439 6.66675
0.6329630999993304 0.6329631000009445 7.407500000000002
0.6332837499993301 0.6332837500009449 8.148249999999999
0.6336043999993297 0.6336044000009454 8.889000000000001
0.6342456999993291 0.6342457000009464 10.3705
0.6348869999993284 0.6348870000009472 11.852
0.6355282999993277 0.6355283000009483 13.3335
0.6361695999993271 0.6361696000009492 14.815
0.6368108999993264 0.6368109000009502 16.2965
0.6374521999993257 0.637452200000951 17.778
0.638093499999325 0.6380935000009521 19.2595
0.6387347999993244 0.6387348000009531 20.741
0.6393760999993237 0.639376100000954 22.2225
0.6400173999993229 0.640017400000955 23.704
0.6406586999993222 0.6406587000009559 25.1855
0.6300772500001366 1.260154500001761 0.7407499999999999
0.6303979000001367 1.260795800001762 1.4815
0.6307185500001368 1.261437100001763 2.22225
0.6310392000001368 1.262078400001764 2.963
0.6313598500001368 1.262719700001765 3.703750000000001
0.631680500000137 1.263361000001766 4.444500000000001
0.632001150000137 1.264002300001766 5.185250000000001
0.632321800000137 1.264643600001767 5.925999999999999
0.6326424500001372 1.265284900001768 6.66675
0.6329631000001372 1.265926200001769 7.407500000000002
0.6332837500001374 1.26656750000177 8.148249999999999
0.6336044000001374 1.267208800001771 8.889000000000001
0.6342457000001376 1.268491400001773 10.3705
0.6348870000001376 1.269774000001775 11.852
0.6355283000001378 1.271056600001776 13.3335
0.636169600000138 1.272339200001778 14.815
0.6368109000001381 1.27362180000178 16.2965
0.6374522000001382 1.274904400001782 17.778
0.6380935000001383 1.276187000001784 19.2595
0.6387348000001385 1.277469600001785 20.741
0.6393761000001387 1.278752200001787 22.2225
0.6400174000001387 1.280034800001789 23.704
0.6406587000001389 1.281317400001791 25.1855
0.6300772500009401 1.890231750000889 0.7407499999999999
0.6303979000009405 1.89119370000089 1.4815
0.630718550000941 1.89215565000089 2.22225
0.6310392000009415 1.893117600000891 2.963
0.6313598500009419 1.894079550000891 3.703750000000001
0.6316805000009424 1.895041500000892 4.444500000000001
0.6320011500009428 1.896003450000892 5.185250000000001
0.6323218000009434 1.896965400000892 5.925999999999999
0.6326424500009439 1.897927350000893 6.66675
0.6329631000009444 1.898889300000894 7.407500000000002
0.6332837500009448 1.899851250000894 8.148249999999999
0.6336044000009453 1.900813200000894 8.889000000000001
0.6342457000009463 1.902737100000895 10.3705
0.6348870000009472 1.904661000000896 11.852
0.6355283000009482 1.906584900000897 13.3335
0.6361696000009491 1.908508800000898 14.815
0.6368109000009501 1.910432700000899 16.2965
0.637452200000951 1.9123566000009 17.778
0.638093500000952 1.914280500000901 19.2595
0.638734800000953 1.916204400000902 20.741
0.6393761000009539 1.918128300000903 22.2225
0.6400174000009549 1.920052200000903 23.704
0.6406587000009558 1.921976100000904 25.1855
1.260154499998378 0.6300772500001366 0.7407499999999999
1.260795799998377 0.6303979000001367 1.4815
1.261437099998377 0.6307185500001368 2.22225
1.262078399998376 0.6310392000001368 2.963
1.262719699998375 0.6313598500001368 3.703750000000001
1.263360999998374 0.631680500000137 4.444500000000001
1.264002299998373 0.632001150000137 5.185250000000001
1.264643599998373 0.632321800000137 5.925999999999999
1.265284899998372 0.6326424500001372 6.66675
1.265926199998371 0.6329631000001372 7.407500000000002
1.26656749999837 0.6332837500001374 8.148249999999999
1.267208799998369 0.6336044000001374 8.889000000000001
1.268491399998368 0.6342457000001376 10.3705
1.269773999998366 0.6348870000001376 11.852
1.271056599998364 0.6355283000001378 13.3335
1.272339199998363 0.636169600000138 14.815
1.273621799998361 0.6368109000001381 16.2965
1.274904399998359 0.6374522000001382 17.778
1.276186999998357 0.6380935000001383 19.2595
1.277469599998356 0.6387348000001385 20.741
1.278752199998354 0.6393761000001387 22.2225
1.280034799998353 0.6400174000001387 23.704
1.281317399998351 0.6406587000001389 25.1855
1.26015450000007 1.26015450000007 0.7407499999999999
1.26079580000007 1.26079580000007 1.4815
1.26143710000007 1.26143710000007 2.22225
1.26207840000007 1.26207840000007 2.963
1.26271970000007 1.26271970000007 3.703750000000001
1.26336100000007 1.26336100000007 4.444500000000001
1.26400230000007 1.26400230000007 5.185250000000001
1.26464360000007 1.26464360000007 5.925999999999999
1.26528490000007 1.26528490000007 6.66675
1.26592620000007 1.26592620000007 7.407500000000002
1.26656750000007 1.26656750000007 8.148249999999999
1.26720880000007 1.26720880000007 8.889000000000001
1.26849140000007 1.26849140000007 10.3705
1.26977400000007 1.26977400000007 11.852
1.27105660000007 1.27105660000007 13.3335
1.27233920000007 1.27233920000007 14.815
1.273621800000071 1.273621800000071 16.2965
1.27490440000007 1.27490440000007 17.778
1.276187000000071 1.276187000000071 19.2595
1.277469600000071 1.277469600000071 20.741
1.278752200000071 1.278752200000071 22.2225
1.280034800000071 1.280034800000071 23.704
1.281317400000071 1.281317400000071 25.1855
1.260154500001761 1.890231750000036 0.7407499999999999
1.260795800001762 1.891193700000036 1.4815
1.261437100001763 1.892155650000036 2.22225
1.262078400001764 1.893117600000036 2.963
1.262719700001764 1.894079550000036 3.703750000000001
1.263361000001765 1.895041500000036 4.444500000000001
1.264002300001766 1.896003450000036 5.185250000000001
1.264643600001767 1.896965400000036 5.925999999999999
1.265284900001768 1.897927350000036 6.66675
1.265926200001769 1.898889300000036 7.407500000000002
1.26656750000177 1.899851250000036 8.148249999999999
1.267208800001771 1.900813200000036 8.889000000000001
1.268491400001773 1.902737100000036 10.3705
1.269774000001774 1.904661000000036 11.852
1.271056600001776 1.906584900000036 13.3335
1.272339200001778 1.908508800000036 14.815
1.27362180000178 1.910432700000037 16.2965
1.274904400001782 1.912356600000036 17.778
1.276187000001783 1.914280500000036 19.2595
1.277469600001785 1.916204400000036 20.741
1.278752200001787 1.918128300000037 22.2225
1.280034800001789 1.920052200000036 23.704
1.281317400001791 1.921976100000037 25.1855
1.890231749999181 0.6300772499993332 0.7407499999999999
1.891193699999181 0.6303978999993328 1.4815
1.89215564999918 0.6307185499993325 2.22225
1.89311759999918 0.6310391999993322 2.963
1.894079549999179 0.6313598499993318 3.703750000000001
1.895041499999179 0.6316804999993315 4.444500000000001
1.896003449999178 0.6320011499993311 5.185250000000001
1.896965399999178 0.6323217999993308 5.925999999999999
1.897927349999178 0.6326424499993305 6.66675
1.898889299999177 0.6329630999993302 7.407500000000002
1.899851249999177 0.6332837499993298 8.148249999999999
1.900813199999177 0.6336043999993295 8.889000000000001
1.902737099999176 0.6342456999993289 10.3705
1.904660999999175 0.6348869999993281 11.852
1.906584899999174 0.6355282999993275 13.3335
1.908508799999173 0.6361695999993268 14.815
1.910432699999173 0.6368108999993262 16.2965
1.912356599999171 0.6374521999993253 17.778
1.914280499999171 0.6380934999993247 19.2595
1.91620439999917 0.638734799999324 20.741
1.918128299999169 0.6393760999993234 22.2225
1.920052199999168 0.6400173999993227 23.704
1.921976099999167 0.640658699999322 25.1855
1.890231750000035 1.260154499998378 0.7407499999999999
1.891193700000035 1.260795799998378 1.4815
1.892155650000035 1.261437099998377 2.22225
1.893117600000035 1.262078399998376 2.963
1.894079550000035 1.262719699998375 3.703750000000001
1.895041500000036 1.263360999998374 4.444500000000001
1.896003450000035 1.264002299998373 5.185250000000001
1.896965400000035 1.264643599998373 5.925999999999999
1.897927350000035 1.265284899998372 6.66675
1.898889300000036 1.265926199998371 7.407500000000002
1.899851250000036 1.26656749999837 8.148249999999999
1.900813200000036 1.267208799998369 8.889000000000001
1.902737100000036 1.268491399998368 10.3705
1.904661000000035 1.269773999998366 11.852
1.906584900000036 1.271056599998364 13.3335
1.908508800000036 1.272339199998363 14.815
1.910432700000036 1.273621799998361 16.2965
1.912356600000036 1.274904399998359 17.778
1.914280500000036 1.276186999998358 19.2595
1.916204400000036 1.277469599998356 20.741
1.918128300000036 1.278752199998355 22.2225
1.920052200000036 1.280034799998353 23.704
1.921976100000036 1.281317399998351 25.1855
1.890231750000889 1.890231749999181 0.7407499999999999
1.891193700000889 1.89119369999918 1.4815
1.89215565000089 1.89215564999918 2.22225
1.89311760000089 1.89311759999918 2.963
1.894079550000891 1.894079549999179 3.703750000000001
1.895041500000891 1.895041499999179 4.444500000000001
1.896003450000892 1.896003449999178 5.185250000000001
1.896965400000892 1.896965399999178 5.925999999999999
1.897927350000893 1.897927349999177 6.66675
1.898889300000893 1.898889299999177 7.407500000000002
1.899851250000893 1.899851249999177 8.148249999999999
1.900813200000894 1.900813199999176 8.889000000000001
1.902737100000895 1.902737099999176 10.3705
1.904661000000896 1.904660999999174 11.852
1.906584900000897 1.906584899999174 13.3335
1.908508800000898 1.908508799999173 14.815
1.910432700000899 1.910432699999172 16.2965
1.912356600000899 1.912356599999171 17.778
1.9142805000009 1.91428049999917 19.2595
1.916204400000901 1.91620439999917 20.741
1.918128300000902 1.918128299999169 22.2225
1.920052200000903 1.920052199999168 23.704
1.921976100000904 1.921976099999167 25.1855
3 2 0 138
1025
1026
1027
1028
1029
1030
1031
1032
1033
1034
1035
1036
1037
1038
1039
1040
1041
1042
1043
1044
1045
1046
1047
1048
1049
1050
1051
1052
1053
1054
1055
1056
1057
1058
1059
1060
1061
1062
1063
1064
1065
1066
1067
1068
1069
1070
1071
1072
1073
1074
1075
1076
1077
1078
1079
1080
1081
1082
1083
1084
1085
1086
1087
1088
1089
1090
1091
1092
1093
1094
1095
1096
1097
1098
1099
1100
1101
1102
1103
1104
1105
1106
1107
1108
1109
1110
1111
1112
1113
1114
1115
1116
1117
1118
1119
1120
1121
1122
1123
1124
1125
1126
1127
1128
1129
1130
1131
1132
1133
1134
1135
1136
1137
1138
1139
1140
1141
1142
1143
1144
1145
1146
1147
1148
1149
1150
1151
1152
1153
1154
1155
1156
1157
1158
1159
1160
1161
1162
3.740107640840728 0.8297914130651809 0.7407499999999999
3.742011003507823 0.8302136987715754 1.4815
3.743914366174917 0.8306359844779699 2.22225
3.745817728842012 0.8310582701843644 2.963
3.747721091509106 0.8314805558907588 3.703750000000001
3.749624454176201 0.8319028415971534 4.444500000000001
3.751527816843295 0.8323251273035478 5.185250000000001
3.75343117951039 0.8327474130099424 5.925999999999999
3.755334542177484 0.8331696987163368 6.66675
3.757237904844579 0.8335919844227313 7.407500000000002
3.759141267511673 0.8340142701291259 8.148249999999999
3.761044630178768 0.8344365558355203 8.889000000000001
3.764851355512957 0.8352811272483094 10.3705
3.768658080847146 0.8361256986610983 11.852
3.772464806181335 0.8369702700738872 13.3335
3.776271531515524 0.8378148414866763 14.815
3.780078256849714 0.8386594128994653 16.2965
3.783884982183902 0.8395039843122543 17.778
3.787691707518091 0.8403485557250433 19.2595
3.79149843285228 0.8411931271378322 20.741
3.79530515818647 0.8420376985506213 22.2225
3.799111883520658 0.8428822699634102 23.704
3.802918608854847 0.8437268413761992 25.1855
3.620590916357449 1.643836751110533 0.7407499999999999
3.622433456263993 1.644673309253592 1.4815
3.624275996170536 1.645509867396651 2.22225
3.62611853607708 1.64634642553971 2.963
3.627961075983622 1.647182983682768 3.703750000000001
3.629803615890166 1.648019541825827 4.444500000000001
3.631646155796709 1.648856099968886 5.185250000000001
3.633488695703252 1.649692658111945 5.925999999999999
3.635331235609796 1.650529216255004 6.66675
3.637173775516339 1.651365774398063 7.407500000000002
3.639016315422882 1.652202332541121 8.148249999999999
3.640858855329425 1.65303889068418 8.889000000000001
3.644543935142512 1.654712006970298 10.3705
3.648229014955598 1.656385123256415 11.852
3.651914094768685 1.658058239542533 13.3335
3.655599174581771 1.659731355828651 14.815
3.659284254394858 1.661404472114768 16.2965
3.662969334207944 1.663077588400885 17.778
3.666654414021031 1.664750704687003 19.2595
3.670339493834117 1.666423820973121 20.741
3.674024573647204 1.668096937259238 22.2225
3.67770965346029 1.669770053545356 23.704
3.681394733273376 1.671443169831474 25.1855
3.426506288619372 2.426995049637379 0.7407499999999999
3.428250057722996 2.428230161621928 1.4815
3.429993826826619 2.429465273606476 2.22225
3.431737595930242 2.430700385591024 2.963
3.433481365033864 2.431935497575572 3.703750000000001
3.435225134137488 2.433170609560121 4.444500000000001
3.436968903241111 2.434405721544669 5.185250000000001
3.438712672344734 2.435640833529217 5.925999999999999
3.440456441448357 2.436875945513766 6.66675
3.44220021055198 2.438111057498314 7.407500000000002
3.443943979655603 2.439346169482862 8.148249999999999
3.445687748759227 2.440581281467411 8.889000000000001
3.449175286966473 2.443051505436507 10.3705
3.452662825173719 2.445521729405603 11.852
3.456150363380965 2.4479919533747 13.3335
3.459637901588211 2.450462177343797 14.815
3.463125439795458 2.452932401312893 16.2965
3.466612978002703 2.45540262528199 17.778
3.47010051620995 2.457872849251086 19.2595
3.473588054417196 2.460343073220183 20.741
3.477075592624443 2.46281329718928 22.2225
3.480563130831688 2.465283521158376 23.704
3.484050669038934 2.467753745127473 25.1855
4.959906281682093 1.029505576129832 0.7407499999999999
4.962430407016282 1.030029497542621 1.4815
4.964954532350472 1.030553418955409 2.22225
4.967478657684661 1.031077340368198 2.963
4.97000278301885 1.031601261780986 3.703750000000001
4.97252690835304 1.032125183193775 4.444500000000001
4.975051033687229 1.032649104606564 5.185250000000001
4.977575159021418 1.033173026019353 5.925999999999999
4.980099284355608 1.033696947432141 6.66675
4.982623409689797 1.03422086884493 7.407500000000002
4.985147535023986 1.034744790257719 8.148249999999999
4.987671660358176 1.035268711670508 8.889000000000001
4.992719911026555 1.036316554496085 10.3705
4.997768161694934 1.037364397321662 11.852
5.002816412363313 1.03841224014724 13.3335
5.007864663031691 1.039460082972817 14.815
5.01291291370007 1.040507925798395 16.2965
5.017961164368448 1.041555768623972 17.778
5.023009415036827 1.04260361144955 19.2595
5.028057665705206 1.043651454275127 20.741
5.033105916373585 1.044699297100705 22.2225
5.038154167041963 1.045747139926282 23.704
5.043202417710342 1.046794982751859 25.1855
4.72087283271259 2.027519002220428 0.7407499999999999
4.723275312525676 2.028550818506545 1.4815
4.725677792338762 2.029582634792662 2.22225
4.728080272151847 2.03061445107878 2.963
4.730482751964932 2.031646267364896 3.703750000000001
4.732885231778018 2.032678083651014 4.444500000000001
4.735287711591102 2.033709899937131 5.185250000000001
4.737690191404187 2.034741716223248 5.925999999999999
4.740092671217273 2.035773532509366 6.66675
4.742495151030359 2.036805348795483 7.407500000000002
4.744897630843444 2.037837165081601 8.148249999999999
4.747300110656529 2.038868981367718 8.889000000000001
4.7521050702827 2.040932613939952 10.3705
4.75691002990887 2.042996246512187 11.852
4.761714989535041 2.045059879084421 13.3335
4.766519949161212 2.047123511656656 14.815
4.771324908787382 2.04918714422889 16.2965
4.776129868413553 2.051250776801125 17.778
4.780934828039723 2.053314409373359 19.2595
4.785739787665894 2.055378041945594 20.741
4.790544747292064 2.057441674517829 22.2225
4.795349706918235 2.059505307090063 23.704
4.800154666544405 2.061568939662298 25.1855
4.332703577233729 2.963758349270627 0.7407499999999999
4.334908515440972 2.965266623239722 1.4815
4.337113453648215 2.966774897208816 2.22225
4.33931839185546 2.968283171177911 2.963
4.341523330062703 2.969791445147005 3.703750000000001
4.343728268269947 2.9712997191161 4.444500000000001
4.34593320647719 2.972807993085194 5.185250000000001
4.348138144684434 2.974316267054288 5.925999999999999
4.350343082891677 2.975824541023383 6.66675
4.352548021098921 2.977332814992477 7.407500000000002
4.354752959306165 2.978841088961572 8.148249999999999
4.356957897513409 2.980349362930666 8.889000000000001
4.361367773927896 2.983365910868855 10.3705
4.365777650342383 2.986382458807044 11.852
4.37018752675687 2.989399006745233 13.3335
4.374597403171357 2.992415554683422 14.815
4.379007279585845 2.995432102621611 16.2965
4.383417156000331 2.9984486505598 17.778
4.387827032414819 3.001465198497989 19.2595
4.392236908829307 3.004481746436178 20.741
4.396646785243794 3.007498294374367 22.2225
4.401056661658281 3.010514842312555 23.704
4.405466538072768 3.013531390250745 25.1855
3 3 0 138
1163
1164
1165
1166
1167
1168
1169
1170
1171
1172
1173
1174
1175
1176
1177
1178
1179
1180
1181
1182
1183
1184
1185
1186
1187
1188
1189
1190
1191
1192
1193
1194
1195
1196
1197
1198
1199
1200
1201
1202
1203
1204
1205
1206
1207
1208
1209
1210
1211
1212
1213
1214
1215
1216
1217
1218
1219
1220
1221
1222
1223
1224
1225
1226
1227
1228
1229
1230
1231
1232
1233
1234
1235
1236
1237
1238
1239
1240
1241
1242
1243
1244
1245
1246
1247
1248
1249
1250
1251
1252
1253
1254
1255
1256
1257
1258
1259
1260
1261
1262
1263
1264
1265
1266
1267
1268
1269
1270
1271
1272
1273
1274
1275
1276
1277
1278
1279
1280
1281
1282
1283
1284
1285
1286
1287
1288
1289
1290
1291
1292
1293
1294
1295
1296
1297
1298
1299
1300
2.426995047690681 3.426506289923606 0.7407499999999999
2.428230159674238 3.428250059027893 1.4815
2.429465271657796 3.42999382813218 2.22225
2.430700383641354 3.431737597236467 2.963
2.431935495624911 3.433481366340753 3.703750000000001
2.433170607608469 3.43522513544504 4.444500000000001
2.434405719592026 3.436968904549327 5.185250000000001
2.435640831575584 3.438712673653614 5.925999999999999
2.436875943559142 3.440456442757901 6.66675
2.438111055542699 3.442200211862187 7.407500000000002
2.439346167526257 3.443943980966475 8.148249999999999
2.440581279509815 3.445687750070761 8.889000000000001
2.44305150347693 3.449175288279335 10.3705
2.445521727444045 3.452662826487908 11.852
2.44799195141116 3.456150364696482 13.3335
2.450462175378275 3.459637902905056 14.815
2.452932399345391 3.46312544111363 16.2965
2.455402623312505 3.466612979322203 17.778
2.457872847279621 3.470100517530777 19.2595
2.460343071246736 3.473588055739351 20.741
2.462813295213851 3.477075593947924 22.2225
2.465283519180967 3.480563132156498 23.704
2.467753743148082 3.484050670365071 25.1855
2.963758345373642 4.332703579840084 0.7407499999999999
2.965266619340753 4.334908518048653 1.4815
2.966774893307864 4.337113456257224 2.22225
2.968283167274975 4.339318394465794 2.963
2.969791441242086 4.341523332674363 3.703750000000001
2.971299715209198 4.343728270882934 4.444500000000001
2.972807989176309 4.345933209091504 5.185250000000001
2.97431626314342 4.348138147300074 5.925999999999999
2.975824537110531 4.350343085508643 6.66675
2.977332811077643 4.352548023717214 7.407500000000002
2.978841085044754 4.354752961925784 8.148249999999999
2.980349359011865 4.356957900134354 8.889000000000001
2.983365906946088 4.361367776551494 10.3705
2.986382454880311 4.365777652968633 11.852
2.989399002814533 4.370187529385774 13.3335
2.992415550748756 4.374597405802914 14.815
2.995432098682978 4.379007282220054 16.2965
2.9984486466172 4.383417158637194 17.778
3.001465194551423 4.387827035054334 19.2595
3.004481742485646 4.392236911471474 20.741
3.007498290419869 4.396646787888614 22.2225
3.010514838354091 4.401056664305754 23.704
3.013531386288313 4.405466540722895 25.1855
1.643836746539642 3.620590918256258 0.7407499999999999
1.644673304680374 3.622433458163767 1.4815
1.645509862821107 3.624275998071277 2.22225
1.646346420961839 3.626118537978786 2.963
1.647182979102572 3.627961077886296 3.703750000000001
1.648019537243305 3.629803617793806 4.444500000000001
1.648856095384037 3.631646157701315 5.185250000000001
1.64969265352477 3.633488697608824 5.925999999999999
1.650529211665503 3.635331237516334 6.66675
1.651365769806235 3.637173777423844 7.407500000000002
1.652202327946968 3.639016317331353 8.148249999999999
1.653038886087701 3.640858857238863 8.889000000000001
1.654712002369166 3.644543937053882 10.3705
1.656385118650631 3.648229016868901 11.852
1.658058234932096 3.65191409668392 13.3335
1.659731351213562 3.65559917649894 14.815
1.661404467495027 3.659284256313958 16.2965
1.663077583776492 3.662969336128977 17.778
1.664750700057958 3.666654415943996 19.2595
1.666423816339423 3.670339495759016 20.741
1.668096932620888 3.674024575574035 22.2225
1.669770048902353 3.677709655389054 23.704
1.671443165183819 3.681394735204073 25.1855
2.027518993071682 4.7208728365062 0.7407499999999999
2.028550809353144 4.723275316321216 1.4815
2.029582625634605 4.725677796136232 2.22225
2.030614441916067 4.728080275951248 2.963
2.031646258197528 4.730482755766263 3.703750000000001
2.032678074478989 4.73288523558128 4.444500000000001
2.033709890760451 4.735287715396296 5.185250000000001
2.034741707041912 4.737690195211311 5.925999999999999
2.035773523323374 4.740092675026327 6.66675
2.036805339604835 4.742495154841343 7.407500000000002
2.037837155886296 4.744897634656359 8.148249999999999
2.038868972167758 4.747300114471375 8.889000000000001
2.040932604730681 4.752105074101407 10.3705
2.042996237293603 4.756910033731439 11.852
2.045059869856527 4.76171499336147 13.3335
2.047123502419449 4.766519952991502 14.815
2.049187134982372 4.771324912621534 16.2965
2.051250767545295 4.776129872251565 17.778
2.053314400108218 4.780934831881597 19.2595
2.055378032671141 4.785739791511629 20.741
2.057441665234064 4.790544751141661 22.2225
2.059505297796986 4.795349710771692 23.704
2.061568930359909 4.800154670401724 25.1855
0.8297914106789137 3.740107641320838 0.7407499999999999
0.8302136963840938 3.742011003988177 1.4815
0.8306359820892739 3.743914366655516 2.22225
0.831058267794454 3.745817729322855 2.963
0.831480553499634 3.747721091990194 3.703750000000001
0.8319028392048143 3.749624454657533 4.444500000000001
0.8323251249099943 3.751527817324871 5.185250000000001
0.8327474106151744 3.75343117999221 5.925999999999999
0.8331696963203545 3.755334542659549 6.66675
0.8335919820255346 3.757237905326888 7.407500000000002
0.8340142677307147 3.759141267994227 8.148249999999999
0.834436553435895 3.761044630661566 8.889000000000001
0.8352811248462552 3.764851355996244 10.3705
0.8361256962566153 3.768658081330921 11.852
0.8369702676669756 3.772464806665599 13.3335
0.8378148390773358 3.776271532000277 14.815
0.838659410487696 3.780078257334954 16.2965
0.8395039818980562 3.783884982669632 17.778
0.8403485533084164 3.78769170800431 19.2595
0.8411931247187766 3.791498433338988 20.741
0.8420376961291369 3.795305158673665 22.2225
0.842882267539497 3.799111884008342 23.704
0.8437268389498572 3.802918609343021 25.1855
1.029505571353959 4.959906282636651 0.7407499999999999
1.030029492764318 4.962430407971326 1.4815
1.030553414174676 4.964954533306002 2.22225
1.031077335585034 4.967478658640677 2.963
1.031601256995392 4.970002783975351 3.703750000000001
1.032125178405751 4.972526909310027 4.444500000000001
1.032649099816109 4.975051034644702 5.185250000000001
1.033173021226467 4.977575159979377 5.925999999999999
1.033696942636825 4.980099285314052 6.66675
1.034220864047183 4.982623410648728 7.407500000000002
1.034744785457542 4.985147535983403 8.148249999999999
1.0352687068679 4.987671661318078 8.889000000000001
1.036316549688617 4.992719911987428 10.3705
1.037364392509333 4.997768162656778 11.852
1.03841223533005 5.002816413326128 13.3335
1.039460078150766 5.007864663995479 14.815
1.040507920971483 5.012912914664829 16.2965
1.041555763792199 5.017961165334179 17.778
1.042603606612916 5.023009416003529 19.2595
1.043651449433632 5.02805766667288 20.741
1.044699292254349 5.033105917342231 22.2225
1.045747135075065 5.03815416801158 23.704
1.046794977895781 5.043202418680931 25.1855
$EndNodes
$Elements
16 1569 1 1569
0 5 15 1
1 5
2 1 3 16
2 1 15 224 26
3 26 224 225 25
4 25 225 226 24
5 24 226 23 4
6 15 16 227 224
7 224 227 228 225
8 225 228 229 226
9 226 229 22 23
10 16 17 230 227
11 227 230 231 228
12 228 231 232 229
13 229 232 21 22
14 17 2 18 230
15 230 18 19 231
16 231 19 20 232
17 232 20 3 21
2 2 3 12
18 2 27 233 18
19 18 233 234 19
20 19 234 235 20
21 20 235 33 3
22 27 28 236 233
23 233 236 237 234
24 234 237 238 235
25 235 238 32 33
26 28 5 29 236
27 236 29 30 237
28 237 30 31 238
29 238 31 6 32
2 3 3 12
30 3 33 239 21
31 33 32 240 239
32 32 6 34 240
33 21 239 241 22
34 239 240 242 241
35 240 34 35 242
36 22 241 243 23
37 241 242 244 243
38 242 35 36 244
39 23 243 38 4
40 243 244 37 38
41 244 36 7 37
2 18 3 96
42 1 15 245 51
43 51 245 246 52
44 52 246 247 53
45 53 247 248 54
46 54 248 249 55
47 55 249 250 56
48 56 250 251 57
49 57 251 252 58
50 58 252 253 59
51 59 253 254 60
52 60 254 255 61
53 61 255 256 62
54 62 256 257 63
55 63 257 258 64
56 64 258 259 65
57 65 259 260 66
58 66 260 261 67
59 67 261 262 68
60 68 262 263 69
61 69 263 264 70
62 70 264 265 71
63 71 265 266 72
64 72 266 267 73
65 73 267 39 8
66 15 16 268 245
67 245 268 269 246
68 246 269 270 247
69 247 270 271 248
70 248 271 272 249
71 249 272 273 250
72 250 273 274 251
73 251 274 275 252
74 252 275 276 253
75 253 276 277 254
76 254 277 278 255
77 255 278 279 256
78 256 279 280 257
79 257 280 281 258
80 258 281 282 259
81 259 282 283 260
82 260 283 284 261
83 261 284 285 262
84 262 285 286 263
85 263 286 287 264
86 264 287 288 265
87 265 288 289 266
88 266 289 290 267
89 267 290 40 39
90 16 17 291 268
91 268 291 292 269
92 269 292 293 270
93 270 293 294 271
94 271 294 295 272
95 272 295 296 273
96 273 296 297 274
97 274 297 298 275
98 275 298 299 276
99 276 299 300 277
100 277 300 301 278
101 278 301 302 279
102 279 302 303 280
103 280 303 304 281
104 281 304 305 282
105 282 305 306 283
106 283 306 307 284
107 284 307 308 285
108 285 308 309 286
109 286 309 310 287
110 287 310 311 288
111 288 311 312 289
112 289 312 313 290
113 290 313 41 40
114 17 2 74 291
115 291 74 75 292
116 292 75 76 293
117 293 76 77 294
118 294 77 78 295
119 295 78 79 296
120 296 79 80 297
121 297 80 81 298
122 298 81 82 299
123 299 82 83 300
124 300 83 84 301
125 301 84 85 302
126 302 85 86 303
127 303 86 87 304
128 304 87 88 305
129 305 88 89 306
130 306 89 90 307
131 307 90 91 308
132 308 91 92 309
133 309 92 93 310
134 310 93 94 311
135 311 94 95 312
136 312 95 96 313
137 313 96 9 41
2 30 3 96
138 4 24 452 120
139 120 452 453 121
140 121 453 454 122
141 122 454 455 123
142 123 455 456 124
143 124 456 457 125
144 125 457 458 126
145 126 458 459 127
146 127 459 460 128
147 128 460 461 129
148 129 461 462 130
149 130 462 463 131
150 131 463 464 132
151 132 464 465 133
152 133 465 466 134
153 134 466 467 135
154 135 467 468 136
155 136 468 469 137
156 137 469 470 138
157 138 470 471 139
158 139 471 472 140
159 140 472 473 141
160 141 473 474 142
161 142 474 48 11
162 24 25 475 452
163 452 475 476 453
164 453 476 477 454
165 454 477 478 455
166 455 478 479 456
167 456 479 480 457
168 457 480 481 458
169 458 481 482 459
170 459 482 483 460
171 460 483 484 461
172 461 484 485 462
173 462 485 486 463
174 463 486 487 464
175 464 487 488 465
176 465 488 489 466
177 466 489 490 467
178 467 490 491 468
179 468 491 492 469
180 469 492 493 470
181 470 493 494 471
182 471 494 495 472
183 472 495 496 473
184 473 496 497 474
185 474 497 49 48
186 25 26 498 475
187 475 498 499 476
188 476 499 500 477
189 477 500 501 478
190 478 501 502 479
191 479 502 503 480
192 480 503 504 481
193 481 504 505 482
194 482 505 506 483
195 483 506 507 484
196 484 507 508 485
197 485 508 509 486
198 486 509 510 487
199 487 510 511 488
200 488 511 512 489
201 489 512 513 490
202 490 513 514 491
203 491 514 515 492
204 492 515 516 493
205 493 516 517 494
206 494 517 518 495
207 495 518 519 496
208 496 519 520 497
209 497 520 50 49
210 26 1 51 498
211 498 51 52 499
212 499 52 53 500
213 500 53 54 501
214 501 54 55 502
215 502 55 56 503
216 503 56 57 504
217 504 57 58 505
218 505 58 59 506
219 506 59 60 507
220 507 60 61 508
221 508 61 62 509
222 509 62 63 510
223 510 63 64 511
224 511 64 65 512
225 512 65 66 513
226 513 66 67 514
227 514 67 68 515
228 515 68 69 516
229 516 69 70 517
230 517 70 71 518
231 518 71 72 519
232 519 72 73 520
233 520 73 8 50
2 31 3 16
234 8 39 521 50
235 50 521 522 49
236 49 522 523 48
237 48 523 47 11
238 39 40 524 521
239 521 524 525 522
240 522 525 526 523
241 523 526 46 47
242 40 41 527 524
243 524 527 528 525
244 525 528 529 526
245 526 529 45 46
246 41 9 42 527
247 527 42 43 528
248 528 43 44 529
249 529 44 10 45
2 40 3 72
250 2 27 530 74
251 74 530 531 75
252 75 531 532 76
253 76 532 533 77
254 77 533 534 78
255 78 534 535 79
256 79 535 536 80
257 80 536 537 81
258 81 537 538 82
259 82 538 539 83
260 83 539 540 84
261 84 540 541 85
262 85 541 542 86
263 86 542 543 87
264 87 543 544 88
265 88 544 545 89
266 89 545 546 90
267 90 546 547 91
268 91 547 548 92
269 92 548 549 93
270 93 549 550 94
271 94 550 551 95
272 95 551 552 96
273 96 552 143 9
274 27 28 553 530
275 530 553 554 531
276 531 554 555 532
277 532 555 556 533
278 533 556 557 534
279 534 557 558 535
280 535 558 559 536
281 536 559 560 537
282 537 560 561 538
283 538 561 562 539
284 539 562 563 540
285 540 563 564 541
286 541 564 565 542
287 542 565 566 543
288 543 566 567 544
289 544 567 568 545
290 545 568 569 546
291 546 569 570 547
292 547 570 571 548
293 548 571 572 549
294 549 572 573 550
295 550 573 574 551
296 551 574 575 552
297 552 575 144 143
298 28 5 150 553
299 553 150 151 554
300 554 151 152 555
301 555 152 153 556
302 556 153 154 557
303 557 154 155 558
304 558 155 156 559
305 559 156 157 560
306 560 157 158 561
307 561 158 159 562
308 562 159 160 563
309 563 160 161 564
310 564 161 162 565
311 565 162 163 566
312 566 163 164 567
313 567 164 165 568
314 568 165 166 569
315 569 166 167 570
316 570 167 168 571
317 571 168 169 572
318 572 169 170 573
319 573 170 171 574
320 574 171 172 575
321 575 172 12 144
2 44 3 96
322 5 29 576 150
323 150 576 577 151
324 151 577 578 152
325 152 578 579 153
326 153 579 580 154
327 154 580 581 155
328 155 581 582 156
329 156 582 583 157
330 157 583 584 158
331 158 584 585 159
332 159 585 586 160
333 160 586 587 161
334 161 587 588 162
335 162 588 589 163
336 163 589 590 164
337 164 590 591 165
338 165 591 592 166
339 166 592 593 167
340 167 593 594 168
341 168 594 595 169
342 169 595 596 170
343 170 596 597 171
344 171 597 598 172
345 172 598 145 12
346 29 30 599 576
347 576 599 600 577
348 577 600 601 578
349 578 601 602 579
350 579 602 603 580
351 580 603 604 581
352 581 604 605 582
353 582 605 606 583
354 583 606 607 584
355 584 607 608 585
356 585 608 609 586
357 586 609 610 587
358 587 610 611 588
359 588 611 612 589
360 589 612 613 590
361 590 613 614 591
362 591 614 615 592
363 592 615 616 593
364 593 616 617 594
365 594 617 618 595
366 595 618 619 596
367 596 619 620 597
368 597 620 621 598
369 598 621 146 145
370 30 31 622 599
371 599 622 623 600
372 600 623 624 601
373 601 624 625 602
374 602 625 626 603
375 603 626 627 604
376 604 627 628 605
377 605 628 629 606
378 606 629 630 607
379 607 630 631 608
380 608 631 632 609
381 609 632 633 610
382 610 633 634 611
383 611 634 635 612
384 612 635 636 613
385 613 636 637 614
386 614 637 638 615
387 615 638 639 616
388 616 639 640 617
389 617 640 641 618
390 618 641 642 619
391 619 642 643 620
392 620 643 644 621
393 621 644 147 146
394 31 6 173 622
395 622 173 174 623
396 623 174 175 624
397 624 175 176 625
398 625 176 177 626
399 626 177 178 627
400 627 178 179 628
401 628 179 180 629
402 629 180 181 630
403 630 181 182 631
404 631 182 183 632
405 632 183 184 633
406 633 184 185 634
407 634 185 186 635
408 635 186 187 636
409 636 187 188 637
410 637 188 189 638
411 638 189 190 639
412 639 190 191 640
413 640 191 192 641
414 641 192 193 642
415 642 193 194 643
416 643 194 195 644
417 644 195 13 147
2 53 3 12
418 9 143 691 42
419 42 691 692 43
420 43 692 693 44
421 44 693 149 10
422 143 144 694 691
423 691 694 695 692
424 692 695 696 693
425 693 696 148 149
426 144 12 145 694
427 694 145 146 695
428 695 146 147 696
429 696 147 13 148
2 70 3 96
430 6 34 697 173
431 173 697 698 174
432 174 698 699 175
433 175 699 700 176
434 176 700 701 177
435 177 701 702 178
436 178 702 703 179
437 179 703 704 180
438 180 704 705 181
439 181 705 706 182
440 182 706 707 183
441 183 707 708 184
442 184 708 709 185
443 185 709 710 186
444 186 710 711 187
445 187 711 712 188
446 188 712 713 189
447 189 713 714 190
448 190 714 715 191
449 191 715 716 192
450 192 716 717 193
451 193 717 718 194
452 194 718 719 195
453 195 719 196 13
454 34 35 720 697
455 697 720 721 698
456 698 721 722 699
457 699 722 723 700
458 700 723 724 701
459 701 724 725 702
460 702 725 726 703
461 703 726 727 704
462 704 727 728 705
463 705 728 729 706
464 706 729 730 707
465 707 730 731 708
466 708 731 732 709
467 709 732 733 710
468 710 733 734 711
469 711 734 735 712
470 712 735 736 713
471 713 736 737 714
472 714 737 738 715
473 715 738 739 716
474 716 739 740 717
475 717 740 741 718
476 718 741 742 719
477 719 742 197 196
478 35 36 743 720
479 720 743 744 721
480 721 744 745 722
481 722 745 746 723
482 723 746 747 724
483 724 747 748 725
484 725 748 749 726
485 726 749 750 727
486 727 750 751 728
487 728 751 752 729
488 729 752 753 730
489 730 753 754 731
490 731 754 755 732
491 732 755 756 733
492 733 756 757 734
493 734 757 758 735
494 735 758 759 736
495 736 759 760 737
496 737 760 761 738
497 738 761 762 739
498 739 762 763 740
499 740 763 764 741
500 741 764 765 742
501 742 765 198 197
502 36 7 201 743
503 743 201 202 744
504 744 202 203 745
505 745 203 204 746
506 746 204 205 747
507 747 205 206 748
508 748 206 207 749
509 749 207 208 750
510 750 208 209 751
511 751 209 210 752
512 752 210 211 753
513 753 211 212 754
514 754 212 213 755
515 755 213 214 756
516 756 214 215 757
517 757 215 216 758
518 758 216 217 759
519 759 217 218 760
520 760 218 219 761
521 761 219 220 762
522 762 220 221 763
523 763 221 222 764
524 764 222 223 765
525 765 223 14 198
2 74 3 72
526 7 37 766 201
527 201 766 767 202
528 202 767 768 203
529 203 768 769 204
530 204 769 770 205
531 205 770 771 206
532 206 771 772 207
533 207 772 773 208
534 208 773 774 209
535 209 774 775 210
536 210 775 776 211
537 211 776 777 212
538 212 777 778 213
539 213 778 779 214
540 214 779 780 215
541 215 780 781 216
542 216 781 782 217
543 217 782 783 218
544 218 783 784 219
545 219 784 785 220
546 220 785 786 221
547 221 786 787 222
548 222 787 788 223
549 223 788 199 14
550 37 38 789 766
551 766 789 790 767
552 767 790 791 768
553 768 791 792 769
554 769 792 793 770
555 770 793 794 771
556 771 794 795 772
557 772 795 796 773
558 773 796 797 774
559 774 797 798 775
560 775 798 799 776
561 776 799 800 777
562 777 800 801 778
563 778 801 802 779
564 779 802 803 780
565 780 803 804 781
566 781 804 805 782
567 782 805 806 783
568 783 806 807 784
569 784 807 808 785
570 785 808 809 786
571 786 809 810 787
572 787 810 811 788
573 788 811 200 199
574 38 4 120 789
575 789 120 121 790
576 790 121 122 791
577 791 122 123 792
578 792 123 124 793
579 793 124 125 794
580 794 125 126 795
581 795 126 127 796
582 796 127 128 797
583 797 128 129 798
584 798 129 130 799
585 799 130 131 800
586 800 131 132 801
587 801 132 133 802
588 802 133 134 803
589 803 134 135 804
590 804 135 136 805
591 805 136 137 806
592 806 137 138 807
593 807 138 139 808
594 808 139 140 809
595 809 140 141 810
596 810 141 142 811
597 811 142 11 200
2 75 3 12
598 10 149 812 45
599 149 148 813 812
600 148 13 196 813
601 45 812 814 46
602 812 813 815 814
603 813 196 197 815
604 46 814 816 47
605 814 815 817 816
606 815 197 198 817
607 47 816 200 11
608 816 817 199 200
609 817 198 14 199
3 1 5 384
610 1 15 224 26 51 245 818 498
611 51 245 818 498 52 246 819 499
612 52 246 819 499 53 247 820 500
613 53 247 820 500 54 248 821 501
614 54 248 821 501 55 249 822 502
615 55 249 822 502 56 250 823 503
616 56 250 823 503 57 251 824 504
617 57 251 824 504 58 252 825 505
618 58 252 825 505 59 253 826 506
619 59 253 826 506 60 254 827 507
620 60 254 827 507 61 255 828 508
621 61 255 828 508 62 256 829 509
622 62 256 829 509 63 257 830 510
623 63 257 830 510 64 258 831 511
624 64 258 831 511 65 259 832 512
625 65 259 832 512 66 260 833 513
626 66 260 833 513 67 261 834 514
627 67 261 834 514 68 262 835 515
628 68 262 835 515 69 263 836 516
629 69 263 836 516 70 264 837 517
630 70 264 837 517 71 265 838 518
631 71 265 838 518 72 266 839 519
632 72 266 839 519 73 267 840 520
633 73 267 840 520 8 39 521 50
634 26 224 225 25 498 818 841 475
635 498 818 841 475 499 819 842 476
636 499 819 842 476 500 820 843 477
637 500 820 843 477 501 821 844 478
638 501 821 844 478 502 822 845 479
639 502 822 845 479 503 823 846 480
640 503 823 846 480 504 824 847 481
641 504 824 847 481 505 825 848 482
642 505 825 848 482 506 826 849 483
643 506 826 849 483 507 827 850 484
644 507 827 850 484 508 828 851 485
645 508 828 851 485 509 829 852 486
646 509 829 852 486 510 830 853 487
647 510 830 853 487 511 831 854 488
648 511 831 854 488 512 832 855 489
649 512 832 855 489 513 833 856 490
650 513 833 856 490 514 834 857 491
651 514 834 857 491 515 835 858 492
652 515 835 858 492 516 836 859 493
653 516 836 859 493 517 837 860 494
654 517 837 860 494 518 838 861 495
655 518 838 861 495 519 839 862 496
656 519 839 862 496 520 840 863 497
657 520 840 863 497 50 521 522 49
658 25 225 226 24 475 841 864 452
659 475 841 864 452 476 842 865 453
660 476 842 865 453 477 843 866 454
661 477 843 866 454 478 844 867 455
662 478 844 867 455 479 845 868 456
663 479 845 868 456 480 846 869 457
664 480 846 869 457 481 847 870 458
665 481 847 870 458 482 848 871 459
666 482 848 871 459 483 849 872 460
667 483 849 872 460 484 850 873 461
668 484 850 873 461 485 851 874 462
669 485 851 874 462 486 852 875 463
670 486 852 875 463 487 853 876 464
671 487 853 876 464 488 854 877 465
672 488 854 877 465 489 855 878 466
673 489 855 878 466 490 856 879 467
674 490 856 879 467 491 857 880 468
675 491 857 880 468 492 858 881 469
676 492 858 881 469 493 859 882 470
677 493 859 882 470 494 860 883 471
678 494 860 883 471 495 861 884 472
679 495 861 884 472 496 862 885 473
680 496 862 885 473 497 863 886 474
681 497 863 886 474 49 522 523 48
682 24 226 23 4 452 864 429 120
683 452 864 429 120 453 865 430 121
684 453 865 430 121 454 866 431 122
685 454 866 431 122 455 867 432 123
686 455 867 432 123 456 868 433 124
687 456 868 433 124 457 869 434 125
688 457 869 434 125 458 870 435 126
689 458 870 435 126 459 871 436 127
690 459 871 436 127 460 872 437 128
691 460 872 437 128 461 873 438 129
692 461 873 438 129 462 874 439 130
693 462 874 439 130 463 875 440 131
694 463 875 440 131 464 876 441 132
695 464 876 441 132 465 877 442 133
696 465 877 442 133 466 878 443 134
697 466 878 443 134 467 879 444 135
698 467 879 444 135 468 880 445 136
699 468 880 445 136 469 881 446 137
700 469 881 446 137 470 882 447 138
701 470 882 447 138 471 883 448 139
702 471 883 448 139 472 884 449 140
703 472 884 449 140 473 885 450 141
704 473 885 450 141 474 886 451 142
705 474 886 451 142 48 523 47 11
706 15 16 227 224 245 268 887 818
707 245 268 887 818 246 269 888 819
708 246 269 888 819 247 270 889 820
709 247 270 889 820 248 271 890 821
710 248 271 890 821 249 272 891 822
711 249 272 891 822 250 273 892 823
712 250 273 892 823 251 274 893 824
713 251 274 893 824 252 275 894 825
714 252 275 894 825 253 276 895 826
715 253 276 895 826 254 277 896 827
716 254 277 896 827 255 278 897 828
717 255 278 897 828 256 279 898 829
718 256 279 898 829 257 280 899 830
719 257 280 899 830 258 281 900 831
720 258 281 900 831 259 282 901 832
721 259 282 901 832 260 283 902 833
722 260 283 902 833 261 284 903 834
723 261 284 903 834 262 285 904 835
724 262 285 904 835 263 286 905 836
725 263 286 905 836 264 287 906 837
726 264 287 906 837 265 288 907 838
727 265 288 907 838 266 289 908 839
728 266 289 908 839 267 290 909 840
729 267 290 909 840 39 40 524 521
730 224 227 228 225 818 887 910 841
731 818 887 910 841 819 888 911 842
732 819 888 911 842 820 889 912 843
733 820 889 912 843 821 890 913 844
734 821 890 913 844 822 891 914 845
735 822 891 914 845 823 892 915 846
736 823 892 915 846 824 893 916 847
737 824 893 916 847 825 894 917 848
738 825 894 917 848 826 895 918 849
739 826 895 918 849 827 896 919 850
740 827 896 919 850 828 897 920 851
741 828 897 920 851 829 898 921 852
742 829 898 921 852 830 899 922 853
743 830 899 922 853 831 900 923 854
744 831 900 923 854 832 901 924 855
745 832 901 924 855 833 902 925 856
746 833 902 925 856 834 903 926 857
747 834 903 926 857 835 904 927 858
748 835 904 927 858 836 905 928 859
749 836 905 928 859 837 906 929 860
750 837 906 929 860 838 907 930 861
751 838 907 930 861 839 908 931 862
752 839 908 931 862 840 909 932 863
753 840 909 932 863 521 524 525 522
754 225 228 229 226 841 910 933 864
755 841 910 933 864 842 911 934 865
756 842 911 934 865 843 912 935 866
757 843 912 935 866 844 913 936 867
758 844 913 936 867 845 914 937 868
759 845 914 937 868 846 915 938 869
760 846 915 938 869 847 916 939 870
761 847 916 939 870 848 917 940 871
762 848 917 940 871 849 918 941 872
763 849 918 941 872 850 919 942 873
764 850 919 942 873 851 920 943 874
765 851 920 943 874 852 921 944 875
766 852 921 944 875 853 922 945 876
767 853 922 945 876 854 923 946 877
768 854 923 946 877 855 924 947 878
769 855 924 947 878 856 925 948 879
770 856 925 948 879 857 926 949 880
771 857 926 949 880 858 927 950 881
772 858 927 950 881 859 928 951 882
773 859 928 951 882 860 929 952 883
774 860 929 952 883 861 930 953 884
775 861 930 953 884 862 931 954 885
776 862 931 954 885 863 932 955 886
777 863 932 955 886 522 525 526 523
778 226 229 22 23 864 933 406 429
779 864 933 406 429 865 934 407 430
780 865 934 407 430 866 935 408 431
781 866 935 408 431 867 936 409 432
782 867 936 409 432 868 937 410 433
783 868 937 410 433 869 938 411 434
784 869 938 411 434 870 939 412 435
785 870 939 412 435 871 940 413 436
786 871 940 413 436 872 941 414 437
787 872 941 414 437 873 942 415 438
788 873 942 415 438 874 943 416 439
789 874 943 416 439 875 944 417 440
790 875 944 417 440 876 945 418 441
791 876 945 418 441 877 946 419 442
792 877 946 419 442 878 947 420 443
793 878 947 420 443 879 948 421 444
794 879 948 421 444 880 949 422 445
795 880 949 422 445 881 950 423 446
796 881 950 423 446 882 951 424 447
797 882 951 424 447 883 952 425 448
798 883 952 425 448 884 953 426 449
799 884 953 426 449 885 954 427 450
800 885 954 427 450 886 955 428 451
801 886 955 428 451 523 526 46 47
802 16 17 230 227 268 291 956 887
803 268 291 956 887 269 292 957 888
804 269 292 957 888 270 293 958 889
805 270 293 958 889 271 294 959 890
806 271 294 959 890 272 295 960 891
807 272 295 960 891 273 296 961 892
808 273 296 961 892 274 297 962 893
809 274 297 962 893 275 298 963 894
810 275 298 963 894 276 299 964 895
811 276 299 964 895 277 300 965 896
812 277 300 965 896 278 301 966 897
813 278 301 966 897 279 302 967 898
814 279 302 967 898 280 303 968 899
815 280 303 968 899 281 304 969 900
816 281 304 969 900 282 305 970 901
817 282 305 970 901 283 306 971 902
818 283 306 971 902 284 307 972 903
819 284 307 972 903 285 308 973 904
820 285 308 973 904 286 309 974 905
821 286 309 974 905 287 310 975 906
822 287 310 975 906 288 311 976 907
823 288 311 976 907 289 312 977 908
824 289 312 977 908 290 313 978 909
825 290 313 978 909 40 41 527 524
826 227 230 231 228 887 956 979 910
827 887 956 979 910 888 957 980 911
828 888 957 980 911 889 958 981 912
829 889 958 981 912 890 959 982 913
830 890 959 982 913 891 960 983 914
831 891 960 983 914 892 961 984 915
832 892 961 984 915 893 962 985 916
833 893 962 985 916 894 963 986 917
834 894 963 986 917 895 964 987 918
835 895 964 987 918 896 965 988 919
836 896 965 988 919 897 966 989 920
837 897 966 989 920 898 967 990 921
838 898 967 990 921 899 968 991 922
839 899 968 991 922 900 969 992 923
840 900 969 992 923 901 970 993 924
841 901 970 993 924 902 971 994 925
842 902 971 994 925 903 972 995 926
843 903 972 995 926 904 973 996 927
844 904 973 996 927 905 974 997 928
845 905 974 997 928 906 975 998 929
846 906 975 998 929 907 976 999 930
847 907 976 999 930 908 977 1000 931
848 908 977 1000 931 909 978 1001 932
849 909 978 1001 932 524 527 528 525
850 228 231 232 229 910 979 1002 933
851 910 979 1002 933 911 980 1003 934
852 911 980 1003 934 912 981 1004 935
853 912 981 1004 935 913 982 1005 936
854 913 982 1005 936 914 983 1006 937
855 914 983 1006 937 915 984 1007 938
856 915 984 1007 938 916 985 1008 939
857 916 985 1008 939 917 986 1009 940
858 917 986 1009 940 918 987 1010 941
859 918 987 1010 941 919 988 1011 942
860 919 988 1011 942 920 989 1012 943
861 920 989 1012 943 921 990 1013 944
862 921 990 1013 944 922 991 1014 945
863 922 991 1014 945 923 992 1015 946
864 923 992 1015 946 924 993 1016 947
865 924 993 1016 947 925 994 1017 948
866 925 994 1017 948 926 995 1018 949
867 926 995 1018 949 927 996 1019 950
868 927 996 1019 950 928 997 1020 951
869 928 997 1020 951 929 998 1021 952
870 929 998 1021 952 930 999 1022 953
871 930 999 1022 953 931 1000 1023 954
872 931 1000 1023 954 932 1001 1024 955
873 932 1001 1024 955 525 528 529 526
874 229 232 21 22 933 1002 383 406
875 933 1002 383 406 934 1003 384 407
876 934 1003 384 407 935 1004 385 408
877 935 1004 385 408 936 1005 386 409
878 936 1005 386 409 937 1006 387 410
879 937 1006 387 410 938 1007 388 411
880 938 1007 388 411 939 1008 389 412
881 939 1008 389 412 940 1009 390 413
882 940 1009 390 413 941 1010 391 414
883 941 1010 391 414 942 1011 392 415
884 942 1011 392 415 943 1012 393 416
885 943 1012 393 416 944 1013 394 417
886 944 1013 394 417 945 1014 395 418
887 945 1014 395 418 946 1015 396 419
888 946 1015 396 419 947 1016 397 420
889 947 1016 397 420 948 1017 398 421
890 948 1017 398 421 949 1018 399 422
891 949 1018 399 422 950 1019 400 423
892 950 1019 400 423 951 1020 401 424
893 951 1020 401 424 952 1021 402 425
894 952 1021 402 425 953 1022 403 426
895 953 1022 403 426 954 1023 404 427
896 954 1023 404 427 955 1024 405 428
897 955 1024 405 428 526 529 45 46
898 17 2 18 230 291 74 314 956
899 291 74 314 956 292 75 315 957
900 292 75 315 957 293 76 316 958
901 293 76 316 958 294 77 317 959
902 294 77 317 959 295 78 318 960
903 295 78 318 960 296 79 319 961
904 296 79 319 961 297 80 320 962
905 297 80 320 962 298 81 321 963
906 298 81 321 963 299 82 322 964
907 299 82 322 964 300 83 323 965
908 300 83 323 965 301 84 324 966
909 301 84 324 966 302 85 325 967
910 302 85 325 967 303 86 326 968
911 303 86 326 968 304 87 327 969
912 304 87 327 969 305 88 328 970
913 305 88 328 970 306 89 329 971
914 306 89 329 971 307 90 330 972
915 307 90 330 972 308 91 331 973
916 308 91 331 973 309 92 332 974
917 309 92 332 974 310 93 333 975
918 310 93 333 975 311 94 334 976
919 311 94 334 976 312 95 335 977
920 312 95 335 977 313 96 336 978
921 313 96 336 978 41 9 42 527
922 230 18 19 231 956 314 337 979
923 956 314 337 979 957 315 338 980
924 957 315 338 980 958 316 339 981
925 958 316 339 981 959 317 340 982
926 959 317 340 982 960 318 341 983
927 960 318 341 983 961 319 342 984
928 961 319 342 984 962 320 343 985
929 962 320 343 985 963 321 344 986
930 963 321 344 986 964 322 345 987
931 964 322 345 987 965 323 346 988
932 965 323 346 988 966 324 347 989
933 966 324 347 989 967 325 348 990
934 967 325 348 990 968 326 349 991
935 968 326 349 991 969 327 350 992
936 969 327 350 992 970 328 351 993
937 970 328 351 993 971 329 352 994
938 971 329 352 994 972 330 353 995
939 972 330 353 995 973 331 354 996
940 973 331 354 996 974 332 355 997
941 974 332 355 997 975 333 356 998
942 975 333 356 998 976 334 357 999
943 976 334 357 999 977 335 358 1000
944 977 335 358 1000 978 336 359 1001
945 978 336 359 1001 527 42 43 528
946 231 19 20 232 979 337 360 1002
947 979 337 360 1002 980 338 361 1003
948 980 338 361 1003 981 339 362 1004
949 981 339 362 1004 982 340 363 1005
950 982 340 363 1005 983 341 364 1006
951 983 341 364 1006 984 342 365 1007
952 984 342 365 1007 985 343 366 1008
953 985 343 366 1008 986 344 367 1009
954 986 344 367 1009 987 345 368 1010
955 987 345 368 1010 988 346 369 1011
956 988 346 369 1011 989 347 370 1012
957 989 347 370 1012 990 348 371 1013
958 990 348 371 1013 991 349 372 1014
959 991 349 372 1014 992 350 373 1015
960 992 350 373 1015 993 351 374 1016
961 993 351 374 1016 994 352 375 1017
962 994 352 375 1017 995 353 376 1018
963 995 353 376 1018 996 354 377 1019
964 996 354 377 1019 997 355 378 1020
965 997 355 378 1020 998 356 379 1021
966 998 356 379 1021 999 357 380 1022
967 999 357 380 1022 1000 358 381 1023
968 1000 358 381 1023 1001 359 382 1024
969 1001 359 382 1024 528 43 44 529
970 232 20 3 21 1002 360 97 383
971 1002 360 97 383 1003 361 98 384
972 1003 361 98 384 1004 362 99 385
973 1004 362 99 385 1005 363 100 386
974 1005 363 100 386 1006 364 101 387
975 1006 364 101 387 1007 365 102 388
976 1007 365 102 388 1008 366 103 389
977 1008 366 103 389 1009 367 104 390
978 1009 367 104 390 1010 368 105 391
979 1010 368 105 391 1011 369 106 392
980 1011 369 106 392 1012 370 107 393
981 1012 370 107 393 1013 371 108 394
982 1013 371 108 394 1014 372 109 395
983 1014 372 109 395 1015 373 110 396
984 1015 373 110 396 1016 374 111 397
985 1016 374 111 397 1017 375 112 398
986 1017 375 112 398 1018 376 113 399
987 1018 376 113 399 1019 377 114 400
988 1019 377 114 400 1020 378 115 401
989 1020 378 115 401 1021 379 116 402
990 1021 379 116 402 1022 380 117 403
991 1022 380 117 403 1023 381 118 404
992 1023 381 118 404 1024 382 119 405
993 1024 382 119 405 529 44 10 45
3 2 5 288
994 2 27 233 18 74 530 1025 314
995 74 530 1025 314 75 531 1026 315
996 75 531 1026 315 76 532 1027 316
997 76 532 1027 316 77 533 1028 317
998 77 533 1028 317 78 534 1029 318
999 78 534 1029 318 79 535 1030 319
1000 79 535 1030 319 80 536 1031 320
1001 80 536 1031 320 81 537 1032 321
1002 81 537 1032 321 82 538 1033 322
1003 82 538 1033 322 83 539 1034 323
1004 83 539 1034 323 84 540 1035 324
1005 84 540 1035 324 85 541 1036 325
1006 85 541 1036 325 86 542 1037 326
1007 86 542 1037 326 87 543 1038 327
1008 87 543 1038 327 88 544 1039 328
1009 88 544 1039 328 89 545 1040 329
1010 89 545 1040 329 90 546 1041 330
1011 90 546 1041 330 91 547 1042 331
1012 91 547 1042 331 92 548 1043 332
1013 92 548 1043 332 93 549 1044 333
1014 93 549 1044 333 94 550 1045 334
1015 94 550 1045 334 95 551 1046 335
1016 95 551 1046 335 96 552 1047 336
1017 96 552 1047 336 9 143 691 42
1018 18 233 234 19 314 1025 1048 337
1019 314 1025 1048 337 315 1026 1049 338
1020 315 1026 1049 338 316 1027 1050 339
1021 316 1027 1050 339 317 1028 1051 340
1022 317 1028 1051 340 318 1029 1052 341
1023 318 1029 1052 341 319 1030 1053 342
1024 319 1030 1053 342 320 1031 1054 343
1025 320 1031 1054 343 321 1032 1055 344
1026 321 1032 1055 344 322 1033 1056 345
1027 322 1033 1056 345 323 1034 1057 346
1028 323 1034 1057 346 324 1035 1058 347
1029 324 1035 1058 347 325 1036 1059 348
1030 325 1036 1059 348 326 1037 1060 349
1031 326 1037 1060 349 327 1038 1061 350
1032 327 1038 1061 350 328 1039 1062 351
1033 328 1039 1062 351 329 1040 1063 352
1034 329 1040 1063 352 330 1041 1064 353
1035 330 1041 1064 353 331 1042 1065 354
1036 331 1042 1065 354 332 1043 1066 355
1037 332 1043 1066 355 333 1044 1067 356
1038 333 1044 1067 356 334 1045 1068 357
1039 334 1045 1068 357 335 1046 1069 358
1040 335 1046 1069 358 336 1047 1070 359
1041 336 1047 1070 359 42 691 692 43
1042 19 234 235 20 337 1048 1071 360
1043 337 1048 1071 360 338 1049 1072 361
1044 338 1049 1072 361 339 1050 1073 362
1045 339 1050 1073 362 340 1051 1074 363
1046 340 1051 1074 363 341 1052 1075 364
1047 341 1052 1075 364 342 1053 1076 365
1048 342 1053 1076 365 343 1054 1077 366
1049 343 1054 1077 366 344 1055 1078 367
1050 344 1055 1078 367 345 1056 1079 368
1051 345 1056 1079 368 346 1057 1080 369
1052 346 1057 1080 369 347 1058 1081 370
1053 347 1058 1081 370 348 1059 1082 371
1054 348 1059 1082 371 349 1060 1083 372
1055 349 1060 1083 372 350 1061 1084 373
1056 350 1061 1084 373 351 1062 1085 374
1057 351 1062 1085 374 352 1063 1086 375
1058 352 1063 1086 375 353 1064 1087 376
1059 353 1064 1087 376 354 1065 1088 377
1060 354 1065 1088 377 355 1066 1089 378
1061 355 1066 1089 378 356 1067 1090 379
1062 356 1067 1090 379 357 1068 1091 380
1063 357 1068 1091 380 358 1069 1092 381
1064 358 1069 1092 381 359 1070 1093 382
1065 359 1070 1093 382 43 692 693 44
1066 20 235 33 3 360 1071 668 97
1067 360 1071 668 97 361 1072 669 98
1068 361 1072 669 98 362 1073 670 99
1069 362 1073 670 99 363 1074 671 100
1070 363 1074 671 100 364 1075 672 101
1071 364 1075 672 101 365 1076 673 102
1072 365 1076 673 102 366 1077 674 103
1073 366 1077 674 103 367 1078 675 104
1074 367 1078 675 104 368 1079 676 105
1075 368 1079 676 105 369 1080 677 106
1076 369 1080 677 106 370 1081 678 107
1077 370 1081 678 107 371 1082 679 108
1078 371 1082 679 108 372 1083 680 109
1079 372 1083 680 109 373 1084 681 110
1080 373 1084 681 110 374 1085 682 111
1081 374 1085 682 111 375 1086 683 112
1082 375 1086 683 112 376 1087 684 113
1083 376 1087 684 113 377 1088 685 114
1084 377 1088 685 114 378 1089 686 115
1085 378 1089 686 115 379 1090 687 116
1086 379 1090 687 116 380 1091 688 117
1087 380 1091 688 117 381 1092 689 118
1088 381 1092 689 118 382 1093 690 119
1089 382 1093 690 119 44 693 149 10
1090 27 28 236 233 530 553 1094 1025
1091 530 553 1094 1025 531 554 1095 1026
1092 531 554 1095 1026 532 555 1096 1027
1093 532 555 1096 1027 533 556 1097 1028
1094 533 556 1097 1028 534 557 1098 1029
1095 534 557 1098 1029 535 558 1099 1030
1096 535 558 1099 1030 536 559 1100 1031
1097 536 559 1100 1031 537 560 1101 1032
1098 537 560 1101 1032 538 561 1102 1033
1099 538 561 1102 1033 539 562 1103 1034
1100 539 562 1103 1034 540 563 1104 1035
1101 540 563 1104 1035 541 564 1105 1036
1102 541 564 1105 1036 542 565 1106 1037
1103 542 565 1106 1037 543 566 1107 1038
1104 543 566 1107 1038 544 567 1108 1039
1105 544 567 1108 1039 545 568 1109 1040
1106 545 568 1109 1040 546 569 1110 1041
1107 546 569 1110 1041 547 570 1111 1042
1108 547 570 1111 1042 548 571 1112 1043
1109 548 571 1112 1043 549 572 1113 1044
1110 549 572 1113 1044 550 573 1114 1045
1111 550 573 1114 1045 551 574 1115 1046
1112 551 574 1115 1046 552 575 1116 1047
1113 552 575 1116 1047 143 144 694 691
1114 233 236 237 234 1025 1094 1117 1048
1115 1025 1094 1117 1048 1026 1095 1118 1049
1116 1026 1095 1118 1049 1027 1096 1119 1050
1117 1027 1096 1119 1050 1028 1097 1120 1051
1118 1028 1097 1120 1051 1029 1098 1121 1052
1119 1029 1098 1121 1052 1030 1099 1122 1053
1120 1030 1099 1122 1053 1031 1100 1123 1054
1121 1031 1100 1123 1054 1032 1101 1124 1055
1122 1032 1101 1124 1055 1033 1102 1125 1056
1123 1033 1102 1125 1056 1034 1103 1126 1057
1124 1034 1103 1126 1057 1035 1104 1127 1058
1125 1035 1104 1127 1058 1036 1105 1128 1059
1126 1036 1105 1128 1059 1037 1106 1129 1060
1127 1037 1106 1129 1060 1038 1107 1130 1061
1128 1038 1107 1130 1061 1039 1108 1131 1062
1129 1039 1108 1131 1062 1040 1109 1132 1063
1130 1040 1109 1132 1063 1041 1110 1133 1064
1131 1041 1110 1133 1064 1042 1111 1134 1065
1132 1042 1111 1134 1065 1043 1112 1135 1066
1133 1043 1112 1135 1066 1044 1113 1136 1067
1134 1044 1113 1136 1067 1045 1114 1137 1068
1135 1045 1114 1137 1068 1046 1115 1138 1069
1136 1046 1115 1138 1069 1047 1116 1139 1070
1137 1047 1116 1139 1070 691 694 695 692
1138 234 237 238 235 1048 1117 1140 1071
1139 1048 1117 1140 1071 1049 1118 1141 1072
1140 1049 1118 1141 1072 1050 1119 1142 1073
1141 1050 1119 1142 1073 1051 1120 1143 1074
1142 1051 1120 1143 1074 1052 1121 1144 1075
1143 1052 1121 1144 1075 1053 1122 1145 1076
1144 1053 1122 1145 1076 1054 1123 1146 1077
1145 1054 1123 1146 1077 1055 1124 1147 1078
1146 1055 1124 1147 1078 1056 1125 1148 1079
1147 1056 1125 1148 1079 1057 1126 1149 1080
1148 1057 1126 1149 1080 1058 1127 1150 1081
1149 1058 1127 1150 1081 1059 1128 1151 1082
1150 1059 1128 1151 1082 1060 1129 1152 1083
1151 1060 1129 1152 1083 1061 1130 1153 1084
1152 1061 1130 1153 1084 1062 1131 1154 1085
1153 1062 1131 1154 1085 1063 1132 1155 1086
1154 1063 1132 1155 1086 1064 1133 1156 1087
1155 1064 1133 1156 1087 1065 1134 1157 1088
1156 1065 1134 1157 1088 1066 1135 1158 1089
1157 1066 1135 1158 1089 1067 1136 1159 1090
1158 1067 1136 1159 1090 1068 1137 1160 1091
1159 1068 1137 1160 1091 1069 1138 1161 1092
1160 1069 1138 1161 1092 1070 1139 1162 1093
1161 1070 1139 1162 1093 692 695 696 693
1162 235 238 32 33 1071 1140 645 668
1163 1071 1140 645 668 1072 1141 646 669
1164 1072 1141 646 669 1073 1142 647 670
1165 1073 1142 647 670 1074 1143 648 671
1166 1074 1143 648 671 1075 1144 649 672
1167 1075 1144 649 672 1076 1145 650 673
1168 1076 1145 650 673 1077 1146 651 674
1169 1077 1146 651 674 1078 1147 652 675
1170 1078 1147 652 675 1079 1148 653 676
1171 1079 1148 653 676 1080 1149 654 677
1172 1080 1149 654 677 1081 1150 655 678
1173 1081 1150 655 678 1082 1151 656 679
1174 1082 1151 656 679 1083 1152 657 680
1175 1083 1152 657 680 1084 1153 658 681
1176 1084 1153 658 681 1085 1154 659 682
1177 1085 1154 659 682 1086 1155 660 683
1178 1086 1155 660 683 1087 1156 661 684
1179 1087 1156 661 684 1088 1157 662 685
1180 1088 1157 662 685 1089 1158 663 686
1181 1089 1158 663 686 1090 1159 664 687
1182 1090 1159 664 687 1091 1160 665 688
1183 1091 1160 665 688 1092 1161 666 689
1184 1092 1161 666 689 1093 1162 667 690
1185 1093 1162 667 690 693 696 148 149
1186 28 5 29 236 553 150 576 1094
1187 553 150 576 1094 554 151 577 1095
1188 554 151 577 1095 555 152 578 1096
1189 555 152 578 1096 556 153 579 1097
1190 556 153 579 1097 557 154 580 1098
1191 557 154 580 1098 558 155 581 1099
1192 558 155 581 1099 559 156 582 1100
1193 559 156 582 1100 560 157 583 1101
1194 560 157 583 1101 561 158 584 1102
1195 561 158 584 1102 562 159 585 1103
1196 562 159 585 1103 563 160 586 1104
1197 563 160 586 1104 564 161 587 1105
1198 564 161 587 1105 565 162 588 1106
1199 565 162 588 1106 566 163 589 1107
1200 566 163 589 1107 567 164 590 1108
1201 567 164 590 1108 568 165 591 1109
1202 568 165 591 1109 569 166 592 1110
1203 569 166 592 1110 570 167 593 1111
1204 570 167 593 1111 571 168 594 1112
1205 571 168 594 1112 572 169 595 1113
1206 572 169 595 1113 573 170 596 1114
1207 573 170 596 1114 574 171 597 1115
1208 574 171 597 1115 575 172 598 1116
1209 575 172 598 1116 144 12 145 694
1210 236 29 30 237 1094 576 599 1117
1211 1094 576 599 1117 1095 577 600 1118
1212 1095 577 600 1118 1096 578 601 1119
1213 1096 578 601 1119 1097 579 602 1120
1214 1097 579 602 1120 1098 580 603 1121
1215 1098 580 603 1121 1099 581 604 1122
1216 1099 581 604 1122 1100 582 605 1123
1217 1100 582 605 1123 1101 583 606 1124
1218 1101 583 606 1124 1102 584 607 1125
1219 1102 584 607 1125 1103 585 608 1126
1220 1103 585 608 1126 1104 586 609 1127
1221 1104 586 609 1127 1105 587 610 1128
1222 1105 587 610 1128 1106 588 611 1129
1223 1106 588 611 1129 1107 589 612 1130
1224 1107 589 612 1130 1108 590 613 1131
1225 1108 590 613 1131 1109 591 614 1132
1226 1109 591 614 1132 1110 592 615 1133
1227 1110 592 615 1133 1111 593 616 1134
1228 1111 593 616 1134 1112 594 617 1135
1229 1112 594 617 1135 1113 595 618 1136
1230 1113 595 618 1136 1114 596 619 1137
1231 1114 596 619 1137 1115 597 620 1138
1232 1115 597 620 1138 1116 598 621 1139
1233 1116 598 621 1139 694 145 146 695
1234 237 30 31 238 1117 599 622 1140
1235 1117 599 622 1140 1118 600 623 1141
1236 1118 600 623 1141 1119 601 624 1142
1237 1119 601 624 1142 1120 602 625 1143
1238 1120 602 625 1143 1121 603 626 1144
1239 1121 603 626 1144 1122 604 627 1145
1240 1122 604 627 1145 1123 605 628 1146
1241 1123 605 628 1146 1124 606 629 1147
1242 1124 606 629 1147 1125 607 630 1148
1243 1125 607 630 1148 1126 608 631 1149
1244 1126 608 631 1149 1127 609 632 1150
1245 1127 609 632 1150 1128 610 633 1151
1246 1128 610 633 1151 1129 611 634 1152
1247 1129 611 634 1152 1130 612 635 1153
1248 1130 612 635 1153 1131 613 636 1154
1249 1131 613 636 1154 1132 614 637 1155
1250 1132 614 637 1155 1133 615 638 1156
1251 1133 615 638 1156 1134 616 639 1157
1252 1134 616 639 1157 1135 617 640 1158
1253 1135 617 640 1158 1136 618 641 1159
1254 1136 618 641 1159 1137 619 642 1160
1255 1137 619 642 1160 1138 620 643 1161
1256 1138 620 643 1161 1139 621 644 1162
1257 1139 621 644 1162 695 146 147 696
1258 238 31 6 32 1140 622 173 645
1259 1140 622 173 645 1141 623 174 646
1260 1141 623 174 646 1142 624 175 647
1261 1142 624 175 647 1143 625 176 648
1262 1143 625 176 648 1144 626 177 649
1263 1144 626 177 649 1145 627 178 650
1264 1145 627 178 650 1146 628 179 651
1265 1146 628 179 651 1147 629 180 652
1266 1147 629 180 652 1148 630 181 653
1267 1148 630 181 653 1149 631 182 654
1268 1149 631 182 654 1150 632 183 655
1269 1150 632 183 655 1151 633 184 656
1270 1151 633 184 656 1152 634 185 657
1271 1152 634 185 657 1153 635 186 658
1272 1153 635 186 658 1154 636 187 659
1273 1154 636 187 659 1155 637 188 660
1274 1155 637 188 660 1156 638 189 661
1275 1156 638 189 661 1157 639 190 662
1276 1157 639 190 662 1158 640 191 663
1277 1158 640 191 663 1159 641 192 664
1278 1159 641 192 664 1160 642 193 665
1279 1160 642 193 665 1161 643 194 666
1280 1161 643 194 666 1162 644 195 667
1281 1162 644 195 667 696 147 13 148
3 3 5 288
1282 239 21 3 33 1163 383 97 668
1283 1163 383 97 668 1164 384 98 669
1284 1164 384 98 669 1165 385 99 670
1285 1165 385 99 670 1166 386 100 671
1286 1166 386 100 671 1167 387 101 672
1287 1167 387 101 672 1168 388 102 673
1288 1168 388 102 673 1169 389 103 674
1289 1169 389 103 674 1170 390 104 675
1290 1170 390 104 675 1171 391 105 676
1291 1171 391 105 676 1172 392 106 677
1292 1172 392 106 677 1173 393 107 678
1293 1173 393 107 678 1174 394 108 679
1294 1174 394 108 679 1175 395 109 680
1295 1175 395 109 680 1176 396 110 681
1296 1176 396 110 681 1177 397 111 682
1297 1177 397 111 682 1178 398 112 683
1298 1178 398 112 683 1179 399 113 684
1299 1179 399 113 684 1180 400 114 685
1300 1180 400 114 685 1181 401 115 686
1301 1181 401 115 686 1182 402 116 687
1302 1182 402 116 687 1183 403 117 688
1303 1183 403 117 688 1184 404 118 689
1304 1184 404 118 689 1185 405 119 690
1305 1185 405 119 690 812 45 10 149
1306 240 239 33 32 1186 1163 668 645
1307 1186 1163 668 645 1187 1164 669 646
1308 1187 1164 669 646 1188 1165 670 647
1309 1188 1165 670 647 1189 1166 671 648
1310 1189 1166 671 648 1190 1167 672 649
1311 1190 1167 672 649 1191 1168 673 650
1312 1191 1168 673 650 1192 1169 674 651
1313 1192 1169 674 651 1193 1170 675 652
1314 1193 1170 675 652 1194 1171 676 653
1315 1194 1171 676 653 1195 1172 677 654
1316 1195 1172 677 654 1196 1173 678 655
1317 1196 1173 678 655 1197 1174 679 656
1318 1197 1174 679 656 1198 1175 680 657
1319 1198 1175 680 657 1199 1176 681 658
1320 1199 1176 681 658 1200 1177 682 659
1321 1200 1177 682 659 1201 1178 683 660
1322 1201 1178 683 660 1202 1179 684 661
1323 1202 1179 684 661 1203 1180 685 662
1324 1203 1180 685 662 1204 1181 686 663
1325 1204 1181 686 663 1205 1182 687 664
1326 1205 1182 687 664 1206 1183 688 665
1327 1206 1183 688 665 1207 1184 689 666
1328 1207 1184 689 666 1208 1185 690 667
1329 1208 1185 690 667 813 812 149 148
1330 34 240 32 6 697 1186 645 173
1331 697 1186 645 173 698 1187 646 174
1332 698 1187 646 174 699 1188 647 175
1333 699 1188 647 175 700 1189 648 176
1334 700 1189 648 176 701 1190 649 177
1335 701 1190 649 177 702 1191 650 178
1336 702 1191 650 178 703 1192 651 179
1337 703 1192 651 179 704 1193 652 180
1338 704 1193 652 180 705 1194 653 181
1339 705 1194 653 181 706 1195 654 182
1340 706 1195 654 182 707 1196 655 183
1341 707 1196 655 183 708 1197 656 184
1342 708 1197 656 184 709 1198 657 185
1343 709 1198 657 185 710 1199 658 186
1344 710 1199 658 186 711 1200 659 187
1345 711 1200 659 187 712 1201 660 188
1346 712 1201 660 188 713 1202 661 189
1347 713 1202 661 189 714 1203 662 190
1348 714 1203 662 190 715 1204 663 191
1349 715 1204 663 191 716 1205 664 192
1350 716 1205 664 192 717 1206 665 193
1351 717 1206 665 193 718 1207 666 194
1352 718 1207 666 194 719 1208 667 195
1353 719 1208 667 195 196 813 148 13
1354 241 22 21 239 1209 406 383 1163
1355 1209 406 383 1163 1210 407 384 1164
1356 1210 407 384 1164 1211 408 385 1165
1357 1211 408 385 1165 1212 409 386 1166
1358 1212 409 386 1166 1213 410 387 1167
1359 1213 410 387 1167 1214 411 388 1168
1360 1214 411 388 1168 1215 412 389 1169
1361 1215 412 389 1169 1216 413 390 1170
1362 1216 413 390 1170 1217 414 391 1171
1363 1217 414 391 1171 1218 415 392 1172
1364 1218 415 392 1172 1219 416 393 1173
1365 1219 416 393 1173 1220 417 394 1174
1366 1220 417 394 1174 1221 418 395 1175
1367 1221 418 395 1175 1222 419 396 1176
1368 1222 419 396 1176 1223 420 397 1177
1369 1223 420 397 1177 1224 421 398 1178
1370 1224 421 398 1178 1225 422 399 1179
1371 1225 422 399 1179 1226 423 400 1180
1372 1226 423 400 1180 1227 424 401 1181
1373 1227 424 401 1181 1228 425 402 1182
1374 1228 425 402 1182 1229 426 403 1183
1375 1229 426 403 1183 1230 427 404 1184
1376 1230 427 404 1184 1231 428 405 1185
1377 1231 428 405 1185 814 46 45 812
1378 242 241 239 240 1232 1209 1163 1186
1379 1232 1209 1163 1186 1233 1210 1164 1187
1380 1233 1210 1164 1187 1234 1211 1165 1188
1381 1234 1211 1165 1188 1235 1212 1166 1189
1382 1235 1212 1166 1189 1236 1213 1167 1190
1383 1236 1213 1167 1190 1237 1214 1168 1191
1384 1237 1214 1168 1191 1238 1215 1169 1192
1385 1238 1215 1169 1192 1239 1216 1170 1193
1386 1239 1216 1170 1193 1240 1217 1171 1194
1387 1240 1217 1171 1194 1241 1218 1172 1195
1388 1241 1218 1172 1195 1242 1219 1173 1196
1389 1242 1219 1173 1196 1243 1220 1174 1197
1390 1243 1220 1174 1197 1244 1221 1175 1198
1391 1244 1221 1175 1198 1245 1222 1176 1199
1392 1245 1222 1176 1199 1246 1223 1177 1200
1393 1246 1223 1177 1200 1247 1224 1178 1201
1394 1247 1224 1178 1201 1248 1225 1179 1202
1395 1248 1225 1179 1202 1249 1226 1180 1203
1396 1249 1226 1180 1203 1250 1227 1181 1204
1397 1250 1227 1181 1204 1251 1228 1182 1205
1398 1251 1228 1182 1205 1252 1229 1183 1206
1399 1252 1229 1183 1206 1253 1230 1184 1207
1400 1253 1230 1184 1207 1254 1231 1185 1208
1401 1254 1231 1185 1208 815 814 812 813
1402 35 242 240 34 720 1232 1186 697
1403 720 1232 1186 697 721 1233 1187 698
1404 721 1233 1187 698 722 1234 1188 699
1405 722 1234 1188 699 723 1235 1189 700
1406 723 1235 1189 700 724 1236 1190 701
1407 724 1236 1190 701 725 1237 1191 702
1408 725 1237 1191 702 726 1238 1192 703
1409 726 1238 1192 703 727 1239 1193 704
1410 727 1239 1193 704 728 1240 1194 705
1411 728 1240 1194 705 729 1241 1195 706
1412 729 1241 1195 706 730 1242 1196 707
1413 730 1242 1196 707 731 1243 1197 708
1414 731 1243 1197 708 732 1244 1198 709
1415 732 1244 1198 709 733 1245 1199 710
1416 733 1245 1199 710 734 1246 1200 711
1417 734 1246 1200 711 735 1247 1201 712
1418 735 1247 1201 712 736 1248 1202 713
1419 736 1248 1202 713 737 1249 1203 714
1420 737 1249 1203 714 738 1250 1204 715
1421 738 1250 1204 715 739 1251 1205 716
1422 739 1251 1205 716 740 1252 1206 717
1423 740 1252 1206 717 741 1253 1207 718
1424 741 1253 1207 718 742 1254 1208 719
1425 742 1254 1208 719 197 815 813 196
1426 243 23 22 241 1255 429 406 1209
1427 1255 429 406 1209 1256 430 407 1210
1428 1256 430 407 1210 1257 431 408 1211
1429 1257 431 408 1211 1258 432 409 1212
1430 1258 432 409 1212 1259 433 410 1213
1431 1259 433 410 1213 1260 434 411 1214
1432 1260 434 411 1214 1261 435 412 1215
1433 1261 435 412 1215 1262 436 413 1216
1434 1262 436 413 1216 1263 437 414 1217
1435 1263 437 414 1217 1264 438 415 1218
1436 1264 438 415 1218 1265 439 416 1219
1437 1265 439 416 1219 1266 440 417 1220
1438 1266 440 417 1220 1267 441 418 1221
1439 1267 441 418 1221 1268 442 419 1222
1440 1268 442 419 1222 1269 443 420 1223
1441 1269 443 420 1223 1270 444 421 1224
1442 1270 444 421 1224 1271 445 422 1225
1443 1271 445 422 1225 1272 446 423 1226
1444 1272 446 423 1226 1273 447 424 1227
1445 1273 447 424 1227 1274 448 425 1228
1446 1274 448 425 1228 1275 449 426 1229
1447 1275 449 426 1229 1276 450 427 1230
1448 1276 450 427 1230 1277 451 428 1231
1449 1277 451 428 1231 816 47 46 814
1450 244 243 241 242 1278 1255 1209 1232
1451 1278 1255 1209 1232 1279 1256 1210 1233
1452 1279 1256 1210 1233 1280 1257 1211 1234
1453 1280 1257 1211 1234 1281 1258 1212 1235
1454 1281 1258 1212 1235 1282 1259 1213 1236
1455 1282 1259 1213 1236 1283 1260 1214 1237
1456 1283 1260 1214 1237 1284 1261 1215 1238
1457 1284 1261 1215 1238 1285 1262 1216 1239
1458 1285 1262 1216 1239 1286 1263 1217 1240
1459 1286 1263 1217 1240 1287 1264 1218 1241
1460 1287 1264 1218 1241 1288 1265 1219 1242
1461 1288 1265 1219 1242 1289 1266 1220 1243
1462 1289 1266 1220 1243 1290 1267 1221 1244
1463 1290 1267 1221 1244 1291 1268 1222 1245
1464 1291 1268 1222 1245 1292 1269 1223 1246
1465 1292 1269 1223 1246 1293 1270 1224 1247
1466 1293 1270 1224 1247 1294 1271 1225 1248
1467 1294 1271 1225 1248 1295 1272 1226 1249
1468 1295 1272 1226 1249 1296 1273 1227 1250
1469 1296 1273 1227 1250 1297 1274 1228 1251
1470 1297 1274 1228 1251 1298 1275 1229 1252
1471 1298 1275 1229 1252 1299 1276 1230 1253
1472 1299 1276 1230 1253 1300 1277 1231 1254
1473 1300 1277 1231 1254 817 816 814 815
1474 36 244 242 35 743 1278 1232 720
1475 743 1278 1232 720 744 1279 1233 721
1476 744 1279 1233 721 745 1280 1234 722
1477 745 1280 1234 722 746 1281 1235 723
1478 746 1281 1235 723 747 1282 1236 724
1479 747 1282 1236 724 748 1283 1237 725
1480 748 1283 1237 725 749 1284 1238 726
1481 749 1284 1238 726 750 1285 1239 727
1482 750 1285 1239 727 751 1286 1240 728
1483 751 1286 1240 728 752 1287 1241 729
1484 752 1287 1241 729 753 1288 1242 730
1485 753 1288 1242 730 754 1289 1243 731
1486 754 1289 1243 731 755 1290 1244 732
1487 755 1290 1244 732 756 1291 1245 733
1488 756 1291 1245 733 757 1292 1246 734
1489 757 1292 1246 734 758 1293 1247 735
1490 758 1293 1247 735 759 1294 1248 736
1491 759 1294 1248 736 760 1295 1249 737
1492 760 1295 1249 737 761 1296 1250 738
1493 761 1296 1250 738 762 1297 1251 739
1494 762 1297 1251 739 763 1298 1252 740
1495 763 1298 1252 740 764 1299 1253 741
1496 764 1299 1253 741 765 1300 1254 742
1497 765 1300 1254 742 198 817 815 197
1498 38 4 23 243 789 120 429 1255
1499 789 120 429 1255 790 121 430 1256
1500 790 121 430 1256 791 122 431 1257
1501 791 122 431 1257 792 123 432 1258
1502 792 123 432 1258 793 124 433 1259
1503 793 124 433 1259 794 125 434 1260
1504 794 125 434 1260 795 126 435 1261
1505 795 126 435 1261 796 127 436 1262
1506 796 127 436 1262 797 128 437 1263
1507 797 128 437 1263 798 129 438 1264
1508 798 129 438 1264 799 130 439 1265
1509 799 130 439 1265 800 131 440 1266
1510 800 131 440 1266 801 132 441 1267
1511 801 132 441 1267 802 133 442 1268
1512 802 133 442 1268 803 134 443 1269
1513 803 134 443 1269 804 135 444 1270
1514 804 135 444 1270 805 136 445 1271
1515 805 136 445 1271 806 137 446 1272
1516 806 137 446 1272 807 138 447 1273
1517 807 138 447 1273 808 139 448 1274
1518 808 139 448 1274 809 140 449 1275
1519 809 140 449 1275 810 141 450 1276
1520 810 141 450 1276 811 142 451 1277
1521 811 142 451 1277 200 11 47 816
1522 37 38 243 244 766 789 1255 1278
1523 766 789 1255 1278 767 790 1256 1279
1524 767 790 1256 1279 768 791 1257 1280
1525 768 791 1257 1280 769 792 1258 1281
1526 769 792 1258 1281 770 793 1259 1282
1527 770 793 1259 1282 771 794 1260 1283
1528 771 794 1260 1283 772 795 1261 1284
1529 772 795 1261 1284 773 796 1262 1285
1530 773 796 1262 1285 774 797 1263 1286
1531 774 797 1263 1286 775 798 1264 1287
1532 775 798 1264 1287 776 799 1265 1288
1533 776 799 1265 1288 777 800 1266 1289
1534 777 800 1266 1289 778 801 1267 1290
1535 778 801 1267 1290 779 802 1268 1291
1536 779 802 1268 1291 780 803 1269 1292
1537 780 803 1269 1292 781 804 1270 1293
1538 781 804 1270 1293 782 805 1271 1294
1539 782 805 1271 1294 783 806 1272 1295
1540 783 806 1272 1295 784 807 1273 1296
1541 784 807 1273 1296 785 808 1274 1297
1542 785 808 1274 1297 786 809 1275 1298
1543 786 809 1275 1298 787 810 1276 1299
1544 787 810 1276 1299 788 811 1277 1300
1545 788 811 1277 1300 199 200 816 817
1546 7 37 244 36 201 766 1278 743
1547 201 766 1278 743 202 767 1279 744
1548 202 767 1279 744 203 768 1280 745
1549 203 768 1280 745 204 769 1281 746
1550 204 769 1281 746 205 770 1282 747
1551 205 770 1282 747 206 771 1283 748
1552 206 771 1283 748 207 772 1284 749
1553 207 772 1284 749 208 773 1285 750
1554 208 773 1285 750 209 774 1286 751
1555 209 774 1286 751 210 775 1287 752
1556 210 775 1287 752 211 776 1288 753
1557 211 776 1288 753 212 777 1289 754
1558 212 777 1289 754 213 778 1290 755
1559 213 778 1290 755 214 779 1291 756
1560 214 779 1291 756 215 780 1292 757
1561 215 780 1292 757 216 781 1293 758
1562 216 781 1293 758 217 782 1294 759
1563 217 782 1294 759 218 783 1295 760
1564 218 783 1295 760 219 784 1296 761
1565 219 784 1296 761 220 785 1297 762
1566 220 785 1297 762 221 786 1298 763
1567 221 786 1298 763 222 787 1299 764
1568 222 787 1299 764 223 788 1300 765
1569 223 788 1300 765 14 199 817 198
$EndElements
