$MeshFormat
4.1 0 8
$EndMeshFormat
$PhysicalNames
7
0 7 "neck_monitor"
2 2 "symmetry_x"
2 3 "symmetry_y"
2 4 "midplane"
2 5 "loaded_end"
2 6 "outer_surface"
3 1 "solid"
$EndPhysicalNames
$Entities
8 12 6 1
1 0 0 1 0
2 0 0 0 0
3 0 1 1 0
4 0 1 0 0
5 1 0 1 0
6 1 0 0 1 7
7 1 1 1 0
8 1 1 0 0
1 -1e-07 -1e-07 -9.999999994736442e-08 1e-07 1e-07 1.0000001 0 2 2 -1
2 -1e-07 -9.999999994736442e-08 0.9999999000000001 1e-07 1.0000001 1.0000001 0 2 1 -3
3 -1e-07 0.9999999000000001 -9.999999994736442e-08 1e-07 1.0000001 1.0000001 0 2 4 -3
4 -1e-07 -9.999999994736442e-08 -1e-07 1e-07 1.0000001 1e-07 0 2 2 -4
5 0.9999999000000001 -1e-07 -9.999999994736442e-08 1.0000001 1e-07 1.0000001 0 2 6 -5
6 0.9999999000000001 -9.999999994736442e-08 0.9999999000000001 1.0000001 1.0000001 1.0000001 0 2 5 -7
7 0.9999999000000001 0.9999999000000001 -9.999999994736442e-08 1.0000001 1.0000001 1.0000001 0 2 8 -7
8 0.9999999000000001 -9.999999994736442e-08 -1e-07 1.0000001 1.0000001 1e-07 0 2 6 -8
9 -9.999999994736442e-08 -1e-07 -1e-07 1.0000001 1e-07 1e-07 0 2 2 -6
10 -9.999999994736442e-08 -1e-07 0.9999999000000001 1.0000001 1e-07 1.0000001 0 2 1 -5
11 -9.999999994736442e-08 0.9999999000000001 -1e-07 1.0000001 1.0000001 1e-07 0 2 4 -8
12 -9.999999994736442e-08 0.9999999000000001 0.9999999000000001 1.0000001 1.0000001 1.0000001 0 2 3 -7
1 -1e-07 -9.999999994736442e-08 -9.999999994736442e-08 1e-07 1.0000001 1.0000001 1 2 4 -1 4 3 -2
2 0.9999999000000001 -9.999999994736442e-08 -9.999999994736442e-08 1.0000001 1.0000001 1.0000001 1 6 4 -5 8 7 -6
3 -9.999999994736442e-08 -1e-07 -9.999999994736442e-08 1.0000001 1e-07 1.0000001 1 3 4 -9 1 10 -5
4 -9.999999994736442e-08 0.9999999000000001 -9.999999994736442e-08 1.0000001 1.0000001 1.0000001 1 6 4 -11 3 12 -7
5 -9.999999994736442e-08 -9.999999994736442e-08 -1e-07 1.0000001 1.0000001 1e-07 1 4 4 -4 9 8 -11
6 -9.999999994736442e-08 -9.999999994736442e-08 0.9999999000000001 1.0000001 1.0000001 1.0000001 1 5 4 -2 10 6 -12
1 -9.999999994736442e-08 -9.999999994736442e-08 -9.999999994736442e-08 1.0000001 1.0000001 1.0000001 1 1 6 -1 2 -3 4 -5 6
$EndEntities
$Nodes
27 1225 1 1225
0 1 0 1
1
0 0 26.667
0 2 0 1
2
0 0 0
0 3 0 1
3
0 5.683373272928537 26.667
0 4 0 1
4
0 5.581072554015823 0
0 5 0 1
5
5.683373272928537 0 26.667
0 6 0 1
6
5.581072554015823 0 0
0 7 0 1
7
5.683373272928537 5.683373272928537 26.667
0 8 0 1
8
5.581072554015823 5.581072554015823 0
1 1 0 47
9
10
11
12
13
14
15
16
17
18
19
20
21
22
23
24
25
26
27
28
29
30
31
32
33
34
35
36
37
38
39
40
41
42
43
44
45
46
47
48
49
50
51
52
53
54
55
0 0 0.370375
0 0 0.7407499999999999
0 0 1.111125
0 0 1.4815
0 0 1.851875
0 0 2.22225
0 0 2.592625
0 0 2.963
0 0 3.333375
0 0 3.70375
0 0 4.074125
0 0 4.444500000000001
0 0 4.814875
0 0 5.18525
0 0 5.555625
0 0 5.925999999999999
0 0 6.296375
0 0 6.66675
0 0 7.037125
0 0 7.4075
0 0 7.777875000000001
0 0 8.148249999999999
0 0 8.518625
0 0 8.889000000000001
0 0 9.629749999999998
0 0 10.3705
0 0 11.11125
0 0 11.852
0 0 12.59275
0 0 13.3335
0 0 14.07425
0 0 14.815
0 0 15.55575
0 0 16.2965
0 0 17.03725
0 0 17.778
0 0 18.51875
0 0 19.2595
0 0 20.00025
0 0 20.741
0 0 21.48175
0 0 22.2225
0 0 22.96325
0 0 23.704
0 0 24.44475
0 0 25.1855
0 0 25.92625
1 2 0 3
56
57
58
0 1.420843318232134 26.667
0 2.841686636464269 26.667
0 4.262529954696403 26.667
1 3 0 47
59
60
61
62
63
64
65
66
67
68
69
70
71
72
73
74
75
76
77
78
79
80
81
82
83
84
85
86
87
88
89
90
91
92
93
94
95
96
97
98
99
100
101
102
103
104
105
0 5.582493397334055 0.370375
0 5.583914240652287 0.7407499999999999
0 5.58533508397052 1.111125
0 5.586755927288752 1.4815
0 5.588176770606984 1.851875
0 5.589597613925216 2.22225
0 5.591018457243448 2.592625
0 5.59243930056168 2.963
0 5.593860143879913 3.333375
0 5.595280987198144 3.70375
0 5.596701830516377 4.074125
0 5.598122673834609 4.444500000000001
0 5.599543517152841 4.814875
0 5.600964360471073 5.18525
0 5.602385203789305 5.555625
0 5.603806047107538 5.925999999999999
0 5.60522689042577 6.296375
0 5.606647733744001 6.66675
0 5.608068577062234 7.037125
0 5.609489420380466 7.4075
0 5.610910263698698 7.777875000000001
0 5.61233110701693 8.148249999999999
0 5.613751950335162 8.518625
0 5.615172793653395 8.889000000000001
0 5.618014480289858 9.629749999999998
0 5.620856166926323 10.3705
0 5.623697853562788 11.11125
0 5.626539540199252 11.852
0 5.629381226835716 12.59275
0 5.63222291347218 13.3335
0 5.635064600108644 14.07425
0 5.637906286745109 14.815
0 5.640747973381573 15.55575
0 5.643589660018037 16.2965
0 5.646431346654501 17.03725
0 5.649273033290966 17.778
0 5.65211471992743 18.51875
0 5.654956406563894 19.2595
0 5.657798093200358 20.00025
0 5.660639779836823 20.741
0 5.663481466473287 21.48175
0 5.666323153109752 22.2225
0 5.669164839746215 22.96325
0 5.67200652638268 23.704
0 5.674848213019144 24.44475
0 5.677689899655609 25.1855
0 5.680531586292073 25.92625
1 4 0 3
106
107
108
0 1.395268138503956 0
0 2.790536277007912 0
0 4.185804415511868 0
1 5 0 47
109
110
111
112
113
114
115
116
117
118
119
120
121
122
123
124
125
126
127
128
129
130
131
132
133
134
135
136
137
138
139
140
141
142
143
144
145
146
147
148
149
150
151
152
153
154
155
5.582493397334055 0 0.370375
5.583914240652287 0 0.7407499999999999
5.58533508397052 0 1.111125
5.586755927288752 0 1.4815
5.588176770606984 0 1.851875
5.589597613925216 0 2.22225
5.591018457243448 0 2.592625
5.59243930056168 0 2.963
5.593860143879913 0 3.333375
5.595280987198144 0 3.70375
5.596701830516377 0 4.074125
5.598122673834609 0 4.444500000000001
5.599543517152841 0 4.814875
5.600964360471073 0 5.18525
5.602385203789305 0 5.555625
5.603806047107538 0 5.925999999999999
5.60522689042577 0 6.296375
5.606647733744001 0 6.66675
5.608068577062234 0 7.037125
5.609489420380466 0 7.4075
5.610910263698698 0 7.777875000000001
5.61233110701693 0 8.148249999999999
5.613751950335162 0 8.518625
5.615172793653395 0 8.889000000000001
5.618014480289858 0 9.629749999999998
5.620856166926323 0 10.3705
5.623697853562788 0 11.11125
5.626539540199252 0 11.852
5.629381226835716 0 12.59275
5.63222291347218 0 13.3335
5.635064600108644 0 14.07425
5.637906286745109 0 14.815
5.640747973381573 0 15.55575
5.643589660018037 0 16.2965
5.646431346654501 0 17.03725
5.649273033290966 0 17.778
5.65211471992743 0 18.51875
5.654956406563894 0 19.2595
5.657798093200358 0 20.00025
5.660639779836823 0 20.741
5.663481466473287 0 21.48175
5.666323153109752 0 22.2225
5.669164839746215 0 22.96325
5.67200652638268 0 23.704
5.674848213019144 0 24.44475
5.677689899655609 0 25.1855
5.680531586292073 0 25.92625
1 6 0 3
156
157
158
5.683373272928537 1.420843318232134 26.667
5.683373272928537 2.841686636464269 26.667
5.683373272928537 4.262529954696403 26.667
1 7 0 47
159
160
161
162
163
164
165
166
167
168
169
170
171
172
173
174
175
176
177
178
179
180
181
182
183
184
185
186
187
188
189
190
191
192
193
194
195
196
197
198
199
200
201
202
203
204
205
5.582493397334055 5.582493397334055 0.370375
5.583914240652287 5.583914240652287 0.7407499999999999
5.58533508397052 5.58533508397052 1.111125
5.586755927288752 5.586755927288752 1.4815
5.588176770606984 5.588176770606984 1.851875
5.589597613925216 5.589597613925216 2.22225
5.591018457243448 5.591018457243448 2.592625
5.59243930056168 5.59243930056168 2.963
5.593860143879913 5.593860143879913 3.333375
5.595280987198144 5.595280987198144 3.70375
5.596701830516377 5.596701830516377 4.074125
5.598122673834609 5.598122673834609 4.444500000000001
5.599543517152841 5.599543517152841 4.814875
5.600964360471073 5.600964360471073 5.18525
5.602385203789305 5.602385203789305 5.555625
5.603806047107538 5.603806047107538 5.925999999999999
5.60522689042577 5.60522689042577 6.296375
5.606647733744001 5.606647733744001 6.66675
5.608068577062234 5.608068577062234 7.037125
5.609489420380466 5.609489420380466 7.4075
5.610910263698698 5.610910263698698 7.777875000000001
5.61233110701693 5.61233110701693 8.148249999999999
5.613751950335162 5.613751950335162 8.518625
5.615172793653395 5.615172793653395 8.889000000000001
5.618014480289858 5.618014480289858 9.629749999999998
5.620856166926323 5.620856166926323 10.3705
5.623697853562788 5.623697853562788 11.11125
5.626539540199252 5.626539540199252 11.852
5.629381226835716 5.629381226835716 12.59275
5.63222291347218 5.63222291347218 13.3335
5.635064600108644 5.635064600108644 14.07425
5.637906286745109 5.637906286745109 14.815
5.640747973381573 5.640747973381573 15.55575
5.643589660018037 5.643589660018037 16.2965
5.646431346654501 5.646431346654501 17.03725
5.649273033290966 5.649273033290966 17.778
5.65211471992743 5.65211471992743 18.51875
5.654956406563894 5.654956406563894 19.2595
5.657798093200358 5.657798093200358 20.00025
5.660639779836823 5.660639779836823 20.741
5.663481466473287 5.663481466473287 21.48175
5.666323153109752 5.666323153109752 22.2225
5.669164839746215 5.669164839746215 22.96325
5.67200652638268 5.67200652638268 23.704
5.674848213019144 5.674848213019144 24.44475
5.677689899655609 5.677689899655609 25.1855
5.680531586292073 5.680531586292073 25.92625
1 8 0 3
206
207
208
5.581072554015823 1.395268138503956 0
5.581072554015823 2.790536277007912 0
5.581072554015823 4.185804415511868 0
1 9 0 3
209
210
211
1.395268138503956 0 0
2.790536277007912 0 0
4.185804415511868 0 0
1 10 0 3
212
213
214
1.420843318232134 0 26.667
2.841686636464269 0 26.667
4.262529954696403 0 26.667
1 11 0 3
215
216
217
1.395268138503956 5.581072554015823 0
2.790536277007912 5.581072554015823 0
4.185804415511868 5.581072554015823 0
1 12 0 3
218
219
220
1.420843318232134 5.683373272928537 26.667
2.841686636464269 5.683373272928537 26.667
4.262529954696403 5.683373272928537 26.667
2 1 0 141
221
222
223
224
225
226
227
228
229
230
231
232
233
234
235
236
237
238
239
240
241
242
243
244
245
246
247
248
249
250
251
252
253
254
255
256
257
258
259
260
261
262
263
264
265
266
267
268
269
270
271
272
273
274
275
276
277
278
279
280
281
282
283
284
285
286
287
288
289
290
291
292
293
294
295
296
297
298
299
300
301
302
303
304
305
306
307
308
309
310
311
312
313
314
315
316
317
318
319
320
321
322
323
324
325
326
327
328
329
330
331
332
333
334
335
336
337
338
339
340
341
342
343
344
345
346
347
348
349
350
351
352
353
354
355
356
357
358
359
360
361
0 1.395623349333514 0.370375
0 2.791246698667027 0.370375
0 4.186870048000541 0.370375
0 1.395978560163072 0.7407499999999999
0 2.791957120326144 0.7407499999999999
0 4.187935680489216 0.7407499999999999
0 1.39633377099263 1.111125
0 2.79266754198526 1.111125
0 4.18900131297789 1.111125
0 1.396688981822188 1.4815
0 2.793377963644376 1.4815
0 4.190066945466564 1.4815
0 1.397044192651746 1.851875
0 2.794088385303492 1.851875
0 4.191132577955238 1.851875
0 1.397399403481304 2.22225
0 2.794798806962608 2.22225
0 4.192198210443912 2.22225
0 1.397754614310862 2.592625
0 2.795509228621724 2.592625
0 4.193263842932586 2.592625
0 1.39810982514042 2.963
0 2.79621965028084 2.963
0 4.19432947542126 2.963
0 1.398465035969978 3.333375
0 2.796930071939956 3.333375
0 4.195395107909935 3.333375
0 1.398820246799536 3.70375
0 2.797640493599072 3.70375
0 4.196460740398608 3.70375
0 1.399175457629094 4.074125
0 2.798350915258188 4.074125
0 4.197526372887283 4.074125
0 1.399530668458652 4.444500000000001
0 2.799061336917304 4.444500000000001
0 4.198592005375956 4.444500000000001
0 1.39988587928821 4.814875
0 2.799771758576421 4.814875
0 4.199657637864631 4.814875
0 1.400241090117768 5.18525
0 2.800482180235536 5.18525
0 4.200723270353304 5.18525
0 1.400596300947326 5.555625
0 2.801192601894653 5.555625
0 4.201788902841979 5.555625
0 1.400951511776884 5.925999999999999
0 2.801903023553769 5.925999999999999
0 4.202854535330653 5.925999999999999
0 1.401306722606442 6.296375
0 2.802613445212885 6.296375
0 4.203920167819327 6.296375
0 1.401661933436 6.66675
0 2.803323866872001 6.66675
0 4.204985800308001 6.66675
0 1.402017144265558 7.037125
0 2.804034288531117 7.037125
0 4.206051432796675 7.037125
0 1.402372355095117 7.4075
0 2.804744710190233 7.4075
0 4.20711706528535 7.4075
0 1.402727565924675 7.777875000000001
0 2.805455131849349 7.777875000000001
0 4.208182697774023 7.777875000000001
0 1.403082776754232 8.148249999999999
0 2.806165553508465 8.148249999999999
0 4.209248330262698 8.148249999999999
0 1.403437987583791 8.518625
0 2.806875975167581 8.518625
0 4.210313962751371 8.518625
0 1.403793198413349 8.889000000000001
0 2.807586396826697 8.889000000000001
0 4.211379595240047 8.889000000000001
0 1.404503620072465 9.629749999999998
0 2.809007240144929 9.629749999999998
0 4.213510860217394 9.629749999999998
0 1.405214041731581 10.3705
0 2.810428083463162 10.3705
0 4.215642125194742 10.3705
0 1.405924463390697 11.11125
0 2.811848926781394 11.11125
0 4.21777339017209 11.11125
0 1.406634885049813 11.852
0 2.813269770099626 11.852
0 4.219904655149438 11.852
0 1.407345306708929 12.59275
0 2.814690613417858 12.59275
0 4.222035920126787 12.59275
0 1.408055728368045 13.3335
0 2.81611145673609 13.3335
0 4.224167185104135 13.3335
0 1.408766150027161 14.07425
0 2.817532300054322 14.07425
0 4.226298450081483 14.07425
0 1.409476571686277 14.815
0 2.818953143372554 14.815
0 4.228429715058832 14.815
0 1.410186993345393 15.55575
0 2.820373986690786 15.55575
0 4.23056098003618 15.55575
0 1.410897415004509 16.2965
0 2.821794830009019 16.2965
0 4.232692245013528 16.2965
0 1.411607836663625 17.03725
0 2.823215673327251 17.03725
0 4.234823509990876 17.03725
0 1.412318258322741 17.778
0 2.824636516645483 17.778
0 4.236954774968224 17.778
0 1.413028679981857 18.51875
0 2.826057359963715 18.51875
0 4.239086039945573 18.51875
0 1.413739101640973 19.2595
0 2.827478203281947 19.2595
0 4.24121730492292 19.2595
0 1.41444952330009 20.00025
0 2.828899046600179 20.00025
0 4.243348569900268 20.00025
0 1.415159944959206 20.741
0 2.830319889918412 20.741
0 4.245479834877617 20.741
0 1.415870366618322 21.48175
0 2.831740733236643 21.48175
0 4.247611099854965 21.48175
0 1.416580788277438 22.2225
0 2.833161576554876 22.2225
0 4.249742364832314 22.2225
0 1.417291209936554 22.96325
0 2.834582419873108 22.96325
0 4.251873629809661 22.96325
0 1.41800163159567 23.704
0 2.83600326319134 23.704
0 4.25400489478701 23.704
0 1.418712053254786 24.44475
0 2.837424106509572 24.44475
0 4.256136159764358 24.44475
0 1.419422474913902 25.1855
0 2.838844949827804 25.1855
0 4.258267424741707 25.1855
0 1.420132896573018 25.92625
0 2.840265793146036 25.92625
0 4.260398689719055 25.92625
2 2 0 141
362
363
364
365
366
367
368
369
370
371
372
373
374
375
376
377
378
379
380
381
382
383
384
385
386
387
388
389
390
391
392
393
394
395
396
397
398
399
400
401
402
403
404
405
406
407
408
409
410
411
412
413
414
415
416
417
418
419
420
421
422
423
424
425
426
427
428
429
430
431
432
433
434
435
436
437
438
439
440
441
442
443
444
445
446
447
448
449
450
451
452
453
454
455
456
457
458
459
460
461
462
463
464
465
466
467
468
469
470
471
472
473
474
475
476
477
478
479
480
481
482
483
484
485
486
487
488
489
490
491
492
493
494
495
496
497
498
499
500
501
502
5.582493397334055 1.395623349333514 0.370375
5.582493397334055 2.791246698667027 0.370375
5.582493397334055 4.186870048000541 0.370375
5.583914240652287 1.395978560163072 0.7407499999999999
5.583914240652287 2.791957120326144 0.7407499999999999
5.583914240652287 4.187935680489216 0.7407499999999999
5.58533508397052 1.39633377099263 1.111125
5.58533508397052 2.79266754198526 1.111125
5.58533508397052 4.18900131297789 1.111125
5.586755927288752 1.396688981822188 1.4815
5.586755927288752 2.793377963644376 1.4815
5.586755927288752 4.190066945466564 1.4815
5.588176770606984 1.397044192651746 1.851875
5.588176770606984 2.794088385303492 1.851875
5.588176770606984 4.191132577955238 1.851875
5.589597613925216 1.397399403481304 2.22225
5.589597613925216 2.794798806962608 2.22225
5.589597613925216 4.192198210443912 2.22225
5.591018457243448 1.397754614310862 2.592625
5.591018457243448 2.795509228621724 2.592625
5.591018457243448 4.193263842932586 2.592625
5.59243930056168 1.39810982514042 2.963
5.59243930056168 2.79621965028084 2.963
5.59243930056168 4.19432947542126 2.963
5.593860143879913 1.398465035969978 3.333375
5.593860143879913 2.796930071939956 3.333375
5.593860143879913 4.195395107909935 3.333375
5.595280987198144 1.398820246799536 3.70375
5.595280987198144 2.797640493599072 3.70375
5.595280987198144 4.196460740398608 3.70375
5.596701830516377 1.399175457629094 4.074125
5.596701830516377 2.798350915258188 4.074125
5.596701830516377 4.197526372887283 4.074125
5.598122673834609 1.399530668458652 4.444500000000001
5.598122673834609 2.799061336917304 4.444500000000001
5.598122673834609 4.198592005375956 4.444500000000001
5.599543517152841 1.39988587928821 4.814875
5.599543517152841 2.799771758576421 4.814875
5.599543517152841 4.199657637864631 4.814875
5.600964360471073 1.400241090117768 5.18525
5.600964360471073 2.800482180235536 5.18525
5.600964360471073 4.200723270353304 5.18525
5.602385203789305 1.400596300947326 5.555625
5.602385203789305 2.801192601894653 5.555625
5.602385203789305 4.201788902841979 5.555625
5.603806047107538 1.400951511776884 5.925999999999999
5.603806047107538 2.801903023553769 5.925999999999999
5.603806047107538 4.202854535330653 5.925999999999999
5.60522689042577 1.401306722606442 6.296375
5.60522689042577 2.802613445212885 6.296375
5.60522689042577 4.203920167819327 6.296375
5.606647733744001 1.401661933436 6.66675
5.606647733744001 2.803323866872001 6.66675
5.606647733744001 4.204985800308001 6.66675
5.608068577062234 1.402017144265558 7.037125
5.608068577062234 2.804034288531117 7.037125
5.608068577062234 4.206051432796675 7.037125
5.609489420380466 1.402372355095117 7.4075
5.609489420380466 2.804744710190233 7.4075
5.609489420380466 4.20711706528535 7.4075
5.610910263698698 1.402727565924675 7.777875000000001
5.610910263698698 2.805455131849349 7.777875000000001
5.610910263698698 4.208182697774023 7.777875000000001
5.61233110701693 1.403082776754232 8.148249999999999
5.61233110701693 2.806165553508465 8.148249999999999
5.61233110701693 4.209248330262698 8.148249999999999
5.613751950335162 1.403437987583791 8.518625
5.613751950335162 2.806875975167581 8.518625
5.613751950335162 4.210313962751371 8.518625
5.615172793653395 1.403793198413349 8.889000000000001
5.615172793653395 2.807586396826697 8.889000000000001
5.615172793653395 4.211379595240047 8.889000000000001
5.618014480289858 1.404503620072465 9.629749999999998
5.618014480289858 2.809007240144929 9.629749999999998
5.618014480289858 4.213510860217394 9.629749999999998
5.620856166926323 1.405214041731581 10.3705
5.620856166926323 2.810428083463162 10.3705
5.620856166926323 4.215642125194742 10.3705
5.623697853562788 1.405924463390697 11.11125
5.623697853562788 2.811848926781394 11.11125
5.623697853562788 4.21777339017209 11.11125
5.626539540199252 1.406634885049813 11.852
5.626539540199252 2.813269770099626 11.852
5.626539540199252 4.219904655149438 11.852
5.629381226835716 1.407345306708929 12.59275
5.629381226835716 2.814690613417858 12.59275
5.629381226835716 4.222035920126787 12.59275
5.63222291347218 1.408055728368045 13.3335
5.63222291347218 2.81611145673609 13.3335
5.63222291347218 4.224167185104135 13.3335
5.635064600108644 1.408766150027161 14.07425
5.635064600108644 2.817532300054322 14.07425
5.635064600108644 4.226298450081483 14.07425
5.637906286745109 1.409476571686277 14.815
5.637906286745109 2.818953143372554 14.815
5.637906286745109 4.228429715058832 14.815
5.640747973381573 1.410186993345393 15.55575
5.640747973381573 2.820373986690786 15.55575
5.640747973381573 4.23056098003618 15.55575
5.643589660018037 1.410897415004509 16.2965
5.643589660018037 2.821794830009019 16.2965
5.643589660018037 4.232692245013528 16.2965
5.646431346654501 1.411607836663625 17.03725
5.646431346654501 2.823215673327251 17.03725
5.646431346654501 4.234823509990876 17.03725
5.649273033290966 1.412318258322741 17.778
5.649273033290966 2.824636516645483 17.778
5.649273033290966 4.236954774968224 17.778
5.65211471992743 1.413028679981857 18.51875
5.65211471992743 2.826057359963715 18.51875
5.65211471992743 4.239086039945573 18.51875
5.654956406563894 1.413739101640973 19.2595
5.654956406563894 2.827478203281947 19.2595
5.654956406563894 4.24121730492292 19.2595
5.657798093200358 1.41444952330009 20.00025
5.657798093200358 2.828899046600179 20.00025
5.657798093200358 4.243348569900268 20.00025
5.660639779836823 1.415159944959206 20.741
5.660639779836823 2.830319889918412 20.741
5.660639779836823 4.245479834877617 20.741
5.663481466473287 1.415870366618322 21.48175
5.663481466473287 2.831740733236643 21.48175
5.663481466473287 4.247611099854965 21.48175
5.666323153109752 1.416580788277438 22.2225
5.666323153109752 2.833161576554876 22.2225
5.666323153109752 4.249742364832314 22.2225
5.669164839746215 1.417291209936554 22.96325
5.669164839746215 2.834582419873108 22.96325
5.669164839746215 4.251873629809661 22.96325
5.67200652638268 1.41800163159567 23.704
5.67200652638268 2.83600326319134 23.704
5.67200652638268 4.25400489478701 23.704
5.674848213019144 1.418712053254786 24.44475
5.674848213019144 2.837424106509572 24.44475
5.674848213019144 4.256136159764358 24.44475
5.677689899655609 1.419422474913902 25.1855
5.677689899655609 2.838844949827804 25.1855
5.677689899655609 4.258267424741707 25.1855
5.680531586292073 1.420132896573018 25.92625
5.680531586292073 2.840265793146036 25.92625
5.680531586292073 4.260398689719055 25.92625
2 3 0 141
503
504
505
506
507
508
509
510
511
512
513
514
515
516
517
518
519
520
521
522
523
524
525
526
527
528
529
530
531
532
533
534
535
536
537
538
539
540
541
542
543
544
545
546
547
548
549
550
551
552
553
554
555
556
557
558
559
560
561
562
563
564
565
566
567
568
569
570
571
572
573
574
575
576
577
578
579
580
581
582
583
584
585
586
587
588
589
590
591
592
593
594
595
596
597
598
599
600
601
602
603
604
605
606
607
608
609
610
611
612
613
614
615
616
617
618
619
620
621
622
623
624
625
626
627
628
629
630
631
632
633
634
635
636
637
638
639
640
641
642
643
1.395623349333514 0 0.370375
1.395978560163072 0 0.7407499999999999
1.39633377099263 0 1.111125
1.396688981822188 0 1.4815
1.397044192651746 0 1.851875
1.397399403481304 0 2.22225
1.397754614310862 0 2.592625
1.39810982514042 0 2.963
1.398465035969978 0 3.333375
1.398820246799536 0 3.70375
1.399175457629094 0 4.074125
1.399530668458652 0 4.444500000000001
1.39988587928821 0 4.814875
1.400241090117768 0 5.18525
1.400596300947326 0 5.555625
1.400951511776884 0 5.925999999999999
1.401306722606442 0 6.296375
1.401661933436 0 6.66675
1.402017144265558 0 7.037125
1.402372355095117 0 7.4075
1.402727565924675 0 7.777875000000001
1.403082776754232 0 8.148249999999999
1.403437987583791 0 8.518625
1.403793198413349 0 8.889000000000001
1.404503620072465 0 9.629749999999998
1.405214041731581 0 10.3705
1.405924463390697 0 11.11125
1.406634885049813 0 11.852
1.407345306708929 0 12.59275
1.408055728368045 0 13.3335
1.408766150027161 0 14.07425
1.409476571686277 0 14.815
1.410186993345393 0 15.55575
1.410897415004509 0 16.2965
1.411607836663625 0 17.03725
1.412318258322741 0 17.778
1.413028679981857 0 18.51875
1.413739101640973 0 19.2595
1.41444952330009 0 20.00025
1.415159944959206 0 20.741
1.415870366618322 0 21.48175
1.416580788277438 0 22.2225
1.417291209936554 0 22.96325
1.41800163159567 0 23.704
1.418712053254786 0 24.44475
1.419422474913902 0 25.1855
1.420132896573018 0 25.92625
2.791246698667027 0 0.370375
2.791957120326144 0 0.7407499999999999
2.79266754198526 0 1.111125
2.793377963644375 0 1.4815
2.794088385303492 0 1.851875
2.794798806962608 0 2.22225
2.795509228621724 0 2.592625
2.79621965028084 0 2.963
2.796930071939956 0 3.333375
2.797640493599072 0 3.70375
2.798350915258188 0 4.074125
2.799061336917304 0 4.444500000000001
2.799771758576421 0 4.814875
2.800482180235536 0 5.18525
2.801192601894653 0 5.555625
2.801903023553769 0 5.925999999999999
2.802613445212885 0 6.296375
2.803323866872001 0 6.66675
2.804034288531117 0 7.037125
2.804744710190233 0 7.4075
2.805455131849349 0 7.777875000000001
2.806165553508465 0 8.148249999999999
2.806875975167581 0 8.518625
2.807586396826697 0 8.889000000000001
2.809007240144929 0 9.629749999999998
2.810428083463162 0 10.3705
2.811848926781394 0 11.11125
2.813269770099626 0 11.852
2.814690613417858 0 12.59275
2.81611145673609 0 13.3335
2.817532300054322 0 14.07425
2.818953143372554 0 14.815
2.820373986690786 0 15.55575
2.821794830009019 0 16.2965
2.823215673327251 0 17.03725
2.824636516645483 0 17.778
2.826057359963715 0 18.51875
2.827478203281947 0 19.2595
2.828899046600179 0 20.00025
2.830319889918412 0 20.741
2.831740733236643 0 21.48175
2.833161576554876 0 22.2225
2.834582419873108 0 22.96325
2.83600326319134 0 23.704
2.837424106509572 0 24.44475
2.838844949827804 0 25.1855
2.840265793146036 0 25.92625
4.186870048000541 0 0.370375
4.187935680489216 0 0.7407499999999999
4.18900131297789 0 1.111125
4.190066945466564 0 1.4815
4.191132577955238 0 1.851875
4.192198210443912 0 2.22225
4.193263842932586 0 2.592625
4.19432947542126 0 2.963
4.195395107909935 0 3.333375
4.196460740398608 0 3.70375
4.197526372887283 0 4.074125
4.198592005375956 0 4.444500000000001
4.199657637864631 0 4.814875
4.200723270353304 0 5.18525
4.201788902841979 0 5.555625
4.202854535330653 0 5.925999999999999
4.203920167819327 0 6.296375
4.204985800308001 0 6.66675
4.206051432796675 0 7.037125
4.20711706528535 0 7.4075
4.208182697774023 0 7.777875000000001
4.209248330262698 0 8.148249999999999
4.210313962751371 0 8.518625
4.211379595240047 0 8.889000000000001
4.213510860217394 0 9.629749999999998
4.215642125194742 0 10.3705
4.21777339017209 0 11.11125
4.219904655149438 0 11.852
4.222035920126787 0 12.59275
4.224167185104135 0 13.3335
4.226298450081483 0 14.07425
4.228429715058832 0 14.815
4.23056098003618 0 15.55575
4.232692245013528 0 16.2965
4.234823509990876 0 17.03725
4.236954774968224 0 17.778
4.239086039945573 0 18.51875
4.24121730492292 0 19.2595
4.243348569900268 0 20.00025
4.245479834877617 0 20.741
4.247611099854965 0 21.48175
4.249742364832314 0 22.2225
4.251873629809661 0 22.96325
4.25400489478701 0 23.704
4.256136159764358 0 24.44475
4.258267424741707 0 25.1855
4.260398689719055 0 25.92625
2 4 0 141
644
645
646
647
648
649
650
651
652
653
654
655
656
657
658
659
660
661
662
663
664
665
666
667
668
669
670
671
672
673
674
675
676
677
678
679
680
681
682
683
684
685
686
687
688
689
690
691
692
693
694
695
696
697
698
699
700
701
702
703
704
705
706
707
708
709
710
711
712
713
714
715
716
717
718
719
720
721
722
723
724
725
726
727
728
729
730
731
732
733
734
735
736
737
738
739
740
741
742
743
744
745
746
747
748
749
750
751
752
753
754
755
756
757
758
759
760
761
762
763
764
765
766
767
768
769
770
771
772
773
774
775
776
777
778
779
780
781
782
783
784
1.395623349333514 5.582493397334055 0.370375
1.395978560163072 5.583914240652287 0.7407499999999999
1.39633377099263 5.58533508397052 1.111125
1.396688981822188 5.586755927288752 1.4815
1.397044192651746 5.588176770606984 1.851875
1.397399403481304 5.589597613925216 2.22225
1.397754614310862 5.591018457243448 2.592625
1.39810982514042 5.59243930056168 2.963
1.398465035969978 5.593860143879913 3.333375
1.398820246799536 5.595280987198144 3.70375
1.399175457629094 5.596701830516377 4.074125
1.399530668458652 5.598122673834609 4.444500000000001
1.39988587928821 5.599543517152841 4.814875
1.400241090117768 5.600964360471073 5.18525
1.400596300947326 5.602385203789305 5.555625
1.400951511776884 5.603806047107538 5.925999999999999
1.401306722606442 5.60522689042577 6.296375
1.401661933436 5.606647733744001 6.66675
1.402017144265558 5.608068577062234 7.037125
1.402372355095117 5.609489420380466 7.4075
1.402727565924675 5.610910263698698 7.777875000000001
1.403082776754232 5.61233110701693 8.148249999999999
1.403437987583791 5.613751950335162 8.518625
1.403793198413349 5.615172793653395 8.889000000000001
1.404503620072465 5.618014480289858 9.629749999999998
1.405214041731581 5.620856166926323 10.3705
1.405924463390697 5.623697853562788 11.11125
1.406634885049813 5.626539540199252 11.852
1.407345306708929 5.629381226835716 12.59275
1.408055728368045 5.63222291347218 13.3335
1.408766150027161 5.635064600108644 14.07425
1.409476571686277 5.637906286745109 14.815
1.410186993345393 5.640747973381573 15.55575
1.410897415004509 5.643589660018037 16.2965
1.411607836663625 5.646431346654501 17.03725
1.412318258322741 5.649273033290966 17.778
1.413028679981857 5.65211471992743 18.51875
1.413739101640973 5.654956406563894 19.2595
1.41444952330009 5.657798093200358 20.00025
1.415159944959206 5.660639779836823 20.741
1.415870366618322 5.663481466473287 21.48175
1.416580788277438 5.666323153109752 22.2225
1.417291209936554 5.669164839746215 22.96325
1.41800163159567 5.67200652638268 23.704
1.418712053254786 5.674848213019144 24.44475
1.419422474913902 5.677689899655609 25.1855
1.420132896573018 5.680531586292073 25.92625
2.791246698667027 5.582493397334055 0.370375
2.791957120326144 5.583914240652287 0.7407499999999999
2.79266754198526 5.58533508397052 1.111125
2.793377963644375 5.586755927288752 1.4815
2.794088385303492 5.588176770606984 1.851875
2.794798806962608 5.589597613925216 2.22225
2.795509228621724 5.591018457243448 2.592625
2.79621965028084 5.59243930056168 2.963
2.796930071939956 5.593860143879913 3.333375
2.797640493599072 5.595280987198144 3.70375
2.798350915258188 5.596701830516377 4.074125
2.799061336917304 5.598122673834609 4.444500000000001
2.799771758576421 5.599543517152841 4.814875
2.800482180235536 5.600964360471073 5.18525
2.801192601894653 5.602385203789305 5.555625
2.801903023553769 5.603806047107538 5.925999999999999
2.802613445212885 5.60522689042577 6.296375
2.803323866872001 5.606647733744001 6.66675
2.804034288531117 5.608068577062234 7.037125
2.804744710190233 5.609489420380466 7.4075
2.805455131849349 5.610910263698698 7.777875000000001
2.806165553508465 5.61233110701693 8.148249999999999
2.806875975167581 5.613751950335162 8.518625
2.807586396826697 5.615172793653395 8.889000000000001
2.809007240144929 5.618014480289858 9.629749999999998
2.810428083463162 5.620856166926323 10.3705
2.811848926781394 5.623697853562788 11.11125
2.813269770099626 5.626539540199252 11.852
2.814690613417858 5.629381226835716 12.59275
2.81611145673609 5.63222291347218 13.3335
2.817532300054322 5.635064600108644 14.07425
2.818953143372554 5.637906286745109 14.815
2.820373986690786 5.640747973381573 15.55575
2.821794830009019 5.643589660018037 16.2965
2.823215673327251 5.646431346654501 17.03725
2.824636516645483 5.649273033290966 17.778
2.826057359963715 5.65211471992743 18.51875
2.827478203281947 5.654956406563894 19.2595
2.828899046600179 5.657798093200358 20.00025
2.830319889918412 5.660639779836823 20.741
2.831740733236643 5.663481466473287 21.48175
2.833161576554876 5.666323153109752 22.2225
2.834582419873108 5.669164839746215 22.96325
2.83600326319134 5.67200652638268 23.704
2.837424106509572 5.674848213019144 24.44475
2.838844949827804 5.677689899655609 25.1855
2.840265793146036 5.680531586292073 25.92625
4.186870048000541 5.582493397334055 0.370375
4.187935680489216 5.583914240652287 0.7407499999999999
4.18900131297789 5.58533508397052 1.111125
4.190066945466564 5.586755927288752 1.4815
4.191132577955238 5.588176770606984 1.851875
4.192198210443912 5.589597613925216 2.22225
4.193263842932586 5.591018457243448 2.592625
4.19432947542126 5.59243930056168 2.963
4.195395107909935 5.593860143879913 3.333375
4.196460740398608 5.595280987198144 3.70375
4.197526372887283 5.596701830516377 4.074125
4.198592005375956 5.598122673834609 4.444500000000001
4.199657637864631 5.599543517152841 4.814875
4.200723270353304 5.600964360471073 5.18525
4.201788902841979 5.602385203789305 5.555625
4.202854535330653 5.603806047107538 5.925999999999999
4.203920167819327 5.60522689042577 6.296375
4.204985800308001 5.606647733744001 6.66675
4.206051432796675 5.608068577062234 7.037125
4.20711706528535 5.609489420380466 7.4075
4.208182697774023 5.610910263698698 7.777875000000001
4.209248330262698 5.61233110701693 8.148249999999999
4.210313962751371 5.613751950335162 8.518625
4.211379595240047 5.615172793653395 8.889000000000001
4.213510860217394 5.618014480289858 9.629749999999998
4.215642125194742 5.620856166926323 10.3705
4.21777339017209 5.623697853562788 11.11125
4.219904655149438 5.626539540199252 11.852
4.222035920126787 5.629381226835716 12.59275
4.224167185104135 5.63222291347218 13.3335
4.226298450081483 5.635064600108644 14.07425
4.228429715058832 5.637906286745109 14.815
4.23056098003618 5.640747973381573 15.55575
4.232692245013528 5.643589660018037 16.2965
4.234823509990876 5.646431346654501 17.03725
4.236954774968224 5.649273033290966 17.778
4.239086039945573 5.65211471992743 18.51875
4.24121730492292 5.654956406563894 19.2595
4.243348569900268 5.657798093200358 20.00025
4.245479834877617 5.660639779836823 20.741
4.247611099854965 5.663481466473287 21.48175
4.249742364832314 5.666323153109752 22.2225
4.251873629809661 5.669164839746215 22.96325
4.25400489478701 5.67200652638268 23.704
4.256136159764358 5.674848213019144 24.44475
4.258267424741707 5.677689899655609 25.1855
4.260398689719055 5.680531586292073 25.92625
2 5 0 9
785
786
787
788
789
790
791
792
793
1.395268138503956 1.395268138503956 0
2.790536277007912 1.395268138503956 0
4.185804415511868 1.395268138503956 0
1.395268138503956 2.790536277007912 0
2.790536277007912 2.790536277007912 0
4.185804415511868 2.790536277007912 0
1.395268138503956 4.185804415511868 0
2.790536277007912 4.185804415511868 0
4.185804415511868 4.185804415511868 0
2 6 0 9
794
795
796
797
798
799
800
801
802
1.420843318232134 1.420843318232134 26.667
2.841686636464269 1.420843318232134 26.667
4.262529954696403 1.420843318232134 26.667
1.420843318232134 2.841686636464269 26.667
2.841686636464269 2.841686636464269 26.667
4.262529954696403 2.841686636464269 26.667
1.420843318232134 4.262529954696403 26.667
2.841686636464269 4.262529954696403 26.667
4.262529954696403 4.262529954696403 26.667
3 1 0 423
803
804
805
806
807
808
809
810
811
812
813
814
815
816
817
818
819
820
821
822
823
824
825
826
827
828
829
830
831
832
833
834
835
836
837
838
839
840
841
842
843
844
845
846
847
848
849
850
851
852
853
854
855
856
857
858
859
860
861
862
863
864
865
866
867
868
869
870
871
872
873
874
875
876
877
878
879
880
881
882
883
884
885
886
887
888
889
890
891
892
893
894
895
896
897
898
899
900
901
902
903
904
905
906
907
908
909
910
911
912
913
914
915
916
917
918
919
920
921
922
923
924
925
926
927
928
929
930
931
932
933
934
935
936
937
938
939
940
941
942
943
944
945
946
947
948
949
950
951
952
953
954
955
956
957
958
959
960
961
962
963
964
965
966
967
968
969
970
971
972
973
974
975
976
977
978
979
980
981
982
983
984
985
986
987
988
989
990
991
992
993
994
995
996
997
998
999
1000
1001
1002
1003
1004
1005
1006
1007
1008
1009
1010
1011
1012
1013
1014
1015
1016
1017
1018
1019
1020
1021
1022
1023
1024
1025
1026
1027
1028
1029
1030
1031
1032
1033
1034
1035
1036
1037
1038
1039
1040
1041
1042
1043
1044
1045
1046
1047
1048
1049
1050
1051
1052
1053
1054
1055
1056
1057
1058
1059
1060
1061
1062
1063
1064
1065
1066
1067
1068
1069
1070
1071
1072
1073
1074
1075
1076
1077
1078
1079
1080
1081
1082
1083
1084
1085
1086
1087
1088
1089
1090
1091
1092
1093
1094
1095
1096
1097
1098
1099
1100
1101
1102
1103
1104
1105
1106
1107
1108
1109
1110
1111
1112
1113
1114
1115
1116
1117
1118
1119
1120
1121
1122
1123
1124
1125
1126
1127
1128
1129
1130
1131
1132
1133
1134
1135
1136
1137
1138
1139
1140
1141
1142
1143
1144
1145
1146
1147
1148
1149
1150
1151
1152
1153
1154
1155
1156
1157
1158
1159
1160
1161
1162
1163
1164
1165
1166
1167
1168
1169
1170
1171
1172
1173
1174
1175
1176
1177
1178
1179
1180
1181
1182
1183
1184
1185
1186
1187
1188
1189
1190
1191
1192
1193
1194
1195
1196
1197
1198
1199
1200
1201
1202
1203
1204
1205
1206
1207
1208
1209
1210
1211
1212
1213
1214
1215
1216
1217
1218
1219
1220
1221
1222
1223
1224
1225
1.395623349333514 1.395623349333514 0.3703750000000001
2.791246698667027 1.395623349333514 0.3703749999999999
4.186870048000541 1.395623349333514 0.3703750000000001
1.395623349333514 2.791246698667027 0.3703750000000002
2.791246698667027 2.791246698667027 0.3703749999999999
4.186870048000541 2.791246698667027 0.3703750000000001
1.395623349333514 4.186870048000541 0.3703750000000001
2.791246698667027 4.186870048000541 0.3703749999999999
4.186870048000541 4.186870048000541 0.3703750000000001
1.395978560163072 1.395978560163072 0.7407500000000002
2.791957120326144 1.395978560163072 0.7407499999999998
4.187935680489216 1.395978560163072 0.7407500000000002
1.395978560163072 2.791957120326144 0.7407500000000004
2.791957120326144 2.791957120326144 0.7407499999999998
4.187935680489216 2.791957120326144 0.7407500000000002
1.395978560163072 4.187935680489216 0.7407500000000002
2.791957120326144 4.187935680489216 0.7407499999999998
4.187935680489216 4.187935680489216 0.7407500000000002
1.39633377099263 1.39633377099263 1.111125
2.79266754198526 1.39633377099263 1.111125
4.18900131297789 1.39633377099263 1.111125
1.39633377099263 2.79266754198526 1.111125
2.79266754198526 2.79266754198526 1.111125
4.18900131297789 2.79266754198526 1.111125
1.39633377099263 4.18900131297789 1.111125
2.79266754198526 4.18900131297789 1.111125
4.18900131297789 4.18900131297789 1.111125
1.396688981822188 1.396688981822188 1.4815
2.793377963644376 1.396688981822188 1.4815
4.190066945466564 1.396688981822188 1.4815
1.396688981822188 2.793377963644376 1.481500000000001
2.793377963644376 2.793377963644376 1.4815
4.190066945466564 2.793377963644376 1.4815
1.396688981822188 4.190066945466564 1.4815
2.793377963644376 4.190066945466564 1.4815
4.190066945466564 4.190066945466564 1.4815
1.397044192651746 1.397044192651746 1.851875
2.794088385303492 1.397044192651746 1.851874999999999
4.191132577955238 1.397044192651746 1.851875
1.397044192651746 2.794088385303492 1.851875
2.794088385303492 2.794088385303492 1.851874999999999
4.191132577955238 2.794088385303492 1.851875
1.397044192651746 4.191132577955238 1.851875000000001
2.794088385303492 4.191132577955238 1.851874999999999
4.191132577955238 4.191132577955238 1.851875
1.397399403481304 1.397399403481304 2.22225
2.794798806962608 1.397399403481304 2.22225
4.192198210443912 1.397399403481304 2.22225
1.397399403481304 2.794798806962608 2.22225
2.794798806962608 2.794798806962608 2.22225
4.192198210443912 2.794798806962608 2.22225
1.397399403481304 4.192198210443912 2.22225
2.794798806962608 4.192198210443912 2.22225
4.192198210443912 4.192198210443912 2.22225
1.397754614310862 1.397754614310862 2.592625
2.795509228621724 1.397754614310862 2.592624999999999
4.193263842932586 1.397754614310862 2.592625
1.397754614310862 2.795509228621724 2.592625
2.795509228621724 2.795509228621724 2.592624999999999
4.193263842932586 2.795509228621724 2.592625
1.397754614310862 4.193263842932586 2.592625
2.795509228621724 4.193263842932586 2.592624999999999
4.193263842932586 4.193263842932586 2.592625
1.39810982514042 1.39810982514042 2.963000000000001
2.79621965028084 1.39810982514042 2.962999999999999
4.19432947542126 1.39810982514042 2.963000000000001
1.39810982514042 2.79621965028084 2.963000000000001
2.79621965028084 2.79621965028084 2.962999999999999
4.19432947542126 2.79621965028084 2.963000000000001
1.39810982514042 4.19432947542126 2.963000000000001
2.79621965028084 4.19432947542126 2.962999999999999
4.19432947542126 4.19432947542126 2.963000000000001
1.398465035969978 1.398465035969978 3.333375
2.796930071939956 1.398465035969978 3.333375
4.195395107909935 1.398465035969978 3.333375
1.398465035969978 2.796930071939956 3.333375
2.796930071939956 2.796930071939956 3.333375
4.195395107909935 2.796930071939956 3.333375
1.398465035969978 4.195395107909935 3.333375
2.796930071939956 4.195395107909935 3.333375
4.195395107909935 4.195395107909935 3.333375
1.398820246799536 1.398820246799536 3.703750000000001
2.797640493599072 1.398820246799536 3.703749999999999
4.196460740398608 1.398820246799536 3.703750000000001
1.398820246799536 2.797640493599072 3.703750000000001
2.797640493599072 2.797640493599072 3.703749999999999
4.196460740398608 2.797640493599072 3.703750000000001
1.398820246799536 4.196460740398608 3.703750000000001
2.797640493599072 4.196460740398608 3.703749999999999
4.196460740398608 4.196460740398608 3.703750000000001
1.399175457629094 1.399175457629094 4.074125
2.798350915258188 1.399175457629094 4.074125000000001
4.197526372887283 1.399175457629094 4.074125000000001
1.399175457629094 2.798350915258188 4.074125
2.798350915258188 2.798350915258188 4.074125000000001
4.197526372887283 2.798350915258188 4.074125000000001
1.399175457629094 4.197526372887283 4.074125
2.798350915258188 4.197526372887283 4.074125000000001
4.197526372887283 4.197526372887283 4.074125000000001
1.399530668458652 1.399530668458652 4.444500000000001
2.799061336917304 1.399530668458652 4.444500000000001
4.198592005375956 1.399530668458652 4.444500000000001
1.399530668458652 2.799061336917304 4.444500000000001
2.799061336917304 2.799061336917304 4.444500000000001
4.198592005375956 2.799061336917304 4.444500000000001
1.399530668458652 4.198592005375956 4.444500000000001
2.799061336917304 4.198592005375956 4.444500000000001
4.198592005375956 4.198592005375956 4.444500000000001
1.39988587928821 1.39988587928821 4.814875000000002
2.799771758576421 1.39988587928821 4.814874999999998
4.199657637864631 1.39988587928821 4.814875000000001
1.39988587928821 2.799771758576421 4.814875000000002
2.799771758576421 2.799771758576421 4.814874999999998
4.199657637864631 2.799771758576421 4.814875000000002
1.39988587928821 4.199657637864631 4.814875000000003
2.799771758576421 4.199657637864631 4.814874999999998
4.199657637864631 4.199657637864631 4.814875000000002
1.400241090117768 1.400241090117768 5.18525
2.800482180235536 1.400241090117768 5.185249999999997
4.200723270353304 1.400241090117768 5.18525
1.400241090117768 2.800482180235536 5.18525
2.800482180235536 2.800482180235536 5.185249999999997
4.200723270353304 2.800482180235536 5.18525
1.400241090117768 4.200723270353304 5.18525
2.800482180235536 4.200723270353304 5.185249999999997
4.200723270353304 4.200723270353304 5.18525
1.400596300947326 1.400596300947326 5.555625
2.801192601894653 1.400596300947326 5.555625
4.201788902841979 1.400596300947326 5.555625
1.400596300947326 2.801192601894653 5.555625
2.801192601894653 2.801192601894653 5.555625
4.201788902841979 2.801192601894653 5.555625
1.400596300947326 4.201788902841979 5.555625
2.801192601894653 4.201788902841979 5.555625
4.201788902841979 4.201788902841979 5.555625
1.400951511776884 1.400951511776884 5.926000000000002
2.801903023553769 1.400951511776884 5.925999999999998
4.202854535330653 1.400951511776884 5.926000000000002
1.400951511776884 2.801903023553769 5.926000000000003
2.801903023553769 2.801903023553769 5.925999999999998
4.202854535330653 2.801903023553769 5.926000000000002
1.400951511776884 4.202854535330653 5.926000000000002
2.801903023553769 4.202854535330653 5.925999999999998
4.202854535330653 4.202854535330653 5.926000000000002
1.401306722606442 1.401306722606442 6.296375000000001
2.802613445212885 1.401306722606442 6.296374999999998
4.203920167819327 1.401306722606442 6.296375000000001
1.401306722606442 2.802613445212885 6.296375000000001
2.802613445212885 2.802613445212885 6.296374999999998
4.203920167819327 2.802613445212885 6.296375000000001
1.401306722606442 4.203920167819327 6.296375000000002
2.802613445212885 4.203920167819327 6.296374999999998
4.203920167819327 4.203920167819327 6.296375000000001
1.401661933436 1.401661933436 6.66675
2.803323866872001 1.401661933436 6.66675
4.204985800308001 1.401661933436 6.66675
1.401661933436 2.803323866872001 6.66675
2.803323866872001 2.803323866872001 6.66675
4.204985800308001 2.803323866872001 6.66675
1.401661933436 4.204985800308001 6.66675
2.803323866872001 4.204985800308001 6.66675
4.204985800308001 4.204985800308001 6.66675
1.402017144265558 1.402017144265558 7.037124999999999
2.804034288531117 1.402017144265558 7.037125000000002
4.206051432796675 1.402017144265558 7.037125000000002
1.402017144265558 2.804034288531117 7.037125
2.804034288531117 2.804034288531117 7.037125000000002
4.206051432796675 2.804034288531117 7.037125000000002
1.402017144265558 4.206051432796675 7.037124999999999
2.804034288531117 4.206051432796675 7.037125000000002
4.206051432796675 4.206051432796675 7.037125000000002
1.402372355095117 1.402372355095117 7.407500000000002
2.804744710190233 1.402372355095117 7.407499999999998
4.20711706528535 1.402372355095117 7.407500000000002
1.402372355095117 2.804744710190233 7.407500000000002
2.804744710190233 2.804744710190233 7.407499999999998
4.20711706528535 2.804744710190233 7.407500000000002
1.402372355095117 4.20711706528535 7.407500000000002
2.804744710190233 4.20711706528535 7.407499999999998
4.20711706528535 4.20711706528535 7.407500000000002
1.402727565924675 1.402727565924675 7.777875000000001
2.805455131849349 1.402727565924675 7.777875000000001
4.208182697774023 1.402727565924675 7.777875000000001
1.402727565924675 2.805455131849349 7.777875000000001
2.805455131849349 2.805455131849349 7.777875000000001
4.208182697774023 2.805455131849349 7.777875000000001
1.402727565924675 4.208182697774023 7.777875000000001
2.805455131849349 4.208182697774023 7.777875000000001
4.208182697774023 4.208182697774023 7.777875000000001
1.403082776754232 1.403082776754232 8.148249999999999
2.806165553508465 1.403082776754232 8.148250000000003
4.209248330262698 1.403082776754232 8.148250000000003
1.403082776754232 2.806165553508465 8.148249999999999
2.806165553508465 2.806165553508465 8.148250000000003
4.209248330262698 2.806165553508465 8.148250000000003
1.403082776754232 4.209248330262698 8.148249999999999
2.806165553508465 4.209248330262698 8.148250000000003
4.209248330262698 4.209248330262698 8.148250000000003
1.403437987583791 1.403437987583791 8.518625000000002
2.806875975167581 1.403437987583791 8.518624999999998
4.210313962751371 1.403437987583791 8.518625000000002
1.403437987583791 2.806875975167581 8.518625000000002
2.806875975167581 2.806875975167581 8.518624999999998
4.210313962751371 2.806875975167581 8.518625000000002
1.403437987583791 4.210313962751371 8.518625000000002
2.806875975167581 4.210313962751371 8.518624999999998
4.210313962751371 4.210313962751371 8.518625000000002
1.403793198413349 1.403793198413349 8.889000000000001
2.807586396826697 1.403793198413349 8.889000000000001
4.211379595240047 1.403793198413349 8.889000000000001
1.403793198413349 2.807586396826697 8.889000000000001
2.807586396826697 2.807586396826697 8.889000000000001
4.211379595240047 2.807586396826697 8.889000000000001
1.403793198413349 4.211379595240047 8.889000000000001
2.807586396826697 4.211379595240047 8.889000000000001
4.211379595240047 4.211379595240047 8.889000000000001
1.404503620072465 1.404503620072465 9.629749999999998
2.809007240144929 1.404503620072465 9.629749999999991
4.213510860217394 1.404503620072465 9.629749999999998
1.404503620072465 2.809007240144929 9.629749999999998
2.809007240144929 2.809007240144929 9.629749999999991
4.213510860217394 2.809007240144929 9.629749999999998
1.404503620072465 4.213510860217394 9.629749999999998
2.809007240144929 4.213510860217394 9.629749999999991
4.213510860217394 4.213510860217394 9.629749999999998
1.405214041731581 1.405214041731581 10.37050000000001
2.810428083463162 1.405214041731581 10.37049999999999
4.215642125194742 1.405214041731581 10.3705
1.405214041731581 2.810428083463162 10.37050000000001
2.810428083463162 2.810428083463162 10.37049999999999
4.215642125194742 2.810428083463162 10.37050000000001
1.405214041731581 4.215642125194742 10.37050000000001
2.810428083463162 4.215642125194742 10.37049999999999
4.215642125194742 4.215642125194742 10.37050000000001
1.405924463390697 1.405924463390697 11.11125
2.811848926781394 1.405924463390697 11.11125
4.21777339017209 1.405924463390697 11.11125
1.405924463390697 2.811848926781394 11.11125
2.811848926781394 2.811848926781394 11.11125
4.21777339017209 2.811848926781394 11.11125
1.405924463390697 4.21777339017209 11.11125
2.811848926781394 4.21777339017209 11.11125
4.21777339017209 4.21777339017209 11.11125
1.406634885049813 1.406634885049813 11.852
2.813269770099626 1.406634885049813 11.85199999999999
4.219904655149438 1.406634885049813 11.852
1.406634885049813 2.813269770099626 11.852
2.813269770099626 2.813269770099626 11.85199999999999
4.219904655149438 2.813269770099626 11.852
1.406634885049813 4.219904655149438 11.852
2.813269770099626 4.219904655149438 11.85199999999999
4.219904655149438 4.219904655149438 11.852
1.407345306708929 1.407345306708929 12.59275000000001
2.814690613417858 1.407345306708929 12.59274999999999
4.222035920126787 1.407345306708929 12.59275
1.407345306708929 2.814690613417858 12.59275000000001
2.814690613417858 2.814690613417858 12.59274999999999
4.222035920126787 2.814690613417858 12.59275000000001
1.407345306708929 4.222035920126787 12.59275000000001
2.814690613417858 4.222035920126787 12.59274999999999
4.222035920126787 4.222035920126787 12.59275000000001
1.408055728368045 1.408055728368045 13.3335
2.81611145673609 1.408055728368045 13.3335
4.224167185104135 1.408055728368045 13.3335
1.408055728368045 2.81611145673609 13.3335
2.81611145673609 2.81611145673609 13.3335
4.224167185104135 2.81611145673609 13.3335
1.408055728368045 4.224167185104135 13.3335
2.81611145673609 4.224167185104135 13.3335
4.224167185104135 4.224167185104135 13.3335
1.408766150027161 1.408766150027161 14.07425
2.817532300054322 1.408766150027161 14.07424999999999
4.226298450081483 1.408766150027161 14.07425
1.408766150027161 2.817532300054322 14.07425
2.817532300054322 2.817532300054322 14.07424999999999
4.226298450081483 2.817532300054322 14.07425
1.408766150027161 4.226298450081483 14.07425
2.817532300054322 4.226298450081483 14.07424999999999
4.226298450081483 4.226298450081483 14.07425
1.409476571686277 1.409476571686277 14.81500000000001
2.818953143372554 1.409476571686277 14.81499999999999
4.228429715058832 1.409476571686277 14.81500000000001
1.409476571686277 2.818953143372554 14.81500000000001
2.818953143372554 2.818953143372554 14.81499999999999
4.228429715058832 2.818953143372554 14.81500000000001
1.409476571686277 4.228429715058832 14.81500000000001
2.818953143372554 4.228429715058832 14.81499999999999
4.228429715058832 4.228429715058832 14.81500000000001
1.410186993345393 1.410186993345393 15.55575
2.820373986690786 1.410186993345393 15.55575
4.23056098003618 1.410186993345393 15.55575
1.410186993345393 2.820373986690786 15.55575
2.820373986690786 2.820373986690786 15.55575
4.23056098003618 2.820373986690786 15.55575
1.410186993345393 4.23056098003618 15.55575
2.820373986690786 4.23056098003618 15.55575
4.23056098003618 4.23056098003618 15.55575
1.410897415004509 1.410897415004509 16.29650000000001
2.821794830009019 1.410897415004509 16.29649999999999
4.232692245013528 1.410897415004509 16.29650000000001
1.410897415004509 2.821794830009019 16.29650000000001
2.821794830009019 2.821794830009019 16.29649999999999
4.232692245013528 2.821794830009019 16.29650000000001
1.410897415004509 4.232692245013528 16.29650000000001
2.821794830009019 4.232692245013528 16.29649999999999
4.232692245013528 4.232692245013528 16.29650000000001
1.411607836663625 1.411607836663625 17.03724999999999
2.823215673327251 1.411607836663625 17.03725000000001
4.234823509990876 1.411607836663625 17.03725000000001
1.411607836663625 2.823215673327251 17.03725
2.823215673327251 2.823215673327251 17.03725000000001
4.234823509990876 2.823215673327251 17.03725000000001
1.411607836663625 4.234823509990876 17.03724999999999
2.823215673327251 4.234823509990876 17.03725000000001
4.234823509990876 4.234823509990876 17.03725000000001
1.412318258322741 1.412318258322741 17.778
2.824636516645483 1.412318258322741 17.778
4.236954774968224 1.412318258322741 17.778
1.412318258322741 2.824636516645483 17.778
2.824636516645483 2.824636516645483 17.778
4.236954774968224 2.824636516645483 17.778
1.412318258322741 4.236954774968224 17.778
2.824636516645483 4.236954774968224 17.778
4.236954774968224 4.236954774968224 17.778
1.413028679981857 1.413028679981857 18.51875000000001
2.826057359963715 1.413028679981857 18.51874999999999
4.239086039945573 1.413028679981857 18.51875000000001
1.413028679981857 2.826057359963715 18.51875000000001
2.826057359963715 2.826057359963715 18.51874999999999
4.239086039945573 2.826057359963715 18.51875000000001
1.413028679981857 4.239086039945573 18.51875000000001
2.826057359963715 4.239086039945573 18.51874999999999
4.239086039945573 4.239086039945573 18.51875000000001
1.413739101640973 1.413739101640973 19.25949999999999
2.827478203281947 1.413739101640973 19.25950000000001
4.24121730492292 1.413739101640973 19.25950000000001
1.413739101640973 2.827478203281947 19.2595
2.827478203281947 2.827478203281947 19.25950000000001
4.24121730492292 2.827478203281947 19.25950000000001
1.413739101640973 4.24121730492292 19.25949999999999
2.827478203281947 4.24121730492292 19.25950000000001
4.24121730492292 4.24121730492292 19.25950000000001
1.41444952330009 1.41444952330009 20.00025
2.828899046600179 1.41444952330009 20.00025
4.243348569900268 1.41444952330009 20.00025
1.41444952330009 2.828899046600179 20.00025
2.828899046600179 2.828899046600179 20.00025
4.243348569900268 2.828899046600179 20.00025
1.41444952330009 4.243348569900268 20.00025
2.828899046600179 4.243348569900268 20.00025
4.243348569900268 4.243348569900268 20.00025
1.415159944959206 1.415159944959206 20.74100000000001
2.830319889918412 1.415159944959206 20.74099999999999
4.245479834877617 1.415159944959206 20.74100000000001
1.415159944959206 2.830319889918412 20.74100000000001
2.830319889918412 2.830319889918412 20.74099999999999
4.245479834877617 2.830319889918412 20.74100000000001
1.415159944959206 4.245479834877617 20.74100000000001
2.830319889918412 4.245479834877617 20.74099999999999
4.245479834877617 4.245479834877617 20.74100000000001
1.415870366618322 1.415870366618322 21.48174999999999
2.831740733236643 1.415870366618322 21.48175000000001
4.247611099854965 1.415870366618322 21.48175000000001
1.415870366618322 2.831740733236643 21.48175
2.831740733236643 2.831740733236643 21.48175000000001
4.247611099854965 2.831740733236643 21.48175000000001
1.415870366618322 4.247611099854965 21.48174999999999
2.831740733236643 4.247611099854965 21.48175000000001
4.247611099854965 4.247611099854965 21.48175000000001
1.416580788277438 1.416580788277438 22.2225
2.833161576554876 1.416580788277438 22.2225
4.249742364832314 1.416580788277438 22.2225
1.416580788277438 2.833161576554876 22.2225
2.833161576554876 2.833161576554876 22.2225
4.249742364832314 2.833161576554876 22.2225
1.416580788277438 4.249742364832314 22.2225
2.833161576554876 4.249742364832314 22.2225
4.249742364832314 4.249742364832314 22.2225
1.417291209936554 1.417291209936554 22.96325000000001
2.834582419873108 1.417291209936554 22.96324999999999
4.251873629809661 1.417291209936554 22.96325000000001
1.417291209936554 2.834582419873108 22.96325000000001
2.834582419873108 2.834582419873108 22.96324999999999
4.251873629809661 2.834582419873108 22.96325000000001
1.417291209936554 4.251873629809661 22.96325000000001
2.834582419873108 4.251873629809661 22.96324999999999
4.251873629809661 4.251873629809661 22.96325000000001
1.41800163159567 1.41800163159567 23.70399999999999
2.83600326319134 1.41800163159567 23.70400000000001
4.25400489478701 1.41800163159567 23.70400000000001
1.41800163159567 2.83600326319134 23.704
2.83600326319134 2.83600326319134 23.70400000000001
4.25400489478701 2.83600326319134 23.70400000000001
1.41800163159567 4.25400489478701 23.70399999999999
2.83600326319134 4.25400489478701 23.70400000000001
4.25400489478701 4.25400489478701 23.70400000000001
1.418712053254786 1.418712053254786 24.44475
2.837424106509572 1.418712053254786 24.44475
4.256136159764358 1.418712053254786 24.44475
1.418712053254786 2.837424106509572 24.44475
2.837424106509572 2.837424106509572 24.44475
4.256136159764358 2.837424106509572 24.44475
1.418712053254786 4.256136159764358 24.44475
2.837424106509572 4.256136159764358 24.44475
4.256136159764358 4.256136159764358 24.44475
1.419422474913902 1.419422474913902 25.1855
2.838844949827804 1.419422474913902 25.18549999999999
4.258267424741707 1.419422474913902 25.1855
1.419422474913902 2.838844949827804 25.1855
2.838844949827804 2.838844949827804 25.18549999999999
4.258267424741707 2.838844949827804 25.1855
1.419422474913902 4.258267424741707 25.18550000000001
2.838844949827804 4.258267424741707 25.18549999999999
4.258267424741707 4.258267424741707 25.1855
1.420132896573018 1.420132896573018 25.92624999999999
2.840265793146036 1.420132896573018 25.92625000000001
4.260398689719055 1.420132896573018 25.92625000000001
1.420132896573018 2.840265793146036 25.92625
2.840265793146036 2.840265793146036 25.92625000000001
4.260398689719055 2.840265793146036 25.92625000000001
1.420132896573018 4.260398689719055 25.92624999999999
2.840265793146036 4.260398689719055 25.92625000000001
4.260398689719055 4.260398689719055 25.92625000000001
$EndNodes
$Elements
8 1569 1 1569
0 6 15 1
1 6
2 1 3 192
2 2 9 221 106
3 106 221 222 107
4 107 222 223 108
5 108 223 59 4
6 9 10 224 221
7 221 224 225 222
8 222 225 226 223
9 223 226 60 59
10 10 11 227 224
11 224 227 228 225
12 225 228 229 226
13 226 229 61 60
14 11 12 230 227
15 227 230 231 228
16 228 231 232 229
17 229 232 62 61
18 12 13 233 230
19 230 233 234 231
20 231 234 235 232
21 232 235 63 62
22 13 14 236 233
23 233 236 237 234
24 234 237 238 235
25 235 238 64 63
26 14 15 239 236
27 236 239 240 237
28 237 240 241 238
29 238 241 65 64
30 15 16 242 239
31 239 242 243 240
32 240 243 244 241
33 241 244 66 65
34 16 17 245 242
35 242 245 246 243
36 243 246 247 244
37 244 247 67 66
38 17 18 248 245
39 245 248 249 246
40 246 249 250 247
41 247 250 68 67
42 18 19 251 248
43 248 251 252 249
44 249 252 253 250
45 250 253 69 68
46 19 20 254 251
47 251 254 255 252
48 252 255 256 253
49 253 256 70 69
50 20 21 257 254
51 254 257 258 255
52 255 258 259 256
53 256 259 71 70
54 21 22 260 257
55 257 260 261 258
56 258 261 262 259
57 259 262 72 71
58 22 23 263 260
59 260 263 264 261
60 261 264 265 262
61 262 265 73 72
62 23 24 266 263
63 263 266 267 264
64 264 267 268 265
65 265 268 74 73
66 24 25 269 266
67 266 269 270 267
68 267 270 271 268
69 268 271 75 74
70 25 26 272 269
71 269 272 273 270
72 270 273 274 271
73 271 274 76 75
74 26 27 275 272
75 272 275 276 273
76 273 276 277 274
77 274 277 77 76
78 27 28 278 275
79 275 278 279 276
80 276 279 280 277
81 277 280 78 77
82 28 29 281 278
83 278 281 282 279
84 279 282 283 280
85 280 283 79 78
86 29 30 284 281
87 281 284 285 282
88 282 285 286 283
89 283 286 80 79
90 30 31 287 284
91 284 287 288 285
92 285 288 289 286
93 286 289 81 80
94 31 32 290 287
95 287 290 291 288
96 288 291 292 289
97 289 292 82 81
98 32 33 293 290
99 290 293 294 291
100 291 294 295 292
101 292 295 83 82
102 33 34 296 293
103 293 296 297 294
104 294 297 298 295
105 295 298 84 83
106 34 35 299 296
107 296 299 300 297
108 297 300 301 298
109 298 301 85 84
110 35 36 302 299
111 299 302 303 300
112 300 303 304 301
113 301 304 86 85
114 36 37 305 302
115 302 305 306 303
116 303 306 307 304
117 304 307 87 86
118 37 38 308 305
119 305 308 309 306
120 306 309 310 307
121 307 310 88 87
122 38 39 311 308
123 308 311 312 309
124 309 312 313 310
125 310 313 89 88
126 39 40 314 311
127 311 314 315 312
128 312 315 316 313
129 313 316 90 89
130 40 41 317 314
131 314 317 318 315
132 315 318 319 316
133 316 319 91 90
134 41 42 320 317
135 317 320 321 318
136 318 321 322 319
137 319 322 92 91
138 42 43 323 320
139 320 323 324 321
140 321 324 325 322
141 322 325 93 92
142 43 44 326 323
143 323 326 327 324
144 324 327 328 325
145 325 328 94 93
146 44 45 329 326
147 326 329 330 327
148 327 330 331 328
149 328 331 95 94
150 45 46 332 329
151 329 332 333 330
152 330 333 334 331
153 331 334 96 95
154 46 47 335 332
155 332 335 336 333
156 333 336 337 334
157 334 337 97 96
158 47 48 338 335
159 335 338 339 336
160 336 339 340 337
161 337 340 98 97
162 48 49 341 338
163 338 341 342 339
164 339 342 343 340
165 340 343 99 98
166 49 50 344 341
167 341 344 345 342
168 342 345 346 343
169 343 346 100 99
170 50 51 347 344
171 344 347 348 345
172 345 348 349 346
173 346 349 101 100
174 51 52 350 347
175 347 350 351 348
176 348 351 352 349
177 349 352 102 101
178 52 53 353 350
179 350 353 354 351
180 351 354 355 352
181 352 355 103 102
182 53 54 356 353
183 353 356 357 354
184 354 357 358 355
185 355 358 104 103
186 54 55 359 356
187 356 359 360 357
188 357 360 361 358
189 358 361 105 104
190 55 1 56 359
191 359 56 57 360
192 360 57 58 361
193 361 58 3 105
2 2 3 192
194 6 206 362 109
195 206 207 363 362
196 207 208 364 363
197 208 8 159 364
198 109 362 365 110
199 362 363 366 365
200 363 364 367 366
201 364 159 160 367
202 110 365 368 111
203 365 366 369 368
204 366 367 370 369
205 367 160 161 370
206 111 368 371 112
207 368 369 372 371
208 369 370 373 372
209 370 161 162 373
210 112 371 374 113
211 371 372 375 374
212 372 373 376 375
213 373 162 163 376
214 113 374 377 114
215 374 375 378 377
216 375 376 379 378
217 376 163 164 379
218 114 377 380 115
219 377 378 381 380
220 378 379 382 381
221 379 164 165 382
222 115 380 383 116
223 380 381 384 383
224 381 382 385 384
225 382 165 166 385
226 116 383 386 117
227 383 384 387 386
228 384 385 388 387
229 385 166 167 388
230 117 386 389 118
231 386 387 390 389
232 387 388 391 390
233 388 167 168 391
234 118 389 392 119
235 389 390 393 392
236 390 391 394 393
237 391 168 169 394
238 119 392 395 120
239 392 393 396 395
240 393 394 397 396
241 394 169 170 397
242 120 395 398 121
243 395 396 399 398
244 396 397 400 399
245 397 170 171 400
246 121 398 401 122
247 398 399 402 401
248 399 400 403 402
249 400 171 172 403
250 122 401 404 123
251 401 402 405 404
252 402 403 406 405
253 403 172 173 406
254 123 404 407 124
255 404 405 408 407
256 405 406 409 408
257 406 173 174 409
258 124 407 410 125
259 407 408 411 410
260 408 409 412 411
261 409 174 175 412
262 125 410 413 126
263 410 411 414 413
264 411 412 415 414
265 412 175 176 415
266 126 413 416 127
267 413 414 417 416
268 414 415 418 417
269 415 176 177 418
270 127 416 419 128
271 416 417 420 419
272 417 418 421 420
273 418 177 178 421
274 128 419 422 129
275 419 420 423 422
276 420 421 424 423
277 421 178 179 424
278 129 422 425 130
279 422 423 426 425
280 423 424 427 426
281 424 179 180 427
282 130 425 428 131
283 425 426 429 428
284 426 427 430 429
285 427 180 181 430
286 131 428 431 132
287 428 429 432 431
288 429 430 433 432
289 430 181 182 433
290 132 431 434 133
291 431 432 435 434
292 432 433 436 435
293 433 182 183 436
294 133 434 437 134
295 434 435 438 437
296 435 436 439 438
297 436 183 184 439
298 134 437 440 135
299 437 438 441 440
300 438 439 442 441
301 439 184 185 442
302 135 440 443 136
303 440 441 444 443
304 441 442 445 444
305 442 185 186 445
306 136 443 446 137
307 443 444 447 446
308 444 445 448 447
309 445 186 187 448
310 137 446 449 138
311 446 447 450 449
312 447 448 451 450
313 448 187 188 451
314 138 449 452 139
315 449 450 453 452
316 450 451 454 453
317 451 188 189 454
318 139 452 455 140
319 452 453 456 455
320 453 454 457 456
321 454 189 190 457
322 140 455 458 141
323 455 456 459 458
324 456 457 460 459
325 457 190 191 460
326 141 458 461 142
327 458 459 462 461
328 459 460 463 462
329 460 191 192 463
330 142 461 464 143
331 461 462 465 464
332 462 463 466 465
333 463 192 193 466
334 143 464 467 144
335 464 465 468 467
336 465 466 469 468
337 466 193 194 469
338 144 467 470 145
339 467 468 471 470
340 468 469 472 471
341 469 194 195 472
342 145 470 473 146
343 470 471 474 473
344 471 472 475 474
345 472 195 196 475
346 146 473 476 147
347 473 474 477 476
348 474 475 478 477
349 475 196 197 478
350 147 476 479 148
351 476 477 480 479
352 477 478 481 480
353 478 197 198 481
354 148 479 482 149
355 479 480 483 482
356 480 481 484 483
357 481 198 199 484
358 149 482 485 150
359 482 483 486 485
360 483 484 487 486
361 484 199 200 487
362 150 485 488 151
363 485 486 489 488
364 486 487 490 489
365 487 200 201 490
366 151 488 491 152
367 488 489 492 491
368 489 490 493 492
369 490 201 202 493
370 152 491 494 153
371 491 492 495 494
372 492 493 496 495
373 493 202 203 496
374 153 494 497 154
375 494 495 498 497
376 495 496 499 498
377 496 203 204 499
378 154 497 500 155
379 497 498 501 500
380 498 499 502 501
381 499 204 205 502
382 155 500 156 5
383 500 501 157 156
384 501 502 158 157
385 502 205 7 158
2 3 3 192
386 2 209 503 9
387 9 503 504 10
388 10 504 505 11
389 11 505 506 12
390 12 506 507 13
391 13 507 508 14
392 14 508 509 15
393 15 509 510 16
394 16 510 511 17
395 17 511 512 18
396 18 512 513 19
397 19 513 514 20
398 20 514 515 21
399 21 515 516 22
400 22 516 517 23
401 23 517 518 24
402 24 518 519 25
403 25 519 520 26
404 26 520 521 27
405 27 521 522 28
406 28 522 523 29
407 29 523 524 30
408 30 524 525 31
409 31 525 526 32
410 32 526 527 33
411 33 527 528 34
412 34 528 529 35
413 35 529 530 36
414 36 530 531 37
415 37 531 532 38
416 38 532 533 39
417 39 533 534 40
418 40 534 535 41
419 41 535 536 42
420 42 536 537 43
421 43 537 538 44
422 44 538 539 45
423 45 539 540 46
424 46 540 541 47
425 47 541 542 48
426 48 542 543 49
427 49 543 544 50
428 50 544 545 51
429 51 545 546 52
430 52 546 547 53
431 53 547 548 54
432 54 548 549 55
433 55 549 212 1
434 209 210 550 503
435 503 550 551 504
436 504 551 552 505
437 505 552 553 506
438 506 553 554 507
439 507 554 555 508
440 508 555 556 509
441 509 556 557 510
442 510 557 558 511
443 511 558 559 512
444 512 559 560 513
445 513 560 561 514
446 514 561 562 515
447 515 562 563 516
448 516 563 564 517
449 517 564 565 518
450 518 565 566 519
451 519 566 567 520
452 520 567 568 521
453 521 568 569 522
454 522 569 570 523
455 523 570 571 524
456 524 571 572 525
457 525 572 573 526
458 526 573 574 527
459 527 574 575 528
460 528 575 576 529
461 529 576 577 530
462 530 577 578 531
463 531 578 579 532
464 532 579 580 533
465 533 580 581 534
466 534 581 582 535
467 535 582 583 536
468 536 583 584 537
469 537 584 585 538
470 538 585 586 539
471 539 586 587 540
472 540 587 588 541
473 541 588 589 542
474 542 589 590 543
475 543 590 591 544
476 544 591 592 545
477 545 592 593 546
478 546 593 594 547
479 547 594 595 548
480 548 595 596 549
481 549 596 213 212
482 210 211 597 550
483 550 597 598 551
484 551 598 599 552
485 552 599 600 553
486 553 600 601 554
487 554 601 602 555
488 555 602 603 556
489 556 603 604 557
490 557 604 605 558
491 558 605 606 559
492 559 606 607 560
493 560 607 608 561
494 561 608 609 562
495 562 609 610 563
496 563 610 611 564
497 564 611 612 565
498 565 612 613 566
499 566 613 614 567
500 567 614 615 568
501 568 615 616 569
502 569 616 617 570
503 570 617 618 571
504 571 618 619 572
505 572 619 620 573
506 573 620 621 574
507 574 621 622 575
508 575 622 623 576
509 576 623 624 577
510 577 624 625 578
511 578 625 626 579
512 579 626 627 580
513 580 627 628 581
514 581 628 629 582
515 582 629 630 583
516 583 630 631 584
517 584 631 632 585
518 585 632 633 586
519 586 633 634 587
520 587 634 635 588
521 588 635 636 589
522 589 636 637 590
523 590 637 638 591
524 591 638 639 592
525 592 639 640 593
526 593 640 641 594
527 594 641 642 595
528 595 642 643 596
529 596 643 214 213
530 211 6 109 597
531 597 109 110 598
532 598 110 111 599
533 599 111 112 600
534 600 112 113 601
535 601 113 114 602
536 602 114 115 603
537 603 115 116 604
538 604 116 117 605
539 605 117 118 606
540 606 118 119 607
541 607 119 120 608
542 608 120 121 609
543 609 121 122 610
544 610 122 123 611
545 611 123 124 612
546 612 124 125 613
547 613 125 126 614
548 614 126 127 615
549 615 127 128 616
550 616 128 129 617
551 617 129 130 618
552 618 130 131 619
553 619 131 132 620
554 620 132 133 621
555 621 133 134 622
556 622 134 135 623
557 623 135 136 624
558 624 136 137 625
559 625 137 138 626
560 626 138 139 627
561 627 139 140 628
562 628 140 141 629
563 629 141 142 630
564 630 142 143 631
565 631 143 144 632
566 632 144 145 633
567 633 145 146 634
568 634 146 147 635
569 635 147 148 636
570 636 148 149 637
571 637 149 150 638
572 638 150 151 639
573 639 151 152 640
574 640 152 153 641
575 641 153 154 642
576 642 154 155 643
577 643 155 5 214
2 4 3 192
578 4 59 644 215
579 59 60 645 644
580 60 61 646 645
581 61 62 647 646
582 62 63 648 647
583 63 64 649 648
584 64 65 650 649
585 65 66 651 650
586 66 67 652 651
587 67 68 653 652
588 68 69 654 653
589 69 70 655 654
590 70 71 656 655
591 71 72 657 656
592 72 73 658 657
593 73 74 659 658
594 74 75 660 659
595 75 76 661 660
596 76 77 662 661
597 77 78 663 662
598 78 79 664 663
599 79 80 665 664
600 80 81 666 665
601 81 82 667 666
602 82 83 668 667
603 83 84 669 668
604 84 85 670 669
605 85 86 671 670
606 86 87 672 671
607 87 88 673 672
608 88 89 674 673
609 89 90 675 674
610 90 91 676 675
611 91 92 677 676
612 92 93 678 677
613 93 94 679 678
614 94 95 680 679
615 95 96 681 680
616 96 97 682 681
617 97 98 683 682
618 98 99 684 683
619 99 100 685 684
620 100 101 686 685
621 101 102 687 686
622 102 103 688 687
623 103 104 689 688
624 104 105 690 689
625 105 3 218 690
626 215 644 691 216
627 644 645 692 691
628 645 646 693 692
629 646 647 694 693
630 647 648 695 694
631 648 649 696 695
632 649 650 697 696
633 650 651 698 697
634 651 652 699 698
635 652 653 700 699
636 653 654 701 700
637 654 655 702 701
638 655 656 703 702
639 656 657 704 703
640 657 658 705 704
641 658 659 706 705
642 659 660 707 706
643 660 661 708 707
644 661 662 709 708
645 662 663 710 709
646 663 664 711 710
647 664 665 712 711
648 665 666 713 712
649 666 667 714 713
650 667 668 715 714
651 668 669 716 715
652 669 670 717 716
653 670 671 718 717
654 671 672 719 718
655 672 673 720 719
656 673 674 721 720
657 674 675 722 721
658 675 676 723 722
659 676 677 724 723
660 677 678 725 724
661 678 679 726 725
662 679 680 727 726
663 680 681 728 727
664 681 682 729 728
665 682 683 730 729
666 683 684 731 730
667 684 685 732 731
668 685 686 733 732
669 686 687 734 733
670 687 688 735 734
671 688 689 736 735
672 689 690 737 736
673 690 218 219 737
674 216 691 738 217
675 691 692 739 738
676 692 693 740 739
677 693 694 741 740
678 694 695 742 741
679 695 696 743 742
680 696 697 744 743
681 697 698 745 744
682 698 699 746 745
683 699 700 747 746
684 700 701 748 747
685 701 702 749 748
686 702 703 750 749
687 703 704 751 750
688 704 705 752 751
689 705 706 753 752
690 706 707 754 753
691 707 708 755 754
692 708 709 756 755
693 709 710 757 756
694 710 711 758 757
695 711 712 759 758
696 712 713 760 759
697 713 714 761 760
698 714 715 762 761
699 715 716 763 762
700 716 717 764 763
701 717 718 765 764
702 718 719 766 765
703 719 720 767 766
704 720 721 768 767
705 721 722 769 768
706 722 723 770 769
707 723 724 771 770
708 724 725 772 771
709 725 726 773 772
710 726 727 774 773
711 727 728 775 774
712 728 729 776 775
713 729 730 777 776
714 730 731 778 777
715 731 732 779 778
716 732 733 780 779
717 733 734 781 780
718 734 735 782 781
719 735 736 783 782
720 736 737 784 783
721 737 219 220 784
722 217 738 159 8
723 738 739 160 159
724 739 740 161 160
725 740 741 162 161
726 741 742 163 162
727 742 743 164 163
728 743 744 165 164
729 744 745 166 165
730 745 746 167 166
731 746 747 168 167
732 747 748 169 168
733 748 749 170 169
734 749 750 171 170
735 750 751 172 171
736 751 752 173 172
737 752 753 174 173
738 753 754 175 174
739 754 755 176 175
740 755 756 177 176
741 756 757 178 177
742 757 758 179 178
743 758 759 180 179
744 759 760 181 180
745 760 761 182 181
746 761 762 183 182
747 762 763 184 183
748 763 764 185 184
749 764 765 186 185
750 765 766 187 186
751 766 767 188 187
752 767 768 189 188
753 768 769 190 189
754 769 770 191 190
755 770 771 192 191
756 771 772 193 192
757 772 773 194 193
758 773 774 195 194
759 774 775 196 195
760 775 776 197 196
761 776 777 198 197
762 777 778 199 198
763 778 779 200 199
764 779 780 201 200
765 780 781 202 201
766 781 782 203 202
767 782 783 204 203
768 783 784 205 204
769 784 220 7 205
2 5 3 16
770 2 106 785 209
771 209 785 786 210
772 210 786 787 211
773 211 787 206 6
774 106 107 788 785
775 785 788 789 786
776 786 789 790 787
777 787 790 207 206
778 107 108 791 788
779 788 791 792 789
780 789 792 793 790
781 790 793 208 207
782 108 4 215 791
783 791 215 216 792
784 792 216 217 793
785 793 217 8 208
2 6 3 16
786 1 212 794 56
787 212 213 795 794
788 213 214 796 795
789 214 5 156 796
790 56 794 797 57
791 794 795 798 797
792 795 796 799 798
793 796 156 157 799
794 57 797 800 58
795 797 798 801 800
796 798 799 802 801
797 799 157 158 802
798 58 800 218 3
799 800 801 219 218
800 801 802 220 219
801 802 158 7 220
3 1 5 768
802 221 9 2 106 803 503 209 785
803 803 503 209 785 804 550 210 786
804 804 550 210 786 805 597 211 787
805 805 597 211 787 362 109 6 206
806 222 221 106 107 806 803 785 788
807 806 803 785 788 807 804 786 789
808 807 804 786 789 808 805 787 790
809 808 805 787 790 363 362 206 207
810 223 222 107 108 809 806 788 791
811 809 806 788 791 810 807 789 792
812 810 807 789 792 811 808 790 793
813 811 808 790 793 364 363 207 208
814 59 223 108 4 644 809 791 215
815 644 809 791 215 691 810 792 216
816 691 810 792 216 738 811 793 217
817 738 811 793 217 159 364 208 8
818 224 10 9 221 812 504 503 803
819 812 504 503 803 813 551 550 804
820 813 551 550 804 814 598 597 805
821 814 598 597 805 365 110 109 362
822 225 224 221 222 815 812 803 806
823 815 812 803 806 816 813 804 807
824 816 813 804 807 817 814 805 808
825 817 814 805 808 366 365 362 363
826 226 225 222 223 818 815 806 809
827 818 815 806 809 819 816 807 810
828 819 816 807 810 820 817 808 811
829 820 817 808 811 367 366 363 364
830 60 226 223 59 645 818 809 644
831 645 818 809 644 692 819 810 691
832 692 819 810 691 739 820 811 738
833 739 820 811 738 160 367 364 159
834 227 11 10 224 821 505 504 812
835 821 505 504 812 822 552 551 813
836 822 552 551 813 823 599 598 814
837 823 599 598 814 368 111 110 365
838 228 227 224 225 824 821 812 815
839 824 821 812 815 825 822 813 816
840 825 822 813 816 826 823 814 817
841 826 823 814 817 369 368 365 366
842 229 228 225 226 827 824 815 818
843 827 824 815 818 828 825 816 819
844 828 825 816 819 829 826 817 820
845 829 826 817 820 370 369 366 367
846 61 229 226 60 646 827 818 645
847 646 827 818 645 693 828 819 692
848 693 828 819 692 740 829 820 739
849 740 829 820 739 161 370 367 160
850 230 12 11 227 830 506 505 821
851 830 506 505 821 831 553 552 822
852 831 553 552 822 832 600 599 823
853 832 600 599 823 371 112 111 368
854 231 230 227 228 833 830 821 824
855 833 830 821 824 834 831 822 825
856 834 831 822 825 835 832 823 826
857 835 832 823 826 372 371 368 369
858 232 231 228 229 836 833 824 827
859 836 833 824 827 837 834 825 828
860 837 834 825 828 838 835 826 829
861 838 835 826 829 373 372 369 370
862 62 232 229 61 647 836 827 646
863 647 836 827 646 694 837 828 693
864 694 837 828 693 741 838 829 740
865 741 838 829 740 162 373 370 161
866 233 13 12 230 839 507 506 830
867 839 507 506 830 840 554 553 831
868 840 554 553 831 841 601 600 832
869 841 601 600 832 374 113 112 371
870 234 233 230 231 842 839 830 833
871 842 839 830 833 843 840 831 834
872 843 840 831 834 844 841 832 835
873 844 841 832 835 375 374 371 372
874 235 234 231 232 845 842 833 836
875 845 842 833 836 846 843 834 837
876 846 843 834 837 847 844 835 838
877 847 844 835 838 376 375 372 373
878 63 235 232 62 648 845 836 647
879 648 845 836 647 695 846 837 694
880 695 846 837 694 742 847 838 741
881 742 847 838 741 163 376 373 162
882 236 14 13 233 848 508 507 839
883 848 508 507 839 849 555 554 840
884 849 555 554 840 850 602 601 841
885 850 602 601 841 377 114 113 374
886 237 236 233 234 851 848 839 842
887 851 848 839 842 852 849 840 843
888 852 849 840 843 853 850 841 844
889 853 850 841 844 378 377 374 375
890 238 237 234 235 854 851 842 845
891 854 851 842 845 855 852 843 846
892 855 852 843 846 856 853 844 847
893 856 853 844 847 379 378 375 376
894 64 238 235 63 649 854 845 648
895 649 854 845 648 696 855 846 695
896 696 855 846 695 743 856 847 742
897 743 856 847 742 164 379 376 163
898 239 15 14 236 857 509 508 848
899 857 509 508 848 858 556 555 849
900 858 556 555 849 859 603 602 850
901 859 603 602 850 380 115 114 377
902 240 239 236 237 860 857 848 851
903 860 857 848 851 861 858 849 852
904 861 858 849 852 862 859 850 853
905 862 859 850 853 381 380 377 378
906 241 240 237 238 863 860 851 854
907 863 860 851 854 864 861 852 855
908 864 861 852 855 865 862 853 856
909 865 862 853 856 382 381 378 379
910 65 241 238 64 650 863 854 649
911 650 863 854 649 697 864 855 696
912 697 864 855 696 744 865 856 743
913 744 865 856 743 165 382 379 164
914 242 16 15 239 866 510 509 857
915 866 510 509 857 867 557 556 858
916 867 557 556 858 868 604 603 859
917 868 604 603 859 383 116 115 380
918 243 242 239 240 869 866 857 860
919 869 866 857 860 870 867 858 861
920 870 867 858 861 871 868 859 862
921 871 868 859 862 384 383 380 381
922 244 243 240 241 872 869 860 863
923 872 869 860 863 873 870 861 864
924 873 870 861 864 874 871 862 865
925 874 871 862 865 385 384 381 382
926 66 244 241 65 651 872 863 650
927 651 872 863 650 698 873 864 697
928 698 873 864 697 745 874 865 744
929 745 874 865 744 166 385 382 165
930 245 17 16 242 875 511 510 866
931 875 511 510 866 876 558 557 867
932 876 558 557 867 877 605 604 868
933 877 605 604 868 386 117 116 383
934 246 245 242 243 878 875 866 869
935 878 875 866 869 879 876 867 870
936 879 876 867 870 880 877 868 871
937 880 877 868 871 387 386 383 384
938 247 246 243 244 881 878 869 872
939 881 878 869 872 882 879 870 873
940 882 879 870 873 883 880 871 874
941 883 880 871 874 388 387 384 385
942 67 247 244 66 652 881 872 651
943 652 881 872 651 699 882 873 698
944 699 882 873 698 746 883 874 745
945 746 883 874 745 167 388 385 166
946 248 18 17 245 884 512 511 875
947 884 512 511 875 885 559 558 876
948 885 559 558 876 886 606 605 877
949 886 606 605 877 389 118 117 386
950 249 248 245 246 887 884 875 878
951 887 884 875 878 888 885 876 879
952 888 885 876 879 889 886 877 880
953 889 886 877 880 390 389 386 387
954 250 249 246 247 890 887 878 881
955 890 887 878 881 891 888 879 882
956 891 888 879 882 892 889 880 883
957 892 889 880 883 391 390 387 388
958 68 250 247 67 653 890 881 652
959 653 890 881 652 700 891 882 699
960 700 891 882 699 747 892 883 746
961 747 892 883 746 168 391 388 167
962 251 19 18 248 893 513 512 884
963 893 513 512 884 894 560 559 885
964 894 560 559 885 895 607 606 886
965 895 607 606 886 392 119 118 389
966 252 251 248 249 896 893 884 887
967 896 893 884 887 897 894 885 888
968 897 894 885 888 898 895 886 889
969 898 895 886 889 393 392 389 390
970 253 252 249 250 899 896 887 890
971 899 896 887 890 900 897 888 891
972 900 897 888 891 901 898 889 892
973 901 898 889 892 394 393 390 391
974 69 253 250 68 654 899 890 653
975 654 899 890 653 701 900 891 700
976 701 900 891 700 748 901 892 747
977 748 901 892 747 169 394 391 168
978 254 20 19 251 902 514 513 893
979 902 514 513 893 903 561 560 894
980 903 561 560 894 904 608 607 895
981 904 608 607 895 395 120 119 392
982 255 254 251 252 905 902 893 896
983 905 902 893 896 906 903 894 897
984 906 903 894 897 907 904 895 898
985 907 904 895 898 396 395 392 393
986 256 255 252 253 908 905 896 899
987 908 905 896 899 909 906 897 900
988 909 906 897 900 910 907 898 901
989 910 907 898 901 397 396 393 394
990 70 256 253 69 655 908 899 654
991 655 908 899 654 702 909 900 701
992 702 909 900 701 749 910 901 748
993 749 910 901 748 170 397 394 169
994 257 21 20 254 911 515 514 902
995 911 515 514 902 912 562 561 903
996 912 562 561 903 913 609 608 904
997 913 609 608 904 398 121 120 395
998 258 257 254 255 914 911 902 905
999 914 911 902 905 915 912 903 906
1000 915 912 903 906 916 913 904 907
1001 916 913 904 907 399 398 395 396
1002 259 258 255 256 917 914 905 908
1003 917 914 905 908 918 915 906 909
1004 918 915 906 909 919 916 907 910
1005 919 916 907 910 400 399 396 397
1006 71 259 256 70 656 917 908 655
1007 656 917 908 655 703 918 909 702
1008 703 918 909 702 750 919 910 749
1009 750 919 910 749 171 400 397 170
1010 260 22 21 257 920 516 515 911
1011 920 516 515 911 921 563 562 912
1012 921 563 562 912 922 610 609 913
1013 922 610 609 913 401 122 121 398
1014 261 260 257 258 923 920 911 914
1015 923 920 911 914 924 921 912 915
1016 924 921 912 915 925 922 913 916
1017 925 922 913 916 402 401 398 399
1018 262 261 258 259 926 923 914 917
1019 926 923 914 917 927 924 915 918
1020 927 924 915 918 928 925 916 919
1021 928 925 916 919 403 402 399 400
1022 72 262 259 71 657 926 917 656
1023 657 926 917 656 704 927 918 703
1024 704 927 918 703 751 928 919 750
1025 751 928 919 750 172 403 400 171
1026 263 23 22 260 929 517 516 920
1027 929 517 516 920 930 564 563 921
1028 930 564 563 921 931 611 610 922
1029 931 611 610 922 404 123 122 401
1030 264 263 260 261 932 929 920 923
1031 932 929 920 923 933 930 921 924
1032 933 930 921 924 934 931 922 925
1033 934 931 922 925 405 404 401 402
1034 265 264 261 262 935 932 923 926
1035 935 932 923 926 936 933 924 927
1036 936 933 924 927 937 934 925 928
1037 937 934 925 928 406 405 402 403
1038 73 265 262 72 658 935 926 657
1039 658 935 926 657 705 936 927 704
1040 705 936 927 704 752 937 928 751
1041 752 937 928 751 173 406 403 172
1042 266 24 23 263 938 518 517 929
1043 938 518 517 929 939 565 564 930
1044 939 565 564 930 940 612 611 931
1045 940 612 611 931 407 124 123 404
1046 267 266 263 264 941 938 929 932
1047 941 938 929 932 942 939 930 933
1048 942 939 930 933 943 940 931 934
1049 943 940 931 934 408 407 404 405
1050 268 267 264 265 944 941 932 935
1051 944 941 932 935 945 942 933 936
1052 945 942 933 936 946 943 934 937
1053 946 943 934 937 409 408 405 406
1054 74 268 265 73 659 944 935 658
1055 659 944 935 658 706 945 936 705
1056 706 945 936 705 753 946 937 752
1057 753 946 937 752 174 409 406 173
1058 269 25 24 266 947 519 518 938
1059 947 519 518 938 948 566 565 939
1060 948 566 565 939 949 613 612 940
1061 949 613 612 940 410 125 124 407
1062 270 269 266 267 950 947 938 941
1063 950 947 938 941 951 948 939 942
1064 951 948 939 942 952 949 940 943
1065 952 949 940 943 411 410 407 408
1066 271 270 267 268 953 950 941 944
1067 953 950 941 944 954 951 942 945
1068 954 951 942 945 955 952 943 946
1069 955 952 943 946 412 411 408 409
1070 75 271 268 74 660 953 944 659
1071 660 953 944 659 707 954 945 706
1072 707 954 945 706 754 955 946 753
1073 754 955 946 753 175 412 409 174
1074 272 26 25 269 956 520 519 947
1075 956 520 519 947 957 567 566 948
1076 957 567 566 948 958 614 613 949
1077 958 614 613 949 413 126 125 410
1078 273 272 269 270 959 956 947 950
1079 959 956 947 950 960 957 948 951
1080 960 957 948 951 961 958 949 952
1081 961 958 949 952 414 413 410 411
1082 274 273 270 271 962 959 950 953
1083 962 959 950 953 963 960 951 954
1084 963 960 951 954 964 961 952 955
1085 964 961 952 955 415 414 411 412
1086 76 274 271 75 661 962 953 660
1087 661 962 953 660 708 963 954 707
1088 708 963 954 707 755 964 955 754
1089 755 964 955 754 176 415 412 175
1090 275 27 26 272 965 521 520 956
1091 965 521 520 956 966 568 567 957
1092 966 568 567 957 967 615 614 958
1093 967 615 614 958 416 127 126 413
1094 276 275 272 273 968 965 956 959
1095 968 965 956 959 969 966 957 960
1096 969 966 957 960 970 967 958 961
1097 970 967 958 961 417 416 413 414
1098 277 276 273 274 971 968 959 962
1099 971 968 959 962 972 969 960 963
1100 972 969 960 963 973 970 961 964
1101 973 970 961 964 418 417 414 415
1102 77 277 274 76 662 971 962 661
1103 662 971 962 661 709 972 963 708
1104 709 972 963 708 756 973 964 755
1105 756 973 964 755 177 418 415 176
1106 278 28 27 275 974 522 521 965
1107 974 522 521 965 975 569 568 966
1108 975 569 568 966 976 616 615 967
1109 976 616 615 967 419 128 127 416
1110 279 278 275 276 977 974 965 968
1111 977 974 965 968 978 975 966 969
1112 978 975 966 969 979 976 967 970
1113 979 976 967 970 420 419 416 417
1114 280 279 276 277 980 977 968 971
1115 980 977 968 971 981 978 969 972
1116 981 978 969 972 982 979 970 973
1117 982 979 970 973 421 420 417 418
1118 78 280 277 77 663 980 971 662
1119 663 980 971 662 710 981 972 709
1120 710 981 972 709 757 982 973 756
1121 757 982 973 756 178 421 418 177
1122 281 29 28 278 983 523 522 974
1123 983 523 522 974 984 570 569 975
1124 984 570 569 975 985 617 616 976
1125 985 617 616 976 422 129 128 419
1126 282 281 278 279 986 983 974 977
1127 986 983 974 977 987 984 975 978
1128 987 984 975 978 988 985 976 979
1129 988 985 976 979 423 422 419 420
1130 283 282 279 280 989 986 977 980
1131 989 986 977 980 990 987 978 981
1132 990 987 978 981 991 988 979 982
1133 991 988 979 982 424 423 420 421
1134 79 283 280 78 664 989 980 663
1135 664 989 980 663 711 990 981 710
1136 711 990 981 710 758 991 982 757
1137 758 991 982 757 179 424 421 178
1138 284 30 29 281 992 524 523 983
1139 992 524 523 983 993 571 570 984
1140 993 571 570 984 994 618 617 985
1141 994 618 617 985 425 130 129 422
1142 285 284 281 282 995 992 983 986
1143 995 992 983 986 996 993 984 987
1144 996 993 984 987 997 994 985 988
1145 997 994 985 988 426 425 422 423
1146 286 285 282 283 998 995 986 989
1147 998 995 986 989 999 996 987 990
1148 999 996 987 990 1000 997 988 991
1149 1000 997 988 991 427 426 423 424
1150 80 286 283 79 665 998 989 664
1151 665 998 989 664 712 999 990 711
1152 712 999 990 711 759 1000 991 758
1153 759 1000 991 758 180 427 424 179
1154 287 31 30 284 1001 525 524 992
1155 1001 525 524 992 1002 572 571 993
1156 1002 572 571 993 1003 619 618 994
1157 1003 619 618 994 428 131 130 425
1158 288 287 284 285 1004 1001 992 995
1159 1004 1001 992 995 1005 1002 993 996
1160 1005 1002 993 996 1006 1003 994 997
1161 1006 1003 994 997 429 428 425 426
1162 289 288 285 286 1007 1004 995 998
1163 1007 1004 995 998 1008 1005 996 999
1164 1008 1005 996 999 1009 1006 997 1000
1165 1009 1006 997 1000 430 429 426 427
1166 81 289 286 80 666 1007 998 665
1167 666 1007 998 665 713 1008 999 712
1168 713 1008 999 712 760 1009 1000 759
1169 760 1009 1000 759 181 430 427 180
1170 290 32 31 287 1010 526 525 1001
1171 1010 526 525 1001 1011 573 572 1002
1172 1011 573 572 1002 1012 620 619 1003
1173 1012 620 619 1003 431 132 131 428
1174 291 290 287 288 1013 1010 1001 1004
1175 1013 1010 1001 1004 1014 1011 1002 1005
1176 1014 1011 1002 1005 1015 1012 1003 1006
1177 1015 1012 1003 1006 432 431 428 429
1178 292 291 288 289 1016 1013 1004 1007
1179 1016 1013 1004 1007 1017 1014 1005 1008
1180 1017 1014 1005 1008 1018 1015 1006 1009
1181 1018 1015 1006 1009 433 432 429 430
1182 82 292 289 81 667 1016 1007 666
1183 667 1016 1007 666 714 1017 1008 713
1184 714 1017 1008 713 761 1018 1009 760
1185 761 1018 1009 760 182 433 430 181
1186 293 33 32 290 1019 527 526 1010
1187 1019 527 526 1010 1020 574 573 1011
1188 1020 574 573 1011 1021 621 620 1012
1189 1021 621 620 1012 434 133 132 431
1190 294 293 290 291 1022 1019 1010 1013
1191 1022 1019 1010 1013 1023 1020 1011 1014
1192 1023 1020 1011 1014 1024 1021 1012 1015
1193 1024 1021 1012 1015 435 434 431 432
1194 295 294 291 292 1025 1022 1013 1016
1195 1025 1022 1013 1016 1026 1023 1014 1017
1196 1026 1023 1014 1017 1027 1024 1015 1018
1197 1027 1024 1015 1018 436 435 432 433
1198 83 295 292 82 668 1025 1016 667
1199 668 1025 1016 667 715 1026 1017 714
1200 715 1026 1017 714 762 1027 1018 761
1201 762 1027 1018 761 183 436 433 182
1202 296 34 33 293 1028 528 527 1019
1203 1028 528 527 1019 1029 575 574 1020
1204 1029 575 574 1020 1030 622 621 1021
1205 1030 622 621 1021 437 134 133 434
1206 297 296 293 294 1031 1028 1019 1022
1207 1031 1028 1019 1022 1032 1029 1020 1023
1208 1032 1029 1020 1023 1033 1030 1021 1024
1209 1033 1030 1021 1024 438 437 434 435
1210 298 297 294 295 1034 1031 1022 1025
1211 1034 1031 1022 1025 1035 1032 1023 1026
1212 1035 1032 1023 1026 1036 1033 1024 1027
1213 1036 1033 1024 1027 439 438 435 436
1214 84 298 295 83 669 1034 1025 668
1215 669 1034 1025 668 716 1035 1026 715
1216 716 1035 1026 715 763 1036 1027 762
1217 763 1036 1027 762 184 439 436 183
1218 299 35 34 296 1037 529 528 1028
1219 1037 529 528 1028 1038 576 575 1029
1220 1038 576 575 1029 1039 623 622 1030
1221 1039 623 622 1030 440 135 134 437
1222 300 299 296 297 1040 1037 1028 1031
1223 1040 1037 1028 1031 1041 1038 1029 1032
1224 1041 1038 1029 1032 1042 1039 1030 1033
1225 1042 1039 1030 1033 441 440 437 438
1226 301 300 297 298 1043 1040 1031 1034
1227 1043 1040 1031 1034 1044 1041 1032 1035
1228 1044 1041 1032 1035 1045 1042 1033 1036
1229 1045 1042 1033 1036 442 441 438 439
1230 85 301 298 84 670 1043 1034 669
1231 670 1043 1034 669 717 1044 1035 716
1232 717 1044 1035 716 764 1045 1036 763
1233 764 1045 1036 763 185 442 439 184
1234 302 36 35 299 1046 530 529 1037
1235 1046 530 529 1037 1047 577 576 1038
1236 1047 577 576 1038 1048 624 623 1039
1237 1048 624 623 1039 443 136 135 440
1238 303 302 299 300 1049 1046 1037 1040
1239 1049 1046 1037 1040 1050 1047 1038 1041
1240 1050 1047 1038 1041 1051 1048 1039 1042
1241 1051 1048 1039 1042 444 443 440 441
1242 304 303 300 301 1052 1049 1040 1043
1243 1052 1049 1040 1043 1053 1050 1041 1044
1244 1053 1050 1041 1044 1054 1051 1042 1045
1245 1054 1051 1042 1045 445 444 441 442
1246 86 304 301 85 671 1052 1043 670
1247 671 1052 1043 670 718 1053 1044 717
1248 718 1053 1044 717 765 1054 1045 764
1249 765 1054 1045 764 186 445 442 185
1250 305 37 36 302 1055 531 530 1046
1251 1055 531 530 1046 1056 578 577 1047
1252 1056 578 577 1047 1057 625 624 1048
1253 1057 625 624 1048 446 137 136 443
1254 306 305 302 303 1058 1055 1046 1049
1255 1058 1055 1046 1049 1059 1056 1047 1050
1256 1059 1056 1047 1050 1060 1057 1048 1051
1257 1060 1057 1048 1051 447 446 443 444
1258 307 306 303 304 1061 1058 1049 1052
1259 1061 1058 1049 1052 1062 1059 1050 1053
1260 1062 1059 1050 1053 1063 1060 1051 1054
1261 1063 1060 1051 1054 448 447 444 445
1262 87 307 304 86 672 1061 1052 671
1263 672 1061 1052 671 719 1062 1053 718
1264 719 1062 1053 718 766 1063 1054 765
1265 766 1063 1054 765 187 448 445 186
1266 308 38 37 305 1064 532 531 1055
1267 1064 532 531 1055 1065 579 578 1056
1268 1065 579 578 1056 1066 626 625 1057
1269 1066 626 625 1057 449 138 137 446
1270 309 308 305 306 1067 1064 1055 1058
1271 1067 1064 1055 1058 1068 1065 1056 1059
1272 1068 1065 1056 1059 1069 1066 1057 1060
1273 1069 1066 1057 1060 450 449 446 447
1274 310 309 306 307 1070 1067 1058 1061
1275 1070 1067 1058 1061 1071 1068 1059 1062
1276 1071 1068 1059 1062 1072 1069 1060 1063
1277 1072 1069 1060 1063 451 450 447 448
1278 88 310 307 87 673 1070 1061 672
1279 673 1070 1061 672 720 1071 1062 719
1280 720 1071 1062 719 767 1072 1063 766
1281 767 1072 1063 766 188 451 448 187
1282 311 39 38 308 1073 533 532 1064
1283 1073 533 532 1064 1074 580 579 1065
1284 1074 580 579 1065 1075 627 626 1066
1285 1075 627 626 1066 452 139 138 449
1286 312 311 308 309 1076 1073 1064 1067
1287 1076 1073 1064 1067 1077 1074 1065 1068
1288 1077 1074 1065 1068 1078 1075 1066 1069
1289 1078 1075 1066 1069 453 452 449 450
1290 313 312 309 310 1079 1076 1067 1070
1291 1079 1076 1067 1070 1080 1077 1068 1071
1292 1080 1077 1068 1071 1081 1078 1069 1072
1293 1081 1078 1069 1072 454 453 450 451
1294 89 313 310 88 674 1079 1070 673
1295 674 1079 1070 673 721 1080 1071 720
1296 721 1080 1071 720 768 1081 1072 767
1297 768 1081 1072 767 189 454 451 188
1298 314 40 39 311 1082 534 533 1073
1299 1082 534 533 1073 1083 581 580 1074
1300 1083 581 580 1074 1084 628 627 1075
1301 1084 628 627 1075 455 140 139 452
1302 315 314 311 312 1085 1082 1073 1076
1303 1085 1082 1073 1076 1086 1083 1074 1077
1304 1086 1083 1074 1077 1087 1084 1075 1078
1305 1087 1084 1075 1078 456 455 452 453
1306 316 315 312 313 1088 1085 1076 1079
1307 1088 1085 1076 1079 1089 1086 1077 1080
1308 1089 1086 1077 1080 1090 1087 1078 1081
1309 1090 1087 1078 1081 457 456 453 454
1310 90 316 313 89 675 1088 1079 674
1311 675 1088 1079 674 722 1089 1080 721
1312 722 1089 1080 721 769 1090 1081 768
1313 769 1090 1081 768 190 457 454 189
1314 317 41 40 314 1091 535 534 1082
1315 1091 535 534 1082 1092 582 581 1083
1316 1092 582 581 1083 1093 629 628 1084
1317 1093 629 628 1084 458 141 140 455
1318 318 317 314 315 1094 1091 1082 1085
1319 1094 1091 1082 1085 1095 1092 1083 1086
1320 1095 1092 1083 1086 1096 1093 1084 1087
1321 1096 1093 1084 1087 459 458 455 456
1322 319 318 315 316 1097 1094 1085 1088
1323 1097 1094 1085 1088 1098 1095 1086 1089
1324 1098 1095 1086 1089 1099 1096 1087 1090
1325 1099 1096 1087 1090 460 459 456 457
1326 91 319 316 90 676 1097 1088 675
1327 676 1097 1088 675 723 1098 1089 722
1328 723 1098 1089 722 770 1099 1090 769
1329 770 1099 1090 769 191 460 457 190
1330 320 42 41 317 1100 536 535 1091
1331 1100 536 535 1091 1101 583 582 1092
1332 1101 583 582 1092 1102 630 629 1093
1333 1102 630 629 1093 461 142 141 458
1334 321 320 317 318 1103 1100 1091 1094
1335 1103 1100 1091 1094 1104 1101 1092 1095
1336 1104 1101 1092 1095 1105 1102 1093 1096
1337 1105 1102 1093 1096 462 461 458 459
1338 322 321 318 319 1106 1103 1094 1097
1339 1106 1103 1094 1097 1107 1104 1095 1098
1340 1107 1104 1095 1098 1108 1105 1096 1099
1341 1108 1105 1096 1099 463 462 459 460
1342 92 322 319 91 677 1106 1097 676
1343 677 1106 1097 676 724 1107 1098 723
1344 724 1107 1098 723 771 1108 1099 770
1345 771 1108 1099 770 192 463 460 191
1346 323 43 42 320 1109 537 536 1100
1347 1109 537 536 1100 1110 584 583 1101
1348 1110 584 583 1101 1111 631 630 1102
1349 1111 631 630 1102 464 143 142 461
1350 324 323 320 321 1112 1109 1100 1103
1351 1112 1109 1100 1103 1113 1110 1101 1104
1352 1113 1110 1101 1104 1114 1111 1102 1105
1353 1114 1111 1102 1105 465 464 461 462
1354 325 324 321 322 1115 1112 1103 1106
1355 1115 1112 1103 1106 1116 1113 1104 1107
1356 1116 1113 1104 1107 1117 1114 1105 1108
1357 1117 1114 1105 1108 466 465 462 463
1358 93 325 322 92 678 1115 1106 677
1359 678 1115 1106 677 725 1116 1107 724
1360 725 1116 1107 724 772 1117 1108 771
1361 772 1117 1108 771 193 466 463 192
1362 326 44 43 323 1118 538 537 1109
1363 1118 538 537 1109 1119 585 584 1110
1364 1119 585 584 1110 1120 632 631 1111
1365 1120 632 631 1111 467 144 143 464
1366 327 326 323 324 1121 1118 1109 1112
1367 1121 1118 1109 1112 1122 1119 1110 1113
1368 1122 1119 1110 1113 1123 1120 1111 1114
1369 1123 1120 1111 1114 468 467 464 465
1370 328 327 324 325 1124 1121 1112 1115
1371 1124 1121 1112 1115 1125 1122 1113 1116
1372 1125 1122 1113 1116 1126 1123 1114 1117
1373 1126 1123 1114 1117 469 468 465 466
1374 94 328 325 93 679 1124 1115 678
1375 679 1124 1115 678 726 1125 1116 725
1376 726 1125 1116 725 773 1126 1117 772
1377 773 1126 1117 772 194 469 466 193
1378 329 45 44 326 1127 539 538 1118
1379 1127 539 538 1118 1128 586 585 1119
1380 1128 586 585 1119 1129 633 632 1120
1381 1129 633 632 1120 470 145 144 467
1382 330 329 326 327 1130 1127 1118 1121
1383 1130 1127 1118 1121 1131 1128 1119 1122
1384 1131 1128 1119 1122 1132 1129 1120 1123
1385 1132 1129 1120 1123 471 470 467 468
1386 331 330 327 328 1133 1130 1121 1124
1387 1133 1130 1121 1124 1134 1131 1122 1125
1388 1134 1131 1122 1125 1135 1132 1123 1126
1389 1135 1132 1123 1126 472 471 468 469
1390 95 331 328 94 680 1133 1124 679
1391 680 1133 1124 679 727 1134 1125 726
1392 727 1134 1125 726 774 1135 1126 773
1393 774 1135 1126 773 195 472 469 194
1394 332 46 45 329 1136 540 539 1127
1395 1136 540 539 1127 1137 587 586 1128
1396 1137 587 586 1128 1138 634 633 1129
1397 1138 634 633 1129 473 146 145 470
1398 333 332 329 330 1139 1136 1127 1130
1399 1139 1136 1127 1130 1140 1137 1128 1131
1400 1140 1137 1128 1131 1141 1138 1129 1132
1401 1141 1138 1129 1132 474 473 470 471
1402 334 333 330 331 1142 1139 1130 1133
1403 1142 1139 1130 1133 1143 1140 1131 1134
1404 1143 1140 1131 1134 1144 1141 1132 1135
1405 1144 1141 1132 1135 475 474 471 472
1406 96 334 331 95 681 1142 1133 680
1407 681 1142 1133 680 728 1143 1134 727
1408 728 1143 1134 727 775 1144 1135 774
1409 775 1144 1135 774 196 475 472 195
1410 335 47 46 332 1145 541 540 1136
1411 1145 541 540 1136 1146 588 587 1137
1412 1146 588 587 1137 1147 635 634 1138
1413 1147 635 634 1138 476 147 146 473
1414 336 335 332 333 1148 1145 1136 1139
1415 1148 1145 1136 1139 1149 1146 1137 1140
1416 1149 1146 1137 1140 1150 1147 1138 1141
1417 1150 1147 1138 1141 477 476 473 474
1418 337 336 333 334 1151 1148 1139 1142
1419 1151 1148 1139 1142 1152 1149 1140 1143
1420 1152 1149 1140 1143 1153 1150 1141 1144
1421 1153 1150 1141 1144 478 477 474 475
1422 97 337 334 96 682 1151 1142 681
1423 682 1151 1142 681 729 1152 1143 728
1424 729 1152 1143 728 776 1153 1144 775
1425 776 1153 1144 775 197 478 475 196
1426 338 48 47 335 1154 542 541 1145
1427 1154 542 541 1145 1155 589 588 1146
1428 1155 589 588 1146 1156 636 635 1147
1429 1156 636 635 1147 479 148 147 476
1430 339 338 335 336 1157 1154 1145 1148
1431 1157 1154 1145 1148 1158 1155 1146 1149
1432 1158 1155 1146 1149 1159 1156 1147 1150
1433 1159 1156 1147 1150 480 479 476 477
1434 340 339 336 337 1160 1157 1148 1151
1435 1160 1157 1148 1151 1161 1158 1149 1152
1436 1161 1158 1149 1152 1162 1159 1150 1153
1437 1162 1159 1150 1153 481 480 477 478
1438 98 340 337 97 683 1160 1151 682
1439 683 1160 1151 682 730 1161 1152 729
1440 730 1161 1152 729 777 1162 1153 776
1441 777 1162 1153 776 198 481 478 197
1442 341 49 48 338 1163 543 542 1154
1443 1163 543 542 1154 1164 590 589 1155
1444 1164 590 589 1155 1165 637 636 1156
1445 1165 637 636 1156 482 149 148 479
1446 342 341 338 339 1166 1163 1154 1157
1447 1166 1163 1154 1157 1167 1164 1155 1158
1448 1167 1164 1155 1158 1168 1165 1156 1159
1449 1168 1165 1156 1159 483 482 479 480
1450 343 342 339 340 1169 1166 1157 1160
1451 1169 1166 1157 1160 1170 1167 1158 1161
1452 1170 1167 1158 1161 1171 1168 1159 1162
1453 1171 1168 1159 1162 484 483 480 481
1454 99 343 340 98 684 1169 1160 683
1455 684 1169 1160 683 731 1170 1161 730
1456 731 1170 1161 730 778 1171 1162 777
1457 778 1171 1162 777 199 484 481 198
1458 344 50 49 341 1172 544 543 1163
1459 1172 544 543 1163 1173 591 590 1164
1460 1173 591 590 1164 1174 638 637 1165
1461 1174 638 637 1165 485 150 149 482
1462 345 344 341 342 1175 1172 1163 1166
1463 1175 1172 1163 1166 1176 1173 1164 1167
1464 1176 1173 1164 1167 1177 1174 1165 1168
1465 1177 1174 1165 1168 486 485 482 483
1466 346 345 342 343 1178 1175 1166 1169
1467 1178 1175 1166 1169 1179 1176 1167 1170
1468 1179 1176 1167 1170 1180 1177 1168 1171
1469 1180 1177 1168 1171 487 486 483 484
1470 100 346 343 99 685 1178 1169 684
1471 685 1178 1169 684 732 1179 1170 731
1472 732 1179 1170 731 779 1180 1171 778
1473 779 1180 1171 778 200 487 484 199
1474 347 51 50 344 1181 545 544 1172
1475 1181 545 544 1172 1182 592 591 1173
1476 1182 592 591 1173 1183 639 638 1174
1477 1183 639 638 1174 488 151 150 485
1478 348 347 344 345 1184 1181 1172 1175
1479 1184 1181 1172 1175 1185 1182 1173 1176
1480 1185 1182 1173 1176 1186 1183 1174 1177
1481 1186 1183 1174 1177 489 488 485 486
1482 349 348 345 346 1187 1184 1175 1178
1483 1187 1184 1175 1178 1188 1185 1176 1179
1484 1188 1185 1176 1179 1189 1186 1177 1180
1485 1189 1186 1177 1180 490 489 486 487
1486 101 349 346 100 686 1187 1178 685
1487 686 1187 1178 685 733 1188 1179 732
1488 733 1188 1179 732 780 1189 1180 779
1489 780 1189 1180 779 201 490 487 200
1490 350 52 51 347 1190 546 545 1181
1491 1190 546 545 1181 1191 593 592 1182
1492 1191 593 592 1182 1192 640 639 1183
1493 1192 640 639 1183 491 152 151 488
1494 351 350 347 348 1193 1190 1181 1184
1495 1193 1190 1181 1184 1194 1191 1182 1185
1496 1194 1191 1182 1185 1195 1192 1183 1186
1497 1195 1192 1183 1186 492 491 488 489
1498 352 351 348 349 1196 1193 1184 1187
1499 1196 1193 1184 1187 1197 1194 1185 1188
1500 1197 1194 1185 1188 1198 1195 1186 1189
1501 1198 1195 1186 1189 493 492 489 490
1502 102 352 349 101 687 1196 1187 686
1503 687 1196 1187 686 734 1197 1188 733
1504 734 1197 1188 733 781 1198 1189 780
1505 781 1198 1189 780 202 493 490 201
1506 353 53 52 350 1199 547 546 1190
1507 1199 547 546 1190 1200 594 593 1191
1508 1200 594 593 1191 1201 641 640 1192
1509 1201 641 640 1192 494 153 152 491
1510 354 353 350 351 1202 1199 1190 1193
1511 1202 1199 1190 1193 1203 1200 1191 1194
1512 1203 1200 1191 1194 1204 1201 1192 1195
1513 1204 1201 1192 1195 495 494 491 492
1514 355 354 351 352 1205 1202 1193 1196
1515 1205 1202 1193 1196 1206 1203 1194 1197
1516 1206 1203 1194 1197 1207 1204 1195 1198
1517 1207 1204 1195 1198 496 495 492 493
1518 103 355 352 102 688 1205 1196 687
1519 688 1205 1196 687 735 1206 1197 734
1520 735 1206 1197 734 782 1207 1198 781
1521 782 1207 1198 781 203 496 493 202
1522 356 54 53 353 1208 548 547 1199
1523 1208 548 547 1199 1209 595 594 1200
1524 1209 595 594 1200 1210 642 641 1201
1525 1210 642 641 1201 497 154 153 494
1526 357 356 353 354 1211 1208 1199 1202
1527 1211 1208 1199 1202 1212 1209 1200 1203
1528 1212 1209 1200 1203 1213 1210 1201 1204
1529 1213 1210 1201 1204 498 497 494 495
1530 358 357 354 355 1214 1211 1202 1205
1531 1214 1211 1202 1205 1215 1212 1203 1206
1532 1215 1212 1203 1206 1216 1213 1204 1207
1533 1216 1213 1204 1207 499 498 495 496
1534 104 358 355 103 689 1214 1205 688
1535 689 1214 1205 688 736 1215 1206 735
1536 736 1215 1206 735 783 1216 1207 782
1537 783 1216 1207 782 204 499 496 203
1538 359 55 54 356 1217 549 548 1208
1539 1217 549 548 1208 1218 596 595 1209
1540 1218 596 595 1209 1219 643 642 1210
1541 1219 643 642 1210 500 155 154 497
1542 360 359 356 357 1220 1217 1208 1211
1543 1220 1217 1208 1211 1221 1218 1209 1212
1544 1221 1218 1209 1212 1222 1219 1210 1213
1545 1222 1219 1210 1213 501 500 497 498
1546 361 360 357 358 1223 1220 1211 1214
1547 1223 1220 1211 1214 1224 1221 1212 1215
1548 1224 1221 1212 1215 1225 1222 1213 1216
1549 1225 1222 1213 1216 502 501 498 499
1550 105 361 358 104 690 1223 1214 689
1551 690 1223 1214 689 737 1224 1215 736
1552 737 1224 1215 736 784 1225 1216 783
1553 784 1225 1216 783 205 502 499 204
1554 56 1 55 359 794 212 549 1217
1555 794 212 549 1217 795 213 596 1218
1556 795 213 596 1218 796 214 643 1219
1557 796 214 643 1219 156 5 155 500
1558 57 56 359 360 797 794 1217 1220
1559 797 794 1217 1220 798 795 1218 1221
1560 798 795 1218 1221 799 796 1219 1222
1561 799 796 1219 1222 157 156 500 501
1562 58 57 360 361 800 797 1220 1223
1563 800 797 1220 1223 801 798 1221 1224
1564 801 798 1221 1224 802 799 1222 1225
1565 802 799 1222 1225 158 157 501 502
1566 3 58 361 105 218 800 1223 690
1567 218 800 1223 690 219 801 1224 737
1568 219 801 1224 737 220 802 1225 784
1569 220 802 1225 784 7 158 502 205
$EndElements
