$MeshFormat
4.1 0 8
$EndMeshFormat
$PhysicalNames
7
0 7 "neck_monitor"
2 2 "symmetry_x"
2 3 "symmetry_y"
2 4 "midplane"
2 5 "loaded_end"
2 6 "outer_surface"
3 1 "solid"
$EndPhysicalNames
$Entities
14 25 15 3
1 0 0 0 0
2 0.4 0 0 0
3 0.4 0.4 0 0
4 0 0.4 0 0
5 1 0 0 1 7
6 0.7071067811865475 0.7071067811865475 0 0
7 0 1 0 0
8 0 0 1 0
9 0.4 0 1 0
13 0.4 0.4 1 0
17 0 0.4 1 0
19 1 0 1 0
24 0.7071067811865475 0.7071067811865475 1 0
35 0 1 1 0
1 0 0 0 0.4 0 0 0 2 1 -2
2 0.4 0 0 0.4 0.4 0 0 2 2 -3
3 0 0.4 0 0.4 0.4 0 0 2 3 -4
4 0 0 0 0 0.4 0 0 2 4 -1
5 0.4 0 0 1 0 0 0 2 2 -5
6 0.7071067811865476 0 0 1 0.7071067811865475 0 0 2 5 -6
7 0.4 0.4 0 0.7071067811865475 0.7071067811865475 0 0 2 6 -3
8 1.110223024625157e-16 0.7071067811865476 0 0.7071067811865476 1 0 0 2 6 -7
9 0 0.4 0 0 1 0 0 2 7 -4
11 0 0 1 0.4 0 1 0 2 8 -9
12 0.4 0 1 0.4 0.4 1 0 2 9 -13
13 0 0.4 1 0.4 0.4 1 0 2 13 -17
14 0 0 1 0 0.4 1 0 2 17 -8
16 0 0 0 0 0 1 0 2 1 -8
17 0.4 0 0 0.4 0 1 0 2 2 -9
21 0.4 0.4 0 0.4 0.4 1 0 2 3 -13
25 0 0.4 0 0 0.4 1 0 2 4 -17
33 0.4 0 1 1 0 1 0 2 9 -19
34 0.7071067811865476 0 1 1 0.7071067811865475 1 0 2 19 -24
35 0.4 0.4 1 0.7071067811865475 0.7071067811865475 1 0 2 24 -13
39 1 0 0 1 0 1 0 2 5 -19
43 0.7071067811865475 0.7071067811865475 0 0.7071067811865475 0.7071067811865475 1 0 2 6 -24
57 1.110223024625157e-16 0.7071067811865476 1 0.7071067811865476 1 1 0 2 24 -35
58 0 0.4 1 0 1 1 0 2 35 -17
69 0 1 0 0 1 1 0 2 7 -35
1 0 0 0 0.4 0.4 0 1 4 4 1 2 3 4
2 0.4 0 0 1 0.7071067811865475 0 1 4 4 5 6 7 -2
3 0 0.4 0 0.7071067811865476 1 0 1 4 4 -3 -7 8 9
18 0 0 0 0.4 0 1 1 3 4 1 17 -11 -16
22 0.4 0 0 0.4 0.4 1 0 4 2 21 -12 -17
26 0 0.4 0 0.4 0.4 1 0 4 3 25 -13 -21
30 0 0 0 0 0.4 1 1 2 4 4 16 -14 -25
31 0 0 1 0.4 0.4 1 1 5 4 11 12 13 14
40 0.4 0 0 1 0 1 1 3 4 5 39 -33 -17
44 0.7071067811865475 0 0 1 0.7071067811865475 1 1 6 4 6 43 -34 -39
48 0.4 0.4 0 0.7071067811865475 0.7071067811865475 1 0 4 7 21 -35 -43
53 0.4 0 1 1 0.7071067811865475 1 1 5 4 33 34 35 -12
70 0 0.7071067811865475 0 0.7071067811865476 1 1 1 6 4 8 69 -57 -43
74 0 0.4 0 0 1 1 1 2 4 9 25 -58 -69
75 0 0.4 1 0.7071067811865476 1 1 1 5 4 -13 -35 57 58
1 0 0 0 0.4 0.4 1 1 1 6 -1 31 18 22 26 30
2 0.4 0 0 1 0.7071067811865475 1 1 1 6 -2 53 40 44 48 -22
3 0 0.4 0 0.7071067811865476 1 1 1 1 6 -3 75 -26 -48 70 74
$EndEntities
$Nodes
57 8967 1 8967
0 1 0 1
1
0 0 0
0 2 0 1
2
2.5190264 0 0
0 3 0 1
3
2.5190264 2.5190264 0
0 4 0 1
4
0 2.5190264 0
0 5 0 1
5
6.297566 0 0
0 6 0 1
6
4.453051623569841 4.453051623569841 0
0 7 0 1
7
0 6.297566 0
0 8 0 1
8
0 0 26.667
0 9 0 1
9
2.5652 0 26.667
0 13 0 1
10
2.5652 2.5652 26.667
0 17 0 1
11
0 2.5652 26.667
0 19 0 1
12
6.413 0 26.667
0 24 0 1
13
4.534675787749329 4.534675787749329 26.667
0 35 0 1
14
0 6.413 26.667
1 1 0 7
15
16
17
18
19
20
21
0.3148782999994599 0 0
0.6297565999985305 0 0
0.9446348999975926 0 0
1.259513199996689 0 0
1.574391499997491 0 0
1.889269799998327 0 0
2.204148099999198 0 0
1 2 0 7
22
23
24
25
26
27
28
2.5190264 0.3148782999994599 0
2.5190264 0.6297565999985305 0
2.5190264 0.9446348999975926 0
2.5190264 1.259513199996689 0
2.5190264 1.574391499997491 0
2.5190264 1.889269799998327 0
2.5190264 2.204148099999198 0
1 3 0 7
29
30
31
32
33
34
35
2.204148100000871 2.5190264 0
1.889269800001742 2.5190264 0
1.574391500002613 2.5190264 0
1.259513200003451 2.5190264 0
0.9446349000026136 2.5190264 0
0.6297566000017425 2.5190264 0
0.3148783000008372 2.5190264 0
1 4 0 7
36
37
38
39
40
41
42
0 2.204148100000871 0
0 1.889269800001742 0
0 1.574391500002613 0
0 1.259513200003451 0
0 0.9446349000026136 0
0 0.6297566000017425 0
0 0.3148783000008372 0
1 5 0 5
43
44
45
46
47
3.148782999999158 0 0
3.778539599996404 0 0
4.408296199994882 0 0
5.038052799996633 0 0
5.667809399998247 0 0
1 6 0 7
48
49
50
51
52
53
54
6.267241498260141 0.6172694118794398 0
6.176560034527387 1.228594182077646 0
6.02639492079578 1.828086918875255 0
5.818192329354853 2.409974178905731 0
5.553957366516737 2.968652067061829 0
5.236234758544988 3.498740212956845 0
4.868084347981632 3.995133577903528 0
1 7 0 5
55
56
57
58
59
4.130714086305015 4.130714086305015 0
3.808376549043513 3.808376549043513 0
3.486039011784514 3.486039011784514 0
3.163701474525514 3.163701474525514 0
2.841363937263348 2.841363937263348 0
1 8 0 7
60
61
62
63
64
65
66
3.9951335760172 4.868084349529703 0
3.498740207112436 5.236234762450098 0
2.968652057078015 5.553957371853198 0
2.409974165185987 5.818192335037757 0
1.828086907940413 6.026394924112828 0
1.228594174915733 6.17656003595198 0
0.6172694088203744 6.267241498561432 0
1 9 0 5
67
68
69
70
71
0 5.667809400000956 0
0 5.038052800002047 0
0 4.408296200003957 0
0 3.778539600002638 0
0 3.148783000001273 0
1 11 0 7
72
73
74
75
76
77
78
0.32064999999945 0 26.667
0.6412999999985036 0 26.667
0.9619499999975486 0 26.667
1.282599999996628 0 26.667
1.603249999997445 0 26.667
1.923899999998297 0 26.667
2.244549999999183 0 26.667
1 12 0 7
79
80
81
82
83
84
85
2.5652 0.32064999999945 26.667
2.5652 0.6412999999985036 26.667
2.5652 0.9619499999975486 26.667
2.5652 1.282599999996628 26.667
2.5652 1.603249999997445 26.667
2.5652 1.923899999998297 26.667
2.5652 2.244549999999183 26.667
1 13 0 7
86
87
88
89
90
91
92
2.244550000000888 2.5652 26.667
1.923900000001775 2.5652 26.667
1.603250000002661 2.5652 26.667
1.282600000003514 2.5652 26.667
0.9619500000026616 2.5652 26.667
0.6413000000017746 2.5652 26.667
0.3206500000008525 2.5652 26.667
1 14 0 7
93
94
95
96
97
98
99
0 2.244550000000888 26.667
0 1.923900000001775 26.667
0 1.603250000002661 26.667
0 1.282600000003514 26.667
0 0.9619500000026616 26.667
0 0.6413000000017746 26.667
0 0.3206500000008525 26.667
1 16 0 47
100
101
102
103
104
105
106
107
108
109
110
111
112
113
114
115
116
117
118
119
120
121
122
123
124
125
126
127
128
129
130
131
132
133
134
135
136
137
138
139
140
141
142
143
144
145
146
0 0 0.370375
0 0 0.7407499999999999
0 0 1.111125
0 0 1.4815
0 0 1.851875
0 0 2.22225
0 0 2.592625
0 0 2.963
0 0 3.333375
0 0 3.703750000000001
0 0 4.074125
0 0 4.444500000000001
0 0 4.814875
0 0 5.185250000000001
0 0 5.555625
0 0 5.925999999999999
0 0 6.296375000000001
0 0 6.66675
0 0 7.037125
0 0 7.407500000000002
0 0 7.777875000000001
0 0 8.148249999999999
0 0 8.518625000000002
0 0 8.889000000000001
0 0 9.629750000000003
0 0 10.3705
0 0 11.11125
0 0 11.852
0 0 12.59275
0 0 13.3335
0 0 14.07425
0 0 14.815
0 0 15.55575
0 0 16.2965
0 0 17.03725
0 0 17.778
0 0 18.51875
0 0 19.2595
0 0 20.00025
0 0 20.741
0 0 21.48175
0 0 22.2225
0 0 22.96325
0 0 23.704
0 0 24.44475
0 0 25.1855
0 0 25.92625
1 17 0 47
147
148
149
150
151
152
153
154
155
156
157
158
159
160
161
162
163
164
165
166
167
168
169
170
171
172
173
174
175
176
177
178
179
180
181
182
183
184
185
186
187
188
189
190
191
192
193
2.5196677 0 0.370375
2.520309 0 0.7407499999999999
2.5209503 0 1.111125
2.5215916 0 1.4815
2.5222329 0 1.851875
2.5228742 0 2.22225
2.5235155 0 2.592625
2.5241568 0 2.963
2.5247981 0 3.333375
2.5254394 0 3.703750000000001
2.5260807 0 4.074125
2.526722 0 4.444500000000001
2.5273633 0 4.814875
2.5280046 0 5.185250000000001
2.5286459 0 5.555625
2.5292872 0 5.925999999999999
2.5299285 0 6.296375000000001
2.5305698 0 6.66675
2.5312111 0 7.037125
2.5318524 0 7.407500000000002
2.5324937 0 7.777875000000001
2.533135 0 8.148249999999999
2.5337763 0 8.518625000000002
2.5344176 0 8.889000000000001
2.5357002 0 9.629750000000003
2.536982800000001 0 10.3705
2.5382654 0 11.11125
2.539548 0 11.852
2.5408306 0 12.59275
2.5421132 0 13.3335
2.5433958 0 14.07425
2.5446784 0 14.815
2.545961 0 15.55575
2.5472436 0 16.2965
2.5485262 0 17.03725
2.5498088 0 17.778
2.5510914 0 18.51875
2.552374 0 19.2595
2.5536566 0 20.00025
2.5549392 0 20.741
2.5562218 0 21.48175
2.5575044 0 22.2225
2.558787 0 22.96325
2.5600696 0 23.704
2.5613522 0 24.44475
2.5626348 0 25.1855
2.5639174 0 25.92625
1 21 0 47
194
195
196
197
198
199
200
201
202
203
204
205
206
207
208
209
210
211
212
213
214
215
216
217
218
219
220
221
222
223
224
225
226
227
228
229
230
231
232
233
234
235
236
237
238
239
240
2.5196677 2.5196677 0.370375
2.520309 2.520309 0.7407499999999999
2.5209503 2.5209503 1.111125
2.5215916 2.5215916 1.4815
2.5222329 2.5222329 1.851875
2.5228742 2.5228742 2.22225
2.5235155 2.5235155 2.592625
2.5241568 2.5241568 2.963
2.5247981 2.5247981 3.333375
2.5254394 2.5254394 3.703750000000001
2.5260807 2.5260807 4.074125
2.526722 2.526722 4.444500000000001
2.5273633 2.5273633 4.814875
2.5280046 2.5280046 5.185250000000001
2.5286459 2.5286459 5.555625
2.5292872 2.5292872 5.925999999999999
2.5299285 2.5299285 6.296375000000001
2.5305698 2.5305698 6.66675
2.5312111 2.5312111 7.037125
2.5318524 2.5318524 7.407500000000002
2.5324937 2.5324937 7.777875000000001
2.533135 2.533135 8.148249999999999
2.5337763 2.5337763 8.518625000000002
2.5344176 2.5344176 8.889000000000001
2.5357002 2.5357002 9.629750000000003
2.536982800000001 2.536982800000001 10.3705
2.5382654 2.5382654 11.11125
2.539548 2.539548 11.852
2.5408306 2.5408306 12.59275
2.5421132 2.5421132 13.3335
2.5433958 2.5433958 14.07425
2.5446784 2.5446784 14.815
2.545961 2.545961 15.55575
2.5472436 2.5472436 16.2965
2.5485262 2.5485262 17.03725
2.5498088 2.5498088 17.778
2.5510914 2.5510914 18.51875
2.552374 2.552374 19.2595
2.5536566 2.5536566 20.00025
2.5549392 2.5549392 20.741
2.5562218 2.5562218 21.48175
2.5575044 2.5575044 22.2225
2.558787 2.558787 22.96325
2.5600696 2.5600696 23.704
2.5613522 2.5613522 24.44475
2.5626348 2.5626348 25.1855
2.5639174 2.5639174 25.92625
1 25 0 47
241
242
243
244
245
246
247
248
249
250
251
252
253
254
255
256
257
258
259
260
261
262
263
264
265
266
267
268
269
270
271
272
273
274
275
276
277
278
279
280
281
282
283
284
285
286
287
0 2.5196677 0.370375
0 2.520309 0.7407499999999999
0 2.5209503 1.111125
0 2.5215916 1.4815
0 2.5222329 1.851875
0 2.5228742 2.22225
0 2.5235155 2.592625
0 2.5241568 2.963
0 2.5247981 3.333375
0 2.5254394 3.703750000000001
0 2.5260807 4.074125
0 2.526722 4.444500000000001
0 2.5273633 4.814875
0 2.5280046 5.185250000000001
0 2.5286459 5.555625
0 2.5292872 5.925999999999999
0 2.5299285 6.296375000000001
0 2.5305698 6.66675
0 2.5312111 7.037125
0 2.5318524 7.407500000000002
0 2.5324937 7.777875000000001
0 2.533135 8.148249999999999
0 2.5337763 8.518625000000002
0 2.5344176 8.889000000000001
0 2.5357002 9.629750000000003
0 2.536982800000001 10.3705
0 2.5382654 11.11125
0 2.539548 11.852
0 2.5408306 12.59275
0 2.5421132 13.3335
0 2.5433958 14.07425
0 2.5446784 14.815
0 2.545961 15.55575
0 2.5472436 16.2965
0 2.5485262 17.03725
0 2.5498088 17.778
0 2.5510914 18.51875
0 2.552374 19.2595
0 2.5536566 20.00025
0 2.5549392 20.741
0 2.5562218 21.48175
0 2.5575044 22.2225
0 2.558787 22.96325
0 2.5600696 23.704
0 2.5613522 24.44475
0 2.5626348 25.1855
0 2.5639174 25.92625
1 33 0 5
288
289
290
291
292
3.206499999999143 0 26.667
3.847799999996339 0 26.667
4.489099999994788 0 26.667
5.130399999996571 0 26.667
5.771699999998216 0 26.667
1 34 0 7
293
294
295
296
297
298
299
6.38211965199607 0.6285839224841547 26.667
6.289776002573714 1.251114238368275 26.667
6.136858371482464 1.8615956404025 26.667
5.924839439261562 2.454148858356142 26.667
5.655761065699326 3.023067278067035 26.667
5.332214621736241 3.56287190728803 26.667
4.957316036641173 4.068364132284652 26.667
1 35 0 5
300
301
302
303
304
4.206429823121197 4.206429823121197 26.667
3.878183858496449 3.878183858496449 26.667
3.549937893874251 3.549937893874251 26.667
3.221691929252051 3.221691929252051 26.667
2.893445964626628 2.893445964626628 26.667
1 39 0 47
305
306
307
308
309
310
311
312
313
314
315
316
317
318
319
320
321
322
323
324
325
326
327
328
329
330
331
332
333
334
335
336
337
338
339
340
341
342
343
344
345
346
347
348
349
350
351
6.29916925 0 0.370375
6.3007725 0 0.7407499999999999
6.30237575 0 1.111125
6.303979 0 1.4815
6.30558225 0 1.851875
6.3071855 0 2.22225
6.308788750000001 0 2.592625
6.310392 0 2.963
6.31199525 0 3.333375
6.313598499999999 0 3.703750000000001
6.31520175 0 4.074125
6.316805 0 4.444500000000001
6.31840825 0 4.814875
6.3200115 0 5.185250000000001
6.32161475 0 5.555625
6.323218 0 5.925999999999999
6.32482125 0 6.296375000000001
6.3264245 0 6.66675
6.32802775 0 7.037125
6.329631 0 7.407500000000002
6.33123425 0 7.777875000000001
6.3328375 0 8.148249999999999
6.334440750000001 0 8.518625000000002
6.336044 0 8.889000000000001
6.339250499999999 0 9.629750000000003
6.342457 0 10.3705
6.3456635 0 11.11125
6.34887 0 11.852
6.3520765 0 12.59275
6.355283 0 13.3335
6.3584895 0 14.07425
6.361696 0 14.815
6.364902499999999 0 15.55575
6.368109 0 16.2965
6.3713155 0 17.03725
6.374522 0 17.778
6.3777285 0 18.51875
6.380935 0 19.2595
6.3841415 0 20.00025
6.387348 0 20.741
6.390554499999999 0 21.48175
6.393761 0 22.2225
6.3969675 0 22.96325
6.400174 0 23.704
6.4033805 0 24.44475
6.406587 0 25.1855
6.4097935 0 25.92625
1 43 0 47
352
353
354
355
356
357
358
359
360
361
362
363
364
365
366
367
368
369
370
371
372
373
374
375
376
377
378
379
380
381
382
383
384
385
386
387
388
389
390
391
392
393
394
395
396
397
398
4.454185292516779 4.454185292516779 0.370375
4.455318961463716 4.455318961463716 0.7407499999999999
4.456452630410653 4.456452630410653 1.111125
4.45758629935759 4.45758629935759 1.4815
4.458719968304528 4.458719968304528 1.851875
4.459853637251465 4.459853637251465 2.22225
4.460987306198403 4.460987306198403 2.592625
4.46212097514534 4.46212097514534 2.963
4.463254644092276 4.463254644092276 3.333375
4.464388313039214 4.464388313039214 3.703750000000001
4.465521981986152 4.465521981986152 4.074125
4.466655650933089 4.466655650933089 4.444500000000001
4.467789319880026 4.467789319880026 4.814875
4.468922988826963 4.468922988826963 5.185250000000001
4.470056657773901 4.470056657773901 5.555625
4.471190326720838 4.471190326720838 5.925999999999999
4.472323995667776 4.472323995667776 6.296375000000001
4.473457664614713 4.473457664614713 6.66675
4.474591333561651 4.474591333561651 7.037125
4.475725002508588 4.475725002508588 7.407500000000002
4.476858671455525 4.476858671455525 7.777875000000001
4.477992340402462 4.477992340402462 8.148249999999999
4.4791260093494 4.4791260093494 8.518625000000002
4.480259678296337 4.480259678296337 8.889000000000001
4.482527016190211 4.482527016190211 9.629750000000003
4.484794354084086 4.484794354084086 10.3705
4.487061691977961 4.487061691977961 11.11125
4.489329029871835 4.489329029871835 11.852
4.49159636776571 4.49159636776571 12.59275
4.493863705659585 4.493863705659585 13.3335
4.49613104355346 4.49613104355346 14.07425
4.498398381447334 4.498398381447334 14.815
4.500665719341209 4.500665719341209 15.55575
4.502933057235084 4.502933057235084 16.2965
4.505200395128958 4.505200395128958 17.03725
4.507467733022833 4.507467733022833 17.778
4.509735070916707 4.509735070916707 18.51875
4.512002408810583 4.512002408810583 19.2595
4.514269746704457 4.514269746704457 20.00025
4.516537084598331 4.516537084598331 20.741
4.518804422492206 4.518804422492206 21.48175
4.521071760386081 4.521071760386081 22.2225
4.523339098279956 4.523339098279956 22.96325
4.52560643617383 4.52560643617383 23.704
4.527873774067705 4.527873774067705 24.44475
4.53014111196158 4.53014111196158 25.1855
4.532408449855454 4.532408449855454 25.92625
1 57 0 7
399
400
401
402
403
404
405
4.068364130363748 4.95731603821762 26.667
3.562871901336493 5.332214625712931 26.667
3.02306726790022 5.655761071133602 26.667
2.454148844384915 5.924839445048633 26.667
1.861595629267223 6.136858374860314 26.667
1.251114231075085 6.289776004024421 26.667
0.6285839193690167 6.382119652302884 26.667
1 58 0 5
406
407
408
409
410
0 5.771700000000973 26.667
0 5.130400000002085 26.667
0 4.48910000000403 26.667
0 3.847800000002686 26.667
0 3.206500000001297 26.667
1 69 0 47
411
412
413
414
415
416
417
418
419
420
421
422
423
424
425
426
427
428
429
430
431
432
433
434
435
436
437
438
439
440
441
442
443
444
445
446
447
448
449
450
451
452
453
454
455
456
457
0 6.29916925 0.370375
0 6.3007725 0.7407499999999999
0 6.30237575 1.111125
0 6.303979 1.4815
0 6.30558225 1.851875
0 6.3071855 2.22225
0 6.308788750000001 2.592625
0 6.310392 2.963
0 6.31199525 3.333375
0 6.313598499999999 3.703750000000001
0 6.31520175 4.074125
0 6.316805 4.444500000000001
0 6.31840825 4.814875
0 6.3200115 5.185250000000001
0 6.32161475 5.555625
0 6.323218 5.925999999999999
0 6.32482125 6.296375000000001
0 6.3264245 6.66675
0 6.32802775 7.037125
0 6.329631 7.407500000000002
0 6.33123425 7.777875000000001
0 6.3328375 8.148249999999999
0 6.334440750000001 8.518625000000002
0 6.336044 8.889000000000001
0 6.339250499999999 9.629750000000003
0 6.342457 10.3705
0 6.3456635 11.11125
0 6.34887 11.852
0 6.3520765 12.59275
0 6.355283 13.3335
0 6.3584895 14.07425
0 6.361696 14.815
0 6.364902499999999 15.55575
0 6.368109 16.2965
0 6.3713155 17.03725
0 6.374522 17.778
0 6.3777285 18.51875
0 6.380935 19.2595
0 6.3841415 20.00025
0 6.387348 20.741
0 6.390554499999999 21.48175
0 6.393761 22.2225
0 6.3969675 22.96325
0 6.400174 23.704
0 6.4033805 24.44475
0 6.406587 25.1855
0 6.4097935 25.92625
2 1 0 49
458
459
460
461
462
463
464
465
466
467
468
469
470
471
472
473
474
475
476
477
478
479
480
481
482
483
484
485
486
487
488
489
490
491
492
493
494
495
496
497
498
499
500
501
502
503
504
505
506
0.314878299999632 0.314878300000665 0
0.3148782999998042 0.6297566000013411 0
0.3148782999999763 0.9446349000019861 0
0.3148783000001485 1.259513200002605 0
0.3148783000003207 1.574391500001973 0
0.3148783000004928 1.889269800001316 0
0.314878300000665 2.204148100000662 0
0.6297565999989321 0.3148783000004928 0
0.6297565999993338 0.6297566000009396 0
0.629756599999735 0.9446349000013584 0
0.6297566000001366 1.25951320000176 0
0.6297566000005382 1.574391500001333 0
0.6297566000009395 1.889269800000889 0
0.6297566000013411 2.204148100000453 0
0.9446348999982204 0.3148783000003207 0
0.9446348999988481 0.629756600000538 0
0.9446348999994754 0.9446349000007307 0
0.9446349000001032 1.259513200000915 0
0.9446349000007307 1.574391500000693 0
0.9446349000013582 1.889269800000462 0
0.9446349000019861 2.204148100000244 0
1.259513199997534 0.3148783000001485 0
1.259513199998379 0.6297566000001366 0
1.259513199999224 0.9446349000001032 0
1.259513200000069 1.259513200000069 0
1.259513200000915 1.574391500000052 0
1.25951320000176 1.889269800000035 0
1.259513200002605 2.204148100000035 0
1.574391499998131 0.3148782999999764 0
1.574391499998772 0.629756599999735 0
1.574391499999412 0.9446348999994754 0
1.574391500000052 1.259513199999224 0
1.574391500000693 1.574391499999412 0
1.574391500001333 1.889269799999608 0
1.574391500001973 2.204148099999825 0
1.889269799998754 0.3148782999998042 0
1.889269799999181 0.6297565999993335 0
1.889269799999608 0.9446348999988479 0
1.889269800000035 1.259513199998379 0
1.889269800000462 1.574391499998772 0
1.889269800000889 1.889269799999181 0
1.889269800001316 2.204148099999616 0
2.204148099999407 0.314878299999632 0
2.204148099999616 0.6297565999989321 0
2.204148099999826 0.9446348999982204 0
2.204148100000035 1.259513199997534 0
2.204148100000244 1.574391499998131 0
2.204148100000453 1.889269799998754 0
2.204148100000662 2.204148099999407 0
2 2 0 35
507
508
509
510
511
512
513
514
515
516
517
518
519
520
521
522
523
524
525
526
527
528
529
530
531
532
533
534
535
536
537
538
539
540
541
3.143728916376216 0.3652768186463514 0
3.128615339087776 0.7295628636788378 0
3.103587820132846 1.091876903144549 0
3.068887388226348 1.451256696482427 0
3.024848227753641 1.806768261175993 0
2.971894459758646 2.157514868826067 0
2.910536057998372 2.502645679651438 0
3.768431432750499 0.4156753372930617 0
3.738204278173635 0.8293691273587862 0
3.688149240263824 1.239118906290974 0
3.618748376450906 1.643000192967474 0
3.530670055505599 2.039145022353653 0
3.42476251951575 2.425759937652831 0
3.30204571599537 2.801143259302589 0
4.393133949125366 0.466073855939346 0
4.347793217259456 0.9291753910378855 0
4.27271066039417 1.386360909436133 0
4.168609364674277 1.834743689450847 0
4.036491883255837 2.271521783529244 0
3.877630579270627 2.694005006477143 0
3.693555373989659 3.099640838950921 0
5.017836465503197 0.5164723745856609 0
4.957382156347903 1.028981654717043 0
4.857272080526776 1.533602912581372 0
4.718470352899504 2.02648718593431 0
4.542313711007508 2.503898544704926 0
4.330498639026485 2.962250075301534 0
4.085065031984449 3.398138418599303 0
5.642538981881327 0.56687089323232 0
5.566971095437052 1.128787918396886 0
5.441833500660458 1.680844915727632 0
5.26833134112615 2.218230682419122 0
5.048135538760907 2.736275305882269 0
4.783366698784352 3.230495144127884 0
4.47657468998151 3.696635998249924 0
2 3 0 35
542
543
544
545
546
547
548
549
550
551
552
553
554
555
556
557
558
559
560
561
562
563
564
565
566
567
568
569
570
571
572
573
574
575
576
2.502645679338477 2.910536058256709 0
2.801143258675023 3.30204571651235 0
3.099640838008731 3.693555374765086 0
3.398138417342389 4.085065033017326 0
3.696635996678306 4.476574691271985 0
2.157514867854896 2.971894460410131 0
2.425759935707124 3.42476252081932 0
2.694005003556868 3.877630581225901 0
2.962250071406531 4.330498641631514 0
3.230495139258179 4.783366702039422 0
1.806768259516353 3.024848228643976 0
2.039145019029308 3.530670057287148 0
2.271521778540156 4.036491885928041 0
2.503898538050912 4.542313714567519 0
2.736275297563357 5.048135543209143 0
1.451256694201498 3.0688873891747 0
1.643000188398909 3.61874837834875 0
1.834743682594611 4.168609367520885 0
2.02648717679022 4.718470356691183 0
2.218230670987205 5.268331345863442 0
1.09187690132631 3.103587820687147 0
1.239118902649525 3.688149241373802 0
1.386360903971443 4.272710662058954 0
1.533602905293282 4.857272082741876 0
1.680844906616166 5.441833503426531 0
0.7295628624878998 3.128615339326905 0
0.8293691249737335 3.738204278653499 0
0.9291753874586961 4.347793217979032 0
1.028981649943601 4.957382157301975 0
1.128787912429209 5.566971096626385 0
0.3652768181376745 3.143728916428346 0
0.4156753362743493 3.768431432856576 0
0.4660738544105866 4.393133949284233 0
0.5164723725467935 5.017836465708962 0
0.5668708906833537 5.642538982134856 0
2 18 0 329
577
578
579
580
581
582
583
584
585
586
587
588
589
590
591
592
593
594
595
596
597
598
599
600
601
602
603
604
605
606
607
608
609
610
611
612
613
614
615
616
617
618
619
620
621
622
623
624
625
626
627
628
629
630
631
632
633
634
635
636
637
638
639
640
641
642
643
644
645
646
647
648
649
650
651
652
653
654
655
656
657
658
659
660
661
662
663
664
665
666
667
668
669
670
671
672
673
674
675
676
677
678
679
680
681
682
683
684
685
686
687
688
689
690
691
692
693
694
695
696
697
698
699
700
701
702
703
704
705
706
707
708
709
710
711
712
713
714
715
716
717
718
719
720
721
722
723
724
725
726
727
728
729
730
731
732
733
734
735
736
737
738
739
740
741
742
743
744
745
746
747
748
749
750
751
752
753
754
755
756
757
758
759
760
761
762
763
764
765
766
767
768
769
770
771
772
773
774
775
776
777
778
779
780
781
782
783
784
785
786
787
788
789
790
791
792
793
794
795
796
797
798
799
800
801
802
803
804
805
806
807
808
809
810
811
812
813
814
815
816
817
818
819
820
821
822
823
824
825
826
827
828
829
830
831
832
833
834
835
836
837
838
839
840
841
842
843
844
845
846
847
848
849
850
851
852
853
854
855
856
857
858
859
860
861
862
863
864
865
866
867
868
869
870
871
872
873
874
875
876
877
878
879
880
881
882
883
884
885
886
887
888
889
890
891
892
893
894
895
896
897
898
899
900
901
902
903
904
905
0.3149584624994598 0 0.370375
0.3150386249994596 0 0.7407499999999999
0.3151187874994595 0 1.111125
0.3151989499994594 0 1.4815
0.3152791124994592 0 1.851875
0.3153592749994591 0 2.22225
0.315439437499459 0 2.592625
0.3155195999994588 0 2.963
0.3155997624994586 0 3.333375
0.3156799249994585 0 3.703750000000001
0.3157600874994584 0 4.074125
0.3158402499994583 0 4.444500000000001
0.3159204124994581 0 4.814875
0.3160005749994579 0 5.185250000000001
0.3160807374994579 0 5.555625
0.3161608999994577 0 5.925999999999999
0.3162410624994576 0 6.296375000000001
0.3163212249994574 0 6.66675
0.3164013874994573 0 7.037125
0.3164815499994572 0 7.407500000000002
0.316561712499457 0 7.777875000000001
0.3166418749994569 0 8.148249999999999
0.3167220374994568 0 8.518625000000002
0.3168021999994566 0 8.889000000000001
0.3169625249994563 0 9.629750000000003
0.3171228499994561 0 10.3705
0.3172831749994557 0 11.11125
0.3174434999994555 0 11.852
0.3176038249994552 0 12.59275
0.317764149999455 0 13.3335
0.3179244749994547 0 14.07425
0.3180847999994544 0 14.815
0.3182451249994541 0 15.55575
0.3184054499994539 0 16.2965
0.3185657749994535 0 17.03725
0.3187260999994533 0 17.778
0.318886424999453 0 18.51875
0.3190467499994528 0 19.2595
0.3192070749994525 0 20.00025
0.3193673999994522 0 20.741
0.3195277249994519 0 21.48175
0.3196880499994517 0 22.2225
0.3198483749994513 0 22.96325
0.3200086999994511 0 23.704
0.3201690249994508 0 24.44475
0.3203293499994506 0 25.1855
0.3204896749994503 0 25.92625
0.6299169249985302 0 0.370375
0.6300772499985298 0 0.7407499999999999
0.6302375749985295 0 1.111125
0.630397899998529 0 1.4815
0.6305582249985286 0 1.851875
0.6307185499985283 0 2.22225
0.630878874998528 0 2.592625
0.6310391999985275 0 2.963
0.6311995249985272 0 3.333375
0.6313598499985268 0 3.703750000000001
0.6315201749985264 0 4.074125
0.6316804999985262 0 4.444500000000001
0.6318408249985257 0 4.814875
0.6320011499985253 0 5.185250000000001
0.6321614749985249 0 5.555625
0.6323217999985246 0 5.925999999999999
0.6324821249985242 0 6.296375000000001
0.6326424499985238 0 6.66675
0.6328027749985234 0 7.037125
0.6329630999985231 0 7.407500000000002
0.6331234249985227 0 7.777875000000001
0.6332837499985223 0 8.148249999999999
0.6334440749985221 0 8.518625000000002
0.6336043999985216 0 8.889000000000001
0.6339250499985207 0 9.629750000000003
0.6342456999985201 0 10.3705
0.6345663499985194 0 11.11125
0.6348869999985186 0 11.852
0.6352076499985179 0 12.59275
0.6355282999985171 0 13.3335
0.6358489499985164 0 14.07425
0.6361695999985156 0 14.815
0.6364902499985148 0 15.55575
0.6368108999985141 0 16.2965
0.6371315499985133 0 17.03725
0.6374521999985125 0 17.778
0.6377728499985118 0 18.51875
0.6380934999985111 0 19.2595
0.6384141499985103 0 20.00025
0.6387347999985097 0 20.741
0.6390554499985088 0 21.48175
0.6393760999985082 0 22.2225
0.6396967499985073 0 22.96325
0.6400173999985066 0 23.704
0.6403380499985059 0 24.44475
0.6406586999985051 0 25.1855
0.6409793499985044 0 25.92625
0.9448753874975921 0 0.370375
0.9451158749975915 0 0.7407499999999999
0.9453563624975909 0 1.111125
0.9455968499975903 0 1.4815
0.9458373374975896 0 1.851875
0.9460778249975891 0 2.22225
0.9463183124975886 0 2.592625
0.9465587999975879 0 2.963
0.9467992874975871 0 3.333375
0.9470397749975865 0 3.703750000000001
0.947280262497586 0 4.074125
0.9475207499975854 0 4.444500000000001
0.9477612374975848 0 4.814875
0.9480017249975841 0 5.185250000000001
0.9482422124975836 0 5.555625
0.9484826999975828 0 5.925999999999999
0.9487231874975823 0 6.296375000000001
0.9489636749975817 0 6.66675
0.9492041624975811 0 7.037125
0.9494446499975805 0 7.407500000000002
0.9496851374975798 0 7.777875000000001
0.9499256249975793 0 8.148249999999999
0.9501661124975788 0 8.518625000000002
0.950406599997578 0 8.889000000000001
0.9508875749975767 0 9.629750000000003
0.9513685499975756 0 10.3705
0.9518495249975742 0 11.11125
0.9523304999975731 0 11.852
0.9528114749975719 0 12.59275
0.9532924499975707 0 13.3335
0.9537734249975695 0 14.07425
0.9542543999975682 0 14.815
0.9547353749975669 0 15.55575
0.9552163499975658 0 16.2965
0.9556973249975644 0 17.03725
0.9561782999975633 0 17.778
0.9566592749975621 0 18.51875
0.9571402499975609 0 19.2595
0.9576212249975596 0 20.00025
0.9581021999975584 0 20.741
0.9585831749975571 0 21.48175
0.9590641499975561 0 22.2225
0.9595451249975547 0 22.96325
0.9600260999975535 0 23.704
0.9605070749975523 0 24.44475
0.9609880499975511 0 25.1855
0.9614690249975498 0 25.92625
1.259833849996688 0 0.370375
1.260154499996687 0 0.7407499999999999
1.260475149996686 0 1.111125
1.260795799996685 0 1.4815
1.261116449996684 0 1.851875
1.261437099996684 0 2.22225
1.261757749996683 0 2.592625
1.262078399996682 0 2.963
1.262399049996681 0 3.333375
1.26271969999668 0 3.703750000000001
1.26304034999668 0 4.074125
1.263360999996679 0 4.444500000000001
1.263681649996678 0 4.814875
1.264002299996677 0 5.185250000000001
1.264322949996676 0 5.555625
1.264643599996675 0 5.925999999999999
1.264964249996674 0 6.296375000000001
1.265284899996674 0 6.66675
1.265605549996673 0 7.037125
1.265926199996672 0 7.407500000000002
1.266246849996671 0 7.777875000000001
1.26656749999667 0 8.148249999999999
1.26688814999667 0 8.518625000000002
1.267208799996669 0 8.889000000000001
1.267850099996667 0 9.629750000000003
1.268491399996665 0 10.3705
1.269132699996663 0 11.11125
1.269773999996662 0 11.852
1.27041529999666 0 12.59275
1.271056599996659 0 13.3335
1.271697899996657 0 14.07425
1.272339199996655 0 14.815
1.272980499996653 0 15.55575
1.273621799996652 0 16.2965
1.27426309999665 0 17.03725
1.274904399996648 0 17.778
1.275545699996647 0 18.51875
1.276186999996645 0 19.2595
1.276828299996643 0 20.00025
1.277469599996642 0 20.741
1.27811089999664 0 21.48175
1.278752199996638 0 22.2225
1.279393499996637 0 22.96325
1.280034799996635 0 23.704
1.280676099996633 0 24.44475
1.281317399996631 0 25.1855
1.28195869999663 0 25.92625
1.57479231249749 0 0.370375
1.57519312499749 0 0.7407499999999999
1.575593937497489 0 1.111125
1.575994749997488 0 1.4815
1.576395562497487 0 1.851875
1.576796374997487 0 2.22225
1.577197187497487 0 2.592625
1.577597999997486 0 2.963
1.577998812497485 0 3.333375
1.578399624997484 0 3.703750000000001
1.578800437497484 0 4.074125
1.579201249997483 0 4.444500000000001
1.579602062497482 0 4.814875
1.580002874997482 0 5.185250000000001
1.580403687497481 0 5.555625
1.580804499997481 0 5.925999999999999
1.58120531249748 0 6.296375000000001
1.581606124997479 0 6.66675
1.582006937497479 0 7.037125
1.582407749997478 0 7.407500000000002
1.582808562497477 0 7.777875000000001
1.583209374997477 0 8.148249999999999
1.583610187497476 0 8.518625000000002
1.584010999997476 0 8.889000000000001
1.584812624997474 0 9.629750000000003
1.585614249997473 0 10.3705
1.586415874997472 0 11.11125
1.58721749999747 0 11.852
1.588019124997469 0 12.59275
1.588820749997468 0 13.3335
1.589622374997467 0 14.07425
1.590423999997465 0 14.815
1.591225624997464 0 15.55575
1.592027249997463 0 16.2965
1.592828874997461 0 17.03725
1.59363049999746 0 17.778
1.594432124997459 0 18.51875
1.595233749997458 0 19.2595
1.596035374997456 0 20.00025
1.596836999997455 0 20.741
1.597638624997454 0 21.48175
1.598440249997453 0 22.2225
1.599241874997451 0 22.96325
1.60004349999745 0 23.704
1.600845124997449 0 24.44475
1.601646749997447 0 25.1855
1.602448374997446 0 25.92625
1.889750774998327 0 0.370375
1.890231749998327 0 0.7407499999999999
1.890712724998326 0 1.111125
1.891193699998326 0 1.4815
1.891674674998325 0 1.851875
1.892155649998325 0 2.22225
1.892636624998325 0 2.592625
1.893117599998324 0 2.963
1.893598574998324 0 3.333375
1.894079549998323 0 3.703750000000001
1.894560524998323 0 4.074125
1.895041499998322 0 4.444500000000001
1.895522474998322 0 4.814875
1.896003449998321 0 5.185250000000001
1.896484424998321 0 5.555625
1.896965399998321 0 5.925999999999999
1.89744637499832 0 6.296375000000001
1.89792734999832 0 6.66675
1.898408324998319 0 7.037125
1.898889299998319 0 7.407500000000002
1.899370274998319 0 7.777875000000001
1.899851249998318 0 8.148249999999999
1.900332224998318 0 8.518625000000002
1.900813199998317 0 8.889000000000001
1.901775149998316 0 9.629750000000003
1.902737099998316 0 10.3705
1.903699049998315 0 11.11125
1.904660999998314 0 11.852
1.905622949998313 0 12.59275
1.906584899998312 0 13.3335
1.907546849998311 0 14.07425
1.908508799998311 0 14.815
1.909470749998309 0 15.55575
1.910432699998309 0 16.2965
1.911394649998308 0 17.03725
1.912356599998307 0 17.778
1.913318549998306 0 18.51875
1.914280499998305 0 19.2595
1.915242449998305 0 20.00025
1.916204399998304 0 20.741
1.917166349998303 0 21.48175
1.918128299998302 0 22.2225
1.919090249998301 0 22.96325
1.9200521999983 0 23.704
1.921014149998299 0 24.44475
1.921976099998299 0 25.1855
1.922938049998298 0 25.92625
2.204709237499198 0 0.370375
2.205270374999198 0 0.7407499999999999
2.205831512499198 0 1.111125
2.206392649999197 0 1.4815
2.206953787499197 0 1.851875
2.207514924999197 0 2.22225
2.208076062499197 0 2.592625
2.208637199999196 0 2.963
2.209198337499196 0 3.333375
2.209759474999196 0 3.703750000000001
2.210320612499196 0 4.074125
2.210881749999196 0 4.444500000000001
2.211442887499195 0 4.814875
2.212004024999195 0 5.185250000000001
2.212565162499195 0 5.555625
2.213126299999195 0 5.925999999999999
2.213687437499194 0 6.296375000000001
2.214248574999194 0 6.66675
2.214809712499194 0 7.037125
2.215370849999194 0 7.407500000000002
2.215931987499193 0 7.777875000000001
2.216493124999193 0 8.148249999999999
2.217054262499194 0 8.518625000000002
2.217615399999193 0 8.889000000000001
2.218737674999192 0 9.629750000000003
2.219859949999192 0 10.3705
2.220982224999192 0 11.11125
2.222104499999191 0 11.852
2.223226774999191 0 12.59275
2.224349049999191 0 13.3335
2.22547132499919 0 14.07425
2.22659359999919 0 14.815
2.227715874999189 0 15.55575
2.228838149999189 0 16.2965
2.229960424999188 0 17.03725
2.231082699999188 0 17.778
2.232204974999187 0 18.51875
2.233327249999187 0 19.2595
2.234449524999187 0 20.00025
2.235571799999187 0 20.741
2.236694074999186 0 21.48175
2.237816349999186 0 22.2225
2.238938624999185 0 22.96325
2.240060899999185 0 23.704
2.241183174999184 0 24.44475
2.242305449999184 0 25.1855
2.243427724999184 0 25.92625
2 22 0 329
906
907
908
909
910
911
912
913
914
915
916
917
918
919
920
921
922
923
924
925
926
927
928
929
930
931
932
933
934
935
936
937
938
939
940
941
942
943
944
945
946
947
948
949
950
951
952
953
954
955
956
957
958
959
960
961
962
963
964
965
966
967
968
969
970
971
972
973
974
975
976
977
978
979
980
981
982
983
984
985
986
987
988
989
990
991
992
993
994
995
996
997
998
999
1000
1001
1002
1003
1004
1005
1006
1007
1008
1009
1010
1011
1012
1013
1014
1015
1016
1017
1018
1019
1020
1021
1022
1023
1024
1025
1026
1027
1028
1029
1030
1031
1032
1033
1034
1035
1036
1037
1038
1039
1040
1041
1042
1043
1044
1045
1046
1047
1048
1049
1050
1051
1052
1053
1054
1055
1056
1057
1058
1059
1060
1061
1062
1063
1064
1065
1066
1067
1068
1069
1070
1071
1072
1073
1074
1075
1076
1077
1078
1079
1080
1081
1082
1083
1084
1085
1086
1087
1088
1089
1090
1091
1092
1093
1094
1095
1096
1097
1098
1099
1100
1101
1102
1103
1104
1105
1106
1107
1108
1109
1110
1111
1112
1113
1114
1115
1116
1117
1118
1119
1120
1121
1122
1123
1124
1125
1126
1127
1128
1129
1130
1131
1132
1133
1134
1135
1136
1137
1138
1139
1140
1141
1142
1143
1144
1145
1146
1147
1148
1149
1150
1151
1152
1153
1154
1155
1156
1157
1158
1159
1160
1161
1162
1163
1164
1165
1166
1167
1168
1169
1170
1171
1172
1173
1174
1175
1176
1177
1178
1179
1180
1181
1182
1183
1184
1185
1186
1187
1188
1189
1190
1191
1192
1193
1194
1195
1196
1197
1198
1199
1200
1201
1202
1203
1204
1205
1206
1207
1208
1209
1210
1211
1212
1213
1214
1215
1216
1217
1218
1219
1220
1221
1222
1223
1224
1225
1226
1227
1228
1229
1230
1231
1232
1233
1234
2.5196677 0.3149584624994598 0.370375
2.520309 0.3150386249994596 0.7407499999999999
2.5209503 0.3151187874994595 1.111125
2.5215916 0.3151989499994594 1.4815
2.5222329 0.3152791124994592 1.851875
2.5228742 0.3153592749994591 2.22225
2.5235155 0.315439437499459 2.592625
2.5241568 0.3155195999994588 2.963
2.5247981 0.3155997624994586 3.333375
2.5254394 0.3156799249994585 3.703750000000001
2.5260807 0.3157600874994584 4.074125
2.526722 0.3158402499994583 4.444500000000001
2.5273633 0.3159204124994581 4.814875
2.5280046 0.3160005749994579 5.185250000000001
2.5286459 0.3160807374994579 5.555625
2.5292872 0.3161608999994577 5.925999999999999
2.5299285 0.3162410624994576 6.296375000000001
2.5305698 0.3163212249994574 6.66675
2.5312111 0.3164013874994573 7.037125
2.5318524 0.3164815499994572 7.407500000000002
2.5324937 0.316561712499457 7.777875000000001
2.533135 0.3166418749994569 8.148249999999999
2.5337763 0.3167220374994568 8.518625000000002
2.5344176 0.3168021999994566 8.889000000000001
2.5357002 0.3169625249994563 9.629750000000003
2.536982800000001 0.3171228499994561 10.3705
2.5382654 0.3172831749994557 11.11125
2.539548 0.3174434999994555 11.852
2.5408306 0.3176038249994552 12.59275
2.5421132 0.317764149999455 13.3335
2.5433958 0.3179244749994547 14.07425
2.5446784 0.3180847999994544 14.815
2.545961 0.3182451249994541 15.55575
2.5472436 0.3184054499994539 16.2965
2.5485262 0.3185657749994535 17.03725
2.5498088 0.3187260999994533 17.778
2.5510914 0.318886424999453 18.51875
2.552374 0.3190467499994528 19.2595
2.5536566 0.3192070749994525 20.00025
2.5549392 0.3193673999994522 20.741
2.5562218 0.3195277249994519 21.48175
2.5575044 0.3196880499994517 22.2225
2.558787 0.3198483749994513 22.96325
2.5600696 0.3200086999994511 23.704
2.5613522 0.3201690249994508 24.44475
2.5626348 0.3203293499994506 25.1855
2.5639174 0.3204896749994503 25.92625
2.5196677 0.6299169249985302 0.370375
2.520309 0.6300772499985298 0.7407499999999999
2.5209503 0.6302375749985295 1.111125
2.5215916 0.630397899998529 1.4815
2.5222329 0.6305582249985286 1.851875
2.5228742 0.6307185499985283 2.22225
2.5235155 0.630878874998528 2.592625
2.5241568 0.6310391999985275 2.963
2.5247981 0.6311995249985272 3.333375
2.5254394 0.6313598499985268 3.703750000000001
2.5260807 0.6315201749985264 4.074125
2.526722 0.6316804999985262 4.444500000000001
2.5273633 0.6318408249985257 4.814875
2.5280046 0.6320011499985253 5.185250000000001
2.5286459 0.6321614749985249 5.555625
2.5292872 0.6323217999985246 5.925999999999999
2.5299285 0.6324821249985242 6.296375000000001
2.5305698 0.6326424499985238 6.66675
2.5312111 0.6328027749985234 7.037125
2.5318524 0.6329630999985231 7.407500000000002
2.5324937 0.6331234249985227 7.777875000000001
2.533135 0.6332837499985223 8.148249999999999
2.5337763 0.6334440749985221 8.518625000000002
2.5344176 0.6336043999985216 8.889000000000001
2.5357002 0.6339250499985207 9.629750000000003
2.536982800000001 0.6342456999985201 10.3705
2.5382654 0.6345663499985194 11.11125
2.539548 0.6348869999985186 11.852
2.5408306 0.6352076499985179 12.59275
2.5421132 0.6355282999985171 13.3335
2.5433958 0.6358489499985164 14.07425
2.5446784 0.6361695999985156 14.815
2.545961 0.6364902499985148 15.55575
2.5472436 0.6368108999985141 16.2965
2.5485262 0.6371315499985133 17.03725
2.5498088 0.6374521999985125 17.778
2.5510914 0.6377728499985118 18.51875
2.552374 0.6380934999985111 19.2595
2.5536566 0.6384141499985103 20.00025
2.5549392 0.6387347999985097 20.741
2.5562218 0.6390554499985088 21.48175
2.5575044 0.6393760999985082 22.2225
2.558787 0.6396967499985073 22.96325
2.5600696 0.6400173999985066 23.704
2.5613522 0.6403380499985059 24.44475
2.5626348 0.6406586999985051 25.1855
2.5639174 0.6409793499985044 25.92625
2.5196677 0.9448753874975921 0.370375
2.520309 0.9451158749975915 0.7407499999999999
2.5209503 0.9453563624975909 1.111125
2.5215916 0.9455968499975903 1.4815
2.5222329 0.9458373374975896 1.851875
2.5228742 0.9460778249975891 2.22225
2.5235155 0.9463183124975886 2.592625
2.5241568 0.9465587999975879 2.963
2.5247981 0.9467992874975871 3.333375
2.5254394 0.9470397749975865 3.703750000000001
2.5260807 0.947280262497586 4.074125
2.526722 0.9475207499975854 4.444500000000001
2.5273633 0.9477612374975848 4.814875
2.5280046 0.9480017249975841 5.185250000000001
2.5286459 0.9482422124975836 5.555625
2.5292872 0.9484826999975828 5.925999999999999
2.5299285 0.9487231874975823 6.296375000000001
2.5305698 0.9489636749975817 6.66675
2.5312111 0.9492041624975811 7.037125
2.5318524 0.9494446499975805 7.407500000000002
2.5324937 0.9496851374975798 7.777875000000001
2.533135 0.9499256249975793 8.148249999999999
2.5337763 0.9501661124975788 8.518625000000002
2.5344176 0.950406599997578 8.889000000000001
2.5357002 0.9508875749975767 9.629750000000003
2.536982800000001 0.9513685499975756 10.3705
2.5382654 0.9518495249975742 11.11125
2.539548 0.9523304999975731 11.852
2.5408306 0.9528114749975719 12.59275
2.5421132 0.9532924499975707 13.3335
2.5433958 0.9537734249975695 14.07425
2.5446784 0.9542543999975682 14.815
2.545961 0.9547353749975669 15.55575
2.5472436 0.9552163499975658 16.2965
2.5485262 0.9556973249975644 17.03725
2.5498088 0.9561782999975633 17.778
2.5510914 0.9566592749975621 18.51875
2.552374 0.9571402499975609 19.2595
2.5536566 0.9576212249975596 20.00025
2.5549392 0.9581021999975584 20.741
2.5562218 0.9585831749975571 21.48175
2.5575044 0.9590641499975561 22.2225
2.558787 0.9595451249975547 22.96325
2.5600696 0.9600260999975535 23.704
2.5613522 0.9605070749975523 24.44475
2.5626348 0.9609880499975511 25.1855
2.5639174 0.9614690249975498 25.92625
2.5196677 1.259833849996688 0.370375
2.520309 1.260154499996687 0.7407499999999999
2.5209503 1.260475149996686 1.111125
2.5215916 1.260795799996685 1.4815
2.5222329 1.261116449996684 1.851875
2.5228742 1.261437099996684 2.22225
2.5235155 1.261757749996683 2.592625
2.5241568 1.262078399996682 2.963
2.5247981 1.262399049996681 3.333375
2.5254394 1.26271969999668 3.703750000000001
2.5260807 1.26304034999668 4.074125
2.526722 1.263360999996679 4.444500000000001
2.5273633 1.263681649996678 4.814875
2.5280046 1.264002299996677 5.185250000000001
2.5286459 1.264322949996676 5.555625
2.5292872 1.264643599996675 5.925999999999999
2.5299285 1.264964249996674 6.296375000000001
2.5305698 1.265284899996674 6.66675
2.5312111 1.265605549996673 7.037125
2.5318524 1.265926199996672 7.407500000000002
2.5324937 1.266246849996671 7.777875000000001
2.533135 1.26656749999667 8.148249999999999
2.5337763 1.26688814999667 8.518625000000002
2.5344176 1.267208799996669 8.889000000000001
2.5357002 1.267850099996667 9.629750000000003
2.536982800000001 1.268491399996665 10.3705
2.5382654 1.269132699996663 11.11125
2.539548 1.269773999996662 11.852
2.5408306 1.27041529999666 12.59275
2.5421132 1.271056599996659 13.3335
2.5433958 1.271697899996657 14.07425
2.5446784 1.272339199996655 14.815
2.545961 1.272980499996653 15.55575
2.5472436 1.273621799996652 16.2965
2.5485262 1.27426309999665 17.03725
2.5498088 1.274904399996648 17.778
2.5510914 1.275545699996647 18.51875
2.552374 1.276186999996645 19.2595
2.5536566 1.276828299996643 20.00025
2.5549392 1.277469599996642 20.741
2.5562218 1.27811089999664 21.48175
2.5575044 1.278752199996638 22.2225
2.558787 1.279393499996637 22.96325
2.5600696 1.280034799996635 23.704
2.5613522 1.280676099996633 24.44475
2.5626348 1.281317399996631 25.1855
2.5639174 1.28195869999663 25.92625
2.5196677 1.57479231249749 0.370375
2.520309 1.57519312499749 0.7407499999999999
2.5209503 1.575593937497489 1.111125
2.5215916 1.575994749997488 1.4815
2.5222329 1.576395562497487 1.851875
2.5228742 1.576796374997487 2.22225
2.5235155 1.577197187497487 2.592625
2.5241568 1.577597999997486 2.963
2.5247981 1.577998812497485 3.333375
2.5254394 1.578399624997484 3.703750000000001
2.5260807 1.578800437497484 4.074125
2.526722 1.579201249997483 4.444500000000001
2.5273633 1.579602062497482 4.814875
2.5280046 1.580002874997482 5.185250000000001
2.5286459 1.580403687497481 5.555625
2.5292872 1.580804499997481 5.925999999999999
2.5299285 1.58120531249748 6.296375000000001
2.5305698 1.581606124997479 6.66675
2.5312111 1.582006937497479 7.037125
2.5318524 1.582407749997478 7.407500000000002
2.5324937 1.582808562497477 7.777875000000001
2.533135 1.583209374997477 8.148249999999999
2.5337763 1.583610187497476 8.518625000000002
2.5344176 1.584010999997476 8.889000000000001
2.5357002 1.584812624997474 9.629750000000003
2.536982800000001 1.585614249997473 10.3705
2.5382654 1.586415874997472 11.11125
2.539548 1.58721749999747 11.852
2.5408306 1.588019124997469 12.59275
2.5421132 1.588820749997468 13.3335
2.5433958 1.589622374997467 14.07425
2.5446784 1.590423999997465 14.815
2.545961 1.591225624997464 15.55575
2.5472436 1.592027249997463 16.2965
2.5485262 1.592828874997461 17.03725
2.5498088 1.59363049999746 17.778
2.5510914 1.594432124997459 18.51875
2.552374 1.595233749997458 19.2595
2.5536566 1.596035374997456 20.00025
2.5549392 1.596836999997455 20.741
2.5562218 1.597638624997454 21.48175
2.5575044 1.598440249997453 22.2225
2.558787 1.599241874997451 22.96325
2.5600696 1.60004349999745 23.704
2.5613522 1.600845124997449 24.44475
2.5626348 1.601646749997447 25.1855
2.5639174 1.602448374997446 25.92625
2.5196677 1.889750774998327 0.370375
2.520309 1.890231749998327 0.7407499999999999
2.5209503 1.890712724998326 1.111125
2.5215916 1.891193699998326 1.4815
2.5222329 1.891674674998325 1.851875
2.5228742 1.892155649998325 2.22225
2.5235155 1.892636624998325 2.592625
2.5241568 1.893117599998324 2.963
2.5247981 1.893598574998324 3.333375
2.5254394 1.894079549998323 3.703750000000001
2.5260807 1.894560524998323 4.074125
2.526722 1.895041499998322 4.444500000000001
2.5273633 1.895522474998322 4.814875
2.5280046 1.896003449998321 5.185250000000001
2.5286459 1.896484424998321 5.555625
2.5292872 1.896965399998321 5.925999999999999
2.5299285 1.89744637499832 6.296375000000001
2.5305698 1.89792734999832 6.66675
2.5312111 1.898408324998319 7.037125
2.5318524 1.898889299998319 7.407500000000002
2.5324937 1.899370274998319 7.777875000000001
2.533135 1.899851249998318 8.148249999999999
2.5337763 1.900332224998318 8.518625000000002
2.5344176 1.900813199998317 8.889000000000001
2.5357002 1.901775149998316 9.629750000000003
2.536982800000001 1.902737099998316 10.3705
2.5382654 1.903699049998315 11.11125
2.539548 1.904660999998314 11.852
2.5408306 1.905622949998313 12.59275
2.5421132 1.906584899998312 13.3335
2.5433958 1.907546849998311 14.07425
2.5446784 1.908508799998311 14.815
2.545961 1.909470749998309 15.55575
2.5472436 1.910432699998309 16.2965
2.5485262 1.911394649998308 17.03725
2.5498088 1.912356599998307 17.778
2.5510914 1.913318549998306 18.51875
2.552374 1.914280499998305 19.2595
2.5536566 1.915242449998305 20.00025
2.5549392 1.916204399998304 20.741
2.5562218 1.917166349998303 21.48175
2.5575044 1.918128299998302 22.2225
2.558787 1.919090249998301 22.96325
2.5600696 1.9200521999983 23.704
2.5613522 1.921014149998299 24.44475
2.5626348 1.921976099998299 25.1855
2.5639174 1.922938049998298 25.92625
2.5196677 2.204709237499198 0.370375
2.520309 2.205270374999198 0.7407499999999999
2.5209503 2.205831512499198 1.111125
2.5215916 2.206392649999197 1.4815
2.5222329 2.206953787499197 1.851875
2.5228742 2.207514924999197 2.22225
2.5235155 2.208076062499197 2.592625
2.5241568 2.208637199999196 2.963
2.5247981 2.209198337499196 3.333375
2.5254394 2.209759474999196 3.703750000000001
2.5260807 2.210320612499196 4.074125
2.526722 2.210881749999196 4.444500000000001
2.5273633 2.211442887499195 4.814875
2.5280046 2.212004024999195 5.185250000000001
2.5286459 2.212565162499195 5.555625
2.5292872 2.213126299999195 5.925999999999999
2.5299285 2.213687437499194 6.296375000000001
2.5305698 2.214248574999194 6.66675
2.5312111 2.214809712499194 7.037125
2.5318524 2.215370849999194 7.407500000000002
2.5324937 2.215931987499193 7.777875000000001
2.533135 2.216493124999193 8.148249999999999
2.5337763 2.217054262499194 8.518625000000002
2.5344176 2.217615399999193 8.889000000000001
2.5357002 2.218737674999192 9.629750000000003
2.536982800000001 2.219859949999192 10.3705
2.5382654 2.220982224999192 11.11125
2.539548 2.222104499999191 11.852
2.5408306 2.223226774999191 12.59275
2.5421132 2.224349049999191 13.3335
2.5433958 2.22547132499919 14.07425
2.5446784 2.22659359999919 14.815
2.545961 2.227715874999189 15.55575
2.5472436 2.228838149999189 16.2965
2.5485262 2.229960424999188 17.03725
2.5498088 2.231082699999188 17.778
2.5510914 2.232204974999187 18.51875
2.552374 2.233327249999187 19.2595
2.5536566 2.234449524999187 20.00025
2.5549392 2.235571799999187 20.741
2.5562218 2.236694074999186 21.48175
2.5575044 2.237816349999186 22.2225
2.558787 2.238938624999185 22.96325
2.5600696 2.240060899999185 23.704
2.5613522 2.241183174999184 24.44475
2.5626348 2.242305449999184 25.1855
2.5639174 2.243427724999184 25.92625
2 26 0 329
1235
1236
1237
1238
1239
1240
1241
1242
1243
1244
1245
1246
1247
1248
1249
1250
1251
1252
1253
1254
1255
1256
1257
1258
1259
1260
1261
1262
1263
1264
1265
1266
1267
1268
1269
1270
1271
1272
1273
1274
1275
1276
1277
1278
1279
1280
1281
1282
1283
1284
1285
1286
1287
1288
1289
1290
1291
1292
1293
1294
1295
1296
1297
1298
1299
1300
1301
1302
1303
1304
1305
1306
1307
1308
1309
1310
1311
1312
1313
1314
1315
1316
1317
1318
1319
1320
1321
1322
1323
1324
1325
1326
1327
1328
1329
1330
1331
1332
1333
1334
1335
1336
1337
1338
1339
1340
1341
1342
1343
1344
1345
1346
1347
1348
1349
1350
1351
1352
1353
1354
1355
1356
1357
1358
1359
1360
1361
1362
1363
1364
1365
1366
1367
1368
1369
1370
1371
1372
1373
1374
1375
1376
1377
1378
1379
1380
1381
1382
1383
1384
1385
1386
1387
1388
1389
1390
1391
1392
1393
1394
1395
1396
1397
1398
1399
1400
1401
1402
1403
1404
1405
1406
1407
1408
1409
1410
1411
1412
1413
1414
1415
1416
1417
1418
1419
1420
1421
1422
1423
1424
1425
1426
1427
1428
1429
1430
1431
1432
1433
1434
1435
1436
1437
1438
1439
1440
1441
1442
1443
1444
1445
1446
1447
1448
1449
1450
1451
1452
1453
1454
1455
1456
1457
1458
1459
1460
1461
1462
1463
1464
1465
1466
1467
1468
1469
1470
1471
1472
1473
1474
1475
1476
1477
1478
1479
1480
1481
1482
1483
1484
1485
1486
1487
1488
1489
1490
1491
1492
1493
1494
1495
1496
1497
1498
1499
1500
1501
1502
1503
1504
1505
1506
1507
1508
1509
1510
1511
1512
1513
1514
1515
1516
1517
1518
1519
1520
1521
1522
1523
1524
1525
1526
1527
1528
1529
1530
1531
1532
1533
1534
1535
1536
1537
1538
1539
1540
1541
1542
1543
1544
1545
1546
1547
1548
1549
1550
1551
1552
1553
1554
1555
1556
1557
1558
1559
1560
1561
1562
1563
2.204709237500872 2.5196677 0.370375
2.205270375000872 2.520309 0.7407499999999999
2.205831512500872 2.5209503 1.111125
2.206392650000872 2.5215916 1.4815
2.206953787500872 2.5222329 1.851875
2.207514925000873 2.5228742 2.22225
2.208076062500873 2.5235155 2.592625
2.208637200000873 2.5241568 2.963
2.209198337500873 2.5247981 3.333375
2.209759475000873 2.5254394 3.703750000000001
2.210320612500874 2.5260807 4.074125
2.210881750000874 2.526722 4.444500000000001
2.211442887500874 2.5273633 4.814875
2.212004025000875 2.5280046 5.185250000000001
2.212565162500875 2.5286459 5.555625
2.213126300000875 2.5292872 5.925999999999999
2.213687437500875 2.5299285 6.296375000000001
2.214248575000875 2.5305698 6.66675
2.214809712500876 2.5312111 7.037125
2.215370850000876 2.5318524 7.407500000000002
2.215931987500876 2.5324937 7.777875000000001
2.216493125000876 2.533135 8.148249999999999
2.217054262500877 2.5337763 8.518625000000002
2.217615400000877 2.5344176 8.889000000000001
2.218737675000877 2.5357002 9.629750000000003
2.219859950000878 2.536982800000001 10.3705
2.220982225000878 2.5382654 11.11125
2.222104500000878 2.539548 11.852
2.223226775000879 2.5408306 12.59275
2.22434905000088 2.5421132 13.3335
2.22547132500088 2.5433958 14.07425
2.22659360000088 2.5446784 14.815
2.227715875000881 2.545961 15.55575
2.228838150000881 2.5472436 16.2965
2.229960425000881 2.5485262 17.03725
2.231082700000882 2.5498088 17.778
2.232204975000883 2.5510914 18.51875
2.233327250000883 2.552374 19.2595
2.234449525000883 2.5536566 20.00025
2.235571800000884 2.5549392 20.741
2.236694075000884 2.5562218 21.48175
2.237816350000885 2.5575044 22.2225
2.238938625000885 2.558787 22.96325
2.240060900000886 2.5600696 23.704
2.241183175000886 2.5613522 24.44475
2.242305450000886 2.5626348 25.1855
2.243427725000887 2.5639174 25.92625
1.889750775001743 2.5196677 0.370375
1.890231750001743 2.520309 0.7407499999999999
1.890712725001744 2.5209503 1.111125
1.891193700001744 2.5215916 1.4815
1.891674675001745 2.5222329 1.851875
1.892155650001745 2.5228742 2.22225
1.892636625001746 2.5235155 2.592625
1.893117600001746 2.5241568 2.963
1.893598575001747 2.5247981 3.333375
1.894079550001747 2.5254394 3.703750000000001
1.894560525001747 2.5260807 4.074125
1.895041500001748 2.526722 4.444500000000001
1.895522475001748 2.5273633 4.814875
1.896003450001749 2.5280046 5.185250000000001
1.896484425001749 2.5286459 5.555625
1.89696540000175 2.5292872 5.925999999999999
1.89744637500175 2.5299285 6.296375000000001
1.897927350001751 2.5305698 6.66675
1.898408325001751 2.5312111 7.037125
1.898889300001751 2.5318524 7.407500000000002
1.899370275001752 2.5324937 7.777875000000001
1.899851250001752 2.533135 8.148249999999999
1.900332225001753 2.5337763 8.518625000000002
1.900813200001753 2.5344176 8.889000000000001
1.901775150001754 2.5357002 9.629750000000003
1.902737100001755 2.536982800000001 10.3705
1.903699050001756 2.5382654 11.11125
1.904661000001757 2.539548 11.852
1.905622950001758 2.5408306 12.59275
1.906584900001759 2.5421132 13.3335
1.90754685000176 2.5433958 14.07425
1.90850880000176 2.5446784 14.815
1.909470750001761 2.545961 15.55575
1.910432700001762 2.5472436 16.2965
1.911394650001763 2.5485262 17.03725
1.912356600001764 2.5498088 17.778
1.913318550001765 2.5510914 18.51875
1.914280500001766 2.552374 19.2595
1.915242450001767 2.5536566 20.00025
1.916204400001768 2.5549392 20.741
1.917166350001768 2.5562218 21.48175
1.918128300001769 2.5575044 22.2225
1.91909025000177 2.558787 22.96325
1.920052200001771 2.5600696 23.704
1.921014150001772 2.5613522 24.44475
1.921976100001773 2.5626348 25.1855
1.922938050001774 2.5639174 25.92625
1.574792312502614 2.5196677 0.370375
1.575193125002615 2.520309 0.7407499999999999
1.575593937502616 2.5209503 1.111125
1.575994750002616 2.5215916 1.4815
1.576395562502617 2.5222329 1.851875
1.576796375002617 2.5228742 2.22225
1.577197187502618 2.5235155 2.592625
1.577598000002619 2.5241568 2.963
1.577998812502619 2.5247981 3.333375
1.57839962500262 2.5254394 3.703750000000001
1.578800437502621 2.5260807 4.074125
1.579201250002622 2.526722 4.444500000000001
1.579602062502622 2.5273633 4.814875
1.580002875002623 2.5280046 5.185250000000001
1.580403687502623 2.5286459 5.555625
1.580804500002624 2.5292872 5.925999999999999
1.581205312502625 2.5299285 6.296375000000001
1.581606125002625 2.5305698 6.66675
1.582006937502626 2.5312111 7.037125
1.582407750002627 2.5318524 7.407500000000002
1.582808562502627 2.5324937 7.777875000000001
1.583209375002628 2.533135 8.148249999999999
1.583610187502629 2.5337763 8.518625000000002
1.58401100000263 2.5344176 8.889000000000001
1.584812625002631 2.5357002 9.629750000000003
1.585614250002632 2.536982800000001 10.3705
1.586415875002633 2.5382654 11.11125
1.587217500002635 2.539548 11.852
1.588019125002636 2.5408306 12.59275
1.588820750002637 2.5421132 13.3335
1.589622375002639 2.5433958 14.07425
1.59042400000264 2.5446784 14.815
1.591225625002641 2.545961 15.55575
1.592027250002643 2.5472436 16.2965
1.592828875002644 2.5485262 17.03725
1.593630500002645 2.5498088 17.778
1.594432125002647 2.5510914 18.51875
1.595233750002648 2.552374 19.2595
1.596035375002649 2.5536566 20.00025
1.596837000002651 2.5549392 20.741
1.597638625002652 2.5562218 21.48175
1.598440250002654 2.5575044 22.2225
1.599241875002655 2.558787 22.96325
1.600043500002656 2.5600696 23.704
1.600845125002657 2.5613522 24.44475
1.601646750002659 2.5626348 25.1855
1.60244837500266 2.5639174 25.92625
1.259833850003452 2.5196677 0.370375
1.260154500003452 2.520309 0.7407499999999999
1.260475150003453 2.5209503 1.111125
1.260795800003454 2.5215916 1.4815
1.261116450003455 2.5222329 1.851875
1.261437100003456 2.5228742 2.22225
1.261757750003457 2.5235155 2.592625
1.262078400003458 2.5241568 2.963
1.262399050003459 2.5247981 3.333375
1.262719700003459 2.5254394 3.703750000000001
1.26304035000346 2.5260807 4.074125
1.263361000003461 2.526722 4.444500000000001
1.263681650003462 2.5273633 4.814875
1.264002300003463 2.5280046 5.185250000000001
1.264322950003464 2.5286459 5.555625
1.264643600003465 2.5292872 5.925999999999999
1.264964250003466 2.5299285 6.296375000000001
1.265284900003466 2.5305698 6.66675
1.265605550003468 2.5312111 7.037125
1.265926200003468 2.5318524 7.407500000000002
1.266246850003469 2.5324937 7.777875000000001
1.26656750000347 2.533135 8.148249999999999
1.266888150003471 2.5337763 8.518625000000002
1.267208800003472 2.5344176 8.889000000000001
1.267850100003473 2.5357002 9.629750000000003
1.268491400003475 2.536982800000001 10.3705
1.269132700003477 2.5382654 11.11125
1.269774000003479 2.539548 11.852
1.270415300003481 2.5408306 12.59275
1.271056600003482 2.5421132 13.3335
1.271697900003484 2.5433958 14.07425
1.272339200003486 2.5446784 14.815
1.272980500003488 2.545961 15.55575
1.273621800003489 2.5472436 16.2965
1.274263100003491 2.5485262 17.03725
1.274904400003493 2.5498088 17.778
1.275545700003495 2.5510914 18.51875
1.276187000003496 2.552374 19.2595
1.276828300003498 2.5536566 20.00025
1.2774696000035 2.5549392 20.741
1.278110900003502 2.5562218 21.48175
1.278752200003503 2.5575044 22.2225
1.279393500003505 2.558787 22.96325
1.280034800003507 2.5600696 23.704
1.280676100003509 2.5613522 24.44475
1.28131740000351 2.5626348 25.1855
1.281958700003512 2.5639174 25.92625
0.9448753875026144 2.5196677 0.370375
0.945115875002615 2.520309 0.7407499999999999
0.9453563625026157 2.5209503 1.111125
0.9455968500026163 2.5215916 1.4815
0.9458373375026169 2.5222329 1.851875
0.9460778250026176 2.5228742 2.22225
0.9463183125026184 2.5235155 2.592625
0.946558800002619 2.5241568 2.963
0.9467992875026197 2.5247981 3.333375
0.9470397750026202 2.5254394 3.703750000000001
0.947280262502621 2.5260807 4.074125
0.9475207500026217 2.526722 4.444500000000001
0.9477612375026223 2.5273633 4.814875
0.9480017250026229 2.5280046 5.185250000000001
0.9482422125026236 2.5286459 5.555625
0.9484827000026242 2.5292872 5.925999999999999
0.948723187502625 2.5299285 6.296375000000001
0.9489636750026256 2.5305698 6.66675
0.9492041625026263 2.5312111 7.037125
0.9494446500026269 2.5318524 7.407500000000002
0.9496851375026275 2.5324937 7.777875000000001
0.9499256250026283 2.533135 8.148249999999999
0.9501661125026291 2.5337763 8.518625000000002
0.9504066000026297 2.5344176 8.889000000000001
0.9508875750026309 2.5357002 9.629750000000003
0.9513685500026323 2.536982800000001 10.3705
0.9518495250026335 2.5382654 11.11125
0.9523305000026349 2.539548 11.852
0.9528114750026363 2.5408306 12.59275
0.9532924500026376 2.5421132 13.3335
0.953773425002639 2.5433958 14.07425
0.9542544000026403 2.5446784 14.815
0.9547353750026415 2.545961 15.55575
0.9552163500026429 2.5472436 16.2965
0.9556973250026441 2.5485262 17.03725
0.9561783000026456 2.5498088 17.778
0.9566592750026469 2.5510914 18.51875
0.9571402500026482 2.552374 19.2595
0.9576212250026496 2.5536566 20.00025
0.9581022000026509 2.5549392 20.741
0.9585831750026521 2.5562218 21.48175
0.9590641500026537 2.5575044 22.2225
0.9595451250026549 2.558787 22.96325
0.9600261000026562 2.5600696 23.704
0.9605070750026575 2.5613522 24.44475
0.9609880500026589 2.5626348 25.1855
0.9614690250026602 2.5639174 25.92625
0.629916925001743 2.5196677 0.370375
0.6300772500017434 2.520309 0.7407499999999999
0.6302375750017439 2.5209503 1.111125
0.6303979000017443 2.5215916 1.4815
0.6305582250017447 2.5222329 1.851875
0.6307185500017453 2.5228742 2.22225
0.6308788750017457 2.5235155 2.592625
0.6310392000017461 2.5241568 2.963
0.6311995250017465 2.5247981 3.333375
0.6313598500017469 2.5254394 3.703750000000001
0.6315201750017474 2.5260807 4.074125
0.6316805000017479 2.526722 4.444500000000001
0.6318408250017483 2.5273633 4.814875
0.6320011500017487 2.5280046 5.185250000000001
0.6321614750017492 2.5286459 5.555625
0.6323218000017496 2.5292872 5.925999999999999
0.6324821250017502 2.5299285 6.296375000000001
0.6326424500017506 2.5305698 6.66675
0.632802775001751 2.5312111 7.037125
0.6329631000017514 2.5318524 7.407500000000002
0.6331234250017518 2.5324937 7.777875000000001
0.6332837500017523 2.533135 8.148249999999999
0.6334440750017528 2.5337763 8.518625000000002
0.6336044000017532 2.5344176 8.889000000000001
0.633925050001754 2.5357002 9.629750000000003
0.6342457000017551 2.536982800000001 10.3705
0.6345663500017558 2.5382654 11.11125
0.6348870000017567 2.539548 11.852
0.6352076500017576 2.5408306 12.59275
0.6355283000017585 2.5421132 13.3335
0.6358489500017594 2.5433958 14.07425
0.6361696000017603 2.5446784 14.815
0.6364902500017611 2.545961 15.55575
0.6368109000017621 2.5472436 16.2965
0.6371315500017629 2.5485262 17.03725
0.6374522000017638 2.5498088 17.778
0.6377728500017648 2.5510914 18.51875
0.6380935000017656 2.552374 19.2595
0.6384141500017665 2.5536566 20.00025
0.6387348000017674 2.5549392 20.741
0.6390554500017682 2.5562218 21.48175
0.6393761000017693 2.5575044 22.2225
0.6396967500017701 2.558787 22.96325
0.6400174000017709 2.5600696 23.704
0.6403380500017718 2.5613522 24.44475
0.6406587000017727 2.5626348 25.1855
0.6409793500017736 2.5639174 25.92625
0.3149584625008374 2.5196677 0.370375
0.3150386250008376 2.520309 0.7407499999999999
0.3151187875008378 2.5209503 1.111125
0.315198950000838 2.5215916 1.4815
0.3152791125008382 2.5222329 1.851875
0.3153592750008385 2.5228742 2.22225
0.3154394375008387 2.5235155 2.592625
0.3155196000008389 2.5241568 2.963
0.3155997625008391 2.5247981 3.333375
0.3156799250008393 2.5254394 3.703750000000001
0.3157600875008395 2.5260807 4.074125
0.3158402500008398 2.526722 4.444500000000001
0.31592041250084 2.5273633 4.814875
0.3160005750008402 2.5280046 5.185250000000001
0.3160807375008404 2.5286459 5.555625
0.3161609000008406 2.5292872 5.925999999999999
0.3162410625008408 2.5299285 6.296375000000001
0.316321225000841 2.5305698 6.66675
0.3164013875008412 2.5312111 7.037125
0.3164815500008414 2.5318524 7.407500000000002
0.3165617125008416 2.5324937 7.777875000000001
0.3166418750008419 2.533135 8.148249999999999
0.3167220375008421 2.5337763 8.518625000000002
0.3168022000008423 2.5344176 8.889000000000001
0.3169625250008427 2.5357002 9.629750000000003
0.3171228500008432 2.536982800000001 10.3705
0.3172831750008436 2.5382654 11.11125
0.317443500000844 2.539548 11.852
0.3176038250008444 2.5408306 12.59275
0.3177641500008448 2.5421132 13.3335
0.3179244750008453 2.5433958 14.07425
0.3180848000008457 2.5446784 14.815
0.3182451250008461 2.545961 15.55575
0.3184054500008466 2.5472436 16.2965
0.318565775000847 2.5485262 17.03725
0.3187261000008474 2.5498088 17.778
0.3188864250008479 2.5510914 18.51875
0.3190467500008483 2.552374 19.2595
0.3192070750008487 2.5536566 20.00025
0.3193674000008491 2.5549392 20.741
0.3195277250008495 2.5562218 21.48175
0.31968805000085 2.5575044 22.2225
0.3198483750008504 2.558787 22.96325
0.3200087000008508 2.5600696 23.704
0.3201690250008513 2.5613522 24.44475
0.3203293500008517 2.5626348 25.1855
0.3204896750008521 2.5639174 25.92625
2 30 0 329
1564
1565
1566
1567
1568
1569
1570
1571
1572
1573
1574
1575
1576
1577
1578
1579
1580
1581
1582
1583
1584
1585
1586
1587
1588
1589
1590
1591
1592
1593
1594
1595
1596
1597
1598
1599
1600
1601
1602
1603
1604
1605
1606
1607
1608
1609
1610
1611
1612
1613
1614
1615
1616
1617
1618
1619
1620
1621
1622
1623
1624
1625
1626
1627
1628
1629
1630
1631
1632
1633
1634
1635
1636
1637
1638
1639
1640
1641
1642
1643
1644
1645
1646
1647
1648
1649
1650
1651
1652
1653
1654
1655
1656
1657
1658
1659
1660
1661
1662
1663
1664
1665
1666
1667
1668
1669
1670
1671
1672
1673
1674
1675
1676
1677
1678
1679
1680
1681
1682
1683
1684
1685
1686
1687
1688
1689
1690
1691
1692
1693
1694
1695
1696
1697
1698
1699
1700
1701
1702
1703
1704
1705
1706
1707
1708
1709
1710
1711
1712
1713
1714
1715
1716
1717
1718
1719
1720
1721
1722
1723
1724
1725
1726
1727
1728
1729
1730
1731
1732
1733
1734
1735
1736
1737
1738
1739
1740
1741
1742
1743
1744
1745
1746
1747
1748
1749
1750
1751
1752
1753
1754
1755
1756
1757
1758
1759
1760
1761
1762
1763
1764
1765
1766
1767
1768
1769
1770
1771
1772
1773
1774
1775
1776
1777
1778
1779
1780
1781
1782
1783
1784
1785
1786
1787
1788
1789
1790
1791
1792
1793
1794
1795
1796
1797
1798
1799
1800
1801
1802
1803
1804
1805
1806
1807
1808
1809
1810
1811
1812
1813
1814
1815
1816
1817
1818
1819
1820
1821
1822
1823
1824
1825
1826
1827
1828
1829
1830
1831
1832
1833
1834
1835
1836
1837
1838
1839
1840
1841
1842
1843
1844
1845
1846
1847
1848
1849
1850
1851
1852
1853
1854
1855
1856
1857
1858
1859
1860
1861
1862
1863
1864
1865
1866
1867
1868
1869
1870
1871
1872
1873
1874
1875
1876
1877
1878
1879
1880
1881
1882
1883
1884
1885
1886
1887
1888
1889
1890
1891
1892
0 2.204709237500872 0.370375
0 2.205270375000872 0.7407499999999999
0 2.205831512500872 1.111125
0 2.206392650000872 1.4815
0 2.206953787500872 1.851875
0 2.207514925000873 2.22225
0 2.208076062500873 2.592625
0 2.208637200000873 2.963
0 2.209198337500873 3.333375
0 2.209759475000873 3.703750000000001
0 2.210320612500874 4.074125
0 2.210881750000874 4.444500000000001
0 2.211442887500874 4.814875
0 2.212004025000875 5.185250000000001
0 2.212565162500875 5.555625
0 2.213126300000875 5.925999999999999
0 2.213687437500875 6.296375000000001
0 2.214248575000875 6.66675
0 2.214809712500876 7.037125
0 2.215370850000876 7.407500000000002
0 2.215931987500876 7.777875000000001
0 2.216493125000876 8.148249999999999
0 2.217054262500877 8.518625000000002
0 2.217615400000877 8.889000000000001
0 2.218737675000877 9.629750000000003
0 2.219859950000878 10.3705
0 2.220982225000878 11.11125
0 2.222104500000878 11.852
0 2.223226775000879 12.59275
0 2.22434905000088 13.3335
0 2.22547132500088 14.07425
0 2.22659360000088 14.815
0 2.227715875000881 15.55575
0 2.228838150000881 16.2965
0 2.229960425000881 17.03725
0 2.231082700000882 17.778
0 2.232204975000883 18.51875
0 2.233327250000883 19.2595
0 2.234449525000883 20.00025
0 2.235571800000884 20.741
0 2.236694075000884 21.48175
0 2.237816350000885 22.2225
0 2.238938625000885 22.96325
0 2.240060900000886 23.704
0 2.241183175000886 24.44475
0 2.242305450000886 25.1855
0 2.243427725000887 25.92625
0 1.889750775001743 0.370375
0 1.890231750001743 0.7407499999999999
0 1.890712725001744 1.111125
0 1.891193700001744 1.4815
0 1.891674675001745 1.851875
0 1.892155650001745 2.22225
0 1.892636625001746 2.592625
0 1.893117600001746 2.963
0 1.893598575001747 3.333375
0 1.894079550001747 3.703750000000001
0 1.894560525001747 4.074125
0 1.895041500001748 4.444500000000001
0 1.895522475001748 4.814875
0 1.896003450001749 5.185250000000001
0 1.896484425001749 5.555625
0 1.89696540000175 5.925999999999999
0 1.89744637500175 6.296375000000001
0 1.897927350001751 6.66675
0 1.898408325001751 7.037125
0 1.898889300001751 7.407500000000002
0 1.899370275001752 7.777875000000001
0 1.899851250001752 8.148249999999999
0 1.900332225001753 8.518625000000002
0 1.900813200001753 8.889000000000001
0 1.901775150001754 9.629750000000003
0 1.902737100001755 10.3705
0 1.903699050001756 11.11125
0 1.904661000001757 11.852
0 1.905622950001758 12.59275
0 1.906584900001759 13.3335
0 1.90754685000176 14.07425
0 1.90850880000176 14.815
0 1.909470750001761 15.55575
0 1.910432700001762 16.2965
0 1.911394650001763 17.03725
0 1.912356600001764 17.778
0 1.913318550001765 18.51875
0 1.914280500001766 19.2595
0 1.915242450001767 20.00025
0 1.916204400001768 20.741
0 1.917166350001768 21.48175
0 1.918128300001769 22.2225
0 1.91909025000177 22.96325
0 1.920052200001771 23.704
0 1.921014150001772 24.44475
0 1.921976100001773 25.1855
0 1.922938050001774 25.92625
0 1.574792312502614 0.370375
0 1.575193125002615 0.7407499999999999
0 1.575593937502616 1.111125
0 1.575994750002616 1.4815
0 1.576395562502617 1.851875
0 1.576796375002617 2.22225
0 1.577197187502618 2.592625
0 1.577598000002619 2.963
0 1.577998812502619 3.333375
0 1.57839962500262 3.703750000000001
0 1.578800437502621 4.074125
0 1.579201250002622 4.444500000000001
0 1.579602062502622 4.814875
0 1.580002875002623 5.185250000000001
0 1.580403687502623 5.555625
0 1.580804500002624 5.925999999999999
0 1.581205312502625 6.296375000000001
0 1.581606125002625 6.66675
0 1.582006937502626 7.037125
0 1.582407750002627 7.407500000000002
0 1.582808562502627 7.777875000000001
0 1.583209375002628 8.148249999999999
0 1.583610187502629 8.518625000000002
0 1.58401100000263 8.889000000000001
0 1.584812625002631 9.629750000000003
0 1.585614250002632 10.3705
0 1.586415875002633 11.11125
0 1.587217500002635 11.852
0 1.588019125002636 12.59275
0 1.588820750002637 13.3335
0 1.589622375002639 14.07425
0 1.59042400000264 14.815
0 1.591225625002641 15.55575
0 1.592027250002643 16.2965
0 1.592828875002644 17.03725
0 1.593630500002645 17.778
0 1.594432125002647 18.51875
0 1.595233750002648 19.2595
0 1.596035375002649 20.00025
0 1.596837000002651 20.741
0 1.597638625002652 21.48175
0 1.598440250002654 22.2225
0 1.599241875002655 22.96325
0 1.600043500002656 23.704
0 1.600845125002657 24.44475
0 1.601646750002659 25.1855
0 1.60244837500266 25.92625
0 1.259833850003452 0.370375
0 1.260154500003452 0.7407499999999999
0 1.260475150003453 1.111125
0 1.260795800003454 1.4815
0 1.261116450003455 1.851875
0 1.261437100003456 2.22225
0 1.261757750003457 2.592625
0 1.262078400003458 2.963
0 1.262399050003459 3.333375
0 1.262719700003459 3.703750000000001
0 1.26304035000346 4.074125
0 1.263361000003461 4.444500000000001
0 1.263681650003462 4.814875
0 1.264002300003463 5.185250000000001
0 1.264322950003464 5.555625
0 1.264643600003465 5.925999999999999
0 1.264964250003466 6.296375000000001
0 1.265284900003466 6.66675
0 1.265605550003468 7.037125
0 1.265926200003468 7.407500000000002
0 1.266246850003469 7.777875000000001
0 1.26656750000347 8.148249999999999
0 1.266888150003471 8.518625000000002
0 1.267208800003472 8.889000000000001
0 1.267850100003473 9.629750000000003
0 1.268491400003475 10.3705
0 1.269132700003477 11.11125
0 1.269774000003479 11.852
0 1.270415300003481 12.59275
0 1.271056600003482 13.3335
0 1.271697900003484 14.07425
0 1.272339200003486 14.815
0 1.272980500003488 15.55575
0 1.273621800003489 16.2965
0 1.274263100003491 17.03725
0 1.274904400003493 17.778
0 1.275545700003495 18.51875
0 1.276187000003496 19.2595
0 1.276828300003498 20.00025
0 1.2774696000035 20.741
0 1.278110900003502 21.48175
0 1.278752200003503 22.2225
0 1.279393500003505 22.96325
0 1.280034800003507 23.704
0 1.280676100003509 24.44475
0 1.28131740000351 25.1855
0 1.281958700003512 25.92625
0 0.9448753875026144 0.370375
0 0.945115875002615 0.7407499999999999
0 0.9453563625026157 1.111125
0 0.9455968500026163 1.4815
0 0.9458373375026169 1.851875
0 0.9460778250026176 2.22225
0 0.9463183125026184 2.592625
0 0.946558800002619 2.963
0 0.9467992875026197 3.333375
0 0.9470397750026202 3.703750000000001
0 0.947280262502621 4.074125
0 0.9475207500026217 4.444500000000001
0 0.9477612375026223 4.814875
0 0.9480017250026229 5.185250000000001
0 0.9482422125026236 5.555625
0 0.9484827000026242 5.925999999999999
0 0.948723187502625 6.296375000000001
0 0.9489636750026256 6.66675
0 0.9492041625026263 7.037125
0 0.9494446500026269 7.407500000000002
0 0.9496851375026275 7.777875000000001
0 0.9499256250026283 8.148249999999999
0 0.9501661125026291 8.518625000000002
0 0.9504066000026297 8.889000000000001
0 0.9508875750026309 9.629750000000003
0 0.9513685500026323 10.3705
0 0.9518495250026335 11.11125
0 0.9523305000026349 11.852
0 0.9528114750026363 12.59275
0 0.9532924500026376 13.3335
0 0.953773425002639 14.07425
0 0.9542544000026403 14.815
0 0.9547353750026415 15.55575
0 0.9552163500026429 16.2965
0 0.9556973250026441 17.03725
0 0.9561783000026456 17.778
0 0.9566592750026469 18.51875
0 0.9571402500026482 19.2595
0 0.9576212250026496 20.00025
0 0.9581022000026509 20.741
0 0.9585831750026521 21.48175
0 0.9590641500026537 22.2225
0 0.9595451250026549 22.96325
0 0.9600261000026562 23.704
0 0.9605070750026575 24.44475
0 0.9609880500026589 25.1855
0 0.9614690250026602 25.92625
0 0.629916925001743 0.370375
0 0.6300772500017434 0.7407499999999999
0 0.6302375750017439 1.111125
0 0.6303979000017443 1.4815
0 0.6305582250017447 1.851875
0 0.6307185500017453 2.22225
0 0.6308788750017457 2.592625
0 0.6310392000017461 2.963
0 0.6311995250017465 3.333375
0 0.6313598500017469 3.703750000000001
0 0.6315201750017474 4.074125
0 0.6316805000017479 4.444500000000001
0 0.6318408250017483 4.814875
0 0.6320011500017487 5.185250000000001
0 0.6321614750017492 5.555625
0 0.6323218000017496 5.925999999999999
0 0.6324821250017502 6.296375000000001
0 0.6326424500017506 6.66675
0 0.632802775001751 7.037125
0 0.6329631000017514 7.407500000000002
0 0.6331234250017518 7.777875000000001
0 0.6332837500017523 8.148249999999999
0 0.6334440750017528 8.518625000000002
0 0.6336044000017532 8.889000000000001
0 0.633925050001754 9.629750000000003
0 0.6342457000017551 10.3705
0 0.6345663500017558 11.11125
0 0.6348870000017567 11.852
0 0.6352076500017576 12.59275
0 0.6355283000017585 13.3335
0 0.6358489500017594 14.07425
0 0.6361696000017603 14.815
0 0.6364902500017611 15.55575
0 0.6368109000017621 16.2965
0 0.6371315500017629 17.03725
0 0.6374522000017638 17.778
0 0.6377728500017648 18.51875
0 0.6380935000017656 19.2595
0 0.6384141500017665 20.00025
0 0.6387348000017674 20.741
0 0.6390554500017682 21.48175
0 0.6393761000017693 22.2225
0 0.6396967500017701 22.96325
0 0.6400174000017709 23.704
0 0.6403380500017718 24.44475
0 0.6406587000017727 25.1855
0 0.6409793500017736 25.92625
0 0.3149584625008374 0.370375
0 0.3150386250008376 0.7407499999999999
0 0.3151187875008378 1.111125
0 0.315198950000838 1.4815
0 0.3152791125008382 1.851875
0 0.3153592750008385 2.22225
0 0.3154394375008387 2.592625
0 0.3155196000008389 2.963
0 0.3155997625008391 3.333375
0 0.3156799250008393 3.703750000000001
0 0.3157600875008395 4.074125
0 0.3158402500008398 4.444500000000001
0 0.31592041250084 4.814875
0 0.3160005750008402 5.185250000000001
0 0.3160807375008404 5.555625
0 0.3161609000008406 5.925999999999999
0 0.3162410625008408 6.296375000000001
0 0.316321225000841 6.66675
0 0.3164013875008412 7.037125
0 0.3164815500008414 7.407500000000002
0 0.3165617125008416 7.777875000000001
0 0.3166418750008419 8.148249999999999
0 0.3167220375008421 8.518625000000002
0 0.3168022000008423 8.889000000000001
0 0.3169625250008427 9.629750000000003
0 0.3171228500008432 10.3705
0 0.3172831750008436 11.11125
0 0.317443500000844 11.852
0 0.3176038250008444 12.59275
0 0.3177641500008448 13.3335
0 0.3179244750008453 14.07425
0 0.3180848000008457 14.815
0 0.3182451250008461 15.55575
0 0.3184054500008466 16.2965
0 0.318565775000847 17.03725
0 0.3187261000008474 17.778
0 0.3188864250008479 18.51875
0 0.3190467500008483 19.2595
0 0.3192070750008487 20.00025
0 0.3193674000008491 20.741
0 0.3195277250008495 21.48175
0 0.31968805000085 22.2225
0 0.3198483750008504 22.96325
0 0.3200087000008508 23.704
0 0.3201690250008513 24.44475
0 0.3203293500008517 25.1855
0 0.3204896750008521 25.92625
2 31 0 49
1893
1894
1895
1896
1897
1898
1899
1900
1901
1902
1903
1904
1905
1906
1907
1908
1909
1910
1911
1912
1913
1914
1915
1916
1917
1918
1919
1920
1921
1922
1923
1924
1925
1926
1927
1928
1929
1930
1931
1932
1933
1934
1935
1936
1937
1938
1939
1940
1941
0.3206499999996253 0.3206500000006772 26.667
0.3206499999998007 0.6413000000013658 26.667
0.3206499999999759 0.9619500000020226 26.667
0.3206500000001513 1.282600000002653 26.667
0.3206500000003266 1.603250000002009 26.667
0.3206500000005019 1.92390000000134 26.667
0.3206500000006772 2.244550000000675 26.667
0.6412999999989126 0.3206500000005019 26.667
0.6412999999993216 0.6413000000009569 26.667
0.6412999999997302 0.9619500000013834 26.667
0.6413000000001391 1.282600000001793 26.667
0.6413000000005481 1.603250000001358 26.667
0.6413000000009568 1.923900000000905 26.667
0.6413000000013658 2.244550000000461 26.667
0.9619499999981879 0.3206500000003266 26.667
0.961949999998827 0.641300000000548 26.667
0.9619499999994658 0.9619500000007442 26.667
0.9619500000001052 1.282600000000932 26.667
0.9619500000007442 1.603250000000706 26.667
0.9619500000013832 1.92390000000047 26.667
0.9619500000020226 2.244550000000249 26.667
1.282599999997489 0.3206500000001513 26.667
1.282599999998349 0.6413000000001391 26.667
1.28259999999921 0.9619500000001052 26.667
1.282600000000071 1.282600000000071 26.667
1.282600000000932 1.603250000000053 26.667
1.282600000001792 1.923900000000036 26.667
1.282600000002653 2.244550000000035 26.667
1.603249999998097 0.320649999999976 26.667
1.603249999998749 0.6412999999997302 26.667
1.603249999999401 0.9619499999994658 26.667
1.603250000000053 1.28259999999921 26.667
1.603250000000706 1.603249999999401 26.667
1.603250000001358 1.923899999999601 26.667
1.603250000002009 2.244549999999822 26.667
1.923899999998731 0.3206499999998006 26.667
1.923899999999167 0.6412999999993214 26.667
1.923899999999601 0.9619499999988268 26.667
1.923900000000036 1.282599999998349 26.667
1.92390000000047 1.603249999998749 26.667
1.923900000000905 1.923899999999167 26.667
1.92390000000134 2.244549999999609 26.667
2.244549999999396 0.3206499999996253 26.667
2.244549999999609 0.6412999999989126 26.667
2.244549999999823 0.9619499999981879 26.667
2.244550000000035 1.282599999997489 26.667
2.244550000000249 1.603249999998097 26.667
2.244550000000462 1.923899999998732 26.667
2.244550000000674 2.244549999999396 26.667
2 40 0 235
1942
1943
1944
1945
1946
1947
1948
1949
1950
1951
1952
1953
1954
1955
1956
1957
1958
1959
1960
1961
1962
1963
1964
1965
1966
1967
1968
1969
1970
1971
1972
1973
1974
1975
1976
1977
1978
1979
1980
1981
1982
1983
1984
1985
1986
1987
1988
1989
1990
1991
1992
1993
1994
1995
1996
1997
1998
1999
2000
2001
2002
2003
2004
2005
2006
2007
2008
2009
2010
2011
2012
2013
2014
2015
2016
2017
2018
2019
2020
2021
2022
2023
2024
2025
2026
2027
2028
2029
2030
2031
2032
2033
2034
2035
2036
2037
2038
2039
2040
2041
2042
2043
2044
2045
2046
2047
2048
2049
2050
2051
2052
2053
2054
2055
2056
2057
2058
2059
2060
2061
2062
2063
2064
2065
2066
2067
2068
2069
2070
2071
2072
2073
2074
2075
2076
2077
2078
2079
2080
2081
2082
2083
2084
2085
2086
2087
2088
2089
2090
2091
2092
2093
2094
2095
2096
2097
2098
2099
2100
2101
2102
2103
2104
2105
2106
2107
2108
2109
2110
2111
2112
2113
2114
2115
2116
2117
2118
2119
2120
2121
2122
2123
2124
2125
2126
2127
2128
2129
2130
2131
2132
2133
2134
2135
2136
2137
2138
2139
2140
2141
2142
2143
2144
2145
2146
2147
2148
2149
2150
2151
2152
2153
2154
2155
2156
2157
2158
2159
2160
2161
2162
2163
2164
2165
2166
2167
2168
2169
2170
2171
2172
2173
2174
2175
2176
3.149584624999158 0 0.370375
3.150386249999158 0 0.7407499999999999
3.151187874999157 0 1.111125
3.151989499999157 0 1.4815
3.152791124999156 0 1.851875
3.153592749999157 0 2.22225
3.154394374999157 0 2.592625
3.155195999999156 0 2.963
3.155997624999156 0 3.333375
3.156799249999156 0 3.703750000000001
3.157600874999155 0 4.074125
3.158402499999156 0 4.444500000000001
3.159204124999155 0 4.814875
3.160005749999155 0 5.185250000000001
3.160807374999155 0 5.555625
3.161608999999154 0 5.925999999999999
3.162410624999154 0 6.296375000000001
3.163212249999154 0 6.66675
3.164013874999154 0 7.037125
3.164815499999154 0 7.407500000000002
3.165617124999153 0 7.777875000000001
3.166418749999153 0 8.148249999999999
3.167220374999153 0 8.518625000000002
3.168021999999153 0 8.889000000000001
3.169625249999152 0 9.629750000000003
3.171228499999152 0 10.3705
3.172831749999151 0 11.11125
3.174434999999151 0 11.852
3.17603824999915 0 12.59275
3.17764149999915 0 13.3335
3.17924474999915 0 14.07425
3.180847999999149 0 14.815
3.182451249999148 0 15.55575
3.184054499999148 0 16.2965
3.185657749999148 0 17.03725
3.187260999999147 0 17.778
3.188864249999147 0 18.51875
3.190467499999147 0 19.2595
3.192070749999147 0 20.00025
3.193673999999146 0 20.741
3.195277249999145 0 21.48175
3.196880499999145 0 22.2225
3.198483749999145 0 22.96325
3.200086999999144 0 23.704
3.201690249999144 0 24.44475
3.203293499999143 0 25.1855
3.204896749999143 0 25.92625
3.779501549996404 0 0.370375
3.780463499996403 0 0.7407499999999999
3.781425449996402 0 1.111125
3.782387399996401 0 1.4815
3.7833493499964 0 1.851875
3.784311299996399 0 2.22225
3.785273249996399 0 2.592625
3.786235199996398 0 2.963
3.787197149996397 0 3.333375
3.788159099996395 0 3.703750000000001
3.789121049996395 0 4.074125
3.790082999996394 0 4.444500000000001
3.791044949996393 0 4.814875
3.792006899996392 0 5.185250000000001
3.792968849996391 0 5.555625
3.79393079999639 0 5.925999999999999
3.794892749996389 0 6.296375000000001
3.795854699996388 0 6.66675
3.796816649996388 0 7.037125
3.797778599996386 0 7.407500000000002
3.798740549996385 0 7.777875000000001
3.799702499996385 0 8.148249999999999
3.800664449996384 0 8.518625000000002
3.801626399996383 0 8.889000000000001
3.803550299996381 0 9.629750000000003
3.805474199996379 0 10.3705
3.807398099996377 0 11.11125
3.809321999996375 0 11.852
3.811245899996373 0 12.59275
3.813169799996372 0 13.3335
3.81509369999637 0 14.07425
3.817017599996368 0 14.815
3.818941499996366 0 15.55575
3.820865399996365 0 16.2965
3.822789299996363 0 17.03725
3.824713199996361 0 17.778
3.826637099996359 0 18.51875
3.828560999996357 0 19.2595
3.830484899996355 0 20.00025
3.832408799996354 0 20.741
3.834332699996351 0 21.48175
3.83625659999635 0 22.2225
3.838180499996348 0 22.96325
3.840104399996346 0 23.704
3.842028299996344 0 24.44475
3.843952199996342 0 25.1855
3.845876099996341 0 25.92625
4.40941847499488 0 0.370375
4.410540749994879 0 0.7407499999999999
4.411663024994878 0 1.111125
4.412785299994876 0 1.4815
4.413907574994875 0 1.851875
4.415029849994874 0 2.22225
4.416152124994873 0 2.592625
4.417274399994872 0 2.963
4.41839667499487 0 3.333375
4.419518949994869 0 3.703750000000001
4.420641224994867 0 4.074125
4.421763499994866 0 4.444500000000001
4.422885774994865 0 4.814875
4.424008049994863 0 5.185250000000001
4.425130324994862 0 5.555625
4.426252599994861 0 5.925999999999999
4.42737487499486 0 6.296375000000001
4.428497149994858 0 6.66675
4.429619424994858 0 7.037125
4.430741699994856 0 7.407500000000002
4.431863974994855 0 7.777875000000001
4.432986249994853 0 8.148249999999999
4.434108524994852 0 8.518625000000002
4.435230799994851 0 8.889000000000001
4.437475349994847 0 9.629750000000003
4.439719899994846 0 10.3705
4.441964449994843 0 11.11125
4.44420899999484 0 11.852
4.446453549994837 0 12.59275
4.448698099994835 0 13.3335
4.450942649994833 0 14.07425
4.45318719999483 0 14.815
4.455431749994827 0 15.55575
4.457676299994825 0 16.2965
4.459920849994822 0 17.03725
4.462165399994819 0 17.778
4.464409949994817 0 18.51875
4.466654499994814 0 19.2595
4.468899049994811 0 20.00025
4.471143599994809 0 20.741
4.473388149994806 0 21.48175
4.475632699994804 0 22.2225
4.477877249994801 0 22.96325
4.480121799994798 0 23.704
4.482366349994796 0 24.44475
4.484610899994793 0 25.1855
4.486855449994791 0 25.92625
5.039335399996633 0 0.370375
5.040617999996631 0 0.7407499999999999
5.041900599996631 0 1.111125
5.04318319999663 0 1.4815
5.044465799996629 0 1.851875
5.045748399996628 0 2.22225
5.047030999996627 0 2.592625
5.048313599996626 0 2.963
5.049596199996625 0 3.333375
5.050878799996624 0 3.703750000000001
5.052161399996623 0 4.074125
5.053443999996623 0 4.444500000000001
5.054726599996622 0 4.814875
5.056009199996621 0 5.185250000000001
5.05729179999662 0 5.555625
5.058574399996619 0 5.925999999999999
5.059856999996619 0 6.296375000000001
5.061139599996618 0 6.66675
5.062422199996617 0 7.037125
5.063704799996616 0 7.407500000000002
5.064987399996615 0 7.777875000000001
5.066269999996615 0 8.148249999999999
5.067552599996614 0 8.518625000000002
5.068835199996613 0 8.889000000000001
5.071400399996611 0 9.629750000000003
5.073965599996609 0 10.3705
5.076530799996607 0 11.11125
5.079095999996605 0 11.852
5.081661199996604 0 12.59275
5.084226399996602 0 13.3335
5.086791599996601 0 14.07425
5.089356799996599 0 14.815
5.091921999996597 0 15.55575
5.094487199996596 0 16.2965
5.097052399996594 0 17.03725
5.099617599996591 0 17.778
5.10218279999659 0 18.51875
5.104747999996588 0 19.2595
5.107313199996587 0 20.00025
5.109878399996585 0 20.741
5.112443599996583 0 21.48175
5.115008799996582 0 22.2225
5.11757399999658 0 22.96325
5.120139199996578 0 23.704
5.122704399996576 0 24.44475
5.125269599996574 0 25.1855
5.127834799996573 0 25.92625
5.669252324998247 0 0.370375
5.670695249998246 0 0.7407499999999999
5.672138174998246 0 1.111125
5.673581099998246 0 1.4815
5.675024024998245 0 1.851875
5.676466949998245 0 2.22225
5.677909874998245 0 2.592625
5.679352799998244 0 2.963
5.680795724998243 0 3.333375
5.682238649998243 0 3.703750000000001
5.683681574998243 0 4.074125
5.685124499998242 0 4.444500000000001
5.686567424998241 0 4.814875
5.68801034999824 0 5.185250000000001
5.68945327499824 0 5.555625
5.69089619999824 0 5.925999999999999
5.69233912499824 0 6.296375000000001
5.693782049998239 0 6.66675
5.695224974998239 0 7.037125
5.696667899998238 0 7.407500000000002
5.698110824998238 0 7.777875000000001
5.699553749998238 0 8.148249999999999
5.700996674998238 0 8.518625000000002
5.702439599998237 0 8.889000000000001
5.705325449998235 0 9.629750000000003
5.708211299998236 0 10.3705
5.711097149998234 0 11.11125
5.713982999998233 0 11.852
5.716868849998232 0 12.59275
5.719754699998231 0 13.3335
5.72264054999823 0 14.07425
5.72552639999823 0 14.815
5.728412249998228 0 15.55575
5.731298099998228 0 16.2965
5.734183949998227 0 17.03725
5.737069799998226 0 17.778
5.739955649998225 0 18.51875
5.742841499998224 0 19.2595
5.745727349998224 0 20.00025
5.748613199998222 0 20.741
5.751499049998221 0 21.48175
5.754384899998221 0 22.2225
5.757270749998219 0 22.96325
5.760156599998218 0 23.704
5.763042449998218 0 24.44475
5.765928299998217 0 25.1855
5.768814149998216 0 25.92625
2 44 0 329
2177
2178
2179
2180
2181
2182
2183
2184
2185
2186
2187
2188
2189
2190
2191
2192
2193
2194
2195
2196
2197
2198
2199
2200
2201
2202
2203
2204
2205
2206
2207
2208
2209
2210
2211
2212
2213
2214
2215
2216
2217
2218
2219
2220
2221
2222
2223
2224
2225
2226
2227
2228
2229
2230
2231
2232
2233
2234
2235
2236
2237
2238
2239
2240
2241
2242
2243
2244
2245
2246
2247
2248
2249
2250
2251
2252
2253
2254
2255
2256
2257
2258
2259
2260
2261
2262
2263
2264
2265
2266
2267
2268
2269
2270
2271
2272
2273
2274
2275
2276
2277
2278
2279
2280
2281
2282
2283
2284
2285
2286
2287
2288
2289
2290
2291
2292
2293
2294
2295
2296
2297
2298
2299
2300
2301
2302
2303
2304
2305
2306
2307
2308
2309
2310
2311
2312
2313
2314
2315
2316
2317
2318
2319
2320
2321
2322
2323
2324
2325
2326
2327
2328
2329
2330
2331
2332
2333
2334
2335
2336
2337
2338
2339
2340
2341
2342
2343
2344
2345
2346
2347
2348
2349
2350
2351
2352
2353
2354
2355
2356
2357
2358
2359
2360
2361
2362
2363
2364
2365
2366
2367
2368
2369
2370
2371
2372
2373
2374
2375
2376
2377
2378
2379
2380
2381
2382
2383
2384
2385
2386
2387
2388
2389
2390
2391
2392
2393
2394
2395
2396
2397
2398
2399
2400
2401
2402
2403
2404
2405
2406
2407
2408
2409
2410
2411
2412
2413
2414
2415
2416
2417
2418
2419
2420
2421
2422
2423
2424
2425
2426
2427
2428
2429
2430
2431
2432
2433
2434
2435
2436
2437
2438
2439
2440
2441
2442
2443
2444
2445
2446
2447
2448
2449
2450
2451
2452
2453
2454
2455
2456
2457
2458
2459
2460
2461
2462
2463
2464
2465
2466
2467
2468
2469
2470
2471
2472
2473
2474
2475
2476
2477
2478
2479
2480
2481
2482
2483
2484
2485
2486
2487
2488
2489
2490
2491
2492
2493
2494
2495
2496
2497
2498
2499
2500
2501
2502
2503
2504
2505
6.26883702817314 0.617426557860061 0.370375
6.270432558086139 0.617583703840682 0.7407499999999999
6.272028087999138 0.6177408498213031 1.111125
6.273623617912137 0.6178979958019241 1.4815
6.275219147825135 0.6180551417825451 1.851875
6.276814677738135 0.6182122877631662 2.22225
6.278410207651135 0.6183694337437872 2.592625
6.280005737564133 0.6185265797244082 2.963
6.281601267477132 0.6186837257050292 3.333375
6.28319679739013 0.6188408716856502 3.703750000000001
6.28479232730313 0.6189980176662713 4.074125
6.28638785721613 0.6191551636468924 4.444500000000001
6.287983387129128 0.6193123096275134 4.814875
6.289578917042126 0.6194694556081344 5.185250000000001
6.291174446955126 0.6196266015887555 5.555625
6.292769976868125 0.6197837475693765 5.925999999999999
6.294365506781125 0.6199408935499976 6.296375000000001
6.295961036694123 0.6200980395306186 6.66675
6.297556566607122 0.6202551855112397 7.037125
6.299152096520121 0.6204123314918607 7.407500000000002
6.30074762643312 0.6205694774724817 7.777875000000001
6.30234315634612 0.6207266234531027 8.148249999999999
6.303938686259118 0.6208837694337238 8.518625000000002
6.305534216172117 0.6210409154143448 8.889000000000001
6.308725275998115 0.6213552073755868 9.629750000000003
6.311916335824113 0.621669499336829 10.3705
6.315107395650111 0.621983791298071 11.11125
6.318298455476109 0.6222980832593131 11.852
6.321489515302107 0.6226123752205552 12.59275
6.324680575128106 0.6229266671817972 13.3335
6.327871634954104 0.6232409591430393 14.07425
6.331062694780102 0.6235552511042814 14.815
6.334253754606099 0.6238695430655234 15.55575
6.337444814432098 0.6241838350267657 16.2965
6.340635874258095 0.6244981269880077 17.03725
6.343826934084094 0.6248124189492498 17.778
6.347017993910091 0.6251267109104918 18.51875
6.35020905373609 0.6254410028717339 19.2595
6.353400113562087 0.625755294832976 20.00025
6.356591173388086 0.6260695867942181 20.741
6.359782233214084 0.6263838787554601 21.48175
6.362973293040082 0.6266981707167022 22.2225
6.36616435286608 0.6270124626779442 22.96325
6.369355412692078 0.6273267546391863 23.704
6.372546472518076 0.6276410466004284 24.44475
6.375737532344074 0.6279553385616705 25.1855
6.378928592170072 0.6282696305229126 25.92625
6.178132478528031 1.228906960637238 0.370375
6.179704922528674 1.22921973919683 0.7407499999999999
6.181277366529318 1.229532517756422 1.111125
6.182849810529961 1.229845296316014 1.4815
6.184422254530604 1.230158074875606 1.851875
6.185994698531248 1.230470853435198 2.22225
6.187567142531892 1.23078363199479 2.592625
6.189139586532534 1.231096410554382 2.963
6.190712030533178 1.231409189113974 3.333375
6.192284474533821 1.231721967673566 3.703750000000001
6.193856918534465 1.232034746233158 4.074125
6.195429362535108 1.232347524792751 4.444500000000001
6.197001806535752 1.232660303352343 4.814875
6.198574250536395 1.232973081911935 5.185250000000001
6.200146694537039 1.233285860471527 5.555625
6.201719138537682 1.233598639031119 5.925999999999999
6.203291582538326 1.233911417590711 6.296375000000001
6.204864026538969 1.234224196150303 6.66675
6.206436470539613 1.234536974709895 7.037125
6.208008914540255 1.234849753269487 7.407500000000002
6.209581358540899 1.235162531829079 7.777875000000001
6.211153802541543 1.235475310388671 8.148249999999999
6.212726246542187 1.235788088948264 8.518625000000002
6.214298690542829 1.236100867507856 8.889000000000001
6.217443578544116 1.23672642462704 9.629750000000003
6.220588466545403 1.237351981746224 10.3705
6.22373335454669 1.237977538865408 11.11125
6.226878242547977 1.238603095984592 11.852
6.230023130549264 1.239228653103776 12.59275
6.23316801855055 1.23985421022296 13.3335
6.236312906551838 1.240479767342144 14.07425
6.239457794553124 1.241105324461329 14.815
6.242602682554411 1.241730881580513 15.55575
6.245747570555698 1.242356438699697 16.2965
6.248892458556985 1.242981995818881 17.03725
6.252037346558271 1.243607552938065 17.778
6.255182234559559 1.244233110057249 18.51875
6.258327122560845 1.244858667176433 19.2595
6.261472010562133 1.245484224295617 20.00025
6.264616898563419 1.246109781414802 20.741
6.267761786564706 1.246735338533986 21.48175
6.270906674565993 1.24736089565317 22.2225
6.27405156256728 1.247986452772354 22.96325
6.277196450568566 1.248612009891538 23.704
6.280341338569853 1.249237567010722 24.44475
6.28348622657114 1.249863124129907 25.1855
6.286631114572427 1.250488681249091 25.92625
6.027929135388651 1.828552317785356 0.370375
6.029463349981522 1.829017716695456 0.7407499999999999
6.030997564574393 1.829483115605557 1.111125
6.032531779167263 1.829948514515658 1.4815
6.034065993760133 1.830413913425758 1.851875
6.035600208353004 1.830879312335859 2.22225
6.037134422945875 1.83134471124596 2.592625
6.038668637538746 1.83181011015606 2.963
6.040202852131616 1.832275509066161 3.333375
6.041737066724486 1.832740907976261 3.703750000000001
6.043271281317357 1.833206306886362 4.074125
6.044805495910228 1.833671705796463 4.444500000000001
6.046339710503099 1.834137104706563 4.814875
6.047873925095969 1.834602503616664 5.185250000000001
6.04940813968884 1.835067902526765 5.555625
6.05094235428171 1.835533301436865 5.925999999999999
6.052476568874581 1.835998700346966 6.296375000000001
6.054010783467452 1.836464099257066 6.66675
6.055544998060323 1.836929498167167 7.037125
6.057079212653193 1.837394897077268 7.407500000000002
6.058613427246063 1.837860295987368 7.777875000000001
6.060147641838934 1.838325694897469 8.148249999999999
6.061681856431805 1.83879109380757 8.518625000000002
6.063216071024676 1.83925649271767 8.889000000000001
6.066284500210416 1.840187290537871 9.629750000000003
6.069352929396158 1.841118088358073 10.3705
6.072421358581899 1.842048886178274 11.11125
6.07548978776764 1.842979683998475 11.852
6.078558216953382 1.843910481818676 12.59275
6.081626646139123 1.844841279638878 13.3335
6.084695075324864 1.845772077459079 14.07425
6.087763504510606 1.84670287527928 14.815
6.090831933696346 1.847633673099481 15.55575
6.093900362882088 1.848564470919683 16.2965
6.096968792067829 1.849495268739884 17.03725
6.10003722125357 1.850426066560085 17.778
6.103105650439311 1.851356864380286 18.51875
6.106174079625053 1.852287662200488 19.2595
6.109242508810794 1.853218460020689 20.00025
6.112310937996535 1.85414925784089 20.741
6.115379367182276 1.855080055661091 21.48175
6.118447796368017 1.856010853481293 22.2225
6.121516225553759 1.856941651301494 22.96325
6.1245846547395 1.857872449121695 23.704
6.127653083925241 1.858803246941896 24.44475
6.130721513110982 1.859734044762098 25.1855
6.133789942296723 1.860664842582299 25.92625
5.819673539214668 2.41058771612032 0.370375
5.821154749074483 2.411201253334909 0.7407499999999999
5.822635958934299 2.411814790549498 1.111125
5.824117168794115 2.412428327764087 1.4815
5.82559837865393 2.413041864978676 1.851875
5.827079588513746 2.413655402193266 2.22225
5.828560798373561 2.414268939407855 2.592625
5.830042008233376 2.414882476622444 2.963
5.831523218093191 2.415496013837032 3.333375
5.833004427953006 2.416109551051621 3.703750000000001
5.834485637812822 2.416723088266211 4.074125
5.835966847672638 2.4173366254808 4.444500000000001
5.837448057532453 2.417950162695389 4.814875
5.838929267392269 2.418563699909978 5.185250000000001
5.840410477252084 2.419177237124567 5.555625
5.841891687111899 2.419790774339156 5.925999999999999
5.843372896971715 2.420404311553745 6.296375000000001
5.84485410683153 2.421017848768334 6.66675
5.846335316691346 2.421631385982923 7.037125
5.847816526551161 2.422244923197512 7.407500000000002
5.849297736410976 2.422858460412101 7.777875000000001
5.850778946270792 2.42347199762669 8.148249999999999
5.852260156130607 2.42408553484128 8.518625000000002
5.853741365990422 2.424699072055868 8.889000000000001
5.856703785710053 2.425926146485046 9.629750000000003
5.859666205429685 2.427153220914224 10.3705
5.862628625149314 2.428380295343402 11.11125
5.865591044868945 2.42960736977258 11.852
5.868553464588576 2.430834444201758 12.59275
5.871515884308207 2.432061518630936 13.3335
5.874478304027838 2.433288593060114 14.07425
5.877440723747469 2.434515667489293 14.815
5.880403143467099 2.435742741918471 15.55575
5.883365563186731 2.436969816347649 16.2965
5.88632798290636 2.438196890776827 17.03725
5.889290402625991 2.439423965206005 17.778
5.892252822345623 2.440651039635183 18.51875
5.895215242065253 2.441878114064361 19.2595
5.898177661784884 2.443105188493539 20.00025
5.901140081504515 2.444332262922718 20.741
5.904102501224145 2.445559337351895 21.48175
5.907064920943776 2.446786411781074 22.2225
5.910027340663407 2.448013486210251 22.96325
5.912989760383038 2.44924056063943 23.704
5.915952180102669 2.450467635068608 24.44475
5.918914599822299 2.451694709497786 25.1855
5.92187701954193 2.452921783926964 25.92625
5.555371306783162 2.969407833881346 0.370375
5.556785247049588 2.970163600700862 0.7407499999999999
5.558199187316013 2.970919367520379 1.111125
5.559613127582437 2.971675134339896 1.4815
5.561027067848862 2.972430901159413 1.851875
5.562441008115287 2.973186667978929 2.22225
5.563854948381712 2.973942434798446 2.592625
5.565268888648136 2.974698201617963 2.963
5.566682828914561 2.975453968437479 3.333375
5.568096769180985 2.976209735256996 3.703750000000001
5.56951070944741 2.976965502076513 4.074125
5.570924649713836 2.97772126889603 4.444500000000001
5.57233858998026 2.978477035715547 4.814875
5.573752530246685 2.979232802535063 5.185250000000001
5.575166470513111 2.97998856935458 5.555625
5.576580410779535 2.980744336174097 5.925999999999999
5.57799435104596 2.981500102993614 6.296375000000001
5.579408291312385 2.98225586981313 6.66675
5.58082223157881 2.983011636632647 7.037125
5.582236171845234 2.983767403452164 7.407500000000002
5.583650112111659 2.984523170271681 7.777875000000001
5.585064052378084 2.985278937091198 8.148249999999999
5.586477992644509 2.986034703910715 8.518625000000002
5.587891932910934 2.986790470730231 8.889000000000001
5.590719813443783 2.988302004369264 9.629750000000003
5.593547693976634 2.989813538008298 10.3705
5.596375574509482 2.991325071647331 11.11125
5.599203455042332 2.992836605286365 11.852
5.602031335575182 2.994348138925398 12.59275
5.604859216108031 2.995859672564432 13.3335
5.607687096640881 2.997371206203466 14.07425
5.610514977173731 2.998882739842499 14.815
5.61334285770658 3.000394273481533 15.55575
5.616170738239431 3.001905807120566 16.2965
5.61899861877228 3.003417340759599 17.03725
5.621826499305129 3.004928874398633 17.778
5.624654379837979 3.006440408037667 18.51875
5.627482260370829 3.0079519416767 19.2595
5.630310140903679 3.009463475315734 20.00025
5.633138021436529 3.010975008954767 20.741
5.635965901969377 3.012486542593801 21.48175
5.638793782502228 3.013998076232835 22.2225
5.641621663035077 3.015509609871867 22.96325
5.644449543567926 3.017021143510901 23.704
5.647277424100777 3.018532677149935 24.44475
5.650105304633626 3.020044210788968 25.1855
5.652933185166476 3.021555744428002 25.92625
5.237567812200423 3.499630930933668 0.370375
5.238900865855856 3.500521648910489 0.7407499999999999
5.240233919511291 3.501412366887312 1.111125
5.241566973166725 3.502303084864133 1.4815
5.242900026822158 3.503193802840955 1.851875
5.244233080477593 3.504084520817778 2.22225
5.245566134133027 3.5049752387946 2.592625
5.24689918778846 3.505865956771422 2.963
5.248232241443895 3.506756674748243 3.333375
5.249565295099329 3.507647392725065 3.703750000000001
5.250898348754763 3.508538110701887 4.074125
5.252231402410197 3.50942882867871 4.444500000000001
5.25356445606563 3.510319546655531 4.814875
5.254897509721065 3.511210264632354 5.185250000000001
5.256230563376499 3.512100982609176 5.555625
5.257563617031932 3.512991700585998 5.925999999999999
5.258896670687367 3.51388241856282 6.296375000000001
5.260229724342801 3.514773136539641 6.66675
5.261562777998235 3.515663854516464 7.037125
5.262895831653669 3.516554572493285 7.407500000000002
5.264228885309103 3.517445290470107 7.777875000000001
5.265561938964537 3.51833600844693 8.148249999999999
5.266894992619972 3.519226726423752 8.518625000000002
5.268228046275405 3.520117444400574 8.889000000000001
5.270894153586273 3.521898880354217 9.629750000000003
5.273560260897142 3.523680316307862 10.3705
5.276226368208009 3.525461752261505 11.11125
5.278892475518878 3.52724318821515 11.852
5.281558582829746 3.529024624168794 12.59275
5.284224690140614 3.530806060122438 13.3335
5.286890797451482 3.532587496076082 14.07425
5.289556904762351 3.534368932029726 14.815
5.292223012073218 3.536150367983369 15.55575
5.294889119384087 3.537931803937014 16.2965
5.297555226694954 3.539713239890657 17.03725
5.300221334005823 3.541494675844302 17.778
5.302887441316691 3.543276111797946 18.51875
5.305553548627559 3.54505754775159 19.2595
5.308219655938427 3.546838983705234 20.00025
5.310885763249296 3.548620419658878 20.741
5.313551870560163 3.550401855612522 21.48175
5.316217977871032 3.552183291566166 22.2225
5.318884085181899 3.55396472751981 22.96325
5.321550192492768 3.555746163473454 23.704
5.324216299803636 3.557527599427098 24.44475
5.326882407114504 3.559309035380742 25.1855
5.329548514425372 3.561090471334386 25.92625
4.869323676990793 3.9961506689366 0.370375
4.870563005999952 3.99716775996967 0.7407499999999999
4.871802335009114 3.998184851002742 1.111125
4.873041664018273 3.999201942035813 1.4815
4.874280993027433 4.000219033068884 1.851875
4.875520322036594 4.001236124101955 2.22225
4.876759651045755 4.002253215135027 2.592625
4.877998980054914 4.003270306168098 2.963
4.879238309064075 4.004287397201169 3.333375
4.880477638073234 4.005304488234239 3.703750000000001
4.881716967082395 4.006321579267311 4.074125
4.882956296091556 4.007338670300382 4.444500000000001
4.884195625100716 4.008355761333453 4.814875
4.885434954109876 4.009372852366524 5.185250000000001
4.886674283119037 4.010389943399596 5.555625
4.887913612128196 4.011407034432667 5.925999999999999
4.889152941137358 4.012424125465738 6.296375000000001
4.890392270146517 4.013441216498809 6.66675
4.891631599155678 4.01445830753188 7.037125
4.892870928164838 4.015475398564951 7.407500000000002
4.894110257173998 4.016492489598022 7.777875000000001
4.895349586183158 4.017509580631094 8.148249999999999
4.89658891519232 4.018526671664166 8.518625000000002
4.897828244201479 4.019543762697237 8.889000000000001
4.900306902219799 4.021577944763378 9.629750000000003
4.902785560238121 4.023612126829521 10.3705
4.90526421825644 4.025646308895663 11.11125
4.907742876274761 4.027680490961806 11.852
4.910221534293082 4.029714673027947 12.59275
4.912700192311402 4.03174885509409 13.3335
4.915178850329723 4.033783037160233 14.07425
4.917657508348044 4.035817219226375 14.815
4.920136166366364 4.037851401292516 15.55575
4.922614824384685 4.03988558335866 16.2965
4.925093482403005 4.041919765424802 17.03725
4.927572140421326 4.043953947490944 17.778
4.930050798439646 4.045988129557086 18.51875
4.932529456457967 4.048022311623229 19.2595
4.935008114476288 4.050056493689371 20.00025
4.937486772494609 4.052090675755514 20.741
4.939965430512928 4.054124857821655 21.48175
4.94244408853125 4.056159039887798 22.2225
4.94492274654957 4.05819322195394 22.96325
4.94740140456789 4.060227404020083 23.704
4.949880062586211 4.062261586086225 24.44475
4.952358720604532 4.064295768152367 25.1855
4.954837378622853 4.06632995021851 25.92625
2 48 0 235
2506
2507
2508
2509
2510
2511
2512
2513
2514
2515
2516
2517
2518
2519
2520
2521
2522
2523
2524
2525
2526
2527
2528
2529
2530
2531
2532
2533
2534
2535
2536
2537
2538
2539
2540
2541
2542
2543
2544
2545
2546
2547
2548
2549
2550
2551
2552
2553
2554
2555
2556
2557
2558
2559
2560
2561
2562
2563
2564
2565
2566
2567
2568
2569
2570
2571
2572
2573
2574
2575
2576
2577
2578
2579
2580
2581
2582
2583
2584
2585
2586
2587
2588
2589
2590
2591
2592
2593
2594
2595
2596
2597
2598
2599
2600
2601
2602
2603
2604
2605
2606
2607
2608
2609
2610
2611
2612
2613
2614
2615
2616
2617
2618
2619
2620
2621
2622
2623
2624
2625
2626
2627
2628
2629
2630
2631
2632
2633
2634
2635
2636
2637
2638
2639
2640
2641
2642
2643
2644
2645
2646
2647
2648
2649
2650
2651
2652
2653
2654
2655
2656
2657
2658
2659
2660
2661
2662
2663
2664
2665
2666
2667
2668
2669
2670
2671
2672
2673
2674
2675
2676
2677
2678
2679
2680
2681
2682
2683
2684
2685
2686
2687
2688
2689
2690
2691
2692
2693
2694
2695
2696
2697
2698
2699
2700
2701
2702
2703
2704
2705
2706
2707
2708
2709
2710
2711
2712
2713
2714
2715
2716
2717
2718
2719
2720
2721
2722
2723
2724
2725
2726
2727
2728
2729
2730
2731
2732
2733
2734
2735
2736
2737
2738
2739
2740
4.131765693760795 4.131765693760795 0.370375
4.132817301216575 4.132817301216575 0.7407499999999999
4.133868908672357 4.133868908672357 1.111125
4.134920516128136 4.134920516128136 1.4815
4.135972123583916 4.135972123583916 1.851875
4.137023731039697 4.137023731039697 2.22225
4.138075338495478 4.138075338495478 2.592625
4.139126945951258 4.139126945951258 2.963
4.140178553407037 4.140178553407037 3.333375
4.141230160862817 4.141230160862817 3.703750000000001
4.142281768318599 4.142281768318599 4.074125
4.143333375774379 4.143333375774379 4.444500000000001
4.144384983230159 4.144384983230159 4.814875
4.145436590685939 4.145436590685939 5.185250000000001
4.14648819814172 4.14648819814172 5.555625
4.1475398055975 4.1475398055975 5.925999999999999
4.14859141305328 4.14859141305328 6.296375000000001
4.14964302050906 4.14964302050906 6.66675
4.150694627964841 4.150694627964841 7.037125
4.151746235420621 4.151746235420621 7.407500000000002
4.152797842876401 4.152797842876401 7.777875000000001
4.153849450332181 4.153849450332181 8.148249999999999
4.154901057787963 4.154901057787963 8.518625000000002
4.155952665243742 4.155952665243742 8.889000000000001
4.158055880155302 4.158055880155302 9.629750000000003
4.160159095066864 4.160159095066864 10.3705
4.162262309978424 4.162262309978424 11.11125
4.164365524889985 4.164365524889985 11.852
4.166468739801545 4.166468739801545 12.59275
4.168571954713106 4.168571954713106 13.3335
4.170675169624666 4.170675169624666 14.07425
4.172778384536227 4.172778384536227 14.815
4.174881599447787 4.174881599447787 15.55575
4.176984814359349 4.176984814359349 16.2965
4.179088029270908 4.179088029270908 17.03725
4.181191244182469 4.181191244182469 17.778
4.18329445909403 4.18329445909403 18.51875
4.185397674005591 4.185397674005591 19.2595
4.187500888917151 4.187500888917151 20.00025
4.189604103828712 4.189604103828712 20.741
4.191707318740272 4.191707318740272 21.48175
4.193810533651833 4.193810533651833 22.2225
4.195913748563393 4.195913748563393 22.96325
4.198016963474954 4.198016963474954 23.704
4.200120178386515 4.200120178386515 24.44475
4.202223393298075 4.202223393298075 25.1855
4.204326608209636 4.204326608209636 25.92625
3.809346095008137 3.809346095008137 0.370375
3.810315640972761 3.810315640972761 0.7407499999999999
3.811285186937385 3.811285186937385 1.111125
3.81225473290201 3.81225473290201 1.4815
3.813224278866633 3.813224278866633 1.851875
3.814193824831258 3.814193824831258 2.22225
3.815163370795882 3.815163370795882 2.592625
3.816132916760506 3.816132916760506 2.963
3.81710246272513 3.81710246272513 3.333375
3.818072008689754 3.818072008689754 3.703750000000001
3.819041554654378 3.819041554654378 4.074125
3.820011100619003 3.820011100619003 4.444500000000001
3.820980646583627 3.820980646583627 4.814875
3.82195019254825 3.82195019254825 5.185250000000001
3.822919738512875 3.822919738512875 5.555625
3.823889284477499 3.823889284477499 5.925999999999999
3.824858830442123 3.824858830442123 6.296375000000001
3.825828376406747 3.825828376406747 6.66675
3.826797922371371 3.826797922371371 7.037125
3.827767468335995 3.827767468335995 7.407500000000002
3.828737014300619 3.828737014300619 7.777875000000001
3.829706560265243 3.829706560265243 8.148249999999999
3.830676106229868 3.830676106229868 8.518625000000002
3.831645652194492 3.831645652194492 8.889000000000001
3.83358474412374 3.83358474412374 9.629750000000003
3.835523836052988 3.835523836052988 10.3705
3.837462927982236 3.837462927982236 11.11125
3.839402019911485 3.839402019911485 11.852
3.841341111840733 3.841341111840733 12.59275
3.843280203769981 3.843280203769981 13.3335
3.845219295699229 3.845219295699229 14.07425
3.847158387628478 3.847158387628478 14.815
3.849097479557726 3.849097479557726 15.55575
3.851036571486974 3.851036571486974 16.2965
3.852975663416222 3.852975663416222 17.03725
3.85491475534547 3.85491475534547 17.778
3.856853847274718 3.856853847274718 18.51875
3.858792939203967 3.858792939203967 19.2595
3.860732031133215 3.860732031133215 20.00025
3.862671123062464 3.862671123062464 20.741
3.864610214991711 3.864610214991711 21.48175
3.86654930692096 3.86654930692096 22.2225
3.868488398850208 3.868488398850208 22.96325
3.870427490779456 3.870427490779456 23.704
3.872366582708704 3.872366582708704 24.44475
3.874305674637953 3.874305674637953 25.1855
3.876244766567201 3.876244766567201 25.92625
3.486926496257983 3.486926496257983 0.370375
3.487813980731451 3.487813980731451 0.7407499999999999
3.48870146520492 3.48870146520492 1.111125
3.489588949678388 3.489588949678388 1.4815
3.490476434151856 3.490476434151856 1.851875
3.491363918625325 3.491363918625325 2.22225
3.492251403098794 3.492251403098794 2.592625
3.493138887572262 3.493138887572262 2.963
3.494026372045731 3.494026372045731 3.333375
3.4949138565192 3.4949138565192 3.703750000000001
3.495801340992668 3.495801340992668 4.074125
3.496688825466137 3.496688825466137 4.444500000000001
3.497576309939605 3.497576309939605 4.814875
3.498463794413074 3.498463794413074 5.185250000000001
3.499351278886543 3.499351278886543 5.555625
3.500238763360011 3.500238763360011 5.925999999999999
3.50112624783348 3.50112624783348 6.296375000000001
3.502013732306948 3.502013732306948 6.66675
3.502901216780417 3.502901216780417 7.037125
3.503788701253885 3.503788701253885 7.407500000000002
3.504676185727353 3.504676185727353 7.777875000000001
3.505563670200822 3.505563670200822 8.148249999999999
3.506451154674291 3.506451154674291 8.518625000000002
3.507338639147759 3.507338639147759 8.889000000000001
3.509113608094697 3.509113608094697 9.629750000000003
3.510888577041634 3.510888577041634 10.3705
3.512663545988571 3.512663545988571 11.11125
3.514438514935508 3.514438514935508 11.852
3.516213483882445 3.516213483882445 12.59275
3.517988452829382 3.517988452829382 13.3335
3.519763421776319 3.519763421776319 14.07425
3.521538390723256 3.521538390723256 14.815
3.523313359670193 3.523313359670193 15.55575
3.525088328617131 3.525088328617131 16.2965
3.526863297564068 3.526863297564068 17.03725
3.528638266511005 3.528638266511005 17.778
3.530413235457942 3.530413235457942 18.51875
3.532188204404879 3.532188204404879 19.2595
3.533963173351816 3.533963173351816 20.00025
3.535738142298753 3.535738142298753 20.741
3.53751311124569 3.53751311124569 21.48175
3.539288080192628 3.539288080192628 22.2225
3.541063049139565 3.541063049139565 22.96325
3.542838018086502 3.542838018086502 23.704
3.544612987033439 3.544612987033439 24.44475
3.546387955980376 3.546387955980376 25.1855
3.548162924927313 3.548162924927313 25.92625
3.164506897507827 3.164506897507827 0.370375
3.165312320490139 3.165312320490139 0.7407499999999999
3.166117743472453 3.166117743472453 1.111125
3.166923166454766 3.166923166454766 1.4815
3.167728589437079 3.167728589437079 1.851875
3.168534012419391 3.168534012419391 2.22225
3.169339435401705 3.169339435401705 2.592625
3.170144858384018 3.170144858384018 2.963
3.170950281366331 3.170950281366331 3.333375
3.171755704348644 3.171755704348644 3.703750000000001
3.172561127330957 3.172561127330957 4.074125
3.17336655031327 3.17336655031327 4.444500000000001
3.174171973295583 3.174171973295583 4.814875
3.174977396277896 3.174977396277896 5.185250000000001
3.175782819260209 3.175782819260209 5.555625
3.176588242242522 3.176588242242522 5.925999999999999
3.177393665224835 3.177393665224835 6.296375000000001
3.178199088207148 3.178199088207148 6.66675
3.179004511189461 3.179004511189461 7.037125
3.179809934171774 3.179809934171774 7.407500000000002
3.180615357154087 3.180615357154087 7.777875000000001
3.1814207801364 3.1814207801364 8.148249999999999
3.182226203118713 3.182226203118713 8.518625000000002
3.183031626101026 3.183031626101026 8.889000000000001
3.184642472065652 3.184642472065652 9.629750000000003
3.186253318030278 3.186253318030278 10.3705
3.187864163994904 3.187864163994904 11.11125
3.18947500995953 3.18947500995953 11.852
3.191085855924156 3.191085855924156 12.59275
3.192696701888782 3.192696701888782 13.3335
3.194307547853408 3.194307547853408 14.07425
3.195918393818034 3.195918393818034 14.815
3.19752923978266 3.19752923978266 15.55575
3.199140085747286 3.199140085747286 16.2965
3.200750931711912 3.200750931711912 17.03725
3.202361777676538 3.202361777676538 17.778
3.203972623641164 3.203972623641164 18.51875
3.20558346960579 3.20558346960579 19.2595
3.207194315570416 3.207194315570416 20.00025
3.208805161535043 3.208805161535043 20.741
3.210416007499668 3.210416007499668 21.48175
3.212026853464295 3.212026853464295 22.2225
3.21363769942892 3.21363769942892 22.96325
3.215248545393546 3.215248545393546 23.704
3.216859391358172 3.216859391358172 24.44475
3.218470237322798 3.218470237322798 25.1855
3.220081083287424 3.220081083287424 25.92625
2.842087298754505 2.842087298754505 0.370375
2.842810660245662 2.842810660245662 0.7407499999999999
2.843534021736819 2.843534021736819 1.111125
2.844257383227975 2.844257383227975 1.4815
2.844980744719131 2.844980744719131 1.851875
2.845704106210288 2.845704106210288 2.22225
2.846427467701445 2.846427467701445 2.592625
2.847150829192602 2.847150829192602 2.963
2.847874190683758 2.847874190683758 3.333375
2.848597552174915 2.848597552174915 3.703750000000001
2.849320913666072 2.849320913666072 4.074125
2.850044275157229 2.850044275157229 4.444500000000001
2.850767636648385 2.850767636648385 4.814875
2.851490998139541 2.851490998139541 5.185250000000001
2.852214359630698 2.852214359630698 5.555625
2.852937721121855 2.852937721121855 5.925999999999999
2.853661082613012 2.853661082613012 6.296375000000001
2.854384444104168 2.854384444104168 6.66675
2.855107805595325 2.855107805595325 7.037125
2.855831167086481 2.855831167086481 7.407500000000002
2.856554528577638 2.856554528577638 7.777875000000001
2.857277890068795 2.857277890068795 8.148249999999999
2.858001251559952 2.858001251559952 8.518625000000002
2.858724613051108 2.858724613051108 8.889000000000001
2.860171336033421 2.860171336033421 9.629750000000003
2.861618059015735 2.861618059015735 10.3705
2.863064781998048 2.863064781998048 11.11125
2.864511504980361 2.864511504980361 11.852
2.865958227962675 2.865958227962675 12.59275
2.867404950944988 2.867404950944988 13.3335
2.868851673927301 2.868851673927301 14.07425
2.870298396909615 2.870298396909615 14.815
2.871745119891928 2.871745119891928 15.55575
2.873191842874241 2.873191842874241 16.2965
2.874638565856555 2.874638565856555 17.03725
2.876085288838868 2.876085288838868 17.778
2.877532011821181 2.877532011821181 18.51875
2.878978734803495 2.878978734803495 19.2595
2.880425457785808 2.880425457785808 20.00025
2.881872180768121 2.881872180768121 20.741
2.883318903750434 2.883318903750434 21.48175
2.884765626732748 2.884765626732748 22.2225
2.886212349715061 2.886212349715061 22.96325
2.887659072697374 2.887659072697374 23.704
2.889105795679688 2.889105795679688 24.44475
2.890552518662001 2.890552518662001 25.1855
2.891999241644315 2.891999241644315 25.92625
2 53 0 35
2741
2742
2743
2744
2745
2746
2747
2748
2749
2750
2751
2752
2753
2754
2755
2756
2757
2758
2759
2760
2761
2762
2763
2764
2765
2766
2767
2768
2769
2770
2771
2772
2773
2774
2775
3.201353275332195 0.3719723204137998 26.667
3.185962667095494 0.7429357063939287 26.667
3.160476395247297 1.111890940065732 26.667
3.125139906544143 1.477858143057462 26.667
3.080293510950755 1.839886213010176 26.667
3.026369103623876 2.19706198454793 26.667
2.963886006108322 2.548519022048308 26.667
3.837506550662423 0.4232946408279651 26.667
3.806725334189038 0.8445714127889881 26.667
3.755752790492692 1.261831880133375 26.667
3.685079813086462 1.673116286117591 26.667
3.595387021899795 2.07652242602205 26.667
3.487538207246181 2.470223969096569 26.667
3.362572012215245 2.852488044096323 26.667
4.473659825993245 0.4746169612416966 26.667
4.427488001282541 0.9462071191831828 26.667
4.351029185737445 1.411772820199728 26.667
4.245019719627574 1.868374429176015 26.667
4.110480532847085 2.313158639031816 26.667
3.94870731086622 2.743385953642712 26.667
3.761258018319408 3.156457066141468 26.667
5.109813101327084 0.5259392816554591 26.667
5.048250668378721 1.047842825577437 26.667
4.946305580984498 1.561713760266163 26.667
4.804959626170575 2.063632572234532 26.667
4.625574043795834 2.549794852041676 26.667
4.409876414487256 3.016547938188935 26.667
4.159944024424084 3.460426088186663 26.667
5.745966376661229 0.5772616020695723 26.667
5.669013335475613 1.149478531972389 26.667
5.541581976232646 1.711654700333637 26.667
5.364899532715022 2.258890715294422 26.667
5.140667554746342 2.786431065053228 26.667
4.871045518110339 3.289709922737153 26.667
4.558630030531069 3.764395110234139 26.667
2 70 0 329
2776
2777
2778
2779
2780
2781
2782
2783
2784
2785
2786
2787
2788
2789
2790
2791
2792
2793
2794
2795
2796
2797
2798
2799
2800
2801
2802
2803
2804
2805
2806
2807
2808
2809
2810
2811
2812
2813
2814
2815
2816
2817
2818
2819
2820
2821
2822
2823
2824
2825
2826
2827
2828
2829
2830
2831
2832
2833
2834
2835
2836
2837
2838
2839
2840
2841
2842
2843
2844
2845
2846
2847
2848
2849
2850
2851
2852
2853
2854
2855
2856
2857
2858
2859
2860
2861
2862
2863
2864
2865
2866
2867
2868
2869
2870
2871
2872
2873
2874
2875
2876
2877
2878
2879
2880
2881
2882
2883
2884
2885
2886
2887
2888
2889
2890
2891
2892
2893
2894
2895
2896
2897
2898
2899
2900
2901
2902
2903
2904
2905
2906
2907
2908
2909
2910
2911
2912
2913
2914
2915
2916
2917
2918
2919
2920
2921
2922
2923
2924
2925
2926
2927
2928
2929
2930
2931
2932
2933
2934
2935
2936
2937
2938
2939
2940
2941
2942
2943
2944
2945
2946
2947
2948
2949
2950
2951
2952
2953
2954
2955
2956
2957
2958
2959
2960
2961
2962
2963
2964
2965
2966
2967
2968
2969
2970
2971
2972
2973
2974
2975
2976
2977
2978
2979
2980
2981
2982
2983
2984
2985
2986
2987
2988
2989
2990
2991
2992
2993
2994
2995
2996
2997
2998
2999
3000
3001
3002
3003
3004
3005
3006
3007
3008
3009
3010
3011
3012
3013
3014
3015
3016
3017
3018
3019
3020
3021
3022
3023
3024
3025
3026
3027
3028
3029
3030
3031
3032
3033
3034
3035
3036
3037
3038
3039
3040
3041
3042
3043
3044
3045
3046
3047
3048
3049
3050
3051
3052
3053
3054
3055
3056
3057
3058
3059
3060
3061
3062
3063
3064
3065
3066
3067
3068
3069
3070
3071
3072
3073
3074
3075
3076
3077
3078
3079
3080
3081
3082
3083
3084
3085
3086
3087
3088
3089
3090
3091
3092
3093
3094
3095
3096
3097
3098
3099
3100
3101
3102
3103
3104
3.996150667049791 4.869323678539257 0.370375
3.997167758082382 4.870563007548811 0.7407499999999999
3.998184849114974 4.871802336558367 1.111125
3.999201940147564 4.873041665567921 1.4815
4.000219031180155 4.874280994577474 1.851875
4.001236122212746 4.875520323587029 2.22225
4.002253213245337 4.876759652596584 2.592625
4.003270304277928 4.877998981606138 2.963
4.004287395310519 4.879238310615692 3.333375
4.00530448634311 4.880477639625246 3.703750000000001
4.006321577375701 4.881716968634801 4.074125
4.007338668408292 4.882956297644356 4.444500000000001
4.008355759440883 4.88419562665391 4.814875
4.009372850473473 4.885434955663464 5.185250000000001
4.010389941506064 4.886674284673019 5.555625
4.011407032538655 4.887913613682573 5.925999999999999
4.012424123571247 4.889152942692128 6.296375000000001
4.013441214603837 4.890392271701682 6.66675
4.014458305636428 4.891631600711237 7.037125
4.015475396669019 4.892870929720791 7.407500000000002
4.01649248770161 4.894110258730345 7.777875000000001
4.017509578734201 4.8953495877399 8.148249999999999
4.018526669766793 4.896588916749455 8.518625000000002
4.019543760799383 4.897828245759008 8.889000000000001
4.021577942864565 4.900306903778117 9.629750000000003
4.023612124929747 4.902785561797226 10.3705
4.025646306994928 4.905264219816335 11.11125
4.02768048906011 4.907742877835443 11.852
4.029714671125292 4.910221535854553 12.59275
4.031748853190474 4.912700193873661 13.3335
4.033783035255656 4.915178851892771 14.07425
4.035817217320838 4.917657509911879 14.815
4.037851399386019 4.920136167930988 15.55575
4.039885581451202 4.922614825950097 16.2965
4.041919763516383 4.925093483969206 17.03725
4.043953945581565 4.927572141988314 17.778
4.045988127646747 4.930050800007423 18.51875
4.048022309711929 4.932529458026532 19.2595
4.050056491777111 4.93500811604564 20.00025
4.052090673842293 4.93748677406475 20.741
4.054124855907475 4.939965432083858 21.48175
4.056159037972657 4.942444090102968 22.2225
4.058193220037839 4.944922748122075 22.96325
4.06022740210302 4.947401406141185 23.704
4.062261584168202 4.949880064160293 24.44475
4.064295766233384 4.952358722179403 25.1855
4.066329948298566 4.954837380198511 25.92625
3.499630925087771 5.237567816106527 0.370375
3.500521643063105 5.238900869762954 0.7407499999999999
3.501412361038439 5.240233923419384 1.111125
3.502303079013773 5.241566977075811 1.4815
3.503193796989107 5.242900030732239 1.851875
3.504084514964441 5.244233084388668 2.22225
3.504975232939775 5.245566138045096 2.592625
3.505865950915109 5.246899191701524 2.963
3.506756668890443 5.248232245357952 3.333375
3.507647386865777 5.24956529901438 3.703750000000001
3.508538104841112 5.250898352670808 4.074125
3.509428822816446 5.252231406327237 4.444500000000001
3.51031954079178 5.253564459983665 4.814875
3.511210258767114 5.254897513640093 5.185250000000001
3.512100976742448 5.256230567296522 5.555625
3.512991694717782 5.25756362095295 5.925999999999999
3.513882412693117 5.258896674609378 6.296375000000001
3.514773130668451 5.260229728265807 6.66675
3.515663848643785 5.261562781922235 7.037125
3.516554566619119 5.262895835578663 7.407500000000002
3.517445284594453 5.264228889235091 7.777875000000001
3.518336002569787 5.265561942891519 8.148249999999999
3.519226720545122 5.266894996547948 8.518625000000002
3.520117438520455 5.268228050204375 8.889000000000001
3.521898874471123 5.270894157517231 9.629750000000003
3.523680310421792 5.273560264830089 10.3705
3.52546174637246 5.276226372142945 11.11125
3.527243182323128 5.278892479455801 11.852
3.529024618273796 5.281558586768658 12.59275
3.530806054224465 5.284224694081514 13.3335
3.532587490175133 5.286890801394371 14.07425
3.534368926125802 5.289556908707228 14.815
3.536150362076469 5.292223016020084 15.55575
3.537931798027138 5.294889123332941 16.2965
3.539713233977806 5.297555230645797 17.03725
3.541494669928474 5.300221337958653 17.778
3.543276105879142 5.30288744527151 18.51875
3.545057541829811 5.305553552584366 19.2595
3.546838977780479 5.308219659897222 20.00025
3.548620413731147 5.310885767210079 20.741
3.550401849681815 5.313551874522935 21.48175
3.552183285632484 5.316217981835792 22.2225
3.553964721583152 5.318884089148648 22.96325
3.55574615753382 5.321550196461505 23.704
3.557527593484489 5.324216303774361 24.44475
3.559309029435157 5.326882411087218 25.1855
3.561090465385825 5.329548518400075 25.92625
2.96940782389499 5.555371312120981 0.370375
2.970163590711965 5.556785252388764 0.7407499999999999
2.970919357528941 5.558199192656548 1.111125
2.971675124345916 5.559613132924331 1.4815
2.97243089116289 5.561027073192114 1.851875
2.973186657979866 5.562441013459898 2.22225
2.973942424796841 5.563854953727682 2.592625
2.974698191613816 5.565268893995465 2.963
2.975453958430791 5.566682834263248 3.333375
2.976209725247766 5.568096774531031 3.703750000000001
2.976965492064741 5.569510714798815 4.074125
2.977721258881716 5.570924655066599 4.444500000000001
2.978477025698691 5.572338595334382 4.814875
2.979232792515666 5.573752535602165 5.185250000000001
2.979988559332641 5.575166475869948 5.555625
2.980744326149616 5.576580416137731 5.925999999999999
2.981500092966591 5.577994356405515 6.296375000000001
2.982255859783566 5.579408296673298 6.66675
2.983011626600542 5.580822236941082 7.037125
2.983767393417516 5.582236177208865 7.407500000000002
2.984523160234491 5.583650117476648 7.777875000000001
2.985278927051466 5.585064057744432 8.148249999999999
2.986034693868442 5.586477998012216 8.518625000000002
2.986790460685417 5.587891938279999 8.889000000000001
2.988301994319366 5.590719818815566 9.629750000000003
2.989813527953317 5.593547699351133 10.3705
2.991325061587267 5.596375579886699 11.11125
2.992836595221217 5.599203460422266 11.852
2.994348128855167 5.602031340957833 12.59275
2.995859662489117 5.6048592214934 13.3335
2.997371196123067 5.607687102028967 14.07425
2.998882729757018 5.610514982564534 14.815
3.000394263390967 5.6133428631001 15.55575
3.001905797024918 5.616170743635667 16.2965
3.003417330658868 5.618998624171233 17.03725
3.004928864292818 5.6218265047068 17.778
3.006440397926768 5.624654385242367 18.51875
3.007951931560718 5.627482265777934 19.2595
3.009463465194668 5.630310146313501 20.00025
3.010974998828619 5.633138026849069 20.741
3.012486532462568 5.635965907384634 21.48175
3.013998066096519 5.638793787920202 22.2225
3.015509599730469 5.641621668455768 22.96325
3.017021133364419 5.644449548991335 23.704
3.018532666998369 5.647277429526902 24.44475
3.020044200632319 5.650105310062469 25.1855
3.021555734266269 5.652933190598036 25.92625
2.410587702397083 5.81967354489902 0.370375
2.411201239608179 5.821154754760282 0.7407499999999999
2.411814776819276 5.822635964621544 1.111125
2.412428314030372 5.824117174482806 1.4815
2.413041851241468 5.825598384344068 1.851875
2.413655388452564 5.827079594205331 2.22225
2.414268925663661 5.828560804066593 2.592625
2.414882462874757 5.830042013927855 2.963
2.415496000085853 5.831523223789117 3.333375
2.416109537296949 5.833004433650379 3.703750000000001
2.416723074508045 5.834485643511641 4.074125
2.417336611719142 5.835966853372904 4.444500000000001
2.417950148930238 5.837448063234166 4.814875
2.418563686141334 5.838929273095427 5.185250000000001
2.41917722335243 5.84041048295669 5.555625
2.419790760563526 5.841891692817952 5.925999999999999
2.420404297774623 5.843372902679214 6.296375000000001
2.421017834985719 5.844854112540476 6.66675
2.421631372196815 5.846335322401739 7.037125
2.422244909407911 5.847816532263001 7.407500000000002
2.422858446619007 5.849297742124262 7.777875000000001
2.423471983830104 5.850778951985525 8.148249999999999
2.4240855210412 5.852260161846788 8.518625000000002
2.424699058252296 5.85374137170805 8.889000000000001
2.425926132674488 5.856703791430573 9.629750000000003
2.427153207096681 5.859666211153098 10.3705
2.428380281518873 5.862628630875622 11.11125
2.429607355941066 5.865591050598146 11.852
2.430834430363258 5.868553470320671 12.59275
2.432061504785451 5.871515890043195 13.3335
2.433288579207643 5.87447830976572 14.07425
2.434515653629836 5.877440729488244 14.815
2.435742728052028 5.880403149210768 15.55575
2.436969802474221 5.883365568933293 16.2965
2.438196876896413 5.886327988655816 17.03725
2.439423951318606 5.889290408378341 17.778
2.440651025740798 5.892252828100865 18.51875
2.441878100162991 5.89521524782339 19.2595
2.443105174585183 5.898177667545914 20.00025
2.444332249007376 5.901140087268439 20.741
2.445559323429568 5.904102506990962 21.48175
2.446786397851761 5.907064926713487 22.2225
2.448013472273953 5.910027346436011 22.96325
2.449240546696145 5.912989766158535 23.704
2.450467621118338 5.91595218588106 24.44475
2.45169469554053 5.918914605603584 25.1855
2.452921769962723 5.921877025326109 25.92625
1.82855230684773 6.027929138706543 0.370375
1.829017705755047 6.029463353300258 0.7407499999999999
1.829483104662364 6.030997567893974 1.111125
1.829948503569681 6.032531782487689 1.4815
1.830413902476997 6.034065997081403 1.851875
1.830879301384314 6.035600211675119 2.22225
1.831344700291631 6.037134426268834 2.592625
1.831810099198948 6.038668640862549 2.963
1.832275498106264 6.040202855456264 3.333375
1.832740897013581 6.041737070049979 3.703750000000001
1.833206295920898 6.043271284643694 4.074125
1.833671694828215 6.044805499237409 4.444500000000001
1.834137093735532 6.046339713831124 4.814875
1.834602492642848 6.047873928424838 5.185250000000001
1.835067891550165 6.049408143018554 5.555625
1.835533290457482 6.050942357612269 5.925999999999999
1.835998689364799 6.052476572205984 6.296375000000001
1.836464088272116 6.054010786799699 6.66675
1.836929487179433 6.055545001393415 7.037125
1.837394886086749 6.057079215987129 7.407500000000002
1.837860284994066 6.058613430580844 7.777875000000001
1.838325683901383 6.06014764517456 8.148249999999999
1.8387910828087 6.061681859768275 8.518625000000002
1.839256481716017 6.06321607436199 8.889000000000001
1.84018727953065 6.06628450354942 9.629750000000003
1.841118077345284 6.069352932736851 10.3705
1.842048875159917 6.07242136192428 11.11125
1.842979672974551 6.075489791111711 11.852
1.843910470789185 6.078558220299141 12.59275
1.844841268603818 6.081626649486571 13.3335
1.845772066418452 6.084695078674002 14.07425
1.846702864233086 6.087763507861431 14.815
1.847633662047719 6.09083193704886 15.55575
1.848564459862353 6.093900366236292 16.2965
1.849495257676986 6.096968795423721 17.03725
1.85042605549162 6.100037224611151 17.778
1.851356853306253 6.103105653798582 18.51875
1.852287651120887 6.106174082986012 19.2595
1.853218448935521 6.109242512173442 20.00025
1.854149246750154 6.112310941360873 20.741
1.855080044564788 6.115379370548302 21.48175
1.856010842379422 6.118447799735733 22.2225
1.856941640194055 6.121516228923163 22.96325
1.857872438008689 6.124584658110593 23.704
1.858803235823322 6.127653087298023 24.44475
1.859734033637956 6.130721516485453 25.1855
1.86066483145259 6.133789945672883 25.92625
1.228906953473502 6.178132479952987 0.370375
1.229219732031271 6.179704923953993 0.7407499999999999
1.22953251058904 6.181277367954999 1.111125
1.229845289146808 6.182849811956006 1.4815
1.230158067704577 6.184422255957011 1.851875
1.230470846262346 6.185994699958018 2.22225
1.230783624820115 6.187567143959024 2.592625
1.231096403377884 6.18913958796003 2.963
1.231409181935652 6.190712031961036 3.333375
1.231721960493421 6.192284475962041 3.703750000000001
1.23203473905119 6.193856919963048 4.074125
1.232347517608959 6.195429363964054 4.444500000000001
1.232660296166727 6.19700180796506 4.814875
1.232973074724496 6.198574251966066 5.185250000000001
1.233285853282265 6.200146695967073 5.555625
1.233598631840034 6.201719139968079 5.925999999999999
1.233911410397802 6.203291583969085 6.296375000000001
1.234224188955571 6.204864027970091 6.66675
1.23453696751334 6.206436471971097 7.037125
1.234849746071109 6.208008915972103 7.407500000000002
1.235162524628878 6.209581359973109 7.777875000000001
1.235475303186646 6.211153803974115 8.148249999999999
1.235788081744415 6.212726247975122 8.518625000000002
1.236100860302184 6.214298691976127 8.889000000000001
1.236726417417721 6.217443579978139 9.629750000000003
1.237351974533259 6.220588467980153 10.3705
1.237977531648796 6.223733355982164 11.11125
1.238603088764334 6.226878243984176 11.852
1.239228645879872 6.230023131986188 12.59275
1.239854202995409 6.2331680199882 13.3335
1.240479760110947 6.236312907990213 14.07425
1.241105317226484 6.239457795992226 14.815
1.241730874342022 6.242602683994237 15.55575
1.242356431457559 6.24574757199625 16.2965
1.242981988573097 6.248892459998261 17.03725
1.243607545688634 6.252037348000274 17.778
1.244233102804172 6.255182236002286 18.51875
1.244858659919709 6.258327124004299 19.2595
1.245484217035247 6.261472012006311 20.00025
1.246109774150784 6.264616900008323 20.741
1.246735331266322 6.267761788010334 21.48175
1.24736088838186 6.270906676012348 22.2225
1.247986445497397 6.274051564014359 22.96325
1.248612002612935 6.277196452016371 23.704
1.249237559728472 6.280341340018384 24.44475
1.24986311684401 6.283486228020396 25.1855
1.250488673959547 6.286631116022408 25.92625
0.6174265548002167 6.268837028474509 0.370375
0.6175837007800589 6.270432558387584 0.7407499999999999
0.6177408467599013 6.27202808830066 1.111125
0.6178979927397434 6.273623618213735 1.4815
0.6180551387195856 6.27521914812681 1.851875
0.6182122846994279 6.276814678039886 2.22225
0.6183694306792703 6.278410207952962 2.592625
0.6185265766591125 6.280005737866039 2.963
0.6186837226389547 6.281601267779114 3.333375
0.6188408686187969 6.283196797692189 3.703750000000001
0.6189980145986392 6.284792327605265 4.074125
0.6191551605784815 6.286387857518341 4.444500000000001
0.6193123065583237 6.287983387431416 4.814875
0.619469452538166 6.289578917344492 5.185250000000001
0.6196265985180083 6.291174447257569 5.555625
0.6197837444978505 6.292769977170644 5.925999999999999
0.6199408904776927 6.29436550708372 6.296375000000001
0.620098036457535 6.295961036996795 6.66675
0.6202551824373773 6.297556566909871 7.037125
0.6204123284172195 6.299152096822946 7.407500000000002
0.6205694743970617 6.300747626736022 7.777875000000001
0.6207266203769041 6.302343156649098 8.148249999999999
0.6208837663567464 6.303938686562175 8.518625000000002
0.6210409123365885 6.30553421647525 8.889000000000001
0.621355204296273 6.3087252763014 9.629750000000003
0.6216694962559576 6.311916336127553 10.3705
0.621983788215642 6.315107395953704 11.11125
0.6222980801753265 6.318298455779855 11.852
0.6226123721350111 6.321489515606006 12.59275
0.6229266640946955 6.324680575432158 13.3335
0.6232409560543801 6.32787163525831 14.07425
0.6235552480140646 6.331062695084461 14.815
0.6238695399737491 6.334253754910612 15.55575
0.6241838319334336 6.337444814736764 16.2965
0.6244981238931181 6.340635874562915 17.03725
0.6248124158528026 6.343826934389067 17.778
0.6251267078124871 6.347017994215218 18.51875
0.6254409997721716 6.35020905404137 19.2595
0.6257552917318562 6.353400113867521 20.00025
0.6260695836915406 6.356591173693673 20.741
0.6263838756512251 6.359782233519823 21.48175
0.6266981676109097 6.362973293345976 22.2225
0.6270124595705941 6.366164353172127 22.96325
0.6273267515302786 6.369355412998278 23.704
0.6276410434899632 6.37254647282443 24.44475
0.6279553354496477 6.375737532650581 25.1855
0.6282696274093322 6.378928592476733 25.92625
2 74 0 235
3105
3106
3107
3108
3109
3110
3111
3112
3113
3114
3115
3116
3117
3118
3119
3120
3121
3122
3123
3124
3125
3126
3127
3128
3129
3130
3131
3132
3133
3134
3135
3136
3137
3138
3139
3140
3141
3142
3143
3144
3145
3146
3147
3148
3149
3150
3151
3152
3153
3154
3155
3156
3157
3158
3159
3160
3161
3162
3163
3164
3165
3166
3167
3168
3169
3170
3171
3172
3173
3174
3175
3176
3177
3178
3179
3180
3181
3182
3183
3184
3185
3186
3187
3188
3189
3190
3191
3192
3193
3194
3195
3196
3197
3198
3199
3200
3201
3202
3203
3204
3205
3206
3207
3208
3209
3210
3211
3212
3213
3214
3215
3216
3217
3218
3219
3220
3221
3222
3223
3224
3225
3226
3227
3228
3229
3230
3231
3232
3233
3234
3235
3236
3237
3238
3239
3240
3241
3242
3243
3244
3245
3246
3247
3248
3249
3250
3251
3252
3253
3254
3255
3256
3257
3258
3259
3260
3261
3262
3263
3264
3265
3266
3267
3268
3269
3270
3271
3272
3273
3274
3275
3276
3277
3278
3279
3280
3281
3282
3283
3284
3285
3286
3287
3288
3289
3290
3291
3292
3293
3294
3295
3296
3297
3298
3299
3300
3301
3302
3303
3304
3305
3306
3307
3308
3309
3310
3311
3312
3313
3314
3315
3316
3317
3318
3319
3320
3321
3322
3323
3324
3325
3326
3327
3328
3329
3330
3331
3332
3333
3334
3335
3336
3337
3338
3339
0 5.669252325000956 0.370375
0 5.670695250000956 0.7407499999999999
0 5.672138175000957 1.111125
0 5.673581100000957 1.4815
0 5.675024025000956 1.851875
0 5.676466950000957 2.22225
0 5.677909875000958 2.592625
0 5.679352800000958 2.963
0 5.680795725000958 3.333375
0 5.682238650000958 3.703750000000001
0 5.683681575000959 4.074125
0 5.685124500000959 4.444500000000001
0 5.686567425000959 4.814875
0 5.688010350000959 5.185250000000001
0 5.68945327500096 5.555625
0 5.690896200000959 5.925999999999999
0 5.69233912500096 6.296375000000001
0 5.69378205000096 6.66675
0 5.69522497500096 7.037125
0 5.696667900000961 7.407500000000002
0 5.698110825000961 7.777875000000001
0 5.699553750000962 8.148249999999999
0 5.700996675000962 8.518625000000002
0 5.702439600000962 8.889000000000001
0 5.705325450000962 9.629750000000003
0 5.708211300000963 10.3705
0 5.711097150000963 11.11125
0 5.713983000000963 11.852
0 5.716868850000964 12.59275
0 5.719754700000965 13.3335
0 5.722640550000965 14.07425
0 5.725526400000966 14.815
0 5.728412250000965 15.55575
0 5.731298100000967 16.2965
0 5.734183950000967 17.03725
0 5.737069800000968 17.778
0 5.739955650000968 18.51875
0 5.742841500000969 19.2595
0 5.745727350000969 20.00025
0 5.748613200000969 20.741
0 5.75149905000097 21.48175
0 5.754384900000971 22.2225
0 5.757270750000971 22.96325
0 5.760156600000971 23.704
0 5.763042450000972 24.44475
0 5.765928300000972 25.1855
0 5.768814150000973 25.92625
0 5.039335400002048 0.370375
0 5.040618000002048 0.7407499999999999
0 5.041900600002049 1.111125
0 5.04318320000205 1.4815
0 5.04446580000205 1.851875
0 5.045748400002051 2.22225
0 5.047031000002051 2.592625
0 5.048313600002052 2.963
0 5.049596200002052 3.333375
0 5.050878800002052 3.703750000000001
0 5.052161400002053 4.074125
0 5.053444000002054 4.444500000000001
0 5.054726600002054 4.814875
0 5.056009200002054 5.185250000000001
0 5.057291800002055 5.555625
0 5.058574400002056 5.925999999999999
0 5.059857000002056 6.296375000000001
0 5.061139600002057 6.66675
0 5.062422200002057 7.037125
0 5.063704800002058 7.407500000000002
0 5.064987400002058 7.777875000000001
0 5.066270000002059 8.148249999999999
0 5.06755260000206 8.518625000000002
0 5.06883520000206 8.889000000000001
0 5.07140040000206 9.629750000000003
0 5.073965600002063 10.3705
0 5.076530800002063 11.11125
0 5.079096000002064 11.852
0 5.081661200002065 12.59275
0 5.084226400002066 13.3335
0 5.086791600002067 14.07425
0 5.089356800002069 14.815
0 5.091922000002069 15.55575
0 5.094487200002071 16.2965
0 5.097052400002071 17.03725
0 5.099617600002072 17.778
0 5.102182800002073 18.51875
0 5.104748000002075 19.2595
0 5.107313200002076 20.00025
0 5.109878400002077 20.741
0 5.112443600002077 21.48175
0 5.115008800002079 22.2225
0 5.11757400000208 22.96325
0 5.120139200002081 23.704
0 5.122704400002082 24.44475
0 5.125269600002083 25.1855
0 5.127834800002084 25.92625
0 4.409418475003959 0.370375
0 4.41054075000396 0.7407499999999999
0 4.411663025003961 1.111125
0 4.412785300003962 1.4815
0 4.413907575003963 1.851875
0 4.415029850003964 2.22225
0 4.416152125003965 2.592625
0 4.417274400003966 2.963
0 4.418396675003967 3.333375
0 4.419518950003967 3.703750000000001
0 4.420641225003969 4.074125
0 4.42176350000397 4.444500000000001
0 4.422885775003971 4.814875
0 4.424008050003971 5.185250000000001
0 4.425130325003973 5.555625
0 4.426252600003973 5.925999999999999
0 4.427374875003975 6.296375000000001
0 4.428497150003976 6.66675
0 4.429619425003978 7.037125
0 4.430741700003978 7.407500000000002
0 4.431863975003979 7.777875000000001
0 4.43298625000398 8.148249999999999
0 4.434108525003981 8.518625000000002
0 4.435230800003982 8.889000000000001
0 4.437475350003983 9.629750000000003
0 4.439719900003986 10.3705
0 4.441964450003987 11.11125
0 4.44420900000399 11.852
0 4.446453550003992 12.59275
0 4.448698100003994 13.3335
0 4.450942650003996 14.07425
0 4.453187200003998 14.815
0 4.455431750003999 15.55575
0 4.457676300004002 16.2965
0 4.459920850004004 17.03725
0 4.462165400004006 17.778
0 4.464409950004008 18.51875
0 4.46665450000401 19.2595
0 4.468899050004012 20.00025
0 4.471143600004014 20.741
0 4.473388150004015 21.48175
0 4.475632700004018 22.2225
0 4.47787725000402 22.96325
0 4.480121800004022 23.704
0 4.482366350004024 24.44475
0 4.484610900004026 25.1855
0 4.486855450004028 25.92625
0 3.779501550002639 0.370375
0 3.780463500002639 0.7407499999999999
0 3.78142545000264 1.111125
0 3.782387400002641 1.4815
0 3.783349350002641 1.851875
0 3.784311300002642 2.22225
0 3.785273250002643 2.592625
0 3.786235200002643 2.963
0 3.787197150002644 3.333375
0 3.788159100002644 3.703750000000001
0 3.789121050002645 4.074125
0 3.790083000002646 4.444500000000001
0 3.791044950002647 4.814875
0 3.792006900002647 5.185250000000001
0 3.792968850002648 5.555625
0 3.793930800002649 5.925999999999999
0 3.794892750002649 6.296375000000001
0 3.79585470000265 6.66675
0 3.796816650002651 7.037125
0 3.797778600002651 7.407500000000002
0 3.798740550002652 7.777875000000001
0 3.799702500002653 8.148249999999999
0 3.800664450002654 8.518625000000002
0 3.801626400002654 8.889000000000001
0 3.803550300002655 9.629750000000003
0 3.805474200002657 10.3705
0 3.807398100002658 11.11125
0 3.809322000002659 11.852
0 3.81124590000266 12.59275
0 3.813169800002662 13.3335
0 3.815093700002663 14.07425
0 3.817017600002665 14.815
0 3.818941500002666 15.55575
0 3.820865400002668 16.2965
0 3.822789300002669 17.03725
0 3.82471320000267 17.778
0 3.826637100002671 18.51875
0 3.828561000002673 19.2595
0 3.830484900002674 20.00025
0 3.832408800002676 20.741
0 3.834332700002677 21.48175
0 3.836256600002678 22.2225
0 3.838180500002679 22.96325
0 3.84010440000268 23.704
0 3.842028300002682 24.44475
0 3.843952200002684 25.1855
0 3.845876100002685 25.92625
0 3.149584625001274 0.370375
0 3.150386250001274 0.7407499999999999
0 3.151187875001274 1.111125
0 3.151989500001275 1.4815
0 3.152791125001275 1.851875
0 3.153592750001275 2.22225
0 3.154394375001276 2.592625
0 3.155196000001276 2.963
0 3.155997625001276 3.333375
0 3.156799250001276 3.703750000000001
0 3.157600875001277 4.074125
0 3.158402500001277 4.444500000000001
0 3.159204125001277 4.814875
0 3.160005750001277 5.185250000000001
0 3.160807375001278 5.555625
0 3.161609000001278 5.925999999999999
0 3.162410625001279 6.296375000000001
0 3.163212250001279 6.66675
0 3.16401387500128 7.037125
0 3.16481550000128 7.407500000000002
0 3.16561712500128 7.777875000000001
0 3.16641875000128 8.148249999999999
0 3.167220375001281 8.518625000000002
0 3.168022000001281 8.889000000000001
0 3.169625250001281 9.629750000000003
0 3.171228500001282 10.3705
0 3.172831750001283 11.11125
0 3.174435000001283 11.852
0 3.176038250001284 12.59275
0 3.177641500001285 13.3335
0 3.179244750001286 14.07425
0 3.180848000001286 14.815
0 3.182451250001287 15.55575
0 3.184054500001288 16.2965
0 3.185657750001288 17.03725
0 3.187261000001289 17.778
0 3.188864250001289 18.51875
0 3.19046750000129 19.2595
0 3.192070750001291 20.00025
0 3.193674000001292 20.741
0 3.195277250001292 21.48175
0 3.196880500001293 22.2225
0 3.198483750001293 22.96325
0 3.200087000001294 23.704
0 3.201690250001294 24.44475
0 3.203293500001295 25.1855
0 3.204896750001296 25.92625
2 75 0 35
3340
3341
3342
3343
3344
3345
3346
3347
3348
3349
3350
3351
3352
3353
3354
3355
3356
3357
3358
3359
3360
3361
3362
3363
3364
3365
3366
3367
3368
3369
3370
3371
3372
3373
3374
2.54851902172961 2.963886006371395 26.667
2.852488043457253 3.3625720127417 26.667
3.156457065182007 3.761258019109049 26.667
3.46042608690671 4.159944025475892 26.667
3.764395108633713 4.558630031845198 26.667
2.197061983558957 3.026369104287302 26.667
2.470223967115198 3.487538208573646 26.667
2.743385950668908 3.948707312857333 26.667
3.016547934222538 4.409876417140034 26.667
3.289709917778187 4.871045521425073 26.667
1.839886211320115 3.08029351185741 26.667
2.07652242263677 3.595387023714 26.667
2.31315863395128 4.11048053556827 26.667
2.549794845265695 4.625574047421099 26.667
2.78643105658183 5.140667559276113 26.667
1.477858140734723 3.125139907509878 26.667
1.673116281465284 3.685079815019094 26.667
1.868374422194105 4.24501972252636 26.667
2.063632562922831 4.804959630031755 26.667
2.258890703652959 5.364899537539147 26.667
1.111890938214166 3.160476395811759 26.667
1.261831876425178 3.755752791623016 26.667
1.411772814634871 4.351029187432744 26.667
1.561713752844483 4.946305583240201 26.667
1.711654691055159 5.541581979049421 26.667
0.7429357051811607 3.185962667339008 26.667
0.8445714103602175 3.806725334677698 26.667
0.9462071155383872 4.427488002015309 26.667
1.047842820716498 5.04825066935028 26.667
1.149478525895325 5.669013336686747 26.667
0.371972319895799 3.201353275385281 26.667
0.4232946397905797 3.837506550770444 26.667
0.4746169596849151 4.473659826155024 26.667
0.5259392795792194 5.109813101536622 26.667
0.5772615994738837 5.745966376919406 26.667
3 1 0 2303
3375
3376
3377
3378
3379
3380
3381
3382
3383
3384
3385
3386
3387
3388
3389
3390
3391
3392
3393
3394
3395
3396
3397
3398
3399
3400
3401
3402
3403
3404
3405
3406
3407
3408
3409
3410
3411
3412
3413
3414
3415
3416
3417
3418
3419
3420
3421
3422
3423
3424
3425
3426
3427
3428
3429
3430
3431
3432
3433
3434
3435
3436
3437
3438
3439
3440
3441
3442
3443
3444
3445
3446
3447
3448
3449
3450
3451
3452
3453
3454
3455
3456
3457
3458
3459
3460
3461
3462
3463
3464
3465
3466
3467
3468
3469
3470
3471
3472
3473
3474
3475
3476
3477
3478
3479
3480
3481
3482
3483
3484
3485
3486
3487
3488
3489
3490
3491
3492
3493
3494
3495
3496
3497
3498
3499
3500
3501
3502
3503
3504
3505
3506
3507
3508
3509
3510
3511
3512
3513
3514
3515
3516
3517
3518
3519
3520
3521
3522
3523
3524
3525
3526
3527
3528
3529
3530
3531
3532
3533
3534
3535
3536
3537
3538
3539
3540
3541
3542
3543
3544
3545
3546
3547
3548
3549
3550
3551
3552
3553
3554
3555
3556
3557
3558
3559
3560
3561
3562
3563
3564
3565
3566
3567
3568
3569
3570
3571
3572
3573
3574
3575
3576
3577
3578
3579
3580
3581
3582
3583
3584
3585
3586
3587
3588
3589
3590
3591
3592
3593
3594
3595
3596
3597
3598
3599
3600
3601
3602
3603
3604
3605
3606
3607
3608
3609
3610
3611
3612
3613
3614
3615
3616
3617
3618
3619
3620
3621
3622
3623
3624
3625
3626
3627
3628
3629
3630
3631
3632
3633
3634
3635
3636
3637
3638
3639
3640
3641
3642
3643
3644
3645
3646
3647
3648
3649
3650
3651
3652
3653
3654
3655
3656
3657
3658
3659
3660
3661
3662
3663
3664
3665
3666
3667
3668
3669
3670
3671
3672
3673
3674
3675
3676
3677
3678
3679
3680
3681
3682
3683
3684
3685
3686
3687
3688
3689
3690
3691
3692
3693
3694
3695
3696
3697
3698
3699
3700
3701
3702
3703
3704
3705
3706
3707
3708
3709
3710
3711
3712
3713
3714
3715
3716
3717
3718
3719
3720
3721
3722
3723
3724
3725
3726
3727
3728
3729
3730
3731
3732
3733
3734
3735
3736
3737
3738
3739
3740
3741
3742
3743
3744
3745
3746
3747
3748
3749
3750
3751
3752
3753
3754
3755
3756
3757
3758
3759
3760
3761
3762
3763
3764
3765
3766
3767
3768
3769
3770
3771
3772
3773
3774
3775
3776
3777
3778
3779
3780
3781
3782
3783
3784
3785
3786
3787
3788
3789
3790
3791
3792
3793
3794
3795
3796
3797
3798
3799
3800
3801
3802
3803
3804
3805
3806
3807
3808
3809
3810
3811
3812
3813
3814
3815
3816
3817
3818
3819
3820
3821
3822
3823
3824
3825
3826
3827
3828
3829
3830
3831
3832
3833
3834
3835
3836
3837
3838
3839
3840
3841
3842
3843
3844
3845
3846
3847
3848
3849
3850
3851
3852
3853
3854
3855
3856
3857
3858
3859
3860
3861
3862
3863
3864
3865
3866
3867
3868
3869
3870
3871
3872
3873
3874
3875
3876
3877
3878
3879
3880
3881
3882
3883
3884
3885
3886
3887
3888
3889
3890
3891
3892
3893
3894
3895
3896
3897
3898
3899
3900
3901
3902
3903
3904
3905
3906
3907
3908
3909
3910
3911
3912
3913
3914
3915
3916
3917
3918
3919
3920
3921
3922
3923
3924
3925
3926
3927
3928
3929
3930
3931
3932
3933
3934
3935
3936
3937
3938
3939
3940
3941
3942
3943
3944
3945
3946
3947
3948
3949
3950
3951
3952
3953
3954
3955
3956
3957
3958
3959
3960
3961
3962
3963
3964
3965
3966
3967
3968
3969
3970
3971
3972
3973
3974
3975
3976
3977
3978
3979
3980
3981
3982
3983
3984
3985
3986
3987
3988
3989
3990
3991
3992
3993
3994
3995
3996
3997
3998
3999
4000
4001
4002
4003
4004
4005
4006
4007
4008
4009
4010
4011
4012
4013
4014
4015
4016
4017
4018
4019
4020
4021
4022
4023
4024
4025
4026
4027
4028
4029
4030
4031
4032
4033
4034
4035
4036
4037
4038
4039
4040
4041
4042
4043
4044
4045
4046
4047
4048
4049
4050
4051
4052
4053
4054
4055
4056
4057
4058
4059
4060
4061
4062
4063
4064
4065
4066
4067
4068
4069
4070
4071
4072
4073
4074
4075
4076
4077
4078
4079
4080
4081
4082
4083
4084
4085
4086
4087
4088
4089
4090
4091
4092
4093
4094
4095
4096
4097
4098
4099
4100
4101
4102
4103
4104
4105
4106
4107
4108
4109
4110
4111
4112
4113
4114
4115
4116
4117
4118
4119
4120
4121
4122
4123
4124
4125
4126
4127
4128
4129
4130
4131
4132
4133
4134
4135
4136
4137
4138
4139
4140
4141
4142
4143
4144
4145
4146
4147
4148
4149
4150
4151
4152
4153
4154
4155
4156
4157
4158
4159
4160
4161
4162
4163
4164
4165
4166
4167
4168
4169
4170
4171
4172
4173
4174
4175
4176
4177
4178
4179
4180
4181
4182
4183
4184
4185
4186
4187
4188
4189
4190
4191
4192
4193
4194
4195
4196
4197
4198
4199
4200
4201
4202
4203
4204
4205
4206
4207
4208
4209
4210
4211
4212
4213
4214
4215
4216
4217
4218
4219
4220
4221
4222
4223
4224
4225
4226
4227
4228
4229
4230
4231
4232
4233
4234
4235
4236
4237
4238
4239
4240
4241
4242
4243
4244
4245
4246
4247
4248
4249
4250
4251
4252
4253
4254
4255
4256
4257
4258
4259
4260
4261
4262
4263
4264
4265
4266
4267
4268
4269
4270
4271
4272
4273
4274
4275
4276
4277
4278
4279
4280
4281
4282
4283
4284
4285
4286
4287
4288
4289
4290
4291
4292
4293
4294
4295
4296
4297
4298
4299
4300
4301
4302
4303
4304
4305
4306
4307
4308
4309
4310
4311
4312
4313
4314
4315
4316
4317
4318
4319
4320
4321
4322
4323
4324
4325
4326
4327
4328
4329
4330
4331
4332
4333
4334
4335
4336
4337
4338
4339
4340
4341
4342
4343
4344
4345
4346
4347
4348
4349
4350
4351
4352
4353
4354
4355
4356
4357
4358
4359
4360
4361
4362
4363
4364
4365
4366
4367
4368
4369
4370
4371
4372
4373
4374
4375
4376
4377
4378
4379
4380
4381
4382
4383
4384
4385
4386
4387
4388
4389
4390
4391
4392
4393
4394
4395
4396
4397
4398
4399
4400
4401
4402
4403
4404
4405
4406
4407
4408
4409
4410
4411
4412
4413
4414
4415
4416
4417
4418
4419
4420
4421
4422
4423
4424
4425
4426
4427
4428
4429
4430
4431
4432
4433
4434
4435
4436
4437
4438
4439
4440
4441
4442
4443
4444
4445
4446
4447
4448
4449
4450
4451
4452
4453
4454
4455
4456
4457
4458
4459
4460
4461
4462
4463
4464
4465
4466
4467
4468
4469
4470
4471
4472
4473
4474
4475
4476
4477
4478
4479
4480
4481
4482
4483
4484
4485
4486
4487
4488
4489
4490
4491
4492
4493
4494
4495
4496
4497
4498
4499
4500
4501
4502
4503
4504
4505
4506
4507
4508
4509
4510
4511
4512
4513
4514
4515
4516
4517
4518
4519
4520
4521
4522
4523
4524
4525
4526
4527
4528
4529
4530
4531
4532
4533
4534
4535
4536
4537
4538
4539
4540
4541
4542
4543
4544
4545
4546
4547
4548
4549
4550
4551
4552
4553
4554
4555
4556
4557
4558
4559
4560
4561
4562
4563
4564
4565
4566
4567
4568
4569
4570
4571
4572
4573
4574
4575
4576
4577
4578
4579
4580
4581
4582
4583
4584
4585
4586
4587
4588
4589
4590
4591
4592
4593
4594
4595
4596
4597
4598
4599
4600
4601
4602
4603
4604
4605
4606
4607
4608
4609
4610
4611
4612
4613
4614
4615
4616
4617
4618
4619
4620
4621
4622
4623
4624
4625
4626
4627
4628
4629
4630
4631
4632
4633
4634
4635
4636
4637
4638
4639
4640
4641
4642
4643
4644
4645
4646
4647
4648
4649
4650
4651
4652
4653
4654
4655
4656
4657
4658
4659
4660
4661
4662
4663
4664
4665
4666
4667
4668
4669
4670
4671
4672
4673
4674
4675
4676
4677
4678
4679
4680
4681
4682
4683
4684
4685
4686
4687
4688
4689
4690
4691
4692
4693
4694
4695
4696
4697
4698
4699
4700
4701
4702
4703
4704
4705
4706
4707
4708
4709
4710
4711
4712
4713
4714
4715
4716
4717
4718
4719
4720
4721
4722
4723
4724
4725
4726
4727
4728
4729
4730
4731
4732
4733
4734
4735
4736
4737
4738
4739
4740
4741
4742
4743
4744
4745
4746
4747
4748
4749
4750
4751
4752
4753
4754
4755
4756
4757
4758
4759
4760
4761
4762
4763
4764
4765
4766
4767
4768
4769
4770
4771
4772
4773
4774
4775
4776
4777
4778
4779
4780
4781
4782
4783
4784
4785
4786
4787
4788
4789
4790
4791
4792
4793
4794
4795
4796
4797
4798
4799
4800
4801
4802
4803
4804
4805
4806
4807
4808
4809
4810
4811
4812
4813
4814
4815
4816
4817
4818
4819
4820
4821
4822
4823
4824
4825
4826
4827
4828
4829
4830
4831
4832
4833
4834
4835
4836
4837
4838
4839
4840
4841
4842
4843
4844
4845
4846
4847
4848
4849
4850
4851
4852
4853
4854
4855
4856
4857
4858
4859
4860
4861
4862
4863
4864
4865
4866
4867
4868
4869
4870
4871
4872
4873
4874
4875
4876
4877
4878
4879
4880
4881
4882
4883
4884
4885
4886
4887
4888
4889
4890
4891
4892
4893
4894
4895
4896
4897
4898
4899
4900
4901
4902
4903
4904
4905
4906
4907
4908
4909
4910
4911
4912
4913
4914
4915
4916
4917
4918
4919
4920
4921
4922
4923
4924
4925
4926
4927
4928
4929
4930
4931
4932
4933
4934
4935
4936
4937
4938
4939
4940
4941
4942
4943
4944
4945
4946
4947
4948
4949
4950
4951
4952
4953
4954
4955
4956
4957
4958
4959
4960
4961
4962
4963
4964
4965
4966
4967
4968
4969
4970
4971
4972
4973
4974
4975
4976
4977
4978
4979
4980
4981
4982
4983
4984
4985
4986
4987
4988
4989
4990
4991
4992
4993
4994
4995
4996
4997
4998
4999
5000
5001
5002
5003
5004
5005
5006
5007
5008
5009
5010
5011
5012
5013
5014
5015
5016
5017
5018
5019
5020
5021
5022
5023
5024
5025
5026
5027
5028
5029
5030
5031
5032
5033
5034
5035
5036
5037
5038
5039
5040
5041
5042
5043
5044
5045
5046
5047
5048
5049
5050
5051
5052
5053
5054
5055
5056
5057
5058
5059
5060
5061
5062
5063
5064
5065
5066
5067
5068
5069
5070
5071
5072
5073
5074
5075
5076
5077
5078
5079
5080
5081
5082
5083
5084
5085
5086
5087
5088
5089
5090
5091
5092
5093
5094
5095
5096
5097
5098
5099
5100
5101
5102
5103
5104
5105
5106
5107
5108
5109
5110
5111
5112
5113
5114
5115
5116
5117
5118
5119
5120
5121
5122
5123
5124
5125
5126
5127
5128
5129
5130
5131
5132
5133
5134
5135
5136
5137
5138
5139
5140
5141
5142
5143
5144
5145
5146
5147
5148
5149
5150
5151
5152
5153
5154
5155
5156
5157
5158
5159
5160
5161
5162
5163
5164
5165
5166
5167
5168
5169
5170
5171
5172
5173
5174
5175
5176
5177
5178
5179
5180
5181
5182
5183
5184
5185
5186
5187
5188
5189
5190
5191
5192
5193
5194
5195
5196
5197
5198
5199
5200
5201
5202
5203
5204
5205
5206
5207
5208
5209
5210
5211
5212
5213
5214
5215
5216
5217
5218
5219
5220
5221
5222
5223
5224
5225
5226
5227
5228
5229
5230
5231
5232
5233
5234
5235
5236
5237
5238
5239
5240
5241
5242
5243
5244
5245
5246
5247
5248
5249
5250
5251
5252
5253
5254
5255
5256
5257
5258
5259
5260
5261
5262
5263
5264
5265
5266
5267
5268
5269
5270
5271
5272
5273
5274
5275
5276
5277
5278
5279
5280
5281
5282
5283
5284
5285
5286
5287
5288
5289
5290
5291
5292
5293
5294
5295
5296
5297
5298
5299
5300
5301
5302
5303
5304
5305
5306
5307
5308
5309
5310
5311
5312
5313
5314
5315
5316
5317
5318
5319
5320
5321
5322
5323
5324
5325
5326
5327
5328
5329
5330
5331
5332
5333
5334
5335
5336
5337
5338
5339
5340
5341
5342
5343
5344
5345
5346
5347
5348
5349
5350
5351
5352
5353
5354
5355
5356
5357
5358
5359
5360
5361
5362
5363
5364
5365
5366
5367
5368
5369
5370
5371
5372
5373
5374
5375
5376
5377
5378
5379
5380
5381
5382
5383
5384
5385
5386
5387
5388
5389
5390
5391
5392
5393
5394
5395
5396
5397
5398
5399
5400
5401
5402
5403
5404
5405
5406
5407
5408
5409
5410
5411
5412
5413
5414
5415
5416
5417
5418
5419
5420
5421
5422
5423
5424
5425
5426
5427
5428
5429
5430
5431
5432
5433
5434
5435
5436
5437
5438
5439
5440
5441
5442
5443
5444
5445
5446
5447
5448
5449
5450
5451
5452
5453
5454
5455
5456
5457
5458
5459
5460
5461
5462
5463
5464
5465
5466
5467
5468
5469
5470
5471
5472
5473
5474
5475
5476
5477
5478
5479
5480
5481
5482
5483
5484
5485
5486
5487
5488
5489
5490
5491
5492
5493
5494
5495
5496
5497
5498
5499
5500
5501
5502
5503
5504
5505
5506
5507
5508
5509
5510
5511
5512
5513
5514
5515
5516
5517
5518
5519
5520
5521
5522
5523
5524
5525
5526
5527
5528
5529
5530
5531
5532
5533
5534
5535
5536
5537
5538
5539
5540
5541
5542
5543
5544
5545
5546
5547
5548
5549
5550
5551
5552
5553
5554
5555
5556
5557
5558
5559
5560
5561
5562
5563
5564
5565
5566
5567
5568
5569
5570
5571
5572
5573
5574
5575
5576
5577
5578
5579
5580
5581
5582
5583
5584
5585
5586
5587
5588
5589
5590
5591
5592
5593
5594
5595
5596
5597
5598
5599
5600
5601
5602
5603
5604
5605
5606
5607
5608
5609
5610
5611
5612
5613
5614
5615
5616
5617
5618
5619
5620
5621
5622
5623
5624
5625
5626
5627
5628
5629
5630
5631
5632
5633
5634
5635
5636
5637
5638
5639
5640
5641
5642
5643
5644
5645
5646
5647
5648
5649
5650
5651
5652
5653
5654
5655
5656
5657
5658
5659
5660
5661
5662
5663
5664
5665
5666
5667
5668
5669
5670
5671
5672
5673
5674
5675
5676
5677
0.3149584624996319 0.3149584625006652 0.370375
0.3150386249996319 0.3150386250006653 0.7407499999999999
0.3151187874996318 0.3151187875006655 1.111125
0.3151989499996317 0.3151989500006657 1.4815
0.3152791124996315 0.3152791125006658 1.851875
0.3153592749996315 0.315359275000666 2.22225
0.3154394374996314 0.3154394375006662 2.592625
0.3155195999996313 0.3155196000006663 2.963
0.3155997624996312 0.3155997625006665 3.333375
0.315679924999631 0.3156799250006667 3.703750000000001
0.315760087499631 0.3157600875006668 4.074125
0.315840249999631 0.315840250000667 4.444500000000001
0.3159204124996308 0.3159204125006672 4.814875
0.3160005749996307 0.3160005750006673 5.185250000000001
0.3160807374996306 0.3160807375006675 5.555625
0.3161608999996305 0.3161609000006677 5.925999999999999
0.3162410624996305 0.3162410625006679 6.296375000000001
0.3163212249996303 0.316321225000668 6.66675
0.3164013874996303 0.3164013875006682 7.037125
0.3164815499996302 0.3164815500006684 7.407500000000002
0.3165617124996301 0.3165617125006685 7.777875000000001
0.31664187499963 0.3166418750006687 8.148249999999999
0.3167220374996299 0.3167220375006689 8.518625000000002
0.3168021999996298 0.3168022000006691 8.889000000000001
0.3169625249996296 0.3169625250006693 9.629750000000003
0.3171228499996294 0.3171228500006698 10.3705
0.3172831749996292 0.31728317500067 11.11125
0.317443499999629 0.3174435000006704 11.852
0.3176038249996289 0.3176038250006707 12.59275
0.3177641499996287 0.317764150000671 13.3335
0.3179244749996285 0.3179244750006714 14.07425
0.3180847999996283 0.3180848000006717 14.815
0.3182451249996281 0.318245125000672 15.55575
0.3184054499996279 0.3184054500006724 16.2965
0.3185657749996277 0.3185657750006727 17.03725
0.3187260999996275 0.3187261000006731 17.778
0.3188864249996273 0.3188864250006734 18.51875
0.3190467499996272 0.3190467500006738 19.2595
0.319207074999627 0.3192070750006741 20.00025
0.3193673999996268 0.3193674000006745 20.741
0.3195277249996266 0.3195277250006748 21.48175
0.3196880499996264 0.3196880500006751 22.2225
0.3198483749996262 0.3198483750006755 22.96325
0.3200086999996261 0.3200087000006758 23.704
0.3201690249996259 0.3201690250006761 24.44475
0.3203293499996256 0.3203293500006765 25.1855
0.3204896749996255 0.3204896750006768 25.92625
0.3149584624998042 0.6299169250013416 0.370375
0.3150386249998041 0.6300772500013418 0.7407499999999999
0.3151187874998041 0.6302375750013421 1.111125
0.315198949999804 0.6303979000013425 1.4815
0.315279112499804 0.6305582250013428 1.851875
0.3153592749998039 0.6307185500013431 2.22225
0.3154394374998039 0.6308788750013435 2.592625
0.3155195999998038 0.6310392000013438 2.963
0.3155997624998038 0.6311995250013442 3.333375
0.3156799249998037 0.6313598500013445 3.703750000000001
0.3157600874998037 0.6315201750013448 4.074125
0.3158402499998037 0.6316805000013452 4.444500000000001
0.3159204124998036 0.6318408250013455 4.814875
0.3160005749998036 0.6320011500013458 5.185250000000001
0.3160807374998035 0.6321614750013462 5.555625
0.3161608999998035 0.6323218000013465 5.925999999999999
0.3162410624998034 0.6324821250013469 6.296375000000001
0.3163212249998034 0.6326424500013472 6.66675
0.3164013874998033 0.6328027750013476 7.037125
0.3164815499998033 0.6329631000013479 7.407500000000002
0.3165617124998032 0.6331234250013482 7.777875000000001
0.3166418749998032 0.6332837500013486 8.148249999999999
0.3167220374998032 0.633444075001349 8.518625000000002
0.3168021999998031 0.6336044000013493 8.889000000000001
0.3169625249998029 0.6339250500013499 9.629750000000003
0.3171228499998029 0.6342457000013507 10.3705
0.3172831749998027 0.6345663500013513 11.11125
0.3174434999998026 0.634887000001352 11.852
0.3176038249998026 0.6352076500013527 12.59275
0.3177641499998025 0.6355283000013534 13.3335
0.3179244749998024 0.6358489500013541 14.07425
0.3180847999998023 0.6361696000013548 14.815
0.3182451249998021 0.6364902500013554 15.55575
0.3184054499998021 0.6368109000013562 16.2965
0.3185657749998019 0.6371315500013568 17.03725
0.3187260999998018 0.6374522000013575 17.778
0.3188864249998017 0.6377728500013582 18.51875
0.3190467499998016 0.6380935000013589 19.2595
0.3192070749998016 0.6384141500013596 20.00025
0.3193673999998015 0.6387348000013603 20.741
0.3195277249998013 0.6390554500013609 21.48175
0.3196880499998013 0.6393761000013617 22.2225
0.3198483749998011 0.6396967500013623 22.96325
0.320008699999801 0.640017400001363 23.704
0.3201690249998009 0.6403380500013637 24.44475
0.3203293499998008 0.6406587000013644 25.1855
0.3204896749998007 0.6409793500013651 25.92625
0.3149584624999763 0.9448753875019866 0.370375
0.3150386249999763 0.9451158750019871 0.7407499999999999
0.3151187874999763 0.9453563625019877 1.111125
0.3151989499999763 0.9455968500019881 1.4815
0.3152791124999763 0.9458373375019886 1.851875
0.3153592749999763 0.9460778250019892 2.22225
0.3154394374999763 0.9463183125019897 2.592625
0.3155195999999763 0.9465588000019902 2.963
0.3155997624999763 0.9467992875019906 3.333375
0.3156799249999763 0.9470397750019911 3.703750000000001
0.3157600874999762 0.9472802625019917 4.074125
0.3158402499999763 0.9475207500019923 4.444500000000001
0.3159204124999763 0.9477612375019927 4.814875
0.3160005749999762 0.9480017250019932 5.185250000000001
0.3160807374999762 0.9482422125019937 5.555625
0.3161608999999762 0.9484827000019942 5.925999999999999
0.3162410624999762 0.9487231875019948 6.296375000000001
0.3163212249999762 0.9489636750019952 6.66675
0.3164013874999763 0.9492041625019958 7.037125
0.3164815499999762 0.9494446500019963 7.407500000000002
0.3165617124999762 0.9496851375019967 7.777875000000001
0.3166418749999762 0.9499256250019973 8.148249999999999
0.3167220374999762 0.9501661125019979 8.518625000000002
0.3168021999999762 0.9504066000019983 8.889000000000001
0.3169625249999761 0.9508875750019992 9.629750000000003
0.3171228499999762 0.9513685500020004 10.3705
0.3172831749999762 0.9518495250020013 11.11125
0.3174434999999761 0.9523305000020023 11.852
0.3176038249999761 0.9528114750020034 12.59275
0.3177641499999761 0.9532924500020044 13.3335
0.3179244749999761 0.9537734250020053 14.07425
0.3180847999999761 0.9542544000020063 14.815
0.318245124999976 0.9547353750020073 15.55575
0.3184054499999761 0.9552163500020084 16.2965
0.318565774999976 0.9556973250020093 17.03725
0.318726099999976 0.9561783000020104 17.778
0.318886424999976 0.9566592750020114 18.51875
0.319046749999976 0.9571402500020124 19.2595
0.319207074999976 0.9576212250020134 20.00025
0.319367399999976 0.9581022000020145 20.741
0.3195277249999759 0.9585831750020154 21.48175
0.319688049999976 0.9590641500020165 22.2225
0.3198483749999759 0.9595451250020174 22.96325
0.3200086999999759 0.9600261000020185 23.704
0.3201690249999759 0.9605070750020195 24.44475
0.3203293499999759 0.9609880500020205 25.1855
0.3204896749999759 0.9614690250020216 25.92625
0.3149584625001485 1.259833850002606 0.370375
0.3150386250001486 1.260154500002607 0.7407499999999999
0.3151187875001487 1.260475150002607 1.111125
0.3151989500001486 1.260795800002608 1.4815
0.3152791125001487 1.261116450002609 1.851875
0.3153592750001487 1.261437100002609 2.22225
0.3154394375001488 1.26175775000261 2.592625
0.3155196000001488 1.262078400002611 2.963
0.3155997625001488 1.262399050002611 3.333375
0.3156799250001489 1.262719700002612 3.703750000000001
0.3157600875001489 1.263040350002613 4.074125
0.315840250000149 1.263361000002613 4.444500000000001
0.315920412500149 1.263681650002614 4.814875
0.316000575000149 1.264002300002615 5.185250000000001
0.3160807375001491 1.264322950002615 5.555625
0.3161609000001491 1.264643600002616 5.925999999999999
0.3162410625001492 1.264964250002617 6.296375000000001
0.3163212250001492 1.265284900002617 6.66675
0.3164013875001492 1.265605550002618 7.037125
0.3164815500001493 1.265926200002619 7.407500000000002
0.3165617125001493 1.266246850002619 7.777875000000001
0.3166418750001493 1.26656750000262 8.148249999999999
0.3167220375001494 1.266888150002621 8.518625000000002
0.3168022000001494 1.267208800002621 8.889000000000001
0.3169625250001495 1.267850100002623 9.629750000000003
0.3171228500001496 1.268491400002624 10.3705
0.3172831750001496 1.269132700002625 11.11125
0.3174435000001497 1.269774000002627 11.852
0.3176038250001498 1.270415300002628 12.59275
0.3177641500001498 1.271056600002629 13.3335
0.3179244750001499 1.27169790000263 14.07425
0.31808480000015 1.272339200002632 14.815
0.3182451250001501 1.272980500002633 15.55575
0.3184054500001502 1.273621800002635 16.2965
0.3185657750001502 1.274263100002636 17.03725
0.3187261000001503 1.274904400002637 17.778
0.3188864250001504 1.275545700002638 18.51875
0.3190467500001505 1.27618700000264 19.2595
0.3192070750001506 1.276828300002641 20.00025
0.3193674000001506 1.277469600002643 20.741
0.3195277250001507 1.278110900002644 21.48175
0.3196880500001508 1.278752200002645 22.2225
0.3198483750001508 1.279393500002646 22.96325
0.3200087000001509 1.280034800002648 23.704
0.320169025000151 1.280676100002649 24.44475
0.3203293500001511 1.28131740000265 25.1855
0.3204896750001511 1.281958700002652 25.92625
0.3149584625003208 1.574792312501974 0.370375
0.3150386250003208 1.575193125001974 0.7407499999999999
0.315118787500321 1.575593937501975 1.111125
0.315198950000321 1.575994750001975 1.4815
0.3152791125003211 1.576395562501975 1.851875
0.3153592750003212 1.576796375001976 2.22225
0.3154394375003213 1.577197187501977 2.592625
0.3155196000003214 1.577598000001977 2.963
0.3155997625003214 1.577998812501977 3.333375
0.3156799250003214 1.578399625001978 3.703750000000001
0.3157600875003216 1.578800437501979 4.074125
0.3158402500003217 1.579201250001979 4.444500000000001
0.3159204125003217 1.57960206250198 4.814875
0.3160005750003218 1.58000287500198 5.185250000000001
0.3160807375003219 1.580403687501981 5.555625
0.316160900000322 1.580804500001981 5.925999999999999
0.3162410625003221 1.581205312501982 6.296375000000001
0.3163212250003221 1.581606125001982 6.66675
0.3164013875003223 1.582006937501983 7.037125
0.3164815500003223 1.582407750001983 7.407500000000002
0.3165617125003224 1.582808562501983 7.777875000000001
0.3166418750003225 1.583209375001984 8.148249999999999
0.3167220375003226 1.583610187501985 8.518625000000002
0.3168022000003227 1.584011000001985 8.889000000000001
0.3169625250003228 1.584812625001986 9.629750000000003
0.317122850000323 1.585614250001987 10.3705
0.3172831750003231 1.586415875001988 11.11125
0.3174435000003233 1.587217500001989 11.852
0.3176038250003235 1.58801912500199 12.59275
0.3177641500003236 1.588820750001991 13.3335
0.3179244750003238 1.589622375001992 14.07425
0.318084800000324 1.590424000001993 14.815
0.3182451250003241 1.591225625001994 15.55575
0.3184054500003243 1.592027250001995 16.2965
0.3185657750003244 1.592828875001996 17.03725
0.3187261000003246 1.593630500001997 17.778
0.3188864250003248 1.594432125001998 18.51875
0.3190467500003249 1.595233750001999 19.2595
0.3192070750003251 1.596035375002 20.00025
0.3193674000003253 1.596837000002001 20.741
0.3195277250003254 1.597638625002002 21.48175
0.3196880500003256 1.598440250002003 22.2225
0.3198483750003257 1.599241875002004 22.96325
0.3200087000003259 1.600043500002005 23.704
0.3201690250003261 1.600845125002006 24.44475
0.3203293500003263 1.601646750002007 25.1855
0.3204896750003264 1.602448375002008 25.92625
0.314958462500493 1.889750775001316 0.370375
0.3150386250004931 1.890231750001316 0.7407499999999999
0.3151187875004932 1.890712725001317 1.111125
0.3151989500004934 1.891193700001317 1.4815
0.3152791125004935 1.891674675001317 1.851875
0.3153592750004936 1.892155650001318 2.22225
0.3154394375004937 1.892636625001318 2.592625
0.3155196000004938 1.893117600001319 2.963
0.315599762500494 1.893598575001319 3.333375
0.3156799250004941 1.894079550001319 3.703750000000001
0.3157600875004942 1.894560525001319 4.074125
0.3158402500004944 1.89504150000132 4.444500000000001
0.3159204125004945 1.89552247500132 4.814875
0.3160005750004946 1.89600345000132 5.185250000000001
0.3160807375004948 1.896484425001321 5.555625
0.3161609000004948 1.896965400001321 5.925999999999999
0.316241062500495 1.897446375001322 6.296375000000001
0.3163212250004951 1.897927350001322 6.66675
0.3164013875004952 1.898408325001322 7.037125
0.3164815500004954 1.898889300001322 7.407500000000002
0.3165617125004955 1.899370275001323 7.777875000000001
0.3166418750004956 1.899851250001323 8.148249999999999
0.3167220375004958 1.900332225001324 8.518625000000002
0.3168022000004959 1.900813200001324 8.889000000000001
0.3169625250004961 1.901775150001324 9.629750000000003
0.3171228500004964 1.902737100001325 10.3705
0.3172831750004966 1.903699050001326 11.11125
0.3174435000004969 1.904661000001326 11.852
0.3176038250004971 1.905622950001327 12.59275
0.3177641500004973 1.906584900001328 13.3335
0.3179244750004976 1.907546850001329 14.07425
0.3180848000004979 1.908508800001329 14.815
0.3182451250004981 1.90947075000133 15.55575
0.3184054500004984 1.910432700001331 16.2965
0.3185657750004986 1.911394650001331 17.03725
0.3187261000004988 1.912356600001332 17.778
0.3188864250004991 1.913318550001333 18.51875
0.3190467500004994 1.914280500001333 19.2595
0.3192070750004996 1.915242450001334 20.00025
0.3193674000004999 1.916204400001335 20.741
0.3195277250005001 1.917166350001335 21.48175
0.3196880500005004 1.918128300001336 22.2225
0.3198483750005006 1.919090250001336 22.96325
0.3200087000005009 1.920052200001337 23.704
0.3201690250005011 1.921014150001338 24.44475
0.3203293500005014 1.921976100001338 25.1855
0.3204896750005016 1.922938050001339 25.92625
0.3149584625006652 2.204709237500663 0.370375
0.3150386250006653 2.205270375000663 0.7407499999999999
0.3151187875006655 2.205831512500663 1.111125
0.3151989500006657 2.206392650000663 1.4815
0.3152791125006658 2.206953787500663 1.851875
0.315359275000666 2.207514925000664 2.22225
0.3154394375006662 2.208076062500664 2.592625
0.3155196000006663 2.208637200000664 2.963
0.3155997625006665 2.209198337500664 3.333375
0.3156799250006667 2.209759475000664 3.703750000000001
0.3157600875006668 2.210320612500665 4.074125
0.315840250000667 2.210881750000665 4.444500000000001
0.3159204125006672 2.211442887500665 4.814875
0.3160005750006673 2.212004025000665 5.185250000000001
0.3160807375006675 2.212565162500665 5.555625
0.3161609000006677 2.213126300000665 5.925999999999999
0.3162410625006679 2.213687437500666 6.296375000000001
0.316321225000668 2.214248575000666 6.66675
0.3164013875006682 2.214809712500666 7.037125
0.3164815500006684 2.215370850000666 7.407500000000002
0.3165617125006685 2.215931987500666 7.777875000000001
0.3166418750006687 2.216493125000667 8.148249999999999
0.3167220375006689 2.217054262500667 8.518625000000002
0.3168022000006691 2.217615400000667 8.889000000000001
0.3169625250006693 2.218737675000667 9.629750000000003
0.3171228500006698 2.219859950000667 10.3705
0.31728317500067 2.220982225000668 11.11125
0.3174435000006704 2.222104500000668 11.852
0.3176038250006707 2.223226775000668 12.59275
0.317764150000671 2.224349050000669 13.3335
0.3179244750006714 2.225471325000669 14.07425
0.3180848000006717 2.226593600000669 14.815
0.318245125000672 2.22771587500067 15.55575
0.3184054500006724 2.22883815000067 16.2965
0.3185657750006727 2.22996042500067 17.03725
0.3187261000006731 2.231082700000671 17.778
0.3188864250006734 2.232204975000671 18.51875
0.3190467500006738 2.233327250000671 19.2595
0.3192070750006741 2.234449525000672 20.00025
0.3193674000006745 2.235571800000672 20.741
0.3195277250006748 2.236694075000672 21.48175
0.3196880500006751 2.237816350000673 22.2225
0.3198483750006755 2.238938625000673 22.96325
0.3200087000006758 2.240060900000673 23.704
0.3201690250006761 2.241183175000674 24.44475
0.3203293500006765 2.242305450000674 25.1855
0.3204896750006768 2.243427725000675 25.92625
0.6299169249989319 0.314958462500493 0.370375
0.6300772499989316 0.3150386250004931 0.7407499999999999
0.6302375749989314 0.3151187875004932 1.111125
0.630397899998931 0.3151989500004934 1.4815
0.6305582249989308 0.3152791125004935 1.851875
0.6307185499989305 0.3153592750004936 2.22225
0.6308788749989303 0.3154394375004937 2.592625
0.63103919999893 0.3155196000004938 2.963
0.6311995249989297 0.315599762500494 3.333375
0.6313598499989294 0.3156799250004941 3.703750000000001
0.6315201749989291 0.3157600875004942 4.074125
0.6316804999989289 0.3158402500004944 4.444500000000001
0.6318408249989286 0.3159204125004945 4.814875
0.6320011499989283 0.3160005750004946 5.185250000000001
0.6321614749989281 0.3160807375004948 5.555625
0.6323217999989278 0.3161609000004948 5.925999999999999
0.6324821249989275 0.316241062500495 6.296375000000001
0.6326424499989273 0.3163212250004951 6.66675
0.632802774998927 0.3164013875004952 7.037125
0.6329630999989267 0.3164815500004954 7.407500000000002
0.6331234249989264 0.3165617125004955 7.777875000000001
0.6332837499989261 0.3166418750004956 8.148249999999999
0.633444074998926 0.3167220375004958 8.518625000000002
0.6336043999989256 0.3168022000004959 8.889000000000001
0.6339250499989251 0.3169625250004961 9.629750000000003
0.6342456999989246 0.3171228500004964 10.3705
0.6345663499989239 0.3172831750004966 11.11125
0.6348869999989234 0.3174435000004969 11.852
0.6352076499989229 0.3176038250004971 12.59275
0.6355282999989224 0.3177641500004973 13.3335
0.6358489499989218 0.3179244750004976 14.07425
0.6361695999989213 0.3180848000004979 14.815
0.6364902499989207 0.3182451250004981 15.55575
0.6368108999989203 0.3184054500004984 16.2965
0.6371315499989196 0.3185657750004986 17.03725
0.6374521999989191 0.3187261000004988 17.778
0.6377728499989186 0.3188864250004991 18.51875
0.638093499998918 0.3190467500004994 19.2595
0.6384141499989174 0.3192070750004996 20.00025
0.6387347999989169 0.3193674000004999 20.741
0.6390554499989163 0.3195277250005001 21.48175
0.6393760999989159 0.3196880500005004 22.2225
0.6396967499989152 0.3198483750005006 22.96325
0.6400173999989147 0.3200087000005009 23.704
0.6403380499989142 0.3201690250005011 24.44475
0.6406586999989137 0.3203293500005014 25.1855
0.6409793499989132 0.3204896750005016 25.92625
0.6299169249993337 0.6299169250009399 0.370375
0.6300772499993335 0.6300772500009401 0.7407499999999999
0.6302375749993333 0.6302375750009404 1.111125
0.6303978999993332 0.6303979000009405 1.4815
0.6305582249993329 0.6305582250009408 1.851875
0.6307185499993329 0.6307185500009411 2.22225
0.6308788749993327 0.6308788750009414 2.592625
0.6310391999993324 0.6310392000009416 2.963
0.6311995249993323 0.6311995250009418 3.333375
0.631359849999332 0.631359850000942 3.703750000000001
0.631520174999332 0.6315201750009423 4.074125
0.6316804999993318 0.6316805000009426 4.444500000000001
0.6318408249993316 0.6318408250009427 4.814875
0.6320011499993314 0.6320011500009429 5.185250000000001
0.6321614749993313 0.6321614750009432 5.555625
0.632321799999331 0.6323218000009434 5.925999999999999
0.632482124999331 0.6324821250009437 6.296375000000001
0.6326424499993307 0.6326424500009439 6.66675
0.6328027749993306 0.6328027750009442 7.037125
0.6329630999993304 0.6329631000009445 7.407500000000002
0.6331234249993302 0.6331234250009447 7.777875000000001
0.6332837499993301 0.6332837500009449 8.148249999999999
0.63344407499933 0.6334440750009452 8.518625000000002
0.6336043999993297 0.6336044000009454 8.889000000000001
0.6339250499993293 0.6339250500009458 9.629750000000003
0.6342456999993291 0.6342457000009464 10.3705
0.6345663499993287 0.6345663500009467 11.11125
0.6348869999993284 0.6348870000009472 11.852
0.635207649999328 0.6352076500009478 12.59275
0.6355282999993277 0.6355283000009483 13.3335
0.6358489499993274 0.6358489500009488 14.07425
0.6361695999993271 0.6361696000009492 14.815
0.6364902499993267 0.6364902500009496 15.55575
0.6368108999993264 0.6368109000009502 16.2965
0.637131549999326 0.6371315500009506 17.03725
0.6374521999993257 0.637452200000951 17.778
0.6377728499993254 0.6377728500009516 18.51875
0.638093499999325 0.6380935000009521 19.2595
0.6384141499993247 0.6384141500009526 20.00025
0.6387347999993244 0.6387348000009531 20.741
0.639055449999324 0.6390554500009534 21.48175
0.6393760999993237 0.639376100000954 22.2225
0.6396967499993232 0.6396967500009544 22.96325
0.6400173999993229 0.640017400000955 23.704
0.6403380499993226 0.6403380500009554 24.44475
0.6406586999993222 0.6406587000009559 25.1855
0.6409793499993219 0.6409793500009564 25.92625
0.6299169249997351 0.9448753875013588 0.370375
0.6300772499997349 0.9451158750013591 0.7407499999999999
0.6302375749997349 0.9453563625013596 1.111125
0.6303978999997348 0.9455968500013598 1.4815
0.6305582249997347 0.9458373375013601 1.851875
0.6307185499997346 0.9460778250013605 2.22225
0.6308788749997346 0.946318312501361 2.592625
0.6310391999997346 0.9465588000013613 2.963
0.6311995249997344 0.9467992875013616 3.333375
0.6313598499997343 0.9470397750013618 3.703750000000001
0.6315201749997343 0.9472802625013622 4.074125
0.6316804999997343 0.9475207500013627 4.444500000000001
0.6318408249997342 0.947761237501363 4.814875
0.6320011499997341 0.9480017250013633 5.185250000000001
0.6321614749997341 0.9482422125013636 5.555625
0.6323217999997339 0.9484827000013639 5.925999999999999
0.6324821249997339 0.9487231875013644 6.296375000000001
0.6326424499997338 0.9489636750013647 6.66675
0.6328027749997338 0.9492041625013651 7.037125
0.6329630999997337 0.9494446500013654 7.407500000000002
0.6331234249997336 0.9496851375013656 7.777875000000001
0.6332837499997336 0.9499256250013661 8.148249999999999
0.6334440749997335 0.9501661125013665 8.518625000000002
0.6336043999997335 0.9504066000013668 8.889000000000001
0.6339250499997332 0.9508875750013673 9.629750000000003
0.6342456999997332 0.9513685500013682 10.3705
0.634566349999733 0.9518495250013688 11.11125
0.6348869999997329 0.9523305000013695 11.852
0.6352076499997328 0.9528114750013702 12.59275
0.6355282999997326 0.9532924500013709 13.3335
0.6358489499997325 0.9537734250013716 14.07425
0.6361695999997323 0.9542544000013723 14.815
0.6364902499997321 0.9547353750013728 15.55575
0.6368108999997322 0.9552163500013737 16.2965
0.6371315499997319 0.9556973250013743 17.03725
0.6374521999997318 0.956178300001375 17.778
0.6377728499997317 0.9566592750013757 18.51875
0.6380934999997315 0.9571402500013765 19.2595
0.6384141499997315 0.9576212250013771 20.00025
0.6387347999997313 0.9581022000013778 20.741
0.6390554499997311 0.9585831750013785 21.48175
0.639376099999731 0.9590641500013792 22.2225
0.6396967499997308 0.9595451250013799 22.96325
0.6400173999997307 0.9600261000013806 23.704
0.6403380499997305 0.9605070750013812 24.44475
0.6406586999997305 0.960988050001382 25.1855
0.6409793499997304 0.9614690250013826 25.92625
0.6299169250001366 1.259833850001761 0.370375
0.6300772500001366 1.260154500001761 0.7407499999999999
0.6302375750001367 1.260475150001762 1.111125
0.6303979000001367 1.260795800001762 1.4815
0.6305582250001367 1.261116450001762 1.851875
0.6307185500001368 1.261437100001763 2.22225
0.6308788750001368 1.261757750001764 2.592625
0.6310392000001368 1.262078400001764 2.963
0.6311995250001369 1.262399050001764 3.333375
0.6313598500001368 1.262719700001765 3.703750000000001
0.6315201750001369 1.263040350001765 4.074125
0.631680500000137 1.263361000001766 4.444500000000001
0.6318408250001371 1.263681650001766 4.814875
0.632001150000137 1.264002300001766 5.185250000000001
0.6321614750001371 1.264322950001767 5.555625
0.632321800000137 1.264643600001767 5.925999999999999
0.6324821250001371 1.264964250001768 6.296375000000001
0.6326424500001372 1.265284900001768 6.66675
0.6328027750001373 1.265605550001769 7.037125
0.6329631000001372 1.265926200001769 7.407500000000002
0.6331234250001372 1.26624685000177 7.777875000000001
0.6332837500001374 1.26656750000177 8.148249999999999
0.6334440750001374 1.266888150001771 8.518625000000002
0.6336044000001374 1.267208800001771 8.889000000000001
0.6339250500001374 1.267850100001772 9.629750000000003
0.6342457000001376 1.268491400001773 10.3705
0.6345663500001376 1.269132700001774 11.11125
0.6348870000001376 1.269774000001775 11.852
0.6352076500001377 1.270415300001775 12.59275
0.6355283000001378 1.271056600001776 13.3335
0.6358489500001379 1.271697900001777 14.07425
0.636169600000138 1.272339200001778 14.815
0.6364902500001379 1.272980500001779 15.55575
0.6368109000001381 1.27362180000178 16.2965
0.6371315500001381 1.274263100001781 17.03725
0.6374522000001382 1.274904400001782 17.778
0.6377728500001383 1.275545700001783 18.51875
0.6380935000001383 1.276187000001784 19.2595
0.6384141500001385 1.276828300001784 20.00025
0.6387348000001385 1.277469600001785 20.741
0.6390554500001385 1.278110900001786 21.48175
0.6393761000001387 1.278752200001787 22.2225
0.6396967500001387 1.279393500001788 22.96325
0.6400174000001387 1.280034800001789 23.704
0.6403380500001389 1.28067610000179 24.44475
0.6406587000001389 1.281317400001791 25.1855
0.6409793500001389 1.281958700001792 25.92625
0.6299169250005384 1.574792312501334 0.370375
0.6300772500005385 1.575193125001334 0.7407499999999999
0.6302375750005387 1.575593937501334 1.111125
0.6303979000005387 1.575994750001335 1.4815
0.6305582250005388 1.576395562501335 1.851875
0.630718550000539 1.576796375001335 2.22225
0.6308788750005393 1.577197187501336 2.592625
0.6310392000005394 1.577598000001336 2.963
0.6311995250005394 1.577998812501336 3.333375
0.6313598500005395 1.578399625001337 3.703750000000001
0.6315201750005397 1.578800437501337 4.074125
0.6316805000005399 1.579201250001337 4.444500000000001
0.6318408250005401 1.579602062501338 4.814875
0.6320011500005401 1.580002875001338 5.185250000000001
0.6321614750005403 1.580403687501339 5.555625
0.6323218000005404 1.580804500001339 5.925999999999999
0.6324821250005406 1.581205312501339 6.296375000000001
0.6326424500005406 1.581606125001339 6.66675
0.6328027750005408 1.58200693750134 7.037125
0.632963100000541 1.58240775000134 7.407500000000002
0.6331234250005411 1.58280856250134 7.777875000000001
0.6332837500005413 1.583209375001341 8.148249999999999
0.6334440750005415 1.583610187501341 8.518625000000002
0.6336044000005415 1.584011000001341 8.889000000000001
0.6339250500005418 1.584812625001342 9.629750000000003
0.6342457000005421 1.585614250001343 10.3705
0.6345663500005423 1.586415875001344 11.11125
0.6348870000005425 1.587217500001344 11.852
0.6352076500005429 1.588019125001345 12.59275
0.6355283000005432 1.588820750001346 13.3335
0.6358489500005434 1.589622375001346 14.07425
0.6361696000005437 1.590424000001347 14.815
0.6364902500005439 1.591225625001347 15.55575
0.6368109000005443 1.592027250001348 16.2965
0.6371315500005444 1.592828875001349 17.03725
0.6374522000005448 1.59363050000135 17.778
0.6377728500005451 1.59443212500135 18.51875
0.6380935000005453 1.595233750001351 19.2595
0.6384141500005457 1.596035375001352 20.00025
0.6387348000005459 1.596837000001352 20.741
0.6390554500005461 1.597638625001353 21.48175
0.6393761000005465 1.598440250001354 22.2225
0.6396967500005467 1.599241875001354 22.96325
0.640017400000547 1.600043500001355 23.704
0.6403380500005472 1.600845125001356 24.44475
0.6406587000005476 1.601646750001356 25.1855
0.6409793500005478 1.602448375001357 25.92625
0.6299169250009398 1.889750775000889 0.370375
0.6300772500009401 1.890231750000889 0.7407499999999999
0.6302375750009404 1.89071272500089 1.111125
0.6303979000009405 1.89119370000089 1.4815
0.6305582250009407 1.89167467500089 1.851875
0.630718550000941 1.89215565000089 2.22225
0.6308788750009413 1.892636625000891 2.592625
0.6310392000009415 1.893117600000891 2.963
0.6311995250009417 1.893598575000891 3.333375
0.6313598500009419 1.894079550000891 3.703750000000001
0.6315201750009422 1.894560525000891 4.074125
0.6316805000009424 1.895041500000892 4.444500000000001
0.6318408250009426 1.895522475000892 4.814875
0.6320011500009428 1.896003450000892 5.185250000000001
0.6321614750009431 1.896484425000892 5.555625
0.6323218000009434 1.896965400000892 5.925999999999999
0.6324821250009436 1.897446375000893 6.296375000000001
0.6326424500009439 1.897927350000893 6.66675
0.6328027750009442 1.898408325000893 7.037125
0.6329631000009444 1.898889300000894 7.407500000000002
0.6331234250009445 1.899370275000894 7.777875000000001
0.6332837500009448 1.899851250000894 8.148249999999999
0.6334440750009451 1.900332225000894 8.518625000000002
0.6336044000009453 1.900813200000894 8.889000000000001
0.6339250500009457 1.901775150000895 9.629750000000003
0.6342457000009463 1.902737100000895 10.3705
0.6345663500009467 1.903699050000896 11.11125
0.6348870000009472 1.904661000000896 11.852
0.6352076500009477 1.905622950000897 12.59275
0.6355283000009482 1.906584900000897 13.3335
0.6358489500009487 1.907546850000898 14.07425
0.6361696000009491 1.908508800000898 14.815
0.6364902500009495 1.909470750000898 15.55575
0.6368109000009501 1.910432700000899 16.2965
0.6371315500009506 1.911394650000899 17.03725
0.637452200000951 1.9123566000009 17.778
0.6377728500009515 1.9133185500009 18.51875
0.638093500000952 1.914280500000901 19.2595
0.6384141500009525 1.915242450000901 20.00025
0.638734800000953 1.916204400000902 20.741
0.6390554500009533 1.917166350000902 21.48175
0.6393761000009539 1.918128300000903 22.2225
0.6396967500009544 1.919090250000903 22.96325
0.6400174000009549 1.920052200000903 23.704
0.6403380500009553 1.921014150000904 24.44475
0.6406587000009558 1.921976100000904 25.1855
0.6409793500009563 1.922938050000905 25.92625
0.6299169250013416 2.204709237500453 0.370375
0.6300772500013418 2.205270375000453 0.7407499999999999
0.6302375750013421 2.205831512500454 1.111125
0.6303979000013425 2.206392650000454 1.4815
0.6305582250013428 2.206953787500453 1.851875
0.6307185500013431 2.207514925000454 2.22225
0.6308788750013435 2.208076062500454 2.592625
0.6310392000013438 2.208637200000454 2.963
0.6311995250013442 2.209198337500454 3.333375
0.6313598500013445 2.209759475000454 3.703750000000001
0.6315201750013448 2.210320612500454 4.074125
0.6316805000013452 2.210881750000454 4.444500000000001
0.6318408250013455 2.211442887500454 4.814875
0.6320011500013458 2.212004025000454 5.185250000000001
0.6321614750013462 2.212565162500455 5.555625
0.6323218000013465 2.213126300000455 5.925999999999999
0.6324821250013469 2.213687437500455 6.296375000000001
0.6326424500013472 2.214248575000455 6.66675
0.6328027750013476 2.214809712500455 7.037125
0.6329631000013479 2.215370850000455 7.407500000000002
0.6331234250013482 2.215931987500455 7.777875000000001
0.6332837500013486 2.216493125000456 8.148249999999999
0.633444075001349 2.217054262500456 8.518625000000002
0.6336044000013493 2.217615400000456 8.889000000000001
0.6339250500013499 2.218737675000456 9.629750000000003
0.6342457000013507 2.219859950000456 10.3705
0.6345663500013513 2.220982225000456 11.11125
0.634887000001352 2.222104500000456 11.852
0.6352076500013527 2.223226775000457 12.59275
0.6355283000013534 2.224349050000457 13.3335
0.6358489500013541 2.225471325000457 14.07425
0.6361696000013548 2.226593600000458 14.815
0.6364902500013554 2.227715875000458 15.55575
0.6368109000013562 2.228838150000458 16.2965
0.6371315500013568 2.229960425000458 17.03725
0.6374522000013575 2.231082700000458 17.778
0.6377728500013582 2.232204975000458 18.51875
0.6380935000013589 2.233327250000459 19.2595
0.6384141500013596 2.234449525000459 20.00025
0.6387348000013603 2.235571800000459 20.741
0.6390554500013609 2.23669407500046 21.48175
0.6393761000013617 2.23781635000046 22.2225
0.6396967500013623 2.23893862500046 22.96325
0.640017400001363 2.24006090000046 23.704
0.6403380500013637 2.241183175000461 24.44475
0.6406587000013644 2.242305450000461 25.1855
0.6409793500013651 2.243427725000461 25.92625
0.94487538749822 0.3149584625003208 0.370375
0.9451158749982195 0.3150386250003208 0.7407499999999999
0.9453563624982191 0.315118787500321 1.111125
0.9455968499982186 0.315198950000321 1.4815
0.9458373374982181 0.3152791125003211 1.851875
0.9460778249982177 0.3153592750003212 2.22225
0.9463183124982173 0.3154394375003213 2.592625
0.9465587999982168 0.3155196000003214 2.963
0.9467992874982163 0.3155997625003214 3.333375
0.9470397749982158 0.3156799250003214 3.703750000000001
0.9472802624982154 0.3157600875003216 4.074125
0.947520749998215 0.3158402500003217 4.444500000000001
0.9477612374982145 0.3159204125003217 4.814875
0.948001724998214 0.3160005750003218 5.185250000000001
0.9482422124982136 0.3160807375003219 5.555625
0.9484826999982131 0.316160900000322 5.925999999999999
0.9487231874982127 0.3162410625003221 6.296375000000001
0.9489636749982122 0.3163212250003221 6.66675
0.9492041624982118 0.3164013875003223 7.037125
0.9494446499982113 0.3164815500003223 7.407500000000002
0.9496851374982108 0.3165617125003224 7.777875000000001
0.9499256249982104 0.3166418750003225 8.148249999999999
0.95016611249821 0.3167220375003226 8.518625000000002
0.9504065999982095 0.3168022000003227 8.889000000000001
0.9508875749982085 0.3169625250003228 9.629750000000003
0.9513685499982077 0.317122850000323 10.3705
0.9518495249982067 0.3172831750003231 11.11125
0.9523304999982058 0.3174435000003233 11.852
0.952811474998205 0.3176038250003235 12.59275
0.9532924499982041 0.3177641500003236 13.3335
0.9537734249982032 0.3179244750003238 14.07425
0.9542543999982023 0.318084800000324 14.815
0.9547353749982013 0.3182451250003241 15.55575
0.9552163499982005 0.3184054500003243 16.2965
0.9556973249981995 0.3185657750003244 17.03725
0.9561782999981986 0.3187261000003246 17.778
0.9566592749981977 0.3188864250003248 18.51875
0.9571402499981968 0.3190467500003249 19.2595
0.9576212249981959 0.3192070750003251 20.00025
0.958102199998195 0.3193674000003253 20.741
0.958583174998194 0.3195277250003254 21.48175
0.9590641499981933 0.3196880500003256 22.2225
0.9595451249981922 0.3198483750003257 22.96325
0.9600260999981913 0.3200087000003259 23.704
0.9605070749981904 0.3201690250003261 24.44475
0.9609880499981897 0.3203293500003263 25.1855
0.9614690249981888 0.3204896750003264 25.92625
0.9448753874988478 0.6299169250005382 0.370375
0.9451158749988475 0.6300772500005383 0.7407499999999999
0.9453563624988472 0.6302375750005385 1.111125
0.9455968499988469 0.6303979000005386 1.4815
0.9458373374988466 0.6305582250005387 1.851875
0.9460778249988463 0.6307185500005389 2.22225
0.9463183124988461 0.6308788750005391 2.592625
0.9465587999988457 0.6310392000005391 2.963
0.9467992874988455 0.6311995250005392 3.333375
0.9470397749988451 0.6313598500005394 3.703750000000001
0.9472802624988449 0.6315201750005396 4.074125
0.9475207499988446 0.6316805000005398 4.444500000000001
0.9477612374988443 0.6318408250005398 4.814875
0.9480017249988439 0.6320011500005399 5.185250000000001
0.9482422124988437 0.6321614750005401 5.555625
0.9484826999988434 0.6323218000005402 5.925999999999999
0.9487231874988431 0.6324821250005404 6.296375000000001
0.9489636749988428 0.6326424500005405 6.66675
0.9492041624988425 0.6328027750005407 7.037125
0.9494446499988423 0.6329631000005408 7.407500000000002
0.9496851374988419 0.6331234250005409 7.777875000000001
0.9499256249988417 0.633283750000541 8.148249999999999
0.9501661124988414 0.6334440750005412 8.518625000000002
0.950406599998841 0.6336044000005414 8.889000000000001
0.9508875749988404 0.6339250500005416 9.629750000000003
0.9513685499988399 0.6342457000005419 10.3705
0.9518495249988392 0.6345663500005422 11.11125
0.9523304999988387 0.6348870000005424 11.852
0.9528114749988381 0.6352076500005427 12.59275
0.9532924499988376 0.6355283000005429 13.3335
0.953773424998837 0.6358489500005433 14.07425
0.9542543999988364 0.6361696000005436 14.815
0.9547353749988357 0.6364902500005437 15.55575
0.9552163499988352 0.6368109000005441 16.2965
0.9556973249988345 0.6371315500005443 17.03725
0.956178299998834 0.6374522000005446 17.778
0.9566592749988334 0.6377728500005448 18.51875
0.9571402499988328 0.6380935000005452 19.2595
0.9576212249988323 0.6384141500005455 20.00025
0.9581021999988317 0.6387348000005457 20.741
0.9585831749988309 0.639055450000546 21.48175
0.9590641499988306 0.6393761000005463 22.2225
0.9595451249988298 0.6396967500005465 22.96325
0.9600260999988293 0.6400174000005467 23.704
0.9605070749988287 0.6403380500005471 24.44475
0.9609880499988281 0.6406587000005474 25.1855
0.9614690249988276 0.6409793500005476 25.92625
0.9448753874994753 0.944875387500731 0.370375
0.9451158749994751 0.9451158750007311 0.7407499999999999
0.9453563624994751 0.9453563625007314 1.111125
0.9455968499994749 0.9455968500007316 1.4815
0.9458373374994747 0.9458373375007316 1.851875
0.9460778249994747 0.9460778250007319 2.22225
0.9463183124994746 0.9463183125007322 2.592625
0.9465587999994743 0.9465588000007323 2.963
0.9467992874994742 0.9467992875007324 3.333375
0.947039774999474 0.9470397750007326 3.703750000000001
0.9472802624994739 0.9472802625007328 4.074125
0.9475207499994739 0.9475207500007331 4.444500000000001
0.9477612374994737 0.9477612375007332 4.814875
0.9480017249994734 0.9480017250007333 5.185250000000001
0.9482422124994734 0.9482422125007336 5.555625
0.9484826999994732 0.9484827000007338 5.925999999999999
0.9487231874994732 0.948723187500734 6.296375000000001
0.948963674999473 0.9489636750007341 6.66675
0.9492041624994729 0.9492041625007344 7.037125
0.9494446499994728 0.9494446500007345 7.407500000000002
0.9496851374994726 0.9496851375007346 7.777875000000001
0.9499256249994725 0.9499256250007349 8.148249999999999
0.9501661124994725 0.9501661125007351 8.518625000000002
0.9504065999994722 0.9504066000007353 8.889000000000001
0.9508875749994719 0.9508875750007355 9.629750000000003
0.9513685499994717 0.9513685500007361 10.3705
0.9518495249994714 0.9518495250007363 11.11125
0.9523304999994711 0.9523305000007367 11.852
0.9528114749994708 0.952811475000737 12.59275
0.9532924499994706 0.9532924500007375 13.3335
0.9537734249994704 0.9537734250007378 14.07425
0.9542543999994701 0.9542544000007382 14.815
0.9547353749994697 0.9547353750007385 15.55575
0.9552163499994696 0.955216350000739 16.2965
0.9556973249994692 0.9556973250007392 17.03725
0.956178299999469 0.9561783000007397 17.778
0.9566592749994687 0.9566592750007401 18.51875
0.9571402499994685 0.9571402500007404 19.2595
0.9576212249994682 0.9576212250007409 20.00025
0.958102199999468 0.9581022000007412 20.741
0.9585831749994675 0.9585831750007415 21.48175
0.9590641499994674 0.959064150000742 22.2225
0.9595451249994671 0.9595451250007423 22.96325
0.9600260999994669 0.9600261000007426 23.704
0.9605070749994666 0.9605070750007431 24.44475
0.9609880499994663 0.9609880500007434 25.1855
0.9614690249994661 0.9614690250007438 25.92625
0.9448753875001034 1.259833850000915 0.370375
0.9451158750001033 1.260154500000915 0.7407499999999999
0.9453563625001034 1.260475150000916 1.111125
0.9455968500001034 1.260795800000916 1.4815
0.9458373375001033 1.261116450000916 1.851875
0.9460778250001034 1.261437100000916 2.22225
0.9463183125001036 1.261757750000917 2.592625
0.9465588000001035 1.262078400000917 2.963
0.9467992875001034 1.262399050000917 3.333375
0.9470397750001035 1.262719700000917 3.703750000000001
0.9472802625001036 1.263040350000918 4.074125
0.9475207500001036 1.263361000000918 4.444500000000001
0.9477612375001037 1.263681650000918 4.814875
0.9480017250001036 1.264002300000918 5.185250000000001
0.9482422125001037 1.264322950000919 5.555625
0.9484827000001037 1.264643600000919 5.925999999999999
0.9487231875001038 1.264964250000919 6.296375000000001
0.9489636750001037 1.265284900000919 6.66675
0.9492041625001039 1.265605550000919 7.037125
0.9494446500001038 1.265926200000919 7.407500000000002
0.9496851375001037 1.26624685000092 7.777875000000001
0.9499256250001039 1.26656750000092 8.148249999999999
0.950166112500104 1.26688815000092 8.518625000000002
0.9504066000001039 1.267208800000921 8.889000000000001
0.9508875750001039 1.267850100000921 9.629750000000003
0.9513685500001041 1.268491400000922 10.3705
0.951849525000104 1.269132700000922 11.11125
0.9523305000001041 1.269774000000922 11.852
0.9528114750001041 1.270415300000923 12.59275
0.9532924500001042 1.271056600000923 13.3335
0.9537734250001043 1.271697900000924 14.07425
0.9542544000001043 1.272339200000924 14.815
0.9547353750001043 1.272980500000925 15.55575
0.9552163500001045 1.273621800000925 16.2965
0.9556973250001044 1.274263100000926 17.03725
0.9561783000001045 1.274904400000926 17.778
0.9566592750001046 1.275545700000926 18.51875
0.9571402500001046 1.276187000000927 19.2595
0.9576212250001047 1.276828300000928 20.00025
0.9581022000001048 1.277469600000928 20.741
0.9585831750001047 1.278110900000928 21.48175
0.9590641500001049 1.278752200000929 22.2225
0.9595451250001048 1.279393500000929 22.96325
0.9600261000001049 1.28003480000093 23.704
0.960507075000105 1.28067610000093 24.44475
0.960988050000105 1.281317400000931 25.1855
0.9614690250001051 1.281958700000931 25.92625
0.944875387500731 1.574792312500693 0.370375
0.9451158750007311 1.575193125000693 0.7407499999999999
0.9453563625007314 1.575593937500694 1.111125
0.9455968500007316 1.575994750000694 1.4815
0.9458373375007316 1.576395562500694 1.851875
0.9460778250007319 1.576796375000694 2.22225
0.9463183125007322 1.577197187500694 2.592625
0.9465588000007323 1.577598000000694 2.963
0.9467992875007324 1.577998812500695 3.333375
0.9470397750007326 1.578399625000694 3.703750000000001
0.9472802625007328 1.578800437500695 4.074125
0.9475207500007331 1.579201250000695 4.444500000000001
0.9477612375007332 1.579602062500695 4.814875
0.9480017250007333 1.580002875000695 5.185250000000001
0.9482422125007336 1.580403687500695 5.555625
0.9484827000007338 1.580804500000696 5.925999999999999
0.948723187500734 1.581205312500696 6.296375000000001
0.9489636750007341 1.581606125000696 6.66675
0.9492041625007344 1.582006937500696 7.037125
0.9494446500007345 1.582407750000696 7.407500000000002
0.9496851375007346 1.582808562500696 7.777875000000001
0.9499256250007349 1.583209375000697 8.148249999999999
0.9501661125007351 1.583610187500697 8.518625000000002
0.9504066000007353 1.584011000000697 8.889000000000001
0.9508875750007355 1.584812625000697 9.629750000000003
0.9513685500007361 1.585614250000698 10.3705
0.9518495250007363 1.586415875000698 11.11125
0.9523305000007367 1.587217500000699 11.852
0.952811475000737 1.588019125000699 12.59275
0.9532924500007375 1.588820750000699 13.3335
0.9537734250007378 1.5896223750007 14.07425
0.9542544000007382 1.5904240000007 14.815
0.9547353750007385 1.5912256250007 15.55575
0.955216350000739 1.592027250000701 16.2965
0.9556973250007392 1.592828875000701 17.03725
0.9561783000007397 1.593630500000701 17.778
0.9566592750007401 1.594432125000702 18.51875
0.9571402500007404 1.595233750000702 19.2595
0.9576212250007409 1.596035375000702 20.00025
0.9581022000007412 1.596837000000703 20.741
0.9585831750007415 1.597638625000703 21.48175
0.959064150000742 1.598440250000704 22.2225
0.9595451250007423 1.599241875000704 22.96325
0.9600261000007426 1.600043500000704 23.704
0.9605070750007431 1.600845125000705 24.44475
0.9609880500007434 1.601646750000705 25.1855
0.9614690250007438 1.602448375000705 25.92625
0.9448753875013587 1.889750775000462 0.370375
0.945115875001359 1.890231750000462 0.7407499999999999
0.9453563625013593 1.890712725000462 1.111125
0.9455968500013596 1.891193700000462 1.4815
0.9458373375013599 1.891674675000462 1.851875
0.9460778250013604 1.892155650000462 2.22225
0.9463183125013608 1.892636625000463 2.592625
0.9465588000013611 1.893117600000463 2.963
0.9467992875013613 1.893598575000463 3.333375
0.9470397750013616 1.894079550000463 3.703750000000001
0.9472802625013621 1.894560525000463 4.074125
0.9475207500013625 1.895041500000463 4.444500000000001
0.9477612375013628 1.895522475000463 4.814875
0.948001725001363 1.896003450000463 5.185250000000001
0.9482422125013635 1.896484425000464 5.555625
0.9484827000013638 1.896965400000464 5.925999999999999
0.9487231875013642 1.897446375000464 6.296375000000001
0.9489636750013645 1.897927350000464 6.66675
0.9492041625013649 1.898408325000464 7.037125
0.9494446500013652 1.898889300000464 7.407500000000002
0.9496851375013655 1.899370275000464 7.777875000000001
0.9499256250013659 1.899851250000464 8.148249999999999
0.9501661125013663 1.900332225000465 8.518625000000002
0.9504066000013666 1.900813200000465 8.889000000000001
0.9508875750013672 1.901775150000465 9.629750000000003
0.951368550001368 1.902737100000465 10.3705
0.9518495250013687 1.903699050000465 11.11125
0.9523305000013693 1.904661000000465 11.852
0.95281147500137 1.905622950000466 12.59275
0.9532924500013708 1.906584900000466 13.3335
0.9537734250013714 1.907546850000466 14.07425
0.9542544000013722 1.908508800000466 14.815
0.9547353750013727 1.909470750000466 15.55575
0.9552163500013736 1.910432700000467 16.2965
0.9556973250013742 1.911394650000467 17.03725
0.9561783000013748 1.912356600000467 17.778
0.9566592750013756 1.913318550000468 18.51875
0.9571402500013763 1.914280500000468 19.2595
0.9576212250013769 1.915242450000468 20.00025
0.9581022000013777 1.916204400000468 20.741
0.9585831750013782 1.917166350000468 21.48175
0.9590641500013791 1.918128300000469 22.2225
0.9595451250013797 1.919090250000469 22.96325
0.9600261000013803 1.920052200000469 23.704
0.9605070750013811 1.921014150000469 24.44475
0.9609880500013818 1.92197610000047 25.1855
0.9614690250013825 1.92293805000047 25.92625
0.9448753875019866 2.204709237500244 0.370375
0.9451158750019871 2.205270375000244 0.7407499999999999
0.9453563625019877 2.205831512500244 1.111125
0.9455968500019881 2.206392650000244 1.4815
0.9458373375019886 2.206953787500244 1.851875
0.9460778250019892 2.207514925000244 2.22225
0.9463183125019897 2.208076062500245 2.592625
0.9465588000019902 2.208637200000244 2.963
0.9467992875019906 2.209198337500244 3.333375
0.9470397750019911 2.209759475000244 3.703750000000001
0.9472802625019917 2.210320612500245 4.074125
0.9475207500019923 2.210881750000245 4.444500000000001
0.9477612375019927 2.211442887500245 4.814875
0.9480017250019932 2.212004025000245 5.185250000000001
0.9482422125019937 2.212565162500245 5.555625
0.9484827000019942 2.213126300000245 5.925999999999999
0.9487231875019948 2.213687437500245 6.296375000000001
0.9489636750019952 2.214248575000245 6.66675
0.9492041625019958 2.214809712500245 7.037125
0.9494446500019963 2.215370850000245 7.407500000000002
0.9496851375019967 2.215931987500245 7.777875000000001
0.9499256250019973 2.216493125000245 8.148249999999999
0.9501661125019979 2.217054262500246 8.518625000000002
0.9504066000019983 2.217615400000245 8.889000000000001
0.9508875750019992 2.218737675000245 9.629750000000003
0.9513685500020004 2.219859950000246 10.3705
0.9518495250020013 2.220982225000246 11.11125
0.9523305000020023 2.222104500000246 11.852
0.9528114750020034 2.223226775000246 12.59275
0.9532924500020044 2.224349050000246 13.3335
0.9537734250020053 2.225471325000246 14.07425
0.9542544000020063 2.226593600000247 14.815
0.9547353750020073 2.227715875000246 15.55575
0.9552163500020084 2.228838150000247 16.2965
0.9556973250020093 2.229960425000247 17.03725
0.9561783000020104 2.231082700000247 17.778
0.9566592750020114 2.232204975000247 18.51875
0.9571402500020124 2.233327250000247 19.2595
0.9576212250020134 2.234449525000247 20.00025
0.9581022000020145 2.235571800000248 20.741
0.9585831750020154 2.236694075000247 21.48175
0.9590641500020165 2.237816350000248 22.2225
0.9595451250020174 2.238938625000248 22.96325
0.9600261000020185 2.240060900000248 23.704
0.9605070750020195 2.241183175000248 24.44475
0.9609880500020205 2.242305450000248 25.1855
0.9614690250020216 2.243427725000248 25.92625
1.259833849997533 0.3149584625001485 0.370375
1.260154499997533 0.3150386250001486 0.7407499999999999
1.260475149997532 0.3151187875001487 1.111125
1.260795799997531 0.3151989500001486 1.4815
1.261116449997531 0.3152791125001487 1.851875
1.26143709999753 0.3153592750001487 2.22225
1.26175774999753 0.3154394375001488 2.592625
1.262078399997529 0.3155196000001488 2.963
1.262399049997528 0.3155997625001488 3.333375
1.262719699997527 0.3156799250001489 3.703750000000001
1.263040349997527 0.3157600875001489 4.074125
1.263360999997526 0.315840250000149 4.444500000000001
1.263681649997526 0.315920412500149 4.814875
1.264002299997525 0.316000575000149 5.185250000000001
1.264322949997525 0.3160807375001491 5.555625
1.264643599997524 0.3161609000001491 5.925999999999999
1.264964249997523 0.3162410625001492 6.296375000000001
1.265284899997523 0.3163212250001492 6.66675
1.265605549997522 0.3164013875001492 7.037125
1.265926199997521 0.3164815500001493 7.407500000000002
1.266246849997521 0.3165617125001493 7.777875000000001
1.26656749999752 0.3166418750001493 8.148249999999999
1.26688814999752 0.3167220375001494 8.518625000000002
1.267208799997519 0.3168022000001494 8.889000000000001
1.267850099997518 0.3169625250001495 9.629750000000003
1.268491399997516 0.3171228500001496 10.3705
1.269132699997515 0.3172831750001496 11.11125
1.269773999997514 0.3174435000001497 11.852
1.270415299997512 0.3176038250001498 12.59275
1.271056599997511 0.3177641500001498 13.3335
1.27169789999751 0.3179244750001499 14.07425
1.272339199997509 0.31808480000015 14.815
1.272980499997507 0.3182451250001501 15.55575
1.273621799997506 0.3184054500001502 16.2965
1.274263099997505 0.3185657750001502 17.03725
1.274904399997504 0.3187261000001503 17.778
1.275545699997503 0.3188864250001504 18.51875
1.276186999997501 0.3190467500001505 19.2595
1.2768282999975 0.3192070750001506 20.00025
1.277469599997499 0.3193674000001506 20.741
1.278110899997497 0.3195277250001507 21.48175
1.278752199997496 0.3196880500001508 22.2225
1.279393499997495 0.3198483750001508 22.96325
1.280034799997494 0.3200087000001509 23.704
1.280676099997492 0.320169025000151 24.44475
1.281317399997491 0.3203293500001511 25.1855
1.28195869999749 0.3204896750001511 25.92625
1.259833849998379 0.6299169250001366 0.370375
1.260154499998378 0.6300772500001366 0.7407499999999999
1.260475149998378 0.6302375750001367 1.111125
1.260795799998377 0.6303979000001367 1.4815
1.261116449998377 0.6305582250001367 1.851875
1.261437099998377 0.6307185500001368 2.22225
1.261757749998376 0.6308788750001368 2.592625
1.262078399998376 0.6310392000001368 2.963
1.262399049998375 0.6311995250001369 3.333375
1.262719699998375 0.6313598500001368 3.703750000000001
1.263040349998374 0.6315201750001369 4.074125
1.263360999998374 0.631680500000137 4.444500000000001
1.263681649998374 0.6318408250001371 4.814875
1.264002299998373 0.632001150000137 5.185250000000001
1.264322949998373 0.6321614750001371 5.555625
1.264643599998373 0.632321800000137 5.925999999999999
1.264964249998372 0.6324821250001371 6.296375000000001
1.265284899998372 0.6326424500001372 6.66675
1.265605549998371 0.6328027750001373 7.037125
1.265926199998371 0.6329631000001372 7.407500000000002
1.26624684999837 0.6331234250001372 7.777875000000001
1.26656749999837 0.6332837500001374 8.148249999999999
1.26688814999837 0.6334440750001374 8.518625000000002
1.267208799998369 0.6336044000001374 8.889000000000001
1.267850099998368 0.6339250500001374 9.629750000000003
1.268491399998368 0.6342457000001376 10.3705
1.269132699998367 0.6345663500001376 11.11125
1.269773999998366 0.6348870000001376 11.852
1.270415299998365 0.6352076500001377 12.59275
1.271056599998364 0.6355283000001378 13.3335
1.271697899998363 0.6358489500001379 14.07425
1.272339199998363 0.636169600000138 14.815
1.272980499998362 0.6364902500001379 15.55575
1.273621799998361 0.6368109000001381 16.2965
1.27426309999836 0.6371315500001381 17.03725
1.274904399998359 0.6374522000001382 17.778
1.275545699998358 0.6377728500001383 18.51875
1.276186999998357 0.6380935000001383 19.2595
1.276828299998357 0.6384141500001385 20.00025
1.277469599998356 0.6387348000001385 20.741
1.278110899998355 0.6390554500001385 21.48175
1.278752199998354 0.6393761000001387 22.2225
1.279393499998353 0.6396967500001387 22.96325
1.280034799998353 0.6400174000001387 23.704
1.280676099998352 0.6403380500001389 24.44475
1.281317399998351 0.6406587000001389 25.1855
1.28195869999835 0.6409793500001389 25.92625
1.259833849999224 0.9448753875001034 0.370375
1.260154499999224 0.9451158750001033 0.7407499999999999
1.260475149999224 0.9453563625001034 1.111125
1.260795799999224 0.9455968500001034 1.4815
1.261116449999223 0.9458373375001033 1.851875
1.261437099999223 0.9460778250001034 2.22225
1.261757749999223 0.9463183125001036 2.592625
1.262078399999223 0.9465588000001035 2.963
1.262399049999223 0.9467992875001034 3.333375
1.262719699999222 0.9470397750001035 3.703750000000001
1.263040349999222 0.9472802625001036 4.074125
1.263360999999222 0.9475207500001036 4.444500000000001
1.263681649999222 0.9477612375001037 4.814875
1.264002299999222 0.9480017250001036 5.185250000000001
1.264322949999221 0.9482422125001037 5.555625
1.264643599999221 0.9484827000001037 5.925999999999999
1.264964249999221 0.9487231875001038 6.296375000000001
1.265284899999221 0.9489636750001037 6.66675
1.265605549999221 0.9492041625001039 7.037125
1.26592619999922 0.9494446500001038 7.407500000000002
1.26624684999922 0.9496851375001037 7.777875000000001
1.26656749999922 0.9499256250001039 8.148249999999999
1.26688814999922 0.950166112500104 8.518625000000002
1.26720879999922 0.9504066000001039 8.889000000000001
1.267850099999219 0.9508875750001039 9.629750000000003
1.268491399999219 0.9513685500001041 10.3705
1.269132699999218 0.951849525000104 11.11125
1.269773999999218 0.9523305000001041 11.852
1.270415299999218 0.9528114750001041 12.59275
1.271056599999217 0.9532924500001042 13.3335
1.271697899999217 0.9537734250001043 14.07425
1.272339199999216 0.9542544000001043 14.815
1.272980499999216 0.9547353750001043 15.55575
1.273621799999216 0.9552163500001045 16.2965
1.274263099999215 0.9556973250001044 17.03725
1.274904399999215 0.9561783000001045 17.778
1.275545699999215 0.9566592750001046 18.51875
1.276186999999214 0.9571402500001046 19.2595
1.276828299999214 0.9576212250001047 20.00025
1.277469599999213 0.9581022000001048 20.741
1.278110899999213 0.9585831750001047 21.48175
1.278752199999213 0.9590641500001049 22.2225
1.279393499999212 0.9595451250001048 22.96325
1.280034799999212 0.9600261000001049 23.704
1.280676099999211 0.960507075000105 24.44475
1.281317399999211 0.960988050000105 25.1855
1.281958699999211 0.9614690250001051 25.92625
1.25983385000007 1.25983385000007 0.370375
1.26015450000007 1.26015450000007 0.7407499999999999
1.26047515000007 1.26047515000007 1.111125
1.26079580000007 1.26079580000007 1.4815
1.26111645000007 1.26111645000007 1.851875
1.26143710000007 1.26143710000007 2.22225
1.26175775000007 1.26175775000007 2.592625
1.26207840000007 1.26207840000007 2.963
1.26239905000007 1.26239905000007 3.333375
1.26271970000007 1.26271970000007 3.703750000000001
1.26304035000007 1.26304035000007 4.074125
1.26336100000007 1.26336100000007 4.444500000000001
1.26368165000007 1.26368165000007 4.814875
1.26400230000007 1.26400230000007 5.185250000000001
1.26432295000007 1.26432295000007 5.555625
1.26464360000007 1.26464360000007 5.925999999999999
1.26496425000007 1.26496425000007 6.296375000000001
1.26528490000007 1.26528490000007 6.66675
1.26560555000007 1.26560555000007 7.037125
1.26592620000007 1.26592620000007 7.407500000000002
1.26624685000007 1.26624685000007 7.777875000000001
1.26656750000007 1.26656750000007 8.148249999999999
1.26688815000007 1.26688815000007 8.518625000000002
1.26720880000007 1.26720880000007 8.889000000000001
1.26785010000007 1.26785010000007 9.629750000000003
1.26849140000007 1.26849140000007 10.3705
1.26913270000007 1.26913270000007 11.11125
1.26977400000007 1.26977400000007 11.852
1.27041530000007 1.27041530000007 12.59275
1.27105660000007 1.27105660000007 13.3335
1.27169790000007 1.27169790000007 14.07425
1.27233920000007 1.27233920000007 14.815
1.27298050000007 1.27298050000007 15.55575
1.273621800000071 1.273621800000071 16.2965
1.27426310000007 1.27426310000007 17.03725
1.27490440000007 1.27490440000007 17.778
1.275545700000071 1.275545700000071 18.51875
1.276187000000071 1.276187000000071 19.2595
1.276828300000071 1.276828300000071 20.00025
1.277469600000071 1.277469600000071 20.741
1.278110900000071 1.278110900000071 21.48175
1.278752200000071 1.278752200000071 22.2225
1.279393500000071 1.279393500000071 22.96325
1.280034800000071 1.280034800000071 23.704
1.280676100000071 1.280676100000071 24.44475
1.281317400000071 1.281317400000071 25.1855
1.281958700000071 1.281958700000071 25.92625
1.259833850000915 1.574792312500052 0.370375
1.260154500000915 1.575193125000052 0.7407499999999999
1.260475150000916 1.575593937500052 1.111125
1.260795800000916 1.575994750000052 1.4815
1.261116450000916 1.576395562500052 1.851875
1.261437100000916 1.576796375000053 2.22225
1.261757750000917 1.577197187500053 2.592625
1.262078400000917 1.577598000000053 2.963
1.262399050000917 1.577998812500053 3.333375
1.262719700000917 1.578399625000052 3.703750000000001
1.263040350000918 1.578800437500053 4.074125
1.263361000000918 1.579201250000053 4.444500000000001
1.263681650000918 1.579602062500053 4.814875
1.264002300000918 1.580002875000053 5.185250000000001
1.264322950000919 1.580403687500053 5.555625
1.264643600000919 1.580804500000053 5.925999999999999
1.264964250000919 1.581205312500053 6.296375000000001
1.265284900000919 1.581606125000053 6.66675
1.265605550000919 1.582006937500053 7.037125
1.265926200000919 1.582407750000053 7.407500000000002
1.26624685000092 1.582808562500053 7.777875000000001
1.26656750000092 1.583209375000053 8.148249999999999
1.26688815000092 1.583610187500053 8.518625000000002
1.267208800000921 1.584011000000053 8.889000000000001
1.267850100000921 1.584812625000053 9.629750000000003
1.268491400000922 1.585614250000053 10.3705
1.269132700000922 1.586415875000053 11.11125
1.269774000000922 1.587217500000053 11.852
1.270415300000923 1.588019125000053 12.59275
1.271056600000923 1.588820750000053 13.3335
1.271697900000924 1.589622375000053 14.07425
1.272339200000924 1.590424000000053 14.815
1.272980500000925 1.591225625000053 15.55575
1.273621800000925 1.592027250000053 16.2965
1.274263100000926 1.592828875000053 17.03725
1.274904400000926 1.593630500000053 17.778
1.275545700000926 1.594432125000053 18.51875
1.276187000000927 1.595233750000053 19.2595
1.276828300000928 1.596035375000053 20.00025
1.277469600000928 1.596837000000053 20.741
1.278110900000928 1.597638625000053 21.48175
1.278752200000929 1.598440250000053 22.2225
1.279393500000929 1.599241875000053 22.96325
1.28003480000093 1.600043500000053 23.704
1.28067610000093 1.600845125000053 24.44475
1.281317400000931 1.601646750000053 25.1855
1.281958700000931 1.602448375000053 25.92625
1.259833850001761 1.889750775000035 0.370375
1.260154500001761 1.890231750000035 0.7407499999999999
1.260475150001761 1.890712725000035 1.111125
1.260795800001762 1.891193700000035 1.4815
1.261116450001762 1.891674675000035 1.851875
1.261437100001763 1.892155650000035 2.22225
1.261757750001763 1.892636625000035 2.592625
1.262078400001764 1.893117600000035 2.963
1.262399050001764 1.893598575000035 3.333375
1.262719700001764 1.894079550000035 3.703750000000001
1.263040350001765 1.894560525000035 4.074125
1.263361000001765 1.895041500000036 4.444500000000001
1.263681650001766 1.895522475000035 4.814875
1.264002300001766 1.896003450000035 5.185250000000001
1.264322950001767 1.896484425000035 5.555625
1.264643600001767 1.896965400000035 5.925999999999999
1.264964250001768 1.897446375000035 6.296375000000001
1.265284900001768 1.897927350000035 6.66675
1.265605550001769 1.898408325000035 7.037125
1.265926200001769 1.898889300000036 7.407500000000002
1.266246850001769 1.899370275000035 7.777875000000001
1.26656750000177 1.899851250000036 8.148249999999999
1.266888150001771 1.900332225000036 8.518625000000002
1.267208800001771 1.900813200000036 8.889000000000001
1.267850100001772 1.901775150000035 9.629750000000003
1.268491400001773 1.902737100000036 10.3705
1.269132700001773 1.903699050000035 11.11125
1.269774000001774 1.904661000000035 11.852
1.270415300001775 1.905622950000035 12.59275
1.271056600001776 1.906584900000036 13.3335
1.271697900001777 1.907546850000036 14.07425
1.272339200001778 1.908508800000036 14.815
1.272980500001779 1.909470750000035 15.55575
1.27362180000178 1.910432700000036 16.2965
1.274263100001781 1.911394650000036 17.03725
1.274904400001782 1.912356600000036 17.778
1.275545700001782 1.913318550000036 18.51875
1.276187000001783 1.914280500000036 19.2595
1.276828300001784 1.915242450000036 20.00025
1.277469600001785 1.916204400000036 20.741
1.278110900001786 1.917166350000036 21.48175
1.278752200001787 1.918128300000036 22.2225
1.279393500001788 1.919090250000036 22.96325
1.280034800001789 1.920052200000036 23.704
1.28067610000179 1.921014150000036 24.44475
1.281317400001791 1.921976100000036 25.1855
1.281958700001791 1.922938050000036 25.92625
1.259833850002606 2.204709237500035 0.370375
1.260154500002607 2.205270375000035 0.7407499999999999
1.260475150002607 2.205831512500035 1.111125
1.260795800002608 2.206392650000035 1.4815
1.261116450002609 2.206953787500035 1.851875
1.261437100002609 2.207514925000035 2.22225
1.26175775000261 2.208076062500035 2.592625
1.262078400002611 2.208637200000035 2.963
1.262399050002611 2.209198337500035 3.333375
1.262719700002612 2.209759475000035 3.703750000000001
1.263040350002613 2.210320612500035 4.074125
1.263361000002613 2.210881750000035 4.444500000000001
1.263681650002614 2.211442887500035 4.814875
1.264002300002615 2.212004025000035 5.185250000000001
1.264322950002615 2.212565162500035 5.555625
1.264643600002616 2.213126300000035 5.925999999999999
1.264964250002617 2.213687437500035 6.296375000000001
1.265284900002617 2.214248575000035 6.66675
1.265605550002618 2.214809712500035 7.037125
1.265926200002619 2.215370850000035 7.407500000000002
1.266246850002619 2.215931987500035 7.777875000000001
1.26656750000262 2.216493125000035 8.148249999999999
1.266888150002621 2.217054262500035 8.518625000000002
1.267208800002621 2.217615400000035 8.889000000000001
1.267850100002623 2.218737675000035 9.629750000000003
1.268491400002624 2.219859950000035 10.3705
1.269132700002625 2.220982225000035 11.11125
1.269774000002627 2.222104500000035 11.852
1.270415300002628 2.223226775000035 12.59275
1.271056600002629 2.224349050000035 13.3335
1.27169790000263 2.225471325000035 14.07425
1.272339200002632 2.226593600000035 14.815
1.272980500002633 2.227715875000035 15.55575
1.273621800002635 2.228838150000035 16.2965
1.274263100002636 2.229960425000035 17.03725
1.274904400002637 2.231082700000035 17.778
1.275545700002638 2.232204975000035 18.51875
1.27618700000264 2.233327250000035 19.2595
1.276828300002641 2.234449525000035 20.00025
1.277469600002643 2.235571800000035 20.741
1.278110900002644 2.236694075000035 21.48175
1.278752200002645 2.237816350000036 22.2225
1.279393500002646 2.238938625000035 22.96325
1.280034800002648 2.240060900000035 23.704
1.280676100002649 2.241183175000035 24.44475
1.28131740000265 2.242305450000035 25.1855
1.281958700002652 2.243427725000036 25.92625
1.574792312498131 0.3149584624999764 0.370375
1.57519312499813 0.3150386249999764 0.7407499999999999
1.57559393749813 0.3151187874999764 1.111125
1.575994749998129 0.3151989499999764 1.4815
1.576395562498129 0.3152791124999764 1.851875
1.576796374998128 0.3153592749999764 2.22225
1.577197187498128 0.3154394374999764 2.592625
1.577597999998127 0.3155195999999764 2.963
1.577998812498127 0.3155997624999763 3.333375
1.578399624998126 0.3156799249999763 3.703750000000001
1.578800437498126 0.3157600874999764 4.074125
1.579201249998126 0.3158402499999764 4.444500000000001
1.579602062498125 0.3159204124999763 4.814875
1.580002874998124 0.3160005749999763 5.185250000000001
1.580403687498124 0.3160807374999763 5.555625
1.580804499998123 0.3161608999999763 5.925999999999999
1.581205312498123 0.3162410624999764 6.296375000000001
1.581606124998123 0.3163212249999763 6.66675
1.582006937498122 0.3164013874999763 7.037125
1.582407749998122 0.3164815499999763 7.407500000000002
1.582808562498121 0.3165617124999763 7.777875000000001
1.583209374998121 0.3166418749999763 8.148249999999999
1.58361018749812 0.3167220374999763 8.518625000000002
1.58401099999812 0.3168021999999763 8.889000000000001
1.584812624998119 0.3169625249999762 9.629750000000003
1.585614249998118 0.3171228499999763 10.3705
1.586415874998117 0.3172831749999762 11.11125
1.587217499998116 0.3174434999999762 11.852
1.588019124998115 0.3176038249999762 12.59275
1.588820749998114 0.3177641499999762 13.3335
1.589622374998113 0.3179244749999762 14.07425
1.590423999998112 0.3180847999999762 14.815
1.591225624998111 0.3182451249999761 15.55575
1.59202724999811 0.3184054499999762 16.2965
1.592828874998109 0.3185657749999761 17.03725
1.593630499998108 0.3187260999999761 17.778
1.594432124998107 0.3188864249999761 18.51875
1.595233749998106 0.3190467499999761 19.2595
1.596035374998106 0.3192070749999761 20.00025
1.596836999998104 0.3193673999999761 20.741
1.597638624998103 0.3195277249999761 21.48175
1.598440249998103 0.3196880499999761 22.2225
1.599241874998101 0.319848374999976 22.96325
1.600043499998101 0.3200086999999761 23.704
1.6008451249981 0.320169024999976 24.44475
1.601646749998099 0.320329349999976 25.1855
1.602448374998098 0.320489674999976 25.92625
1.574792312498771 0.6299169249997351 0.370375
1.575193124998771 0.6300772499997349 0.7407499999999999
1.575593937498771 0.6302375749997349 1.111125
1.57599474999877 0.6303978999997348 1.4815
1.57639556249877 0.6305582249997347 1.851875
1.57679637499877 0.6307185499997346 2.22225
1.57719718749877 0.6308788749997346 2.592625
1.577597999998769 0.6310391999997346 2.963
1.577998812498769 0.6311995249997344 3.333375
1.578399624998768 0.6313598499997343 3.703750000000001
1.578800437498768 0.6315201749997343 4.074125
1.579201249998768 0.6316804999997343 4.444500000000001
1.579602062498767 0.6318408249997342 4.814875
1.580002874998767 0.6320011499997341 5.185250000000001
1.580403687498767 0.6321614749997341 5.555625
1.580804499998766 0.6323217999997339 5.925999999999999
1.581205312498766 0.6324821249997339 6.296375000000001
1.581606124998766 0.6326424499997338 6.66675
1.582006937498766 0.6328027749997338 7.037125
1.582407749998765 0.6329630999997337 7.407500000000002
1.582808562498765 0.6331234249997336 7.777875000000001
1.583209374998765 0.6332837499997336 8.148249999999999
1.583610187498764 0.6334440749997335 8.518625000000002
1.584010999998764 0.6336043999997335 8.889000000000001
1.584812624998763 0.6339250499997332 9.629750000000003
1.585614249998763 0.6342456999997332 10.3705
1.586415874998762 0.634566349999733 11.11125
1.587217499998762 0.6348869999997329 11.852
1.588019124998761 0.6352076499997328 12.59275
1.58882074999876 0.6355282999997326 13.3335
1.58962237499876 0.6358489499997325 14.07425
1.590423999998759 0.6361695999997323 14.815
1.591225624998758 0.6364902499997321 15.55575
1.592027249998758 0.6368108999997322 16.2965
1.592828874998757 0.6371315499997319 17.03725
1.593630499998757 0.6374521999997318 17.778
1.594432124998756 0.6377728499997317 18.51875
1.595233749998755 0.6380934999997315 19.2595
1.596035374998755 0.6384141499997315 20.00025
1.596836999998754 0.6387347999997313 20.741
1.597638624998753 0.6390554499997311 21.48175
1.598440249998753 0.639376099999731 22.2225
1.599241874998752 0.6396967499997308 22.96325
1.600043499998751 0.6400173999997307 23.704
1.600845124998751 0.6403380499997305 24.44475
1.60164674999875 0.6406586999997305 25.1855
1.60244837499875 0.6409793499997304 25.92625
1.574792312499412 0.9448753874994753 0.370375
1.575193124999412 0.9451158749994751 0.7407499999999999
1.575593937499412 0.9453563624994751 1.111125
1.575994749999411 0.9455968499994749 1.4815
1.576395562499411 0.9458373374994747 1.851875
1.576796374999411 0.9460778249994747 2.22225
1.577197187499411 0.9463183124994746 2.592625
1.577597999999411 0.9465587999994743 2.963
1.577998812499411 0.9467992874994742 3.333375
1.57839962499941 0.947039774999474 3.703750000000001
1.57880043749941 0.9472802624994739 4.074125
1.57920124999941 0.9475207499994739 4.444500000000001
1.57960206249941 0.9477612374994737 4.814875
1.58000287499941 0.9480017249994734 5.185250000000001
1.58040368749941 0.9482422124994734 5.555625
1.58080449999941 0.9484826999994732 5.925999999999999
1.581205312499409 0.9487231874994732 6.296375000000001
1.581606124999409 0.948963674999473 6.66675
1.582006937499409 0.9492041624994729 7.037125
1.582407749999409 0.9494446499994728 7.407500000000002
1.582808562499409 0.9496851374994726 7.777875000000001
1.583209374999409 0.9499256249994725 8.148249999999999
1.583610187499409 0.9501661124994725 8.518625000000002
1.584010999999409 0.9504065999994722 8.889000000000001
1.584812624999408 0.9508875749994719 9.629750000000003
1.585614249999408 0.9513685499994717 10.3705
1.586415874999408 0.9518495249994714 11.11125
1.587217499999407 0.9523304999994711 11.852
1.588019124999407 0.9528114749994708 12.59275
1.588820749999407 0.9532924499994706 13.3335
1.589622374999406 0.9537734249994704 14.07425
1.590423999999406 0.9542543999994701 14.815
1.591225624999406 0.9547353749994697 15.55575
1.592027249999405 0.9552163499994696 16.2965
1.592828874999405 0.9556973249994692 17.03725
1.593630499999405 0.956178299999469 17.778
1.594432124999404 0.9566592749994687 18.51875
1.595233749999404 0.9571402499994685 19.2595
1.596035374999404 0.9576212249994682 20.00025
1.596836999999404 0.958102199999468 20.741
1.597638624999403 0.9585831749994675 21.48175
1.598440249999403 0.9590641499994674 22.2225
1.599241874999403 0.9595451249994671 22.96325
1.600043499999402 0.9600260999994669 23.704
1.600845124999402 0.9605070749994666 24.44475
1.601646749999402 0.9609880499994663 25.1855
1.602448374999402 0.9614690249994661 25.92625
1.574792312500052 1.259833849999224 0.370375
1.575193125000052 1.260154499999224 0.7407499999999999
1.575593937500052 1.260475149999224 1.111125
1.575994750000052 1.260795799999224 1.4815
1.576395562500052 1.261116449999223 1.851875
1.576796375000053 1.261437099999223 2.22225
1.577197187500053 1.261757749999223 2.592625
1.577598000000053 1.262078399999223 2.963
1.577998812500053 1.262399049999223 3.333375
1.578399625000052 1.262719699999222 3.703750000000001
1.578800437500053 1.263040349999222 4.074125
1.579201250000053 1.263360999999222 4.444500000000001
1.579602062500053 1.263681649999222 4.814875
1.580002875000053 1.264002299999222 5.185250000000001
1.580403687500053 1.264322949999221 5.555625
1.580804500000053 1.264643599999221 5.925999999999999
1.581205312500053 1.264964249999221 6.296375000000001
1.581606125000053 1.265284899999221 6.66675
1.582006937500053 1.265605549999221 7.037125
1.582407750000053 1.26592619999922 7.407500000000002
1.582808562500053 1.26624684999922 7.777875000000001
1.583209375000053 1.26656749999922 8.148249999999999
1.583610187500053 1.26688814999922 8.518625000000002
1.584011000000053 1.26720879999922 8.889000000000001
1.584812625000053 1.267850099999219 9.629750000000003
1.585614250000053 1.268491399999219 10.3705
1.586415875000053 1.269132699999218 11.11125
1.587217500000053 1.269773999999218 11.852
1.588019125000053 1.270415299999218 12.59275
1.588820750000053 1.271056599999217 13.3335
1.589622375000053 1.271697899999217 14.07425
1.590424000000053 1.272339199999216 14.815
1.591225625000053 1.272980499999216 15.55575
1.592027250000053 1.273621799999216 16.2965
1.592828875000053 1.274263099999215 17.03725
1.593630500000053 1.274904399999215 17.778
1.594432125000053 1.275545699999215 18.51875
1.595233750000053 1.276186999999214 19.2595
1.596035375000053 1.276828299999214 20.00025
1.596837000000053 1.277469599999213 20.741
1.597638625000053 1.278110899999213 21.48175
1.598440250000053 1.278752199999213 22.2225
1.599241875000053 1.279393499999212 22.96325
1.600043500000053 1.280034799999212 23.704
1.600845125000053 1.280676099999211 24.44475
1.601646750000053 1.281317399999211 25.1855
1.602448375000053 1.281958699999211 25.92625
1.574792312500693 1.574792312499412 0.370375
1.575193125000693 1.575193124999412 0.7407499999999999
1.575593937500694 1.575593937499412 1.111125
1.575994750000694 1.575994749999411 1.4815
1.576395562500694 1.576395562499411 1.851875
1.576796375000694 1.576796374999411 2.22225
1.577197187500694 1.577197187499411 2.592625
1.577598000000694 1.577597999999411 2.963
1.577998812500695 1.577998812499411 3.333375
1.578399625000694 1.57839962499941 3.703750000000001
1.578800437500695 1.57880043749941 4.074125
1.579201250000695 1.57920124999941 4.444500000000001
1.579602062500695 1.57960206249941 4.814875
1.580002875000695 1.58000287499941 5.185250000000001
1.580403687500695 1.58040368749941 5.555625
1.580804500000696 1.58080449999941 5.925999999999999
1.581205312500696 1.581205312499409 6.296375000000001
1.581606125000696 1.581606124999409 6.66675
1.582006937500696 1.582006937499409 7.037125
1.582407750000696 1.582407749999409 7.407500000000002
1.582808562500696 1.582808562499409 7.777875000000001
1.583209375000697 1.583209374999409 8.148249999999999
1.583610187500697 1.583610187499409 8.518625000000002
1.584011000000697 1.584010999999409 8.889000000000001
1.584812625000697 1.584812624999408 9.629750000000003
1.585614250000698 1.585614249999408 10.3705
1.586415875000698 1.586415874999408 11.11125
1.587217500000699 1.587217499999407 11.852
1.588019125000699 1.588019124999407 12.59275
1.588820750000699 1.588820749999407 13.3335
1.5896223750007 1.589622374999406 14.07425
1.5904240000007 1.590423999999406 14.815
1.5912256250007 1.591225624999406 15.55575
1.592027250000701 1.592027249999405 16.2965
1.592828875000701 1.592828874999405 17.03725
1.593630500000701 1.593630499999405 17.778
1.594432125000702 1.594432124999404 18.51875
1.595233750000702 1.595233749999404 19.2595
1.596035375000702 1.596035374999404 20.00025
1.596837000000703 1.596836999999404 20.741
1.597638625000703 1.597638624999403 21.48175
1.598440250000704 1.598440249999403 22.2225
1.599241875000704 1.599241874999403 22.96325
1.600043500000704 1.600043499999402 23.704
1.600845125000705 1.600845124999402 24.44475
1.601646750000705 1.601646749999402 25.1855
1.602448375000705 1.602448374999402 25.92625
1.574792312501334 1.889750774999608 0.370375
1.575193125001334 1.890231749999608 0.7407499999999999
1.575593937501334 1.890712724999608 1.111125
1.575994750001335 1.891193699999608 1.4815
1.576395562501335 1.891674674999607 1.851875
1.576796375001335 1.892155649999608 2.22225
1.577197187501336 1.892636624999608 2.592625
1.577598000001336 1.893117599999607 2.963
1.577998812501336 1.893598574999607 3.333375
1.578399625001337 1.894079549999607 3.703750000000001
1.578800437501337 1.894560524999607 4.074125
1.579201250001337 1.895041499999607 4.444500000000001
1.579602062501338 1.895522474999607 4.814875
1.580002875001338 1.896003449999607 5.185250000000001
1.580403687501339 1.896484424999607 5.555625
1.580804500001339 1.896965399999606 5.925999999999999
1.581205312501339 1.897446374999606 6.296375000000001
1.581606125001339 1.897927349999606 6.66675
1.58200693750134 1.898408324999606 7.037125
1.58240775000134 1.898889299999606 7.407500000000002
1.58280856250134 1.899370274999606 7.777875000000001
1.583209375001341 1.899851249999606 8.148249999999999
1.583610187501341 1.900332224999606 8.518625000000002
1.584011000001341 1.900813199999606 8.889000000000001
1.584812625001342 1.901775149999605 9.629750000000003
1.585614250001343 1.902737099999605 10.3705
1.586415875001344 1.903699049999605 11.11125
1.587217500001344 1.904660999999605 11.852
1.588019125001345 1.905622949999605 12.59275
1.588820750001346 1.906584899999604 13.3335
1.589622375001346 1.907546849999604 14.07425
1.590424000001347 1.908508799999604 14.815
1.591225625001347 1.909470749999604 15.55575
1.592027250001348 1.910432699999604 16.2965
1.592828875001349 1.911394649999603 17.03725
1.59363050000135 1.912356599999603 17.778
1.59443212500135 1.913318549999603 18.51875
1.595233750001351 1.914280499999603 19.2595
1.596035375001352 1.915242449999603 20.00025
1.596837000001352 1.916204399999603 20.741
1.597638625001353 1.917166349999602 21.48175
1.598440250001354 1.918128299999602 22.2225
1.599241875001354 1.919090249999602 22.96325
1.600043500001355 1.920052199999602 23.704
1.600845125001356 1.921014149999601 24.44475
1.601646750001356 1.921976099999601 25.1855
1.602448375001357 1.922938049999601 25.92625
1.574792312501974 2.204709237499825 0.370375
1.575193125001974 2.205270374999825 0.7407499999999999
1.575593937501975 2.205831512499825 1.111125
1.575994750001975 2.206392649999825 1.4815
1.576395562501975 2.206953787499825 1.851875
1.576796375001976 2.207514924999825 2.22225
1.577197187501977 2.208076062499825 2.592625
1.577598000001977 2.208637199999825 2.963
1.577998812501977 2.209198337499825 3.333375
1.578399625001978 2.209759474999824 3.703750000000001
1.578800437501979 2.210320612499824 4.074125
1.579201250001979 2.210881749999825 4.444500000000001
1.57960206250198 2.211442887499825 4.814875
1.58000287500198 2.212004024999824 5.185250000000001
1.580403687501981 2.212565162499824 5.555625
1.580804500001981 2.213126299999824 5.925999999999999
1.581205312501982 2.213687437499825 6.296375000000001
1.581606125001982 2.214248574999824 6.66675
1.582006937501983 2.214809712499824 7.037125
1.582407750001983 2.215370849999824 7.407500000000002
1.582808562501983 2.215931987499824 7.777875000000001
1.583209375001984 2.216493124999824 8.148249999999999
1.583610187501985 2.217054262499824 8.518625000000002
1.584011000001985 2.217615399999824 8.889000000000001
1.584812625001986 2.218737674999824 9.629750000000003
1.585614250001987 2.219859949999824 10.3705
1.586415875001988 2.220982224999823 11.11125
1.587217500001989 2.222104499999824 11.852
1.58801912500199 2.223226774999823 12.59275
1.588820750001991 2.224349049999824 13.3335
1.589622375001992 2.225471324999823 14.07425
1.590424000001993 2.226593599999823 14.815
1.591225625001994 2.227715874999823 15.55575
1.592027250001995 2.228838149999823 16.2965
1.592828875001996 2.229960424999823 17.03725
1.593630500001997 2.231082699999823 17.778
1.594432125001998 2.232204974999823 18.51875
1.595233750001999 2.233327249999823 19.2595
1.596035375002 2.234449524999823 20.00025
1.596837000002001 2.235571799999823 20.741
1.597638625002002 2.236694074999822 21.48175
1.598440250002003 2.237816349999822 22.2225
1.599241875002004 2.238938624999822 22.96325
1.600043500002005 2.240060899999822 23.704
1.600845125002006 2.241183174999822 24.44475
1.601646750002007 2.242305449999822 25.1855
1.602448375002008 2.243427724999822 25.92625
1.889750774998754 0.3149584624998041 0.370375
1.890231749998753 0.3150386249998041 0.7407499999999999
1.890712724998753 0.315118787499804 1.111125
1.891193699998753 0.315198949999804 1.4815
1.891674674998752 0.3152791124998039 1.851875
1.892155649998752 0.3153592749998039 2.22225
1.892636624998752 0.3154394374998039 2.592625
1.893117599998752 0.3155195999998038 2.963
1.893598574998751 0.3155997624998037 3.333375
1.894079549998751 0.3156799249998036 3.703750000000001
1.89456052499875 0.3157600874998036 4.074125
1.89504149999875 0.3158402499998036 4.444500000000001
1.89552247499875 0.3159204124998035 4.814875
1.896003449998749 0.3160005749998034 5.185250000000001
1.896484424998749 0.3160807374998034 5.555625
1.896965399998749 0.3161608999998033 5.925999999999999
1.897446374998749 0.3162410624998033 6.296375000000001
1.897927349998748 0.3163212249998033 6.66675
1.898408324998748 0.3164013874998032 7.037125
1.898889299998748 0.3164815499998032 7.407500000000002
1.899370274998747 0.3165617124998031 7.777875000000001
1.899851249998747 0.3166418749998031 8.148249999999999
1.900332224998747 0.316722037499803 8.518625000000002
1.900813199998747 0.316802199999803 8.889000000000001
1.901775149998746 0.3169625249998028 9.629750000000003
1.902737099998745 0.3171228499998028 10.3705
1.903699049998744 0.3172831749998026 11.11125
1.904660999998744 0.3174434999998025 11.852
1.905622949998743 0.3176038249998024 12.59275
1.906584899998743 0.3177641499998023 13.3335
1.907546849998742 0.3179244749998023 14.07425
1.908508799998741 0.3180847999998022 14.815
1.90947074999874 0.3182451249998021 15.55575
1.91043269999874 0.318405449999802 16.2965
1.911394649998739 0.3185657749998019 17.03725
1.912356599998739 0.3187260999998018 17.778
1.913318549998738 0.3188864249998017 18.51875
1.914280499998738 0.3190467499998016 19.2595
1.915242449998737 0.3192070749998015 20.00025
1.916204399998736 0.3193673999998014 20.741
1.917166349998735 0.3195277249998013 21.48175
1.918128299998735 0.3196880499998012 22.2225
1.919090249998734 0.3198483749998011 22.96325
1.920052199998734 0.320008699999801 23.704
1.921014149998733 0.3201690249998009 24.44475
1.921976099998733 0.3203293499998008 25.1855
1.922938049998732 0.3204896749998007 25.92625
1.889750774999181 0.6299169249993334 0.370375
1.890231749999181 0.6300772499993332 0.7407499999999999
1.890712724999181 0.6302375749993331 1.111125
1.891193699999181 0.6303978999993328 1.4815
1.89167467499918 0.6305582249993327 1.851875
1.89215564999918 0.6307185499993325 2.22225
1.89263662499918 0.6308788749993324 2.592625
1.89311759999918 0.6310391999993322 2.963
1.89359857499918 0.631199524999332 3.333375
1.894079549999179 0.6313598499993318 3.703750000000001
1.894560524999179 0.6315201749993317 4.074125
1.895041499999179 0.6316804999993315 4.444500000000001
1.895522474999179 0.6318408249993314 4.814875
1.896003449999178 0.6320011499993311 5.185250000000001
1.896484424999179 0.6321614749993311 5.555625
1.896965399999178 0.6323217999993308 5.925999999999999
1.897446374999178 0.6324821249993307 6.296375000000001
1.897927349999178 0.6326424499993305 6.66675
1.898408324999178 0.6328027749993304 7.037125
1.898889299999177 0.6329630999993302 7.407500000000002
1.899370274999177 0.6331234249993299 7.777875000000001
1.899851249999177 0.6332837499993298 8.148249999999999
1.900332224999177 0.6334440749993298 8.518625000000002
1.900813199999177 0.6336043999993295 8.889000000000001
1.901775149999176 0.6339250499993291 9.629750000000003
1.902737099999176 0.6342456999993289 10.3705
1.903699049999175 0.6345663499993285 11.11125
1.904660999999175 0.6348869999993281 11.852
1.905622949999174 0.6352076499993278 12.59275
1.906584899999174 0.6355282999993275 13.3335
1.907546849999174 0.6358489499993271 14.07425
1.908508799999173 0.6361695999993268 14.815
1.909470749999173 0.6364902499993264 15.55575
1.910432699999173 0.6368108999993262 16.2965
1.911394649999172 0.6371315499993258 17.03725
1.912356599999171 0.6374521999993253 17.778
1.913318549999171 0.637772849999325 18.51875
1.914280499999171 0.6380934999993247 19.2595
1.91524244999917 0.6384141499993244 20.00025
1.91620439999917 0.638734799999324 20.741
1.917166349999169 0.6390554499993236 21.48175
1.918128299999169 0.6393760999993234 22.2225
1.919090249999168 0.639696749999323 22.96325
1.920052199999168 0.6400173999993227 23.704
1.921014149999168 0.6403380499993223 24.44475
1.921976099999167 0.640658699999322 25.1855
1.922938049999167 0.6409793499993217 25.92625
1.889750774999608 0.9448753874988477 0.370375
1.890231749999608 0.9451158749988473 0.7407499999999999
1.890712724999608 0.9453563624988471 1.111125
1.891193699999608 0.9455968499988467 1.4815
1.891674674999607 0.9458373374988464 1.851875
1.892155649999608 0.9460778249988462 2.22225
1.892636624999608 0.9463183124988459 2.592625
1.893117599999607 0.9465587999988456 2.963
1.893598574999607 0.9467992874988452 3.333375
1.894079549999607 0.9470397749988448 3.703750000000001
1.894560524999607 0.9472802624988447 4.074125
1.895041499999607 0.9475207499988445 4.444500000000001
1.895522474999607 0.9477612374988441 4.814875
1.896003449999607 0.9480017249988437 5.185250000000001
1.896484424999607 0.9482422124988436 5.555625
1.896965399999606 0.9484826999988432 5.925999999999999
1.897446374999606 0.948723187498843 6.296375000000001
1.897927349999606 0.9489636749988426 6.66675
1.898408324999606 0.9492041624988424 7.037125
1.898889299999606 0.949444649998842 7.407500000000002
1.899370274999606 0.9496851374988416 7.777875000000001
1.899851249999606 0.9499256249988415 8.148249999999999
1.900332224999606 0.9501661124988413 8.518625000000002
1.900813199999606 0.9504065999988409 8.889000000000001
1.901775149999605 0.9508875749988402 9.629750000000003
1.902737099999605 0.9513685499988398 10.3705
1.903699049999605 0.951849524998839 11.11125
1.904660999999605 0.9523304999988385 11.852
1.905622949999605 0.9528114749988379 12.59275
1.906584899999604 0.9532924499988373 13.3335
1.907546849999604 0.9537734249988368 14.07425
1.908508799999604 0.9542543999988362 14.815
1.909470749999604 0.9547353749988355 15.55575
1.910432699999604 0.9552163499988351 16.2965
1.911394649999603 0.9556973249988344 17.03725
1.912356599999603 0.9561782999988337 17.778
1.913318549999603 0.9566592749988332 18.51875
1.914280499999603 0.9571402499988326 19.2595
1.915242449999603 0.9576212249988321 20.00025
1.916204399999603 0.9581021999988315 20.741
1.917166349999602 0.9585831749988308 21.48175
1.918128299999602 0.9590641499988304 22.2225
1.919090249999602 0.9595451249988297 22.96325
1.920052199999602 0.9600260999988292 23.704
1.921014149999601 0.9605070749988286 24.44475
1.921976099999601 0.9609880499988279 25.1855
1.922938049999601 0.9614690249988274 25.92625
1.889750775000035 1.259833849998379 0.370375
1.890231750000035 1.260154499998378 0.7407499999999999
1.890712725000035 1.260475149998378 1.111125
1.891193700000035 1.260795799998377 1.4815
1.891674675000035 1.261116449998377 1.851875
1.892155650000035 1.261437099998376 2.22225
1.892636625000035 1.261757749998376 2.592625
1.893117600000035 1.262078399998376 2.963
1.893598575000035 1.262399049998375 3.333375
1.894079550000035 1.262719699998375 3.703750000000001
1.894560525000035 1.263040349998374 4.074125
1.895041500000036 1.263360999998374 4.444500000000001
1.895522475000035 1.263681649998374 4.814875
1.896003450000035 1.264002299998373 5.185250000000001
1.896484425000035 1.264322949998373 5.555625
1.896965400000035 1.264643599998372 5.925999999999999
1.897446375000035 1.264964249998372 6.296375000000001
1.897927350000035 1.265284899998371 6.66675
1.898408325000035 1.265605549998371 7.037125
1.898889300000036 1.265926199998371 7.407500000000002
1.899370275000035 1.26624684999837 7.777875000000001
1.899851250000036 1.26656749999837 8.148249999999999
1.900332225000036 1.26688814999837 8.518625000000002
1.900813200000036 1.267208799998369 8.889000000000001
1.901775150000035 1.267850099998368 9.629750000000003
1.902737100000036 1.268491399998367 10.3705
1.903699050000035 1.269132699998367 11.11125
1.904661000000035 1.269773999998366 11.852
1.905622950000035 1.270415299998365 12.59275
1.906584900000036 1.271056599998364 13.3335
1.907546850000036 1.271697899998363 14.07425
1.908508800000036 1.272339199998362 14.815
1.909470750000035 1.272980499998361 15.55575
1.910432700000036 1.273621799998361 16.2965
1.911394650000036 1.27426309999836 17.03725
1.912356600000036 1.274904399998359 17.778
1.913318550000036 1.275545699998358 18.51875
1.914280500000036 1.276186999998357 19.2595
1.915242450000036 1.276828299998357 20.00025
1.916204400000036 1.277469599998356 20.741
1.917166350000036 1.278110899998355 21.48175
1.918128300000036 1.278752199998354 22.2225
1.919090250000036 1.279393499998353 22.96325
1.920052200000036 1.280034799998352 23.704
1.921014150000036 1.280676099998352 24.44475
1.921976100000036 1.281317399998351 25.1855
1.922938050000036 1.28195869999835 25.92625
1.889750775000462 1.574792312498771 0.370375
1.890231750000462 1.575193124998771 0.7407499999999999
1.890712725000462 1.575593937498771 1.111125
1.891193700000462 1.57599474999877 1.4815
1.891674675000462 1.57639556249877 1.851875
1.892155650000462 1.57679637499877 2.22225
1.892636625000463 1.57719718749877 2.592625
1.893117600000463 1.577597999998769 2.963
1.893598575000463 1.577998812498769 3.333375
1.894079550000463 1.578399624998768 3.703750000000001
1.894560525000463 1.578800437498768 4.074125
1.895041500000463 1.579201249998768 4.444500000000001
1.895522475000463 1.579602062498767 4.814875
1.896003450000463 1.580002874998767 5.185250000000001
1.896484425000464 1.580403687498767 5.555625
1.896965400000464 1.580804499998766 5.925999999999999
1.897446375000464 1.581205312498766 6.296375000000001
1.897927350000464 1.581606124998766 6.66675
1.898408325000464 1.582006937498766 7.037125
1.898889300000464 1.582407749998765 7.407500000000002
1.899370275000464 1.582808562498765 7.777875000000001
1.899851250000464 1.583209374998765 8.148249999999999
1.900332225000465 1.583610187498764 8.518625000000002
1.900813200000465 1.584010999998764 8.889000000000001
1.901775150000465 1.584812624998763 9.629750000000003
1.902737100000465 1.585614249998763 10.3705
1.903699050000465 1.586415874998762 11.11125
1.904661000000465 1.587217499998762 11.852
1.905622950000466 1.588019124998761 12.59275
1.906584900000466 1.58882074999876 13.3335
1.907546850000466 1.58962237499876 14.07425
1.908508800000466 1.590423999998759 14.815
1.909470750000466 1.591225624998758 15.55575
1.910432700000467 1.592027249998758 16.2965
1.911394650000467 1.592828874998757 17.03725
1.912356600000467 1.593630499998757 17.778
1.913318550000468 1.594432124998756 18.51875
1.914280500000468 1.595233749998755 19.2595
1.915242450000468 1.596035374998755 20.00025
1.916204400000468 1.596836999998754 20.741
1.917166350000468 1.597638624998753 21.48175
1.918128300000469 1.598440249998753 22.2225
1.919090250000469 1.599241874998752 22.96325
1.920052200000469 1.600043499998751 23.704
1.921014150000469 1.600845124998751 24.44475
1.92197610000047 1.60164674999875 25.1855
1.92293805000047 1.60244837499875 25.92625
1.889750775000889 1.889750774999181 0.370375
1.890231750000889 1.890231749999181 0.7407499999999999
1.89071272500089 1.890712724999181 1.111125
1.89119370000089 1.891193699999181 1.4815
1.89167467500089 1.89167467499918 1.851875
1.89215565000089 1.89215564999918 2.22225
1.892636625000891 1.89263662499918 2.592625
1.893117600000891 1.89311759999918 2.963
1.893598575000891 1.89359857499918 3.333375
1.894079550000891 1.894079549999179 3.703750000000001
1.894560525000891 1.894560524999179 4.074125
1.895041500000892 1.895041499999179 4.444500000000001
1.895522475000892 1.895522474999179 4.814875
1.896003450000892 1.896003449999178 5.185250000000001
1.896484425000892 1.896484424999179 5.555625
1.896965400000892 1.896965399999178 5.925999999999999
1.897446375000893 1.897446374999178 6.296375000000001
1.897927350000893 1.897927349999178 6.66675
1.898408325000893 1.898408324999178 7.037125
1.898889300000894 1.898889299999177 7.407500000000002
1.899370275000894 1.899370274999177 7.777875000000001
1.899851250000894 1.899851249999177 8.148249999999999
1.900332225000894 1.900332224999177 8.518625000000002
1.900813200000894 1.900813199999177 8.889000000000001
1.901775150000895 1.901775149999176 9.629750000000003
1.902737100000895 1.902737099999176 10.3705
1.903699050000896 1.903699049999175 11.11125
1.904661000000896 1.904660999999175 11.852
1.905622950000897 1.905622949999174 12.59275
1.906584900000897 1.906584899999174 13.3335
1.907546850000898 1.907546849999174 14.07425
1.908508800000898 1.908508799999173 14.815
1.909470750000898 1.909470749999173 15.55575
1.910432700000899 1.910432699999173 16.2965
1.911394650000899 1.911394649999172 17.03725
1.9123566000009 1.912356599999171 17.778
1.9133185500009 1.913318549999171 18.51875
1.914280500000901 1.914280499999171 19.2595
1.915242450000901 1.91524244999917 20.00025
1.916204400000902 1.91620439999917 20.741
1.917166350000902 1.917166349999169 21.48175
1.918128300000903 1.918128299999169 22.2225
1.919090250000903 1.919090249999168 22.96325
1.920052200000903 1.920052199999168 23.704
1.921014150000904 1.921014149999168 24.44475
1.921976100000904 1.921976099999167 25.1855
1.922938050000905 1.922938049999167 25.92625
1.889750775001316 2.204709237499616 0.370375
1.890231750001317 2.205270374999616 0.7407499999999999
1.890712725001317 2.205831512499616 1.111125
1.891193700001317 2.206392649999616 1.4815
1.891674675001318 2.206953787499616 1.851875
1.892155650001318 2.207514924999616 2.22225
1.892636625001319 2.208076062499616 2.592625
1.893117600001319 2.208637199999615 2.963
1.893598575001319 2.209198337499616 3.333375
1.894079550001319 2.209759474999615 3.703750000000001
1.89456052500132 2.210320612499615 4.074125
1.89504150000132 2.210881749999615 4.444500000000001
1.89552247500132 2.211442887499615 4.814875
1.896003450001321 2.212004024999615 5.185250000000001
1.896484425001321 2.212565162499615 5.555625
1.896965400001321 2.213126299999615 5.925999999999999
1.897446375001322 2.213687437499615 6.296375000000001
1.897927350001322 2.214248574999615 6.66675
1.898408325001323 2.214809712499615 7.037125
1.898889300001323 2.215370849999614 7.407500000000002
1.899370275001323 2.215931987499614 7.777875000000001
1.899851250001324 2.216493124999614 8.148249999999999
1.900332225001324 2.217054262499614 8.518625000000002
1.900813200001324 2.217615399999614 8.889000000000001
1.901775150001325 2.218737674999613 9.629750000000003
1.902737100001326 2.219859949999614 10.3705
1.903699050001326 2.220982224999613 11.11125
1.904661000001327 2.222104499999613 11.852
1.905622950001328 2.223226774999613 12.59275
1.906584900001328 2.224349049999613 13.3335
1.907546850001329 2.225471324999613 14.07425
1.908508800001329 2.226593599999612 14.815
1.90947075000133 2.227715874999612 15.55575
1.910432700001331 2.228838149999612 16.2965
1.911394650001331 2.229960424999612 17.03725
1.912356600001332 2.231082699999611 17.778
1.913318550001333 2.232204974999612 18.51875
1.914280500001334 2.233327249999611 19.2595
1.915242450001334 2.234449524999611 20.00025
1.916204400001335 2.235571799999611 20.741
1.917166350001335 2.23669407499961 21.48175
1.918128300001336 2.237816349999611 22.2225
1.919090250001337 2.23893862499961 22.96325
1.920052200001338 2.24006089999961 23.704
1.921014150001338 2.24118317499961 24.44475
1.921976100001339 2.24230544999961 25.1855
1.92293805000134 2.24342772499961 25.92625
2.204709237499407 0.3149584624996319 0.370375
2.205270374999407 0.3150386249996319 0.7407499999999999
2.205831512499407 0.3151187874996318 1.111125
2.206392649999406 0.3151989499996317 1.4815
2.206953787499406 0.3152791124996315 1.851875
2.207514924999406 0.3153592749996315 2.22225
2.208076062499406 0.3154394374996314 2.592625
2.208637199999406 0.3155195999996313 2.963
2.209198337499406 0.3155997624996312 3.333375
2.209759474999405 0.315679924999631 3.703750000000001
2.210320612499405 0.315760087499631 4.074125
2.210881749999405 0.315840249999631 4.444500000000001
2.211442887499405 0.3159204124996308 4.814875
2.212004024999405 0.3160005749996307 5.185250000000001
2.212565162499405 0.3160807374996306 5.555625
2.213126299999404 0.3161608999996305 5.925999999999999
2.213687437499404 0.3162410624996305 6.296375000000001
2.214248574999404 0.3163212249996303 6.66675
2.214809712499404 0.3164013874996303 7.037125
2.215370849999404 0.3164815499996302 7.407500000000002
2.215931987499403 0.3165617124996301 7.777875000000001
2.216493124999404 0.31664187499963 8.148249999999999
2.217054262499404 0.3167220374996299 8.518625000000002
2.217615399999403 0.3168021999996298 8.889000000000001
2.218737674999403 0.3169625249996296 9.629750000000003
2.219859949999403 0.3171228499996294 10.3705
2.220982224999402 0.3172831749996292 11.11125
2.222104499999402 0.317443499999629 11.852
2.223226774999402 0.3176038249996289 12.59275
2.224349049999402 0.3177641499996287 13.3335
2.225471324999401 0.3179244749996285 14.07425
2.226593599999401 0.3180847999996283 14.815
2.2277158749994 0.3182451249996281 15.55575
2.228838149999401 0.3184054499996279 16.2965
2.2299604249994 0.3185657749996277 17.03725
2.2310826999994 0.3187260999996275 17.778
2.232204974999399 0.3188864249996273 18.51875
2.233327249999399 0.3190467499996272 19.2595
2.234449524999399 0.319207074999627 20.00025
2.235571799999398 0.3193673999996268 20.741
2.236694074999398 0.3195277249996266 21.48175
2.237816349999398 0.3196880499996264 22.2225
2.238938624999398 0.3198483749996262 22.96325
2.240060899999397 0.3200086999996261 23.704
2.241183174999397 0.3201690249996259 24.44475
2.242305449999397 0.3203293499996256 25.1855
2.243427724999397 0.3204896749996255 25.92625
2.204709237499616 0.6299169249989319 0.370375
2.205270374999616 0.6300772499989316 0.7407499999999999
2.205831512499616 0.6302375749989314 1.111125
2.206392649999616 0.630397899998931 1.4815
2.206953787499615 0.6305582249989308 1.851875
2.207514924999615 0.6307185499989305 2.22225
2.208076062499615 0.6308788749989303 2.592625
2.208637199999615 0.63103919999893 2.963
2.209198337499615 0.6311995249989297 3.333375
2.209759474999615 0.6313598499989294 3.703750000000001
2.210320612499615 0.6315201749989291 4.074125
2.210881749999615 0.6316804999989289 4.444500000000001
2.211442887499615 0.6318408249989286 4.814875
2.212004024999615 0.6320011499989283 5.185250000000001
2.212565162499615 0.6321614749989281 5.555625
2.213126299999614 0.6323217999989278 5.925999999999999
2.213687437499614 0.6324821249989275 6.296375000000001
2.214248574999614 0.6326424499989273 6.66675
2.214809712499614 0.632802774998927 7.037125
2.215370849999614 0.6329630999989267 7.407500000000002
2.215931987499614 0.6331234249989264 7.777875000000001
2.216493124999614 0.6332837499989261 8.148249999999999
2.217054262499614 0.633444074998926 8.518625000000002
2.217615399999614 0.6336043999989256 8.889000000000001
2.218737674999613 0.6339250499989251 9.629750000000003
2.219859949999613 0.6342456999989246 10.3705
2.220982224999613 0.6345663499989239 11.11125
2.222104499999613 0.6348869999989234 11.852
2.223226774999613 0.6352076499989229 12.59275
2.224349049999613 0.6355282999989224 13.3335
2.225471324999612 0.6358489499989218 14.07425
2.226593599999612 0.6361695999989213 14.815
2.227715874999612 0.6364902499989207 15.55575
2.228838149999612 0.6368108999989203 16.2965
2.229960424999611 0.6371315499989196 17.03725
2.231082699999611 0.6374521999989191 17.778
2.232204974999611 0.6377728499989186 18.51875
2.233327249999611 0.638093499998918 19.2595
2.234449524999611 0.6384141499989174 20.00025
2.235571799999611 0.6387347999989169 20.741
2.23669407499961 0.6390554499989163 21.48175
2.23781634999961 0.6393760999989159 22.2225
2.23893862499961 0.6396967499989152 22.96325
2.24006089999961 0.6400173999989147 23.704
2.241183174999609 0.6403380499989142 24.44475
2.24230544999961 0.6406586999989137 25.1855
2.243427724999609 0.6409793499989132 25.92625
2.204709237499826 0.94487538749822 0.370375
2.205270374999825 0.9451158749982195 0.7407499999999999
2.205831512499826 0.9453563624982191 1.111125
2.206392649999826 0.9455968499982186 1.4815
2.206953787499825 0.9458373374982181 1.851875
2.207514924999825 0.9460778249982177 2.22225
2.208076062499825 0.9463183124982173 2.592625
2.208637199999826 0.9465587999982168 2.963
2.209198337499825 0.9467992874982163 3.333375
2.209759474999825 0.9470397749982158 3.703750000000001
2.210320612499825 0.9472802624982154 4.074125
2.210881749999825 0.947520749998215 4.444500000000001
2.211442887499825 0.9477612374982145 4.814875
2.212004024999825 0.948001724998214 5.185250000000001
2.212565162499825 0.9482422124982136 5.555625
2.213126299999825 0.9484826999982131 5.925999999999999
2.213687437499825 0.9487231874982127 6.296375000000001
2.214248574999825 0.9489636749982122 6.66675
2.214809712499825 0.9492041624982118 7.037125
2.215370849999825 0.9494446499982113 7.407500000000002
2.215931987499825 0.9496851374982108 7.777875000000001
2.216493124999825 0.9499256249982104 8.148249999999999
2.217054262499825 0.95016611249821 8.518625000000002
2.217615399999825 0.9504065999982095 8.889000000000001
2.218737674999824 0.9508875749982085 9.629750000000003
2.219859949999825 0.9513685499982077 10.3705
2.220982224999824 0.9518495249982067 11.11125
2.222104499999824 0.9523304999982058 11.852
2.223226774999824 0.952811474998205 12.59275
2.224349049999824 0.9532924499982041 13.3335
2.225471324999824 0.9537734249982032 14.07425
2.226593599999824 0.9542543999982023 14.815
2.227715874999824 0.9547353749982013 15.55575
2.228838149999824 0.9552163499982005 16.2965
2.229960424999823 0.9556973249981995 17.03725
2.231082699999824 0.9561782999981986 17.778
2.232204974999823 0.9566592749981977 18.51875
2.233327249999824 0.9571402499981968 19.2595
2.234449524999823 0.9576212249981959 20.00025
2.235571799999823 0.958102199998195 20.741
2.236694074999823 0.958583174998194 21.48175
2.237816349999823 0.9590641499981933 22.2225
2.238938624999823 0.9595451249981922 22.96325
2.240060899999823 0.9600260999981913 23.704
2.241183174999823 0.9605070749981904 24.44475
2.242305449999823 0.9609880499981897 25.1855
2.243427724999823 0.9614690249981888 25.92625
2.204709237500035 1.259833849997533 0.370375
2.205270375000035 1.260154499997533 0.7407499999999999
2.205831512500035 1.260475149997532 1.111125
2.206392650000035 1.260795799997531 1.4815
2.206953787500035 1.261116449997531 1.851875
2.207514925000035 1.26143709999753 2.22225
2.208076062500035 1.26175774999753 2.592625
2.208637200000035 1.262078399997529 2.963
2.209198337500035 1.262399049997528 3.333375
2.209759475000035 1.262719699997527 3.703750000000001
2.210320612500035 1.263040349997527 4.074125
2.210881750000035 1.263360999997526 4.444500000000001
2.211442887500035 1.263681649997526 4.814875
2.212004025000035 1.264002299997525 5.185250000000001
2.212565162500035 1.264322949997525 5.555625
2.213126300000035 1.264643599997524 5.925999999999999
2.213687437500035 1.264964249997523 6.296375000000001
2.214248575000035 1.265284899997523 6.66675
2.214809712500035 1.265605549997522 7.037125
2.215370850000035 1.265926199997521 7.407500000000002
2.215931987500035 1.266246849997521 7.777875000000001
2.216493125000035 1.26656749999752 8.148249999999999
2.217054262500035 1.26688814999752 8.518625000000002
2.217615400000035 1.267208799997519 8.889000000000001
2.218737675000035 1.267850099997518 9.629750000000003
2.219859950000035 1.268491399997516 10.3705
2.220982225000035 1.269132699997515 11.11125
2.222104500000035 1.269773999997514 11.852
2.223226775000035 1.270415299997512 12.59275
2.224349050000035 1.271056599997511 13.3335
2.225471325000035 1.27169789999751 14.07425
2.226593600000035 1.272339199997509 14.815
2.227715875000035 1.272980499997507 15.55575
2.228838150000035 1.273621799997506 16.2965
2.229960425000035 1.274263099997505 17.03725
2.231082700000035 1.274904399997504 17.778
2.232204975000035 1.275545699997503 18.51875
2.233327250000035 1.276186999997501 19.2595
2.234449525000035 1.2768282999975 20.00025
2.235571800000035 1.277469599997499 20.741
2.236694075000035 1.278110899997497 21.48175
2.237816350000036 1.278752199997496 22.2225
2.238938625000035 1.279393499997495 22.96325
2.240060900000035 1.280034799997494 23.704
2.241183175000035 1.280676099997492 24.44475
2.242305450000035 1.281317399997491 25.1855
2.243427725000036 1.28195869999749 25.92625
2.204709237500244 1.574792312498131 0.370375
2.205270375000244 1.57519312499813 0.7407499999999999
2.205831512500244 1.57559393749813 1.111125
2.206392650000244 1.575994749998129 1.4815
2.206953787500244 1.576395562498129 1.851875
2.207514925000244 1.576796374998128 2.22225
2.208076062500245 1.577197187498128 2.592625
2.208637200000244 1.577597999998127 2.963
2.209198337500244 1.577998812498127 3.333375
2.209759475000244 1.578399624998126 3.703750000000001
2.210320612500245 1.578800437498126 4.074125
2.210881750000245 1.579201249998126 4.444500000000001
2.211442887500245 1.579602062498125 4.814875
2.212004025000245 1.580002874998124 5.185250000000001
2.212565162500245 1.580403687498124 5.555625
2.213126300000245 1.580804499998123 5.925999999999999
2.213687437500245 1.581205312498123 6.296375000000001
2.214248575000245 1.581606124998123 6.66675
2.214809712500245 1.582006937498122 7.037125
2.215370850000245 1.582407749998122 7.407500000000002
2.215931987500245 1.582808562498121 7.777875000000001
2.216493125000245 1.583209374998121 8.148249999999999
2.217054262500246 1.58361018749812 8.518625000000002
2.217615400000245 1.58401099999812 8.889000000000001
2.218737675000245 1.584812624998119 9.629750000000003
2.219859950000246 1.585614249998118 10.3705
2.220982225000246 1.586415874998117 11.11125
2.222104500000246 1.587217499998116 11.852
2.223226775000246 1.588019124998115 12.59275
2.224349050000246 1.588820749998114 13.3335
2.225471325000246 1.589622374998113 14.07425
2.226593600000247 1.590423999998112 14.815
2.227715875000246 1.591225624998111 15.55575
2.228838150000247 1.59202724999811 16.2965
2.229960425000247 1.592828874998109 17.03725
2.231082700000247 1.593630499998108 17.778
2.232204975000247 1.594432124998107 18.51875
2.233327250000247 1.595233749998106 19.2595
2.234449525000247 1.596035374998106 20.00025
2.235571800000248 1.596836999998104 20.741
2.236694075000247 1.597638624998103 21.48175
2.237816350000248 1.598440249998103 22.2225
2.238938625000248 1.599241874998101 22.96325
2.240060900000248 1.600043499998101 23.704
2.241183175000248 1.6008451249981 24.44475
2.242305450000248 1.601646749998099 25.1855
2.243427725000248 1.602448374998098 25.92625
2.204709237500453 1.889750774998754 0.370375
2.205270375000453 1.890231749998754 0.7407499999999999
2.205831512500454 1.890712724998753 1.111125
2.206392650000454 1.891193699998753 1.4815
2.206953787500454 1.891674674998753 1.851875
2.207514925000454 1.892155649998752 2.22225
2.208076062500454 1.892636624998752 2.592625
2.208637200000454 1.893117599998752 2.963
2.209198337500454 1.893598574998751 3.333375
2.209759475000454 1.894079549998751 3.703750000000001
2.210320612500455 1.894560524998751 4.074125
2.210881750000455 1.895041499998751 4.444500000000001
2.211442887500455 1.89552247499875 4.814875
2.212004025000455 1.89600344999875 5.185250000000001
2.212565162500455 1.89648442499875 5.555625
2.213126300000455 1.896965399998749 5.925999999999999
2.213687437500455 1.897446374998749 6.296375000000001
2.214248575000455 1.897927349998749 6.66675
2.214809712500456 1.898408324998748 7.037125
2.215370850000455 1.898889299998748 7.407500000000002
2.215931987500456 1.899370274998748 7.777875000000001
2.216493125000456 1.899851249998747 8.148249999999999
2.217054262500456 1.900332224998747 8.518625000000002
2.217615400000456 1.900813199998747 8.889000000000001
2.218737675000456 1.901775149998746 9.629750000000003
2.219859950000457 1.902737099998746 10.3705
2.220982225000457 1.903699049998745 11.11125
2.222104500000457 1.904660999998744 11.852
2.223226775000457 1.905622949998744 12.59275
2.224349050000457 1.906584899998743 13.3335
2.225471325000458 1.907546849998742 14.07425
2.226593600000458 1.908508799998742 14.815
2.227715875000458 1.909470749998741 15.55575
2.228838150000458 1.91043269999874 16.2965
2.229960425000459 1.91139464999874 17.03725
2.231082700000459 1.912356599998739 17.778
2.232204975000459 1.913318549998738 18.51875
2.233327250000459 1.914280499998738 19.2595
2.23444952500046 1.915242449998737 20.00025
2.23557180000046 1.916204399998737 20.741
2.23669407500046 1.917166349998736 21.48175
2.23781635000046 1.918128299998735 22.2225
2.23893862500046 1.919090249998735 22.96325
2.240060900000461 1.920052199998734 23.704
2.241183175000461 1.921014149998733 24.44475
2.242305450000461 1.921976099998733 25.1855
2.243427725000462 1.922938049998732 25.92625
2.204709237500662 2.204709237499407 0.370375
2.205270375000662 2.205270374999407 0.7407499999999999
2.205831512500663 2.205831512499407 1.111125
2.206392650000663 2.206392649999406 1.4815
2.206953787500663 2.206953787499406 1.851875
2.207514925000663 2.207514924999406 2.22225
2.208076062500663 2.208076062499406 2.592625
2.208637200000664 2.208637199999406 2.963
2.209198337500664 2.209198337499406 3.333375
2.209759475000663 2.209759474999405 3.703750000000001
2.210320612500664 2.210320612499405 4.074125
2.210881750000664 2.210881749999405 4.444500000000001
2.211442887500664 2.211442887499405 4.814875
2.212004025000664 2.212004024999405 5.185250000000001
2.212565162500665 2.212565162499405 5.555625
2.213126300000665 2.213126299999404 5.925999999999999
2.213687437500665 2.213687437499404 6.296375000000001
2.214248575000665 2.214248574999404 6.66675
2.214809712500665 2.214809712499404 7.037125
2.215370850000665 2.215370849999404 7.407500000000002
2.215931987500666 2.215931987499403 7.777875000000001
2.216493125000666 2.216493124999404 8.148249999999999
2.217054262500666 2.217054262499404 8.518625000000002
2.217615400000666 2.217615399999403 8.889000000000001
2.218737675000666 2.218737674999403 9.629750000000003
2.219859950000667 2.219859949999403 10.3705
2.220982225000667 2.220982224999402 11.11125
2.222104500000667 2.222104499999402 11.852
2.223226775000668 2.223226774999402 12.59275
2.224349050000668 2.224349049999402 13.3335
2.225471325000668 2.225471324999401 14.07425
2.226593600000669 2.226593599999401 14.815
2.227715875000669 2.2277158749994 15.55575
2.22883815000067 2.228838149999401 16.2965
2.229960425000669 2.2299604249994 17.03725
2.23108270000067 2.2310826999994 17.778
2.23220497500067 2.232204974999399 18.51875
2.233327250000671 2.233327249999399 19.2595
2.234449525000671 2.234449524999399 20.00025
2.235571800000672 2.235571799999398 20.741
2.236694075000671 2.236694074999398 21.48175
2.237816350000672 2.237816349999398 22.2225
2.238938625000672 2.238938624999398 22.96325
2.240060900000673 2.240060899999397 23.704
2.241183175000673 2.241183174999397 24.44475
2.242305450000674 2.242305449999397 25.1855
2.243427725000674 2.243427724999397 25.92625
3 2 0 1645
5678
5679
5680
5681
5682
5683
5684
5685
5686
5687
5688
5689
5690
5691
5692
5693
5694
5695
5696
5697
5698
5699
5700
5701
5702
5703
5704
5705
5706
5707
5708
5709
5710
5711
5712
5713
5714
5715
5716
5717
5718
5719
5720
5721
5722
5723
5724
5725
5726
5727
5728
5729
5730
5731
5732
5733
5734
5735
5736
5737
5738
5739
5740
5741
5742
5743
5744
5745
5746
5747
5748
5749
5750
5751
5752
5753
5754
5755
5756
5757
5758
5759
5760
5761
5762
5763
5764
5765
5766
5767
5768
5769
5770
5771
5772
5773
5774
5775
5776
5777
5778
5779
5780
5781
5782
5783
5784
5785
5786
5787
5788
5789
5790
5791
5792
5793
5794
5795
5796
5797
5798
5799
5800
5801
5802
5803
5804
5805
5806
5807
5808
5809
5810
5811
5812
5813
5814
5815
5816
5817
5818
5819
5820
5821
5822
5823
5824
5825
5826
5827
5828
5829
5830
5831
5832
5833
5834
5835
5836
5837
5838
5839
5840
5841
5842
5843
5844
5845
5846
5847
5848
5849
5850
5851
5852
5853
5854
5855
5856
5857
5858
5859
5860
5861
5862
5863
5864
5865
5866
5867
5868
5869
5870
5871
5872
5873
5874
5875
5876
5877
5878
5879
5880
5881
5882
5883
5884
5885
5886
5887
5888
5889
5890
5891
5892
5893
5894
5895
5896
5897
5898
5899
5900
5901
5902
5903
5904
5905
5906
5907
5908
5909
5910
5911
5912
5913
5914
5915
5916
5917
5918
5919
5920
5921
5922
5923
5924
5925
5926
5927
5928
5929
5930
5931
5932
5933
5934
5935
5936
5937
5938
5939
5940
5941
5942
5943
5944
5945
5946
5947
5948
5949
5950
5951
5952
5953
5954
5955
5956
5957
5958
5959
5960
5961
5962
5963
5964
5965
5966
5967
5968
5969
5970
5971
5972
5973
5974
5975
5976
5977
5978
5979
5980
5981
5982
5983
5984
5985
5986
5987
5988
5989
5990
5991
5992
5993
5994
5995
5996
5997
5998
5999
6000
6001
6002
6003
6004
6005
6006
6007
6008
6009
6010
6011
6012
6013
6014
6015
6016
6017
6018
6019
6020
6021
6022
6023
6024
6025
6026
6027
6028
6029
6030
6031
6032
6033
6034
6035
6036
6037
6038
6039
6040
6041
6042
6043
6044
6045
6046
6047
6048
6049
6050
6051
6052
6053
6054
6055
6056
6057
6058
6059
6060
6061
6062
6063
6064
6065
6066
6067
6068
6069
6070
6071
6072
6073
6074
6075
6076
6077
6078
6079
6080
6081
6082
6083
6084
6085
6086
6087
6088
6089
6090
6091
6092
6093
6094
6095
6096
6097
6098
6099
6100
6101
6102
6103
6104
6105
6106
6107
6108
6109
6110
6111
6112
6113
6114
6115
6116
6117
6118
6119
6120
6121
6122
6123
6124
6125
6126
6127
6128
6129
6130
6131
6132
6133
6134
6135
6136
6137
6138
6139
6140
6141
6142
6143
6144
6145
6146
6147
6148
6149
6150
6151
6152
6153
6154
6155
6156
6157
6158
6159
6160
6161
6162
6163
6164
6165
6166
6167
6168
6169
6170
6171
6172
6173
6174
6175
6176
6177
6178
6179
6180
6181
6182
6183
6184
6185
6186
6187
6188
6189
6190
6191
6192
6193
6194
6195
6196
6197
6198
6199
6200
6201
6202
6203
6204
6205
6206
6207
6208
6209
6210
6211
6212
6213
6214
6215
6216
6217
6218
6219
6220
6221
6222
6223
6224
6225
6226
6227
6228
6229
6230
6231
6232
6233
6234
6235
6236
6237
6238
6239
6240
6241
6242
6243
6244
6245
6246
6247
6248
6249
6250
6251
6252
6253
6254
6255
6256
6257
6258
6259
6260
6261
6262
6263
6264
6265
6266
6267
6268
6269
6270
6271
6272
6273
6274
6275
6276
6277
6278
6279
6280
6281
6282
6283
6284
6285
6286
6287
6288
6289
6290
6291
6292
6293
6294
6295
6296
6297
6298
6299
6300
6301
6302
6303
6304
6305
6306
6307
6308
6309
6310
6311
6312
6313
6314
6315
6316
6317
6318
6319
6320
6321
6322
6323
6324
6325
6326
6327
6328
6329
6330
6331
6332
6333
6334
6335
6336
6337
6338
6339
6340
6341
6342
6343
6344
6345
6346
6347
6348
6349
6350
6351
6352
6353
6354
6355
6356
6357
6358
6359
6360
6361
6362
6363
6364
6365
6366
6367
6368
6369
6370
6371
6372
6373
6374
6375
6376
6377
6378
6379
6380
6381
6382
6383
6384
6385
6386
6387
6388
6389
6390
6391
6392
6393
6394
6395
6396
6397
6398
6399
6400
6401
6402
6403
6404
6405
6406
6407
6408
6409
6410
6411
6412
6413
6414
6415
6416
6417
6418
6419
6420
6421
6422
6423
6424
6425
6426
6427
6428
6429
6430
6431
6432
6433
6434
6435
6436
6437
6438
6439
6440
6441
6442
6443
6444
6445
6446
6447
6448
6449
6450
6451
6452
6453
6454
6455
6456
6457
6458
6459
6460
6461
6462
6463
6464
6465
6466
6467
6468
6469
6470
6471
6472
6473
6474
6475
6476
6477
6478
6479
6480
6481
6482
6483
6484
6485
6486
6487
6488
6489
6490
6491
6492
6493
6494
6495
6496
6497
6498
6499
6500
6501
6502
6503
6504
6505
6506
6507
6508
6509
6510
6511
6512
6513
6514
6515
6516
6517
6518
6519
6520
6521
6522
6523
6524
6525
6526
6527
6528
6529
6530
6531
6532
6533
6534
6535
6536
6537
6538
6539
6540
6541
6542
6543
6544
6545
6546
6547
6548
6549
6550
6551
6552
6553
6554
6555
6556
6557
6558
6559
6560
6561
6562
6563
6564
6565
6566
6567
6568
6569
6570
6571
6572
6573
6574
6575
6576
6577
6578
6579
6580
6581
6582
6583
6584
6585
6586
6587
6588
6589
6590
6591
6592
6593
6594
6595
6596
6597
6598
6599
6600
6601
6602
6603
6604
6605
6606
6607
6608
6609
6610
6611
6612
6613
6614
6615
6616
6617
6618
6619
6620
6621
6622
6623
6624
6625
6626
6627
6628
6629
6630
6631
6632
6633
6634
6635
6636
6637
6638
6639
6640
6641
6642
6643
6644
6645
6646
6647
6648
6649
6650
6651
6652
6653
6654
6655
6656
6657
6658
6659
6660
6661
6662
6663
6664
6665
6666
6667
6668
6669
6670
6671
6672
6673
6674
6675
6676
6677
6678
6679
6680
6681
6682
6683
6684
6685
6686
6687
6688
6689
6690
6691
6692
6693
6694
6695
6696
6697
6698
6699
6700
6701
6702
6703
6704
6705
6706
6707
6708
6709
6710
6711
6712
6713
6714
6715
6716
6717
6718
6719
6720
6721
6722
6723
6724
6725
6726
6727
6728
6729
6730
6731
6732
6733
6734
6735
6736
6737
6738
6739
6740
6741
6742
6743
6744
6745
6746
6747
6748
6749
6750
6751
6752
6753
6754
6755
6756
6757
6758
6759
6760
6761
6762
6763
6764
6765
6766
6767
6768
6769
6770
6771
6772
6773
6774
6775
6776
6777
6778
6779
6780
6781
6782
6783
6784
6785
6786
6787
6788
6789
6790
6791
6792
6793
6794
6795
6796
6797
6798
6799
6800
6801
6802
6803
6804
6805
6806
6807
6808
6809
6810
6811
6812
6813
6814
6815
6816
6817
6818
6819
6820
6821
6822
6823
6824
6825
6826
6827
6828
6829
6830
6831
6832
6833
6834
6835
6836
6837
6838
6839
6840
6841
6842
6843
6844
6845
6846
6847
6848
6849
6850
6851
6852
6853
6854
6855
6856
6857
6858
6859
6860
6861
6862
6863
6864
6865
6866
6867
6868
6869
6870
6871
6872
6873
6874
6875
6876
6877
6878
6879
6880
6881
6882
6883
6884
6885
6886
6887
6888
6889
6890
6891
6892
6893
6894
6895
6896
6897
6898
6899
6900
6901
6902
6903
6904
6905
6906
6907
6908
6909
6910
6911
6912
6913
6914
6915
6916
6917
6918
6919
6920
6921
6922
6923
6924
6925
6926
6927
6928
6929
6930
6931
6932
6933
6934
6935
6936
6937
6938
6939
6940
6941
6942
6943
6944
6945
6946
6947
6948
6949
6950
6951
6952
6953
6954
6955
6956
6957
6958
6959
6960
6961
6962
6963
6964
6965
6966
6967
6968
6969
6970
6971
6972
6973
6974
6975
6976
6977
6978
6979
6980
6981
6982
6983
6984
6985
6986
6987
6988
6989
6990
6991
6992
6993
6994
6995
6996
6997
6998
6999
7000
7001
7002
7003
7004
7005
7006
7007
7008
7009
7010
7011
7012
7013
7014
7015
7016
7017
7018
7019
7020
7021
7022
7023
7024
7025
7026
7027
7028
7029
7030
7031
7032
7033
7034
7035
7036
7037
7038
7039
7040
7041
7042
7043
7044
7045
7046
7047
7048
7049
7050
7051
7052
7053
7054
7055
7056
7057
7058
7059
7060
7061
7062
7063
7064
7065
7066
7067
7068
7069
7070
7071
7072
7073
7074
7075
7076
7077
7078
7079
7080
7081
7082
7083
7084
7085
7086
7087
7088
7089
7090
7091
7092
7093
7094
7095
7096
7097
7098
7099
7100
7101
7102
7103
7104
7105
7106
7107
7108
7109
7110
7111
7112
7113
7114
7115
7116
7117
7118
7119
7120
7121
7122
7123
7124
7125
7126
7127
7128
7129
7130
7131
7132
7133
7134
7135
7136
7137
7138
7139
7140
7141
7142
7143
7144
7145
7146
7147
7148
7149
7150
7151
7152
7153
7154
7155
7156
7157
7158
7159
7160
7161
7162
7163
7164
7165
7166
7167
7168
7169
7170
7171
7172
7173
7174
7175
7176
7177
7178
7179
7180
7181
7182
7183
7184
7185
7186
7187
7188
7189
7190
7191
7192
7193
7194
7195
7196
7197
7198
7199
7200
7201
7202
7203
7204
7205
7206
7207
7208
7209
7210
7211
7212
7213
7214
7215
7216
7217
7218
7219
7220
7221
7222
7223
7224
7225
7226
7227
7228
7229
7230
7231
7232
7233
7234
7235
7236
7237
7238
7239
7240
7241
7242
7243
7244
7245
7246
7247
7248
7249
7250
7251
7252
7253
7254
7255
7256
7257
7258
7259
7260
7261
7262
7263
7264
7265
7266
7267
7268
7269
7270
7271
7272
7273
7274
7275
7276
7277
7278
7279
7280
7281
7282
7283
7284
7285
7286
7287
7288
7289
7290
7291
7292
7293
7294
7295
7296
7297
7298
7299
7300
7301
7302
7303
7304
7305
7306
7307
7308
7309
7310
7311
7312
7313
7314
7315
7316
7317
7318
7319
7320
7321
7322
3.144529254695049 0.3653698117264549 0.370375
3.145329593013882 0.3654628048065583 0.7407499999999999
3.146129931332715 0.3655557978866618 1.111125
3.146930269651548 0.3656487909667652 1.4815
3.147730607970381 0.3657417840468686 1.851875
3.148530946289214 0.3658347771269721 2.22225
3.149331284608047 0.3659277702070756 2.592625
3.15013162292688 0.366020763287179 2.963
3.150931961245713 0.3661137563672824 3.333375
3.151732299564546 0.3662067494473858 3.703750000000001
3.152532637883379 0.3662997425274894 4.074125
3.153332976202213 0.3663927356075928 4.444500000000001
3.154133314521046 0.3664857286876962 4.814875
3.154933652839878 0.3665787217677997 5.185250000000001
3.155733991158712 0.3666717148479032 5.555625
3.156534329477545 0.3667647079280066 5.925999999999999
3.157334667796378 0.36685770100811 6.296375000000001
3.158135006115211 0.3669506940882135 6.66675
3.158935344434044 0.367043687168317 7.037125
3.159735682752877 0.3671366802484204 7.407500000000002
3.16053602107171 0.3672296733285239 7.777875000000001
3.161336359390543 0.3673226664086273 8.148249999999999
3.162136697709376 0.3674156594887308 8.518625000000002
3.162937036028209 0.3675086525688342 8.889000000000001
3.164537712665875 0.3676946387290411 9.629750000000003
3.166138389303542 0.367880624889248 10.3705
3.167739065941207 0.3680666110494549 11.11125
3.169339742578873 0.3682525972096618 11.852
3.17094041921654 0.3684385833698687 12.59275
3.172541095854205 0.3686245695300756 13.3335
3.174141772491871 0.3688105556902825 14.07425
3.175742449129538 0.3689965418504894 14.815
3.177343125767203 0.3691825280106963 15.55575
3.17894380240487 0.3693685141709032 16.2965
3.180544479042536 0.3695545003311101 17.03725
3.182145155680202 0.369740486491317 17.778
3.183745832317868 0.3699264726515239 18.51875
3.185346508955534 0.3701124588117308 19.2595
3.1869471855932 0.3702984449719377 20.00025
3.188547862230867 0.3704844311321446 20.741
3.190148538868532 0.3706704172923515 21.48175
3.191749215506199 0.3708564034525584 22.2225
3.193349892143865 0.3710423896127653 22.96325
3.194950568781531 0.3712283757729722 23.704
3.196551245419197 0.3714143619331791 24.44475
3.198151922056863 0.371600348093386 25.1855
3.199752598694529 0.3717863342535929 25.92625
3.12941182975455 0.7297485976054364 0.370375
3.130208320421323 0.7299343315320349 0.7407499999999999
3.131004811088097 0.7301200654586334 1.111125
3.131801301754871 0.7303057993852319 1.4815
3.132597792421645 0.7304915333118303 1.851875
3.133394283088419 0.7306772672384289 2.22225
3.134190773755193 0.7308630011650273 2.592625
3.134987264421967 0.7310487350916258 2.963
3.13578375508874 0.7312344690182242 3.333375
3.136580245755514 0.7314202029448227 3.703750000000001
3.137376736422288 0.7316059368714212 4.074125
3.138173227089062 0.7317916707980198 4.444500000000001
3.138969717755836 0.7319774047246181 4.814875
3.13976620842261 0.7321631386512166 5.185250000000001
3.140562699089384 0.7323488725778151 5.555625
3.141359189756157 0.7325346065044136 5.925999999999999
3.142155680422932 0.7327203404310121 6.296375000000001
3.142952171089705 0.7329060743576106 6.66675
3.143748661756479 0.7330918082842091 7.037125
3.144545152423253 0.7332775422108075 7.407500000000002
3.145341643090027 0.733463276137406 7.777875000000001
3.146138133756801 0.7336490100640045 8.148249999999999
3.146934624423575 0.7338347439906031 8.518625000000002
3.147731115090349 0.7340204779172015 8.889000000000001
3.149324096423896 0.7343919457703983 9.629750000000003
3.150917077757444 0.7347634136235954 10.3705
3.152510059090992 0.7351348814767923 11.11125
3.154103040424539 0.7355063493299893 11.852
3.155696021758087 0.7358778171831862 12.59275
3.157289003091635 0.7362492850363833 13.3335
3.158881984425183 0.7366207528895803 14.07425
3.160474965758731 0.7369922207427773 14.815
3.162067947092278 0.7373636885959741 15.55575
3.163660928425826 0.7377351564491712 16.2965
3.165253909759373 0.7381066243023681 17.03725
3.166846891092921 0.738478092155565 17.778
3.168439872426469 0.738849560008762 18.51875
3.170032853760017 0.739221027861959 19.2595
3.171625835093565 0.739592495715156 20.00025
3.173218816427112 0.7399639635683529 20.741
3.17481179776066 0.7403354314215498 21.48175
3.176404779094208 0.7407068992747469 22.2225
3.177997760427755 0.7410783671279437 22.96325
3.179590741761303 0.7414498349811407 23.704
3.181183723094851 0.7418213028343377 24.44475
3.182776704428399 0.7421927706875346 25.1855
3.184369685761947 0.7425642385407317 25.92625
3.104377939231658 1.092154875879565 0.370375
3.105168058330469 1.092432848614581 0.7407499999999999
3.105958177429281 1.092710821349598 1.111125
3.106748296528093 1.092988794084614 1.4815
3.107538415626904 1.093266766819631 1.851875
3.108328534725717 1.093544739554647 2.22225
3.109118653824529 1.093822712289664 2.592625
3.10990877292334 1.09410068502468 2.963
3.110698892022152 1.094378657759696 3.333375
3.111489011120963 1.094656630494713 3.703750000000001
3.112279130219776 1.094934603229729 4.074125
3.113069249318588 1.095212575964746 4.444500000000001
3.113859368417399 1.095490548699762 4.814875
3.114649487516211 1.095768521434779 5.185250000000001
3.115439606615023 1.096046494169795 5.555625
3.116229725713834 1.096324466904811 5.925999999999999
3.117019844812647 1.096602439639828 6.296375000000001
3.117809963911458 1.096880412374844 6.66675
3.11860008301027 1.097158385109861 7.037125
3.119390202109082 1.097436357844877 7.407500000000002
3.120180321207894 1.097714330579894 7.777875000000001
3.120970440306706 1.09799230331491 8.148249999999999
3.121760559405518 1.098270276049927 8.518625000000002
3.12255067850433 1.098548248784943 8.889000000000001
3.124130916701953 1.099104194254976 9.629750000000003
3.125711154899577 1.099660139725009 10.3705
3.1272913930972 1.100216085195041 11.11125
3.128871631294824 1.100772030665074 11.852
3.130451869492448 1.101327976135107 12.59275
3.132032107690071 1.10188392160514 13.3335
3.133612345887695 1.102439867075173 14.07425
3.135192584085319 1.102995812545206 14.815
3.136772822282942 1.103551758015239 15.55575
3.138353060480566 1.104107703485272 16.2965
3.139933298678189 1.104663648955304 17.03725
3.141513536875813 1.105219594425337 17.778
3.143093775073437 1.10577553989537 18.51875
3.14467401327106 1.106331485365403 19.2595
3.146254251468684 1.106887430835436 20.00025
3.147834489666308 1.107443376305469 20.741
3.149414727863931 1.107999321775502 21.48175
3.150994966061555 1.108555267245535 22.2225
3.152575204259179 1.109111212715567 22.96325
3.154155442456802 1.1096671581856 23.704
3.155735680654426 1.110223103655633 24.44475
3.15731591885205 1.110779049125666 25.1855
3.158896157049673 1.111334994595699 25.92625
3.069668673202985 1.451626161018192 0.370375
3.07044995817962 1.451995625553956 0.7407499999999999
3.071231243156257 1.45236509008972 1.111125
3.072012528132892 1.452734554625485 1.4815
3.072793813109528 1.453104019161249 1.851875
3.073575098086164 1.453473483697013 2.22225
3.074356383062801 1.453842948232778 2.592625
3.075137668039436 1.454212412768542 2.963
3.075918953016072 1.454581877304306 3.333375
3.076700237992708 1.454951341840071 3.703750000000001
3.077481522969344 1.455320806375835 4.074125
3.078262807945981 1.4556902709116 4.444500000000001
3.079044092922617 1.456059735447364 4.814875
3.079825377899252 1.456429199983128 5.185250000000001
3.080606662875889 1.456798664518893 5.555625
3.081387947852525 1.457168129054657 5.925999999999999
3.082169232829161 1.457537593590422 6.296375000000001
3.082950517805797 1.457907058126186 6.66675
3.083731802782433 1.45827652266195 7.037125
3.084513087759069 1.458645987197715 7.407500000000002
3.085294372735705 1.459015451733479 7.777875000000001
3.086075657712341 1.459384916269243 8.148249999999999
3.086856942688977 1.459754380805008 8.518625000000002
3.087638227665613 1.460123845340772 8.889000000000001
3.089200797618885 1.460862774412301 9.629750000000003
3.090763367572158 1.46160170348383 10.3705
3.092325937525429 1.462340632555358 11.11125
3.093888507478701 1.463079561626887 11.852
3.095451077431973 1.463818490698416 12.59275
3.097013647385245 1.464557419769944 13.3335
3.098576217338518 1.465296348841473 14.07425
3.10013878729179 1.466035277913002 14.815
3.101701357245061 1.46677420698453 15.55575
3.103263927198334 1.467513136056059 16.2965
3.104826497151606 1.468252065127588 17.03725
3.106389067104878 1.468990994199117 17.778
3.10795163705815 1.469729923270646 18.51875
3.109514207011422 1.470468852342174 19.2595
3.111076776964694 1.471207781413703 20.00025
3.112639346917967 1.471946710485232 20.741
3.114201916871238 1.47268563955676 21.48175
3.11576448682451 1.473424568628289 22.2225
3.117327056777782 1.474163497699818 22.96325
3.118889626731054 1.474902426771347 23.704
3.120452196684326 1.475641355842875 24.44475
3.122014766637599 1.476380284914404 25.1855
3.123577336590871 1.477119213985933 25.92625
3.025618301131379 1.807228232729246 0.370375
3.026388374509116 1.807688204282498 0.7407499999999999
3.027158447886854 1.808148175835751 1.111125
3.027928521264592 1.808608147389003 1.4815
3.028698594642329 1.809068118942256 1.851875
3.029468668020067 1.809528090495508 2.22225
3.030238741397805 1.809988062048761 2.592625
3.031008814775543 1.810448033602013 2.963
3.03177888815328 1.810908005155266 3.333375
3.032548961531017 1.811367976708518 3.703750000000001
3.033319034908756 1.811827948261771 4.074125
3.034089108286493 1.812287919815024 4.444500000000001
3.034859181664231 1.812747891368276 4.814875
3.035629255041968 1.813207862921529 5.185250000000001
3.036399328419706 1.813667834474781 5.555625
3.037169401797444 1.814127806028034 5.925999999999999
3.037939475175182 1.814587777581286 6.296375000000001
3.038709548552919 1.815047749134539 6.66675
3.039479621930657 1.815507720687791 7.037125
3.040249695308395 1.815967692241044 7.407500000000002
3.041019768686132 1.816427663794296 7.777875000000001
3.04178984206387 1.816887635347549 8.148249999999999
3.042559915441608 1.817347606900802 8.518625000000002
3.043329988819345 1.817807578454054 8.889000000000001
3.044870135574821 1.818727521560559 9.629750000000003
3.046410282330296 1.819647464667064 10.3705
3.047950429085772 1.820567407773569 11.11125
3.049490575841247 1.821487350880074 11.852
3.051030722596722 1.82240729398658 12.59275
3.052570869352198 1.823327237093085 13.3335
3.054111016107673 1.82424718019959 14.07425
3.055651162863148 1.825167123306095 14.815
3.057191309618624 1.8260870664126 15.55575
3.058731456374099 1.827007009519105 16.2965
3.060271603129574 1.82792695262561 17.03725
3.06181174988505 1.828846895732115 17.778
3.063351896640525 1.82976683883862 18.51875
3.064892043396001 1.830686781945125 19.2595
3.066432190151476 1.831606725051631 20.00025
3.067972336906951 1.832526668158136 20.741
3.069512483662427 1.833446611264641 21.48175
3.071052630417902 1.834366554371146 22.2225
3.072592777173377 1.835286497477651 22.96325
3.074132923928853 1.836206440584156 23.704
3.075673070684328 1.837126383690661 24.44475
3.077213217439803 1.838046326797166 25.1855
3.078753364195279 1.838966269903671 25.92625
2.972651052034553 2.158064134322204 0.370375
2.973407644310458 2.158613399818341 0.7407499999999999
2.974164236586364 2.159162665314478 1.111125
2.97492082886227 2.159711930810615 1.4815
2.975677421138176 2.160261196306752 1.851875
2.976434013414082 2.160810461802889 2.22225
2.977190605689988 2.161359727299026 2.592625
2.977947197965894 2.161908992795163 2.963
2.9787037902418 2.1624582582913 3.333375
2.979460382517706 2.163007523787436 3.703750000000001
2.980216974793612 2.163556789283574 4.074125
2.980973567069518 2.164106054779711 4.444500000000001
2.981730159345424 2.164655320275848 4.814875
2.98248675162133 2.165204585771984 5.185250000000001
2.983243343897236 2.165753851268122 5.555625
2.983999936173142 2.166303116764258 5.925999999999999
2.984756528449048 2.166852382260396 6.296375000000001
2.985513120724954 2.167401647756533 6.66675
2.98626971300086 2.16795091325267 7.037125
2.987026305276766 2.168500178748807 7.407500000000002
2.987782897552671 2.169049444244943 7.777875000000001
2.988539489828578 2.169598709741081 8.148249999999999
2.989296082104484 2.170147975237218 8.518625000000002
2.99005267438039 2.170697240733355 8.889000000000001
2.991565858932201 2.171795771725628 9.629750000000003
2.993079043484014 2.172894302717903 10.3705
2.994592228035825 2.173992833710176 11.11125
2.996105412587637 2.17509136470245 11.852
2.997618597139449 2.176189895694724 12.59275
2.999131781691261 2.177288426686998 13.3335
3.000644966243073 2.178386957679272 14.07425
3.002158150794885 2.179485488671546 14.815
3.003671335346697 2.18058401966382 15.55575
3.005184519898509 2.181682550656094 16.2965
3.006697704450321 2.182781081648368 17.03725
3.008210889002133 2.183879612640642 17.778
3.009724073553945 2.184978143632916 18.51875
3.011237258105757 2.18607667462519 19.2595
3.012750442657569 2.187175205617464 20.00025
3.014263627209381 2.188273736609738 20.741
3.015776811761192 2.189372267602012 21.48175
3.017289996313004 2.190470798594286 22.2225
3.018803180864816 2.19156932958656 22.96325
3.020316365416628 2.192667860578834 23.704
3.02182954996844 2.193766391571108 24.44475
3.023342734520252 2.194864922563382 25.1855
3.024855919072064 2.195963453555656 25.92625
2.9112770294999 2.50328280940695 0.370375
2.912018001001426 2.503919939162462 0.7407499999999999
2.912758972502953 2.504557068917975 1.111125
2.913499944004481 2.505194198673486 1.4815
2.914240915506007 2.505831328428999 1.851875
2.914981887007535 2.506468458184511 2.22225
2.915722858509062 2.507105587940023 2.592625
2.916463830010589 2.507742717695535 2.963
2.917204801512116 2.508379847451047 3.333375
2.917945773013643 2.509016977206559 3.703750000000001
2.91868674451517 2.509654106962071 4.074125
2.919427716016697 2.510291236717583 4.444500000000001
2.920168687518224 2.510928366473095 4.814875
2.920909659019751 2.511565496228607 5.185250000000001
2.921650630521278 2.512202625984119 5.555625
2.922391602022806 2.512839755739631 5.925999999999999
2.923132573524333 2.513476885495144 6.296375000000001
2.923873545025859 2.514114015250656 6.66675
2.924614516527387 2.514751145006168 7.037125
2.925355488028914 2.51538827476168 7.407500000000002
2.926096459530441 2.516025404517192 7.777875000000001
2.926837431031968 2.516662534272704 8.148249999999999
2.927578402533495 2.517299664028216 8.518625000000002
2.928319374035022 2.517936793783728 8.889000000000001
2.929801317038076 2.519211053294752 9.629750000000003
2.93128326004113 2.520485312805777 10.3705
2.932765203044184 2.5217595723168 11.11125
2.934247146047239 2.523033831827825 11.852
2.935729089050293 2.524308091338849 12.59275
2.937211032053347 2.525582350849873 13.3335
2.938692975056401 2.526856610360897 14.07425
2.940174918059455 2.528130869871922 14.815
2.941656861062509 2.529405129382945 15.55575
2.943138804065564 2.53067938889397 16.2965
2.944620747068618 2.531953648404994 17.03725
2.946102690071672 2.533227907916018 17.778
2.947584633074726 2.534502167427042 18.51875
2.94906657607778 2.535776426938066 19.2595
2.950548519080835 2.537050686449091 20.00025
2.952030462083889 2.538324945960115 20.741
2.953512405086943 2.539599205471139 21.48175
2.954994348089997 2.540873464982163 22.2225
2.956476291093051 2.542147724493187 22.96325
2.957958234096105 2.543421984004211 23.704
2.95944017709916 2.544696243515236 24.44475
2.960922120102214 2.54597050302626 25.1855
2.962404063105268 2.547244762537284 25.92625
3.769390809388165 0.4157811609532687 0.370375
3.77035018602583 0.4158869846134757 0.7407499999999999
3.771309562663496 0.4159928082736827 1.111125
3.772268939301161 0.4160986319338897 1.4815
3.773228315938827 0.4162044555940966 1.851875
3.774187692576493 0.4163102792543037 2.22225
3.775147069214158 0.4164161029145107 2.592625
3.776106445851824 0.4165219265747176 2.963
3.777065822489489 0.4166277502349247 3.333375
3.778025199127155 0.4167335738951316 3.703750000000001
3.778984575764821 0.4168393975553386 4.074125
3.779943952402486 0.4169452212155457 4.444500000000001
3.780903329040152 0.4170510448757526 4.814875
3.781862705677817 0.4171568685359596 5.185250000000001
3.782822082315483 0.4172626921961666 5.555625
3.783781458953148 0.4173685158563736 5.925999999999999
3.784740835590815 0.4174743395165806 6.296375000000001
3.78570021222848 0.4175801631767875 6.66675
3.786659588866145 0.4176859868369946 7.037125
3.787618965503811 0.4177918104972015 7.407500000000002
3.788578342141476 0.4178976341574085 7.777875000000001
3.789537718779142 0.4180034578176156 8.148249999999999
3.790497095416808 0.4181092814778226 8.518625000000002
3.791456472054473 0.4182151051380295 8.889000000000001
3.793375225329804 0.4184267524584435 9.629750000000003
3.795293978605136 0.4186383997788575 10.3705
3.797212731880467 0.4188500470992714 11.11125
3.799131485155798 0.4190616944196854 11.852
3.80105023843113 0.4192733417400994 12.59275
3.802968991706461 0.4194849890605134 13.3335
3.804887744981792 0.4196966363809274 14.07425
3.806806498257123 0.4199082837013414 14.815
3.808725251532454 0.4201199310217553 15.55575
3.810644004807786 0.4203315783421694 16.2965
3.812562758083117 0.4205432256625833 17.03725
3.814481511358448 0.4207548729829973 17.778
3.816400264633779 0.4209665203034113 18.51875
3.81831901790911 0.4211781676238253 19.2595
3.820237771184442 0.4213898149442393 20.00025
3.822156524459773 0.4216014622646532 20.741
3.824075277735103 0.4218131095850672 21.48175
3.825994031010436 0.4220247569054812 22.2225
3.827912784285766 0.4222364042258951 22.96325
3.829831537561097 0.4224480515463092 23.704
3.831750290836429 0.4226596988667231 24.44475
3.83366904411176 0.4228713461871371 25.1855
3.835587797387091 0.4230829935075511 25.92625
3.739155959507182 0.8295802702119836 0.370375
3.740107640840729 0.8297914130651807 0.7407499999999999
3.741059322174277 0.830002555918378 1.111125
3.742011003507824 0.8302136987715752 1.4815
3.742962684841371 0.8304248416247724 1.851875
3.743914366174919 0.8306359844779697 2.22225
3.744866047508467 0.8308471273311671 2.592625
3.745817728842014 0.8310582701843642 2.963
3.74676941017556 0.8312694130375614 3.333375
3.747721091509107 0.8314805558907586 3.703750000000001
3.748672772842655 0.831691698743956 4.074125
3.749624454176203 0.8319028415971532 4.444500000000001
3.75057613550975 0.8321139844503505 4.814875
3.751527816843296 0.8323251273035477 5.185250000000001
3.752479498176844 0.8325362701567449 5.555625
3.753431179510391 0.8327474130099422 5.925999999999999
3.754382860843939 0.8329585558631395 6.296375000000001
3.755334542177486 0.8331696987163366 6.66675
3.756286223511033 0.833380841569534 7.037125
3.757237904844581 0.8335919844227312 7.407500000000002
3.758189586178128 0.8338031272759283 7.777875000000001
3.759141267511675 0.8340142701291257 8.148249999999999
3.760092948845223 0.834225412982323 8.518625000000002
3.76104463017877 0.8344365558355202 8.889000000000001
3.762947992845864 0.8348588415419146 9.629750000000003
3.764851355512959 0.8352811272483092 10.3705
3.766754718180053 0.8357034129547036 11.11125
3.768658080847147 0.8361256986610981 11.852
3.770561443514242 0.8365479843674926 12.59275
3.772464806181337 0.8369702700738871 13.3335
3.774368168848431 0.8373925557802816 14.07425
3.776271531515526 0.8378148414866762 14.815
3.77817489418262 0.8382371271930705 15.55575
3.780078256849715 0.8386594128994651 16.2965
3.781981619516809 0.8390816986058596 17.03725
3.783884982183904 0.839503984312254 17.778
3.785788344850998 0.8399262700186486 18.51875
3.787691707518093 0.8403485557250431 19.2595
3.789595070185187 0.8407708414314375 20.00025
3.791498432852282 0.8411931271378321 20.741
3.793401795519376 0.8416154128442265 21.48175
3.795305158186471 0.8420376985506212 22.2225
3.797208520853565 0.8424599842570155 22.96325
3.79911188352066 0.84288226996341 23.704
3.801015246187754 0.8433045556698046 24.44475
3.802918608854849 0.843726841376199 25.1855
3.804821971521943 0.8441491270825935 25.92625
3.689088178461447 1.239434364261007 0.370375
3.69002711665907 1.23974982223104 0.7407499999999999
3.690966054856693 1.240065280201074 1.111125
3.691904993054316 1.240380738171107 1.4815
3.692843931251939 1.24069619614114 1.851875
3.693782869449563 1.241011654111174 2.22225
3.694721807647186 1.241327112081207 2.592625
3.695660745844809 1.241642570051241 2.963
3.696599684042432 1.241958028021274 3.333375
3.697538622240055 1.242273485991307 3.703750000000001
3.698477560437679 1.24258894396134 4.074125
3.699416498635302 1.242904401931374 4.444500000000001
3.700355436832925 1.243219859901407 4.814875
3.701294375030548 1.243535317871441 5.185250000000001
3.702233313228172 1.243850775841474 5.555625
3.703172251425794 1.244166233811507 5.925999999999999
3.704111189623418 1.244481691781541 6.296375000000001
3.705050127821041 1.244797149751574 6.66675
3.705989066018664 1.245112607721607 7.037125
3.706928004216287 1.245428065691641 7.407500000000002
3.70786694241391 1.245743523661674 7.777875000000001
3.708805880611533 1.246058981631707 8.148249999999999
3.709744818809157 1.246374439601741 8.518625000000002
3.71068375700678 1.246689897571774 8.889000000000001
3.712561633402026 1.247320813511841 9.629750000000003
3.714439509797273 1.247951729451908 10.3705
3.716317386192519 1.248582645391974 11.11125
3.718195262587765 1.249213561332041 11.852
3.720073138983012 1.249844477272107 12.59275
3.721951015378258 1.250475393212174 13.3335
3.723828891773504 1.251106309152241 14.07425
3.725706768168751 1.251737225092308 14.815
3.727584644563997 1.252368141032374 15.55575
3.729462520959244 1.252999056972441 16.2965
3.731340397354489 1.253629972912508 17.03725
3.733218273749736 1.254260888852574 17.778
3.735096150144982 1.254891804792641 18.51875
3.736974026540229 1.255522720732708 19.2595
3.738851902935475 1.256153636672774 20.00025
3.740729779330721 1.256784552612841 20.741
3.742607655725967 1.257415468552908 21.48175
3.744485532121214 1.258046384492975 22.2225
3.74636340851646 1.258677300433041 22.96325
3.748241284911706 1.259308216373108 23.704
3.750119161306953 1.259939132313175 24.44475
3.751997037702199 1.260570048253241 25.1855
3.753874914097446 1.261200964193308 25.92625
3.619669646404177 1.643418472039004 0.370375
3.620590916357449 1.643836751110533 0.7407499999999999
3.621512186310721 1.644255030182062 1.111125
3.622433456263992 1.644673309253592 1.4815
3.623354726217264 1.645091588325121 1.851875
3.624275996170535 1.645509867396651 2.22225
3.625197266123807 1.64592814646818 2.592625
3.626118536077079 1.646346425539709 2.963
3.62703980603035 1.646764704611239 3.333375
3.627961075983622 1.647182983682768 3.703750000000001
3.628882345936893 1.647601262754298 4.074125
3.629803615890165 1.648019541825827 4.444500000000001
3.630724885843437 1.648437820897356 4.814875
3.631646155796708 1.648856099968886 5.185250000000001
3.63256742574998 1.649274379040415 5.555625
3.633488695703251 1.649692658111944 5.925999999999999
3.634409965656523 1.650110937183474 6.296375000000001
3.635331235609795 1.650529216255003 6.66675
3.636252505563067 1.650947495326533 7.037125
3.637173775516338 1.651365774398062 7.407500000000002
3.638095045469609 1.651784053469591 7.777875000000001
3.639016315422881 1.652202332541121 8.148249999999999
3.639937585376153 1.652620611612651 8.518625000000002
3.640858855329425 1.65303889068418 8.889000000000001
3.642701395235967 1.653875448827238 9.629750000000003
3.644543935142511 1.654712006970297 10.3705
3.646386475049054 1.655548565113356 11.11125
3.648229014955597 1.656385123256415 11.852
3.650071554862141 1.657221681399474 12.59275
3.651914094768684 1.658058239542533 13.3335
3.653756634675227 1.658894797685591 14.07425
3.65559917458177 1.65973135582865 14.815
3.657441714488313 1.660567913971709 15.55575
3.659284254394857 1.661404472114768 16.2965
3.6611267943014 1.662241030257826 17.03725
3.662969334207943 1.663077588400885 17.778
3.664811874114486 1.663914146543944 18.51875
3.66665441402103 1.664750704687003 19.2595
3.668496953927573 1.665587262830062 20.00025
3.670339493834117 1.666423820973121 20.741
3.672182033740659 1.667260379116179 21.48175
3.674024573647203 1.668096937259238 22.2225
3.675867113553746 1.668933495402297 22.96325
3.677709653460289 1.669770053545356 23.704
3.679552193366832 1.670606611688414 24.44475
3.681394733273376 1.671443169831473 25.1855
3.683237273179919 1.672279727974532 25.92625
3.531568902261074 2.039664152960158 0.370375
3.532467749016548 2.040183283566664 0.7407499999999999
3.533366595772024 2.04070241417317 1.111125
3.534265442527499 2.041221544779675 1.4815
3.535164289282973 2.041740675386181 1.851875
3.536063136038448 2.042259805992686 2.22225
3.536961982793924 2.042778936599192 2.592625
3.537860829549398 2.043298067205697 2.963
3.538759676304873 2.043817197812202 3.333375
3.539658523060348 2.044336328418708 3.703750000000001
3.540557369815823 2.044855459025213 4.074125
3.541456216571298 2.045374589631719 4.444500000000001
3.542355063326773 2.045893720238225 4.814875
3.543253910082248 2.04641285084473 5.185250000000001
3.544152756837723 2.046931981451236 5.555625
3.545051603593198 2.047451112057741 5.925999999999999
3.545950450348673 2.047970242664247 6.296375000000001
3.546849297104148 2.048489373270752 6.66675
3.547748143859623 2.049008503877258 7.037125
3.548646990615098 2.049527634483763 7.407500000000002
3.549545837370572 2.050046765090269 7.777875000000001
3.550444684126048 2.050565895696774 8.148249999999999
3.551343530881523 2.05108502630328 8.518625000000002
3.552242377636997 2.051604156909785 8.889000000000001
3.554040071147947 2.052642418122796 9.629750000000003
3.555837764658897 2.053680679335808 10.3705
3.557635458169847 2.054718940548818 11.11125
3.559433151680797 2.055757201761829 11.852
3.561230845191747 2.05679546297484 12.59275
3.563028538702697 2.057833724187851 13.3335
3.564826232213647 2.058871985400863 14.07425
3.566623925724597 2.059910246613874 14.815
3.568421619235546 2.060948507826884 15.55575
3.570219312746497 2.061986769039896 16.2965
3.572017006257446 2.063025030252907 17.03725
3.573814699768396 2.064063291465918 17.778
3.575612393279346 2.065101552678929 18.51875
3.577410086790296 2.06613981389194 19.2595
3.579207780301246 2.067178075104951 20.00025
3.581005473812196 2.068216336317962 20.741
3.582803167323145 2.069254597530973 21.48175
3.584600860834096 2.070292858743984 22.2225
3.586398554345045 2.071331119956995 22.96325
3.588196247855995 2.072369381170006 23.704
3.589993941366945 2.073407642383017 24.44475
3.591791634877895 2.074445903596028 25.1855
3.593589328388845 2.075484164809039 25.92625
3.425634404067562 2.426377493645106 0.370375
3.426506288619373 2.426995049637379 0.7407499999999999
3.427378173171185 2.427612605629654 1.111125
3.428250057722996 2.428230161621928 1.4815
3.429121942274807 2.428847717614202 1.851875
3.429993826826619 2.429465273606476 2.22225
3.430865711378431 2.430082829598751 2.592625
3.431737595930243 2.430700385591025 2.963
3.432609480482054 2.431317941583298 3.333375
3.433481365033865 2.431935497575572 3.703750000000001
3.434353249585677 2.432553053567847 4.074125
3.435225134137489 2.433170609560121 4.444500000000001
3.4360970186893 2.433788165552395 4.814875
3.436968903241111 2.434405721544669 5.185250000000001
3.437840787792923 2.435023277536943 5.555625
3.438712672344735 2.435640833529217 5.925999999999999
3.439584556896547 2.436258389521492 6.296375000000001
3.440456441448358 2.436875945513766 6.66675
3.441328326000169 2.43749350150604 7.037125
3.442200210551981 2.438111057498314 7.407500000000002
3.443072095103792 2.438728613490588 7.777875000000001
3.443943979655604 2.439346169482862 8.148249999999999
3.444815864207416 2.439963725475137 8.518625000000002
3.445687748759227 2.440581281467411 8.889000000000001
3.44743151786285 2.441816393451959 9.629750000000003
3.449175286966474 2.443051505436507 10.3705
3.450919056070096 2.444286617421056 11.11125
3.452662825173719 2.445521729405604 11.852
3.454406594277343 2.446756841390152 12.59275
3.456150363380966 2.447991953374701 13.3335
3.457894132484589 2.449227065359249 14.07425
3.459637901588212 2.450462177343797 14.815
3.461381670691835 2.451697289328345 15.55575
3.463125439795459 2.452932401312894 16.2965
3.464869208899081 2.454167513297442 17.03725
3.466612978002704 2.45540262528199 17.778
3.468356747106327 2.456637737266538 18.51875
3.47010051620995 2.457872849251087 19.2595
3.471844285313574 2.459107961235635 20.00025
3.473588054417197 2.460343073220183 20.741
3.475331823520819 2.461578185204731 21.48175
3.477075592624443 2.46281329718928 22.2225
3.478819361728066 2.464048409173828 22.96325
3.480563130831689 2.465283521158376 23.704
3.482306899935312 2.466518633142925 24.44475
3.484050669038935 2.467753745127473 25.1855
3.485794438142559 2.468988857112021 25.92625
3.302886358998424 2.801856381313613 0.370375
3.303727002001478 2.802569503324637 0.7407499999999999
3.304567645004532 2.803282625335662 1.111125
3.305408288007586 2.803995747346685 1.4815
3.306248931010639 2.80470886935771 1.851875
3.307089574013693 2.805421991368734 2.22225
3.307930217016747 2.806135113379758 2.592625
3.308770860019801 2.806848235390782 2.963
3.309611503022855 2.807561357401806 3.333375
3.310452146025908 2.80827447941283 3.703750000000001
3.311292789028963 2.808987601423854 4.074125
3.312133432032017 2.809700723434879 4.444500000000001
3.31297407503507 2.810413845445902 4.814875
3.313814718038123 2.811126967456926 5.185250000000001
3.314655361041178 2.81184008946795 5.555625
3.315496004044231 2.812553211478974 5.925999999999999
3.316336647047285 2.813266333489999 6.296375000000001
3.317177290050339 2.813979455501022 6.66675
3.318017933053393 2.814692577512047 7.037125
3.318858576056447 2.815405699523071 7.407500000000002
3.3196992190595 2.816118821534095 7.777875000000001
3.320539862062554 2.816831943545119 8.148249999999999
3.321380505065608 2.817545065556143 8.518625000000002
3.322221148068662 2.818258187567167 8.889000000000001
3.323902434074769 2.819684431589215 9.629750000000003
3.325583720080878 2.821110675611264 10.3705
3.327265006086984 2.822536919633311 11.11125
3.328946292093092 2.823963163655359 11.852
3.3306275780992 2.825389407677408 12.59275
3.332308864105308 2.826815651699456 13.3335
3.333990150111415 2.828241895721504 14.07425
3.335671436117523 2.829668139743553 14.815
3.33735272212363 2.8310943837656 15.55575
3.339034008129738 2.832520627787649 16.2965
3.340715294135846 2.833946871809697 17.03725
3.342396580141953 2.835373115831745 17.778
3.344077866148061 2.836799359853793 18.51875
3.345759152154169 2.838225603875841 19.2595
3.347440438160276 2.83965184789789 20.00025
3.349121724166384 2.841078091919938 20.741
3.350803010172491 2.842504335941986 21.48175
3.352484296178599 2.843930579964034 22.2225
3.354165582184707 2.845356823986082 22.96325
3.355846868190814 2.84678306800813 23.704
3.357528154196922 2.848209312030178 24.44475
3.359209440203029 2.849635556052227 25.1855
3.360890726209137 2.851061800074275 25.92625
4.394252364081865 0.4661925101796564 0.370375
4.395370779038363 0.4663111644199668 0.7407499999999999
4.396489193994862 0.4664298186602773 1.111125
4.397607608951359 0.4665484729005877 1.4815
4.398726023907858 0.4666671271408981 1.851875
4.399844438864356 0.4667857813812085 2.22225
4.400962853820855 0.466904435621519 2.592625
4.402081268777353 0.4670230898618294 2.963
4.403199683733851 0.4671417441021398 3.333375
4.404318098690349 0.4672603983424502 3.703750000000001
4.405436513646848 0.4673790525827606 4.074125
4.406554928603346 0.4674977068230711 4.444500000000001
4.407673343559845 0.4676163610633815 4.814875
4.408791758516343 0.4677350153036919 5.185250000000001
4.409910173472841 0.4678536695440024 5.555625
4.411028588429339 0.4679723237843127 5.925999999999999
4.412147003385838 0.4680909780246232 6.296375000000001
4.413265418342336 0.4682096322649336 6.66675
4.414383833298834 0.4683282865052441 7.037125
4.415502248255333 0.4684469407455545 7.407500000000002
4.41662066321183 0.4685655949858649 7.777875000000001
4.41773907816833 0.4686842492261753 8.148249999999999
4.418857493124828 0.4688029034664858 8.518625000000002
4.419975908081326 0.4689215577067962 8.889000000000001
4.422212737994323 0.469158866187417 9.629750000000003
4.424449567907319 0.4693961746680379 10.3705
4.426686397820315 0.4696334831486587 11.11125
4.428923227733312 0.4698707916292795 11.852
4.431160057646309 0.4701081001099004 12.59275
4.433396887559305 0.4703454085905213 13.3335
4.435633717472302 0.4705827170711421 14.07425
4.437870547385299 0.4708200255517629 14.815
4.440107377298295 0.4710573340323838 15.55575
4.442344207211293 0.4712946425130047 16.2965
4.444581037124289 0.4715319509936255 17.03725
4.446817867037285 0.4717692594742463 17.778
4.449054696950282 0.4720065679548672 18.51875
4.451291526863279 0.472243876435488 19.2595
4.453528356776276 0.4724811849161089 20.00025
4.455765186689272 0.4727184933967298 20.741
4.458002016602268 0.4729558018773505 21.48175
4.460238846515265 0.4731931103579715 22.2225
4.462475676428261 0.4734304188385923 22.96325
4.464712506341258 0.4736677273192131 23.704
4.466949336254255 0.473905035799834 24.44475
4.469186166167252 0.4741423442804548 25.1855
4.471422996080248 0.4743796527610757 25.92625
4.348900089259777 0.9294119428176814 0.370375
4.350006961260097 0.9296484945974771 0.7407499999999999
4.351113833260418 0.929885046377273 1.111125
4.352220705260739 0.9301215981570686 1.4815
4.353327577261059 0.9303581499368644 1.851875
4.35443444926138 0.9305947017166603 2.22225
4.3555413212617 0.9308312534964561 2.592625
4.356648193262021 0.9310678052762519 2.963
4.357755065262341 0.9313043570560476 3.333375
4.358861937262662 0.9315409088358434 3.703750000000001
4.359968809262983 0.9317774606156393 4.074125
4.361075681263304 0.9320140123954351 4.444500000000001
4.362182553263624 0.9322505641752309 4.814875
4.363289425263945 0.9324871159550265 5.185250000000001
4.364396297264266 0.9327236677348224 5.555625
4.365503169264586 0.9329602195146182 5.925999999999999
4.366610041264907 0.933196771294414 6.296375000000001
4.367716913265228 0.9334333230742098 6.66675
4.368823785265548 0.9336698748540057 7.037125
4.369930657265868 0.9339064266338014 7.407500000000002
4.371037529266189 0.9341429784135972 7.777875000000001
4.37214440126651 0.934379530193393 8.148249999999999
4.373251273266831 0.9346160819731889 8.518625000000002
4.374358145267151 0.9348526337529847 8.889000000000001
4.376571889267792 0.9353257373125761 9.629750000000003
4.378785633268434 0.9357988408721678 10.3705
4.380999377269075 0.9362719444317593 11.11125
4.383213121269717 0.9367450479913509 11.852
4.385426865270357 0.9372181515509426 12.59275
4.387640609270999 0.9376912551105342 13.3335
4.38985435327164 0.9381643586701257 14.07425
4.392068097272282 0.9386374622297173 14.815
4.394281841272923 0.9391105657893088 15.55575
4.396495585273565 0.9395836693489006 16.2965
4.398709329274205 0.9400567729084921 17.03725
4.400923073274846 0.9405298764680836 17.778
4.403136817275488 0.9410029800276752 18.51875
4.405350561276129 0.9414760835872669 19.2595
4.407564305276771 0.9419491871468585 20.00025
4.409778049277412 0.9424222907064501 20.741
4.411991793278053 0.9428953942660415 21.48175
4.414205537278694 0.9433684978256333 22.2225
4.416419281279335 0.9438416013852248 22.96325
4.418633025279976 0.9443147049448164 23.704
4.420846769280618 0.944787808504408 24.44475
4.423060513281259 0.9452609120639996 25.1855
4.425274257281901 0.9457340156235912 25.92625
4.273798417690606 1.386713852641183 0.370375
4.274886174987039 1.387066795846233 0.7407499999999999
4.275973932283474 1.387419739051283 1.111125
4.277061689579909 1.387772682256333 1.4815
4.278149446876342 1.388125625461383 1.851875
4.279237204172778 1.388478568666433 2.22225
4.280324961469212 1.388831511871483 2.592625
4.281412718765646 1.389184455076533 2.963
4.28250047606208 1.389537398281583 3.333375
4.283588233358514 1.389890341486632 3.703750000000001
4.284675990654949 1.390243284691683 4.074125
4.285763747951384 1.390596227896733 4.444500000000001
4.286851505247817 1.390949171101782 4.814875
4.287939262544252 1.391302114306832 5.185250000000001
4.289027019840686 1.391655057511882 5.555625
4.290114777137121 1.392008000716932 5.925999999999999
4.291202534433555 1.392360943921982 6.296375000000001
4.292290291729989 1.392713887127032 6.66675
4.293378049026424 1.393066830332082 7.037125
4.294465806322858 1.393419773537132 7.407500000000002
4.295553563619293 1.393772716742182 7.777875000000001
4.296641320915727 1.394125659947232 8.148249999999999
4.297729078212162 1.394478603152282 8.518625000000002
4.298816835508596 1.394831546357332 8.889000000000001
4.300992350101464 1.395537432767431 9.629750000000003
4.303167864694333 1.396243319177531 10.3705
4.305343379287201 1.396949205587631 11.11125
4.30751889388007 1.397655091997731 11.852
4.309694408472939 1.398360978407831 12.59275
4.311869923065808 1.399066864817931 13.3335
4.314045437658677 1.399772751228031 14.07425
4.316220952251546 1.400478637638131 14.815
4.318396466844414 1.40118452404823 15.55575
4.320571981437284 1.40189041045833 16.2965
4.322747496030152 1.40259629686843 17.03725
4.32492301062302 1.40330218327853 17.778
4.327098525215889 1.40400806968863 18.51875
4.329274039808758 1.40471395609873 19.2595
4.331449554401627 1.40541984250883 20.00025
4.333625068994495 1.40612572891893 20.741
4.335800583587363 1.406831615329029 21.48175
4.337976098180233 1.407537501739129 22.2225
4.340151612773101 1.408243388149229 22.96325
4.34232712736597 1.408949274559329 23.704
4.344502641958838 1.409655160969429 24.44475
4.346678156551707 1.410361047379529 25.1855
4.348853671144576 1.411066933789628 25.92625
4.169670619604184 1.835210783058141 0.370375
4.17073187453409 1.835677876665435 0.7407499999999999
4.171793129463998 1.836144970272729 1.111125
4.172854384393904 1.836612063880023 1.4815
4.173915639323811 1.837079157487317 1.851875
4.174976894253718 1.837546251094611 2.22225
4.176038149183626 1.838013344701905 2.592625
4.177099404113532 1.838480438309199 2.963
4.178160659043439 1.838947531916493 3.333375
4.179221913973345 1.839414625523787 3.703750000000001
4.180283168903252 1.839881719131081 4.074125
4.18134442383316 1.840348812738375 4.444500000000001
4.182405678763066 1.840815906345669 4.814875
4.183466933692973 1.841282999952963 5.185250000000001
4.18452818862288 1.841750093560257 5.555625
4.185589443552787 1.842217187167551 5.925999999999999
4.186650698482694 1.842684280774845 6.296375000000001
4.187711953412601 1.843151374382139 6.66675
4.188773208342508 1.843618467989433 7.037125
4.189834463272414 1.844085561596727 7.407500000000002
4.190895718202321 1.844552655204021 7.777875000000001
4.191956973132228 1.845019748811315 8.148249999999999
4.193018228062136 1.845486842418609 8.518625000000002
4.194079482992042 1.845953936025903 8.889000000000001
4.196201992851855 1.846888123240491 9.629750000000003
4.19832450271167 1.847822310455079 10.3705
4.200447012571483 1.848756497669667 11.11125
4.202569522431297 1.849690684884255 11.852
4.204692032291111 1.850624872098843 12.59275
4.206814542150925 1.851559059313431 13.3335
4.208937052010739 1.852493246528019 14.07425
4.211059561870552 1.853427433742607 14.815
4.213182071730366 1.854361620957195 15.55575
4.21530458159018 1.855295808171783 16.2965
4.217427091449994 1.856229995386371 17.03725
4.219549601309808 1.857164182600959 17.778
4.221672111169622 1.858098369815547 18.51875
4.223794621029436 1.859032557030135 19.2595
4.225917130889249 1.859966744244723 20.00025
4.228039640749063 1.860900931459311 20.741
4.230162150608876 1.861835118673899 21.48175
4.23228466046869 1.862769305888487 22.2225
4.234407170328504 1.863703493103075 22.96325
4.236529680188318 1.864637680317663 23.704
4.238652190048132 1.865571867532251 24.44475
4.240774699907946 1.866506054746839 25.1855
4.24289720976776 1.867440241961427 25.92625
4.037519503389049 2.272100073189002 0.370375
4.03854712352226 2.272678362848759 0.7407499999999999
4.039574743655472 2.273256652508518 1.111125
4.040602363788684 2.273834942168275 1.4815
4.041629983921895 2.274413231828033 1.851875
4.042657604055108 2.274991521487792 2.22225
4.04368522418832 2.27556981114755 2.592625
4.044712844321531 2.276148100807307 2.963
4.045740464454743 2.276726390467065 3.333375
4.046768084587955 2.277304680126823 3.703750000000001
4.047795704721167 2.277882969786581 4.074125
4.048823324854379 2.278461259446339 4.444500000000001
4.049850944987591 2.279039549106097 4.814875
4.050878565120802 2.279617838765855 5.185250000000001
4.051906185254014 2.280196128425613 5.555625
4.052933805387226 2.280774418085371 5.925999999999999
4.053961425520438 2.281352707745129 6.296375000000001
4.054989045653649 2.281930997404887 6.66675
4.056016665786861 2.282509287064645 7.037125
4.057044285920073 2.283087576724403 7.407500000000002
4.058071906053284 2.28366586638416 7.777875000000001
4.059099526186496 2.284244156043919 8.148249999999999
4.060127146319708 2.284822445703677 8.518625000000002
4.06115476645292 2.285400735363435 8.889000000000001
4.063210006719343 2.28655731468295 9.629750000000003
4.065265246985767 2.287713894002466 10.3705
4.06732048725219 2.288870473321982 11.11125
4.069375727518613 2.290027052641498 11.852
4.071430967785037 2.291183631961014 12.59275
4.073486208051461 2.29234021128053 13.3335
4.075541448317884 2.293496790600046 14.07425
4.077596688584308 2.294653369919562 14.815
4.079651928850732 2.295809949239078 15.55575
4.081707169117156 2.296966528558594 16.2965
4.083762409383579 2.298123107878109 17.03725
4.085817649650002 2.299279687197625 17.778
4.087872889916426 2.300436266517141 18.51875
4.089928130182849 2.301592845836657 19.2595
4.091983370449273 2.302749425156173 20.00025
4.094038610715697 2.303906004475689 20.741
4.096093850982119 2.305062583795205 21.48175
4.098149091248544 2.306219163114721 22.2225
4.100204331514967 2.307375742434237 22.96325
4.10225957178139 2.308532321753753 23.704
4.104314812047814 2.309688901073269 24.44475
4.106370052314237 2.310845480392785 25.1855
4.108425292580661 2.312002059712301 25.92625
3.878617756098344 2.694690852965554 0.370375
3.87960493292606 2.695376699453965 0.7407499999999999
3.880592109753777 2.696062545942376 1.111125
3.881579286581494 2.696748392430786 1.4815
3.88256646340921 2.697434238919197 1.851875
3.883553640236927 2.698120085407608 2.22225
3.884540817064643 2.698805931896018 2.592625
3.88552799389236 2.699491778384429 2.963
3.886515170720076 2.700177624872839 3.333375
3.887502347547792 2.70086347136125 3.703750000000001
3.88848952437551 2.701549317849661 4.074125
3.889476701203226 2.702235164338072 4.444500000000001
3.890463878030943 2.702921010826482 4.814875
3.891451054858659 2.703606857314893 5.185250000000001
3.892438231686376 2.704292703803304 5.555625
3.893425408514092 2.704978550291714 5.925999999999999
3.894412585341809 2.705664396780125 6.296375000000001
3.895399762169525 2.706350243268536 6.66675
3.896386938997242 2.707036089756946 7.037125
3.897374115824959 2.707721936245357 7.407500000000002
3.898361292652675 2.708407782733767 7.777875000000001
3.899348469480392 2.709093629222179 8.148249999999999
3.900335646308108 2.709779475710589 8.518625000000002
3.901322823135825 2.710465322199 8.889000000000001
3.903297176791257 2.711837015175821 9.629750000000003
3.905271530446691 2.713208708152643 10.3705
3.907245884102124 2.714580401129464 11.11125
3.909220237757557 2.715952094106285 11.852
3.91119459141299 2.717323787083106 12.59275
3.913168945068423 2.718695480059928 13.3335
3.915143298723856 2.720067173036749 14.07425
3.91711765237929 2.721438866013571 14.815
3.919092006034723 2.722810558990392 15.55575
3.921066359690156 2.724182251967213 16.2965
3.923040713345589 2.725553944944034 17.03725
3.925015067001022 2.726925637920856 17.778
3.926989420656455 2.728297330897677 18.51875
3.928963774311888 2.729669023874499 19.2595
3.930938127967321 2.73104071685132 20.00025
3.932912481622755 2.732412409828141 20.741
3.934886835278187 2.733784102804962 21.48175
3.936861188933621 2.735155795781784 22.2225
3.938835542589053 2.736527488758605 22.96325
3.940809896244487 2.737899181735427 23.704
3.94278424989992 2.739270874712248 24.44475
3.944758603555353 2.740642567689069 25.1855
3.946732957210786 2.742014260665891 25.92625
3.694495688494239 3.100429953217457 0.370375
3.695436002998818 3.101219067483992 0.7407499999999999
3.696376317503399 3.102008181750528 1.111125
3.697316632007978 3.102797296017063 1.4815
3.698256946512558 3.103586410283598 1.851875
3.699197261017138 3.104375524550134 2.22225
3.700137575521718 3.105164638816669 2.592625
3.701077890026298 3.105953753083204 2.963
3.702018204530877 3.106742867349739 3.333375
3.702958519035457 3.107531981616275 3.703750000000001
3.703898833540037 3.10832109588281 4.074125
3.704839148044617 3.109110210149346 4.444500000000001
3.705779462549197 3.109899324415881 4.814875
3.706719777053777 3.110688438682416 5.185250000000001
3.707660091558357 3.111477552948952 5.555625
3.708600406062936 3.112266667215487 5.925999999999999
3.709540720567516 3.113055781482023 6.296375000000001
3.710481035072096 3.113844895748558 6.66675
3.711421349576676 3.114634010015093 7.037125
3.712361664081256 3.115423124281628 7.407500000000002
3.713301978585835 3.116212238548164 7.777875000000001
3.714242293090416 3.117001352814699 8.148249999999999
3.715182607594996 3.117790467081235 8.518625000000002
3.716122922099575 3.11857958134777 8.889000000000001
3.718003551108735 3.12015780988084 9.629750000000003
3.719884180117895 3.121736038413912 10.3705
3.721764809127054 3.123314266946982 11.11125
3.723645438136214 3.124892495480053 11.852
3.725526067145374 3.126470724013124 12.59275
3.727406696154533 3.128048952546195 13.3335
3.729287325163693 3.129627181079265 14.07425
3.731167954172853 3.131205409612336 14.815
3.733048583182012 3.132783638145406 15.55575
3.734929212191172 3.134361866678478 16.2965
3.736809841200332 3.135940095211548 17.03725
3.738690470209491 3.137518323744619 17.778
3.740571099218651 3.13909655227769 18.51875
3.742451728227811 3.14067478081076 19.2595
3.744332357236971 3.142253009343831 20.00025
3.74621298624613 3.143831237876902 20.741
3.74809361525529 3.145409466409972 21.48175
3.74997424426445 3.146987694943043 22.2225
3.751854873273609 3.148565923476114 22.96325
3.753735502282769 3.150144152009184 23.704
3.755616131291929 3.151722380542255 24.44475
3.757496760301088 3.153300609075326 25.1855
3.759377389310248 3.154878837608397 25.92625
5.019113918778529 0.5166038594060747 0.370375
5.020391372053861 0.5167353442264886 0.7407499999999999
5.021668825329193 0.5168668290469025 1.111125
5.022946278604524 0.5169983138673163 1.4815
5.024223731879855 0.5171297986877301 1.851875
5.025501185155188 0.517261283508144 2.22225
5.02677863843052 0.517392768328558 2.592625
5.028056091705851 0.5175242531489718 2.963
5.029333544981183 0.5176557379693856 3.333375
5.030610998256514 0.5177872227897994 3.703750000000001
5.031888451531847 0.5179187076102133 4.074125
5.033165904807179 0.5180501924306272 4.444500000000001
5.03444335808251 0.518181677251041 4.814875
5.035720811357842 0.5183131620714549 5.185250000000001
5.036998264633174 0.5184446468918689 5.555625
5.038275717908506 0.5185761317122827 5.925999999999999
5.039553171183837 0.5187076165326966 6.296375000000001
5.040830624459169 0.5188391013531104 6.66675
5.042108077734501 0.5189705861735243 7.037125
5.043385531009832 0.5191020709939381 7.407500000000002
5.044662984285164 0.5192335558143519 7.777875000000001
5.045940437560496 0.5193650406347659 8.148249999999999
5.047217890835828 0.5194965254551798 8.518625000000002
5.04849534411116 0.5196280102755936 8.889000000000001
5.051050250661823 0.5198909799164213 9.629750000000003
5.053605157212487 0.520153949557249 10.3705
5.05616006376315 0.5204169191980768 11.11125
5.058714970313813 0.5206798888389045 11.852
5.061269876864477 0.5209428584797322 12.59275
5.063824783415141 0.5212058281205599 13.3335
5.066379689965805 0.5214687977613877 14.07425
5.068934596516468 0.5217317674022155 14.815
5.071489503067131 0.5219947370430431 15.55575
5.074044409617795 0.5222577066838709 16.2965
5.076599316168458 0.5225206763246986 17.03725
5.079154222719122 0.5227836459655263 17.778
5.081709129269786 0.523046615606354 18.51875
5.084264035820449 0.5233095852471819 19.2595
5.086818942371113 0.5235725548880096 20.00025
5.089373848921777 0.5238355245288373 20.741
5.09192875547244 0.5240984941696649 21.48175
5.094483662023104 0.5243614638104928 22.2225
5.097038568573767 0.5246244334513204 22.96325
5.09959347512443 0.5248874030921482 23.704
5.102148381675094 0.5251503727329759 24.44475
5.104703288225758 0.5254133423738037 25.1855
5.107258194776422 0.5256763120146314 25.92625
4.958644219014999 1.029243615423437 0.370375
4.959906281682093 1.029505576129832 0.7407499999999999
4.961168344349188 1.029767536836226 1.111125
4.962430407016282 1.030029497542621 1.4815
4.963692469683377 1.030291458249015 1.851875
4.964954532350472 1.030553418955409 2.22225
4.966216595017567 1.030815379661804 2.592625
4.967478657684661 1.031077340368198 2.963
4.968740720351756 1.031339301074592 3.333375
4.97000278301885 1.031601261780986 3.703750000000001
4.971264845685945 1.031863222487381 4.074125
4.97252690835304 1.032125183193775 4.444500000000001
4.973788971020134 1.03238714390017 4.814875
4.975051033687229 1.032649104606564 5.185250000000001
4.976313096354324 1.032911065312958 5.555625
4.977575159021418 1.033173026019353 5.925999999999999
4.978837221688513 1.033434986725747 6.296375000000001
4.980099284355608 1.033696947432141 6.66675
4.981361347022703 1.033958908138536 7.037125
4.982623409689797 1.03422086884493 7.407500000000002
4.983885472356891 1.034482829551324 7.777875000000001
4.985147535023986 1.034744790257719 8.148249999999999
4.986409597691082 1.035006750964113 8.518625000000002
4.987671660358176 1.035268711670508 8.889000000000001
4.990195785692364 1.035792633083296 9.629750000000003
4.992719911026555 1.036316554496085 10.3705
4.995244036360744 1.036840475908874 11.11125
4.997768161694934 1.037364397321662 11.852
5.000292287029123 1.037888318734451 12.59275
5.002816412363313 1.03841224014724 13.3335
5.005340537697502 1.038936161560029 14.07425
5.007864663031691 1.039460082972817 14.815
5.01038878836588 1.039984004385606 15.55575
5.01291291370007 1.040507925798395 16.2965
5.015437039034259 1.041031847211183 17.03725
5.017961164368448 1.041555768623972 17.778
5.020485289702638 1.042079690036761 18.51875
5.023009415036827 1.04260361144955 19.2595
5.025533540371017 1.043127532862338 20.00025
5.028057665705206 1.043651454275127 20.741
5.030581791039395 1.044175375687916 21.48175
5.033105916373585 1.044699297100705 22.2225
5.035630041707774 1.045223218513493 22.96325
5.038154167041963 1.045747139926282 23.704
5.040678292376152 1.046271061339071 24.44475
5.043202417710342 1.046794982751859 25.1855
5.045726543044531 1.047318904164648 25.92625
4.858508656922023 1.533993341021438 0.370375
4.859745233317269 1.534383769461505 0.7407499999999999
4.860981809712515 1.534774197901571 1.111125
4.862218386107761 1.535164626341638 1.4815
4.863454962503007 1.535555054781704 1.851875
4.864691538898254 1.535945483221771 2.22225
4.8659281152935 1.536335911661838 2.592625
4.867164691688746 1.536726340101904 2.963
4.868401268083992 1.53711676854197 3.333375
4.869637844479238 1.537507196982037 3.703750000000001
4.870874420874484 1.537897625422104 4.074125
4.87211099726973 1.53828805386217 4.444500000000001
4.873347573664977 1.538678482302237 4.814875
4.874584150060222 1.539068910742303 5.185250000000001
4.875820726455468 1.53945933918237 5.555625
4.877057302850715 1.539849767622436 5.925999999999999
4.878293879245961 1.540240196062503 6.296375000000001
4.879530455641206 1.540630624502569 6.66675
4.880767032036453 1.541021052942636 7.037125
4.882003608431699 1.541411481382702 7.407500000000002
4.883240184826945 1.541801909822769 7.777875000000001
4.884476761222191 1.542192338262836 8.148249999999999
4.885713337617438 1.542582766702902 8.518625000000002
4.886949914012684 1.542973195142969 8.889000000000001
4.889423066803175 1.543754052023102 9.629750000000003
4.891896219593669 1.544534908903235 10.3705
4.89436937238416 1.545315765783368 11.11125
4.896842525174653 1.546096622663501 11.852
4.899315677965145 1.546877479543634 12.59275
4.901788830755637 1.547658336423767 13.3335
4.90426198354613 1.5484391933039 14.07425
4.906735136336621 1.549220050184033 14.815
4.909208289127114 1.550000907064166 15.55575
4.911681441917606 1.5507817639443 16.2965
4.914154594708098 1.551562620824432 17.03725
4.91662774749859 1.552343477704565 17.778
4.919100900289083 1.553124334584699 18.51875
4.921574053079575 1.553905191464832 19.2595
4.924047205870068 1.554686048344965 20.00025
4.92652035866056 1.555466905225098 20.741
4.928993511451051 1.556247762105231 21.48175
4.931466664241545 1.557028618985364 22.2225
4.933939817032036 1.557809475865497 22.96325
4.936412969822529 1.55859033274563 23.704
4.938886122613021 1.559371189625763 24.44475
4.941359275403513 1.560152046505896 25.1855
4.943832428194005 1.56093290338603 25.92625
4.719671592806048 2.027003094077369 0.370375
4.72087283271259 2.027519002220428 0.7407499999999999
4.722074072619133 2.028034910363486 1.111125
4.723275312525676 2.028550818506545 1.4815
4.724476552432217 2.029066726649603 1.851875
4.725677792338761 2.029582634792662 2.22225
4.726879032245304 2.030098542935721 2.592625
4.728080272151846 2.03061445107878 2.963
4.729281512058389 2.031130359221838 3.333375
4.730482751964931 2.031646267364896 3.703750000000001
4.731683991871474 2.032162175507955 4.074125
4.732885231778017 2.032678083651014 4.444500000000001
4.734086471684559 2.033193991794072 4.814875
4.735287711591101 2.033709899937131 5.185250000000001
4.736488951497645 2.03422580808019 5.555625
4.737690191404187 2.034741716223248 5.925999999999999
4.73889143131073 2.035257624366307 6.296375000000001
4.740092671217273 2.035773532509366 6.66675
4.741293911123815 2.036289440652424 7.037125
4.742495151030358 2.036805348795483 7.407500000000002
4.7436963909369 2.037321256938541 7.777875000000001
4.744897630843443 2.037837165081601 8.148249999999999
4.746098870749986 2.038353073224659 8.518625000000002
4.747300110656528 2.038868981367718 8.889000000000001
4.749702590469613 2.039900797653835 9.629750000000003
4.752105070282699 2.040932613939952 10.3705
4.754507550095784 2.041964430226069 11.11125
4.75691002990887 2.042996246512187 11.852
4.759312509721955 2.044028062798304 12.59275
4.76171498953504 2.045059879084421 13.3335
4.764117469348125 2.046091695370539 14.07425
4.766519949161211 2.047123511656656 14.815
4.768922428974295 2.048155327942773 15.55575
4.771324908787381 2.04918714422889 16.2965
4.773727388600467 2.050218960515007 17.03725
4.776129868413552 2.051250776801125 17.778
4.778532348226637 2.052282593087242 18.51875
4.780934828039722 2.053314409373359 19.2595
4.783337307852808 2.054346225659477 20.00025
4.785739787665893 2.055378041945594 20.741
4.788142267478978 2.056409858231711 21.48175
4.790544747292063 2.057441674517829 22.2225
4.792947227105149 2.058473490803945 22.96325
4.795349706918234 2.059505307090063 23.704
4.797752186731319 2.06053712337618 24.44475
4.800154666544405 2.061568939662298 25.1855
4.80255714635749 2.062600755948415 25.92625
4.543470104518457 2.504535993417937 0.370375
4.544626498029406 2.505173442130947 0.7407499999999999
4.545782891540355 2.505810890843958 1.111125
4.546939285051304 2.506448339556968 1.4815
4.548095678562253 2.507085788269978 1.851875
4.549252072073203 2.507723236982989 2.22225
4.550408465584152 2.508360685695999 2.592625
4.5515648590951 2.508998134409009 2.963
4.552721252606049 2.50963558312202 3.333375
4.553877646116997 2.51027303183503 3.703750000000001
4.555034039627947 2.51091048054804 4.074125
4.556190433138896 2.511547929261051 4.444500000000001
4.557346826649844 2.512185377974061 4.814875
4.558503220160794 2.512822826687072 5.185250000000001
4.559659613671743 2.513460275400083 5.555625
4.560816007182692 2.514097724113093 5.925999999999999
4.561972400693641 2.514735172826103 6.296375000000001
4.56312879420459 2.515372621539114 6.66675
4.564285187715539 2.516010070252124 7.037125
4.565441581226487 2.516647518965134 7.407500000000002
4.566597974737436 2.517284967678145 7.777875000000001
4.567754368248385 2.517922416391155 8.148249999999999
4.568910761759335 2.518559865104166 8.518625000000002
4.570067155270284 2.519197313817176 8.889000000000001
4.572379942292181 2.520472211243197 9.629750000000003
4.574692729314079 2.521747108669218 10.3705
4.577005516335976 2.523022006095239 11.11125
4.579318303357875 2.524296903521259 11.852
4.581631090379773 2.52557180094728 12.59275
4.583943877401671 2.526846698373301 13.3335
4.586256664423569 2.528121595799322 14.07425
4.588569451445466 2.529396493225343 14.815
4.590882238467364 2.530671390651364 15.55575
4.593195025489263 2.531946288077385 16.2965
4.59550781251116 2.533221185503405 17.03725
4.597820599533058 2.534496082929426 17.778
4.600133386554957 2.535770980355447 18.51875
4.602446173576854 2.537045877781468 19.2595
4.604758960598752 2.538320775207489 20.00025
4.60707174762065 2.53959567263351 20.741
4.609384534642547 2.54087057005953 21.48175
4.611697321664447 2.542145467485551 22.2225
4.614010108686344 2.543420364911572 22.96325
4.616322895708241 2.544695262337593 23.704
4.618635682730139 2.545970159763614 24.44475
4.620948469752038 2.547245057189635 25.1855
4.623261256773936 2.548519954615656 25.92625
4.331601108130107 2.963004212286081 0.370375
4.332703577233729 2.963758349270628 0.7407499999999999
4.333806046337351 2.964512486255176 1.111125
4.334908515440972 2.965266623239723 1.4815
4.336010984544593 2.96602076022427 1.851875
4.337113453648215 2.966774897208817 2.22225
4.338215922751838 2.967529034193364 2.592625
4.33931839185546 2.968283171177912 2.963
4.340420860959081 2.969037308162459 3.333375
4.341523330062703 2.969791445147006 3.703750000000001
4.342625799166325 2.970545582131553 4.074125
4.343728268269947 2.971299719116101 4.444500000000001
4.344830737373568 2.972053856100648 4.814875
4.34593320647719 2.972807993085195 5.185250000000001
4.347035675580812 2.973562130069742 5.555625
4.348138144684434 2.974316267054289 5.925999999999999
4.349240613788056 2.975070404038837 6.296375000000001
4.350343082891677 2.975824541023384 6.66675
4.351445551995299 2.976578678007932 7.037125
4.352548021098921 2.977332814992478 7.407500000000002
4.353650490202543 2.978086951977025 7.777875000000001
4.354752959306165 2.978841088961573 8.148249999999999
4.355855428409787 2.97959522594612 8.518625000000002
4.356957897513409 2.980349362930668 8.889000000000001
4.359162835720651 2.981857636899762 9.629750000000003
4.361367773927896 2.983365910868856 10.3705
4.363572712135139 2.984874184837951 11.11125
4.365777650342383 2.986382458807045 11.852
4.367982588549626 2.987890732776139 12.59275
4.37018752675687 2.989399006745234 13.3335
4.372392464964114 2.990907280714329 14.07425
4.374597403171357 2.992415554683423 14.815
4.376802341378601 2.993923828652517 15.55575
4.379007279585845 2.995432102621612 16.2965
4.381212217793088 2.996940376590707 17.03725
4.383417156000331 2.998448650559801 17.778
4.385622094207576 2.999956924528895 18.51875
4.387827032414819 3.00146519849799 19.2595
4.390031970622063 3.002973472467084 20.00025
4.392236908829307 3.004481746436179 20.741
4.39444184703655 3.005990020405273 21.48175
4.396646785243794 3.007498294374368 22.2225
4.398851723451037 3.009006568343462 22.96325
4.401056661658281 3.010514842312557 23.704
4.403261599865525 3.012023116281651 24.44475
4.405466538072768 3.013531390250745 25.1855
4.407671476280012 3.01503966421984 25.92625
4.086105017990556 3.39900352512135 0.370375
4.087145003996661 3.399868631643396 0.7407499999999999
4.088184990002768 3.400733738165443 1.111125
4.089224976008873 3.401598844687489 1.4815
4.090264962014979 3.402463951209536 1.851875
4.091304948021086 3.403329057731582 2.22225
4.092344934027192 3.40419416425363 2.592625
4.093384920033298 3.405059270775676 2.963
4.094424906039404 3.405924377297723 3.333375
4.095464892045509 3.406789483819769 3.703750000000001
4.096504878051616 3.407654590341816 4.074125
4.097544864057722 3.408519696863863 4.444500000000001
4.098584850063828 3.409384803385909 4.814875
4.099624836069934 3.410249909907956 5.185250000000001
4.10066482207604 3.411115016430003 5.555625
4.101704808082146 3.411980122952049 5.925999999999999
4.102744794088252 3.412845229474096 6.296375000000001
4.103784780094358 3.413710335996142 6.66675
4.104824766100465 3.414575442518189 7.037125
4.10586475210657 3.415440549040236 7.407500000000002
4.106904738112676 3.416305655562282 7.777875000000001
4.107944724118783 3.417170762084329 8.148249999999999
4.108984710124888 3.418035868606376 8.518625000000002
4.110024696130994 3.418900975128423 8.889000000000001
4.112104668143206 3.420631188172516 9.629750000000003
4.114184640155418 3.42236140121661 10.3705
4.11626461216763 3.424091614260703 11.11125
4.118344584179842 3.425821827304796 11.852
4.120424556192054 3.427552040348889 12.59275
4.122504528204266 3.429282253392983 13.3335
4.124584500216478 3.431012466437076 14.07425
4.126664472228691 3.432742679481169 14.815
4.128744444240902 3.434472892525262 15.55575
4.130824416253115 3.436203105569356 16.2965
4.132904388265326 3.437933318613449 17.03725
4.134984360277539 3.439663531657542 17.778
4.137064332289751 3.441393744701636 18.51875
4.139144304301963 3.443123957745729 19.2595
4.141224276314174 3.444854170789823 20.00025
4.143304248326387 3.446584383833916 20.741
4.145384220338599 3.448314596878009 21.48175
4.147464192350811 3.450044809922103 22.2225
4.149544164363022 3.451775022966196 22.96325
4.151624136375235 3.453505236010289 23.704
4.153704108387447 3.455235449054383 24.44475
4.155784080399659 3.456965662098476 25.1855
4.157864052411871 3.458695875142569 25.92625
5.643975473475493 0.5670152086328374 0.370375
5.645411965069657 0.5671595240333548 0.7407499999999999
5.646848456663824 0.5673038394338722 1.111125
5.648284948257988 0.5674481548343896 1.4815
5.649721439852153 0.567592470234907 1.851875
5.651157931446319 0.5677367856354244 2.22225
5.652594423040485 0.5678811010359418 2.592625
5.654030914634649 0.5680254164364592 2.963
5.655467406228815 0.5681697318369765 3.333375
5.656903897822979 0.5683140472374939 3.703750000000001
5.658340389417146 0.5684583626380113 4.074125
5.659776881011311 0.5686026780385288 4.444500000000001
5.661213372605476 0.5687469934390461 4.814875
5.662649864199641 0.5688913088395635 5.185250000000001
5.664086355793807 0.5690356242400809 5.555625
5.665522847387972 0.5691799396405983 5.925999999999999
5.666959338982138 0.5693242550411157 6.296375000000001
5.668395830576302 0.5694685704416331 6.66675
5.669832322170469 0.5696128858421505 7.037125
5.671268813764633 0.5697572012426679 7.407500000000002
5.672705305358798 0.5699015166431852 7.777875000000001
5.674141796952964 0.5700458320437026 8.148249999999999
5.67557828854713 0.5701901474442201 8.518625000000002
5.677014780141294 0.5703344628447374 8.889000000000001
5.679887763329624 0.5706230936457722 9.629750000000003
5.682760746517956 0.570911724446807 10.3705
5.685633729706286 0.5712003552478417 11.11125
5.688506712894617 0.5714889860488765 11.852
5.691379696082947 0.5717776168499114 12.59275
5.694252679271278 0.5720662476509462 13.3335
5.697125662459609 0.572354878451981 14.07425
5.699998645647939 0.5726435092530158 14.815
5.702871628836269 0.5729321400540505 15.55575
5.705744612024601 0.5732207708550854 16.2965
5.708617595212931 0.5735094016561201 17.03725
5.711490578401262 0.5737980324571549 17.778
5.714363561589592 0.5740866632581897 18.51875
5.717236544777923 0.5743752940592245 19.2595
5.720109527966254 0.5746639248602593 20.00025
5.722982511154584 0.5749525556612941 20.741
5.725855494342914 0.5752411864623288 21.48175
5.728728477531246 0.5755298172633636 22.2225
5.731601460719576 0.5758184480643984 22.96325
5.734474443907907 0.5761070788654331 23.704
5.737347427096237 0.5763957096664679 24.44475
5.740220410284568 0.5766843404675027 25.1855
5.743093393472899 0.5769729712685375 25.92625
5.568388348770921 1.12907528802988 0.370375
5.56980560210479 1.129362657662873 0.7407499999999999
5.571222855438659 1.129650027295866 1.111125
5.572640108772528 1.129937396928859 1.4815
5.574057362106396 1.130224766561852 1.851875
5.575474615440266 1.130512136194845 2.22225
5.576891868774135 1.130799505827838 2.592625
5.578309122108004 1.131086875460831 2.963
5.579726375441872 1.131374245093824 3.333375
5.581143628775741 1.131661614726817 3.703750000000001
5.582560882109609 1.131948984359811 4.074125
5.583978135443479 1.132236353992804 4.444500000000001
5.585395388777347 1.132523723625797 4.814875
5.586812642111216 1.13281109325879 5.185250000000001
5.588229895445085 1.133098462891783 5.555625
5.589647148778954 1.133385832524776 5.925999999999999
5.591064402112823 1.133673202157769 6.296375000000001
5.592481655446692 1.133960571790762 6.66675
5.593898908780561 1.134247941423755 7.037125
5.59531616211443 1.134535311056748 7.407500000000002
5.596733415448298 1.134822680689741 7.777875000000001
5.598150668782168 1.135110050322734 8.148249999999999
5.599567922116037 1.135397419955728 8.518625000000002
5.600985175449906 1.135684789588721 8.889000000000001
5.603819682117643 1.136259528854707 9.629750000000003
5.606654188785382 1.136834268120693 10.3705
5.609488695453119 1.137409007386679 11.11125
5.612323202120857 1.137983746652665 11.852
5.615157708788595 1.138558485918652 12.59275
5.617992215456332 1.139133225184638 13.3335
5.62082672212407 1.139707964450624 14.07425
5.623661228791808 1.14028270371661 14.815
5.626495735459545 1.140857442982596 15.55575
5.629330242127284 1.141432182248583 16.2965
5.632164748795021 1.142006921514569 17.03725
5.634999255462759 1.142581660780555 17.778
5.637833762130497 1.143156400046541 18.51875
5.640668268798235 1.143731139312527 19.2595
5.643502775465973 1.144305878578514 20.00025
5.646337282133711 1.1448806178445 20.741
5.649171788801448 1.145455357110486 21.48175
5.652006295469186 1.146030096376472 22.2225
5.654840802136923 1.146604835642458 22.96325
5.657675308804661 1.147179574908445 23.704
5.660509815472399 1.147754314174431 24.44475
5.663344322140137 1.148329053440417 25.1855
5.666178828807875 1.148903792706403 25.92625
5.443218896154516 1.681272829402715 0.370375
5.444604291648574 1.681700743077798 0.7407499999999999
5.445989687142633 1.682128656752882 1.111125
5.44737508263669 1.682556570427965 1.4815
5.448760478130748 1.682984484103049 1.851875
5.450145873624806 1.683412397778132 2.22225
5.451531269118865 1.683840311453216 2.592625
5.452916664612923 1.684268225128299 2.963
5.454302060106981 1.684696138803382 3.333375
5.455687455601039 1.685124052478466 3.703750000000001
5.457072851095098 1.685551966153549 4.074125
5.458458246589156 1.685979879828633 4.444500000000001
5.459843642083213 1.686407793503716 4.814875
5.461229037577271 1.686835707178799 5.185250000000001
5.46261443307133 1.687263620853883 5.555625
5.463999828565388 1.687691534528966 5.925999999999999
5.465385224059447 1.68811944820405 6.296375000000001
5.466770619553505 1.688547361879133 6.66675
5.468156015047563 1.688975275554216 7.037125
5.469541410541621 1.6894031892293 7.407500000000002
5.470926806035679 1.689831102904383 7.777875000000001
5.472312201529737 1.690259016579467 8.148249999999999
5.473697597023796 1.69068693025455 8.518625000000002
5.475082992517854 1.691114843929634 8.889000000000001
5.477853783505969 1.6919706712798 9.629750000000003
5.480624574494087 1.692826498629967 10.3705
5.483395365482203 1.693682325980134 11.11125
5.486166156470318 1.694538153330301 11.852
5.488936947458435 1.695393980680467 12.59275
5.491707738446552 1.696249808030634 13.3335
5.494478529434668 1.697105635380801 14.07425
5.497249320422784 1.697961462730968 14.815
5.5000201114109 1.698817290081135 15.55575
5.502790902399017 1.699673117431302 16.2965
5.505561693387133 1.700528944781468 17.03725
5.508332484375249 1.701384772131635 17.778
5.511103275363365 1.702240599481802 18.51875
5.513874066351482 1.703096426831969 19.2595
5.516644857339599 1.703952254182136 20.00025
5.519415648327715 1.704808081532303 20.741
5.52218643931583 1.705663908882469 21.48175
5.524957230303948 1.706519736232636 22.2225
5.527728021292063 1.707375563582803 22.96325
5.53049881228018 1.70823139093297 23.704
5.533269603268296 1.709087218283137 24.44475
5.536040394256412 1.709943045633303 25.1855
5.538811185244529 1.71079887298347 25.92625
5.26967256600933 2.218795405097946 0.370375
5.271013790892508 2.219360127776769 0.7407499999999999
5.272355015775688 2.219924850455593 1.111125
5.273696240658865 2.220489573134417 1.4815
5.275037465542044 2.22105429581324 1.851875
5.276378690425223 2.221619018492064 2.22225
5.277719915308403 2.222183741170888 2.592625
5.279061140191581 2.222748463849711 2.963
5.280402365074759 2.223313186528534 3.333375
5.281743589957938 2.223877909207358 3.703750000000001
5.283084814841117 2.224442631886182 4.074125
5.284426039724297 2.225007354565006 4.444500000000001
5.285767264607474 2.225572077243829 4.814875
5.287108489490653 2.226136799922652 5.185250000000001
5.288449714373832 2.226701522601476 5.555625
5.289790939257011 2.2272662452803 5.925999999999999
5.29113216414019 2.227830967959123 6.296375000000001
5.292473389023368 2.228395690637947 6.66675
5.293814613906547 2.228960413316771 7.037125
5.295155838789726 2.229525135995594 7.407500000000002
5.296497063672905 2.230089858674418 7.777875000000001
5.297838288556084 2.230654581353241 8.148249999999999
5.299179513439262 2.231219304032065 8.518625000000002
5.300520738322441 2.231784026710889 8.889000000000001
5.303203188088798 2.232913472068536 9.629750000000003
5.305885637855156 2.234042917426183 10.3705
5.308568087621513 2.23517236278383 11.11125
5.31125053738787 2.236301808141477 11.852
5.313932987154228 2.237431253499125 12.59275
5.316615436920586 2.238560698856772 13.3335
5.319297886686944 2.239690144214419 14.07425
5.321980336453302 2.240819589572066 14.815
5.324662786219658 2.241949034929713 15.55575
5.327345235986017 2.243078480287361 16.2965
5.330027685752373 2.244207925645008 17.03725
5.332710135518731 2.245337371002655 17.778
5.335392585285089 2.246466816360302 18.51875
5.338075035051446 2.24759626171795 19.2595
5.340757484817804 2.248725707075597 20.00025
5.343439934584161 2.249855152433244 20.741
5.346122384350518 2.250984597790891 21.48175
5.348804834116876 2.252114043148539 22.2225
5.351487283883233 2.253243488506186 22.96325
5.354169733649591 2.254372933863833 23.704
5.356852183415948 2.25550237922148 24.44475
5.359534633182307 2.256631824579127 25.1855
5.362217082948664 2.257761269936775 25.92625
5.049420705649594 2.736971913648533 0.370375
5.050705872538281 2.737668521414796 0.7407499999999999
5.051991039426968 2.73836512918106 1.111125
5.053276206315654 2.739061736947323 1.4815
5.05456137320434 2.739758344713586 1.851875
5.055846540093027 2.740454952479849 2.22225
5.057131706981714 2.741151560246113 2.592625
5.0584168738704 2.741848168012376 2.963
5.059702040759086 2.742544775778639 3.333375
5.060987207647773 2.743241383544902 3.703750000000001
5.06227237453646 2.743937991311166 4.074125
5.063557541425147 2.744634599077429 4.444500000000001
5.064842708313833 2.745331206843693 4.814875
5.066127875202519 2.746027814609956 5.185250000000001
5.067413042091206 2.746724422376219 5.555625
5.068698208979892 2.747421030142482 5.925999999999999
5.06998337586858 2.748117637908746 6.296375000000001
5.071268542757266 2.748814245675009 6.66675
5.072553709645953 2.749510853441273 7.037125
5.073838876534639 2.750207461207536 7.407500000000002
5.075124043423325 2.750904068973799 7.777875000000001
5.076409210312012 2.751600676740062 8.148249999999999
5.077694377200699 2.752297284506326 8.518625000000002
5.078979544089385 2.752993892272589 8.889000000000001
5.081549877866758 2.754387107805115 9.629750000000003
5.084120211644132 2.755780323337642 10.3705
5.086690545421504 2.757173538870169 11.11125
5.089260879198878 2.758566754402695 11.852
5.091831212976251 2.759959969935222 12.59275
5.094401546753624 2.761353185467748 13.3335
5.096971880530997 2.762746401000275 14.07425
5.099542214308371 2.764139616532802 14.815
5.102112548085743 2.765532832065328 15.55575
5.104682881863117 2.766926047597855 16.2965
5.10725321564049 2.768319263130381 17.03725
5.109823549417863 2.769712478662908 17.778
5.112393883195236 2.771105694195435 18.51875
5.114964216972609 2.772498909727962 19.2595
5.117534550749983 2.773892125260488 20.00025
5.120104884527356 2.775285340793015 20.741
5.122675218304729 2.776678556325541 21.48175
5.125245552082102 2.778071771858068 22.2225
5.127815885859476 2.779464987390595 22.96325
5.130386219636849 2.780858202923121 23.704
5.132956553414222 2.782251418455648 24.44475
5.135526887191595 2.783644633988175 25.1855
5.138097220968969 2.785037849520701 25.92625
4.78458446016388 3.231317571608568 0.370375
4.785802221543408 3.232139999089252 0.7407499999999999
4.787019982922936 3.232962426569937 1.111125
4.788237744302463 3.233784854050621 1.4815
4.78945550568199 3.234607281531305 1.851875
4.790673267061518 3.235429709011989 2.22225
4.791891028441046 3.236252136492674 2.592625
4.793108789820574 3.237074563973358 2.963
4.794326551200101 3.237896991454043 3.333375
4.795544312579628 3.238719418934727 3.703750000000001
4.796762073959155 3.239541846415411 4.074125
4.797979835338684 3.240364273896096 4.444500000000001
4.799197596718211 3.24118670137678 4.814875
4.800415358097738 3.242009128857464 5.185250000000001
4.801633119477266 3.242831556338148 5.555625
4.802850880856794 3.243653983818832 5.925999999999999
4.804068642236322 3.244476411299517 6.296375000000001
4.805286403615849 3.245298838780201 6.66675
4.806504164995377 3.246121266260885 7.037125
4.807721926374904 3.246943693741569 7.407500000000002
4.808939687754432 3.247766121222254 7.777875000000001
4.81015744913396 3.248588548702938 8.148249999999999
4.811375210513487 3.249410976183623 8.518625000000002
4.812592971893014 3.250233403664307 8.889000000000001
4.815028494652069 3.251878258625675 9.629750000000003
4.817464017411125 3.253523113587044 10.3705
4.81989954017018 3.255167968548412 11.11125
4.822335062929235 3.256812823509781 11.852
4.82477058568829 3.258457678471149 12.59275
4.827206108447346 3.260102533432518 13.3335
4.829641631206401 3.261747388393887 14.07425
4.832077153965456 3.263392243355256 14.815
4.83451267672451 3.265037098316624 15.55575
4.836948199483566 3.266681953277993 16.2965
4.839383722242621 3.268326808239361 17.03725
4.841819245001676 3.269971663200729 17.778
4.844254767760732 3.271616518162098 18.51875
4.846690290519787 3.273261373123467 19.2595
4.849125813278842 3.274906228084836 20.00025
4.851561336037897 3.276551083046204 20.741
4.853996858796952 3.278195938007572 21.48175
4.856432381556008 3.279840792968941 22.2225
4.858867904315063 3.281485647930309 22.96325
4.861303427074118 3.283130502891678 23.704
4.863738949833173 3.284775357853047 24.44475
4.866174472592228 3.286420212814416 25.1855
4.868609995351283 3.288065067775784 25.92625
4.477714347489143 3.697577097027483 0.370375
4.478854004996776 3.698518195805041 0.7407499999999999
4.479993662504409 3.6994592945826 1.111125
4.481133320012041 3.700400393360158 1.4815
4.482272977519673 3.701341492137717 1.851875
4.483412635027307 3.702282590915275 2.22225
4.48455229253494 3.703223689692834 2.592625
4.485691950042573 3.704164788470393 2.963
4.486831607550204 3.705105887247951 3.333375
4.487971265057837 3.706046986025509 3.703750000000001
4.48911092256547 3.706988084803068 4.074125
4.490250580073104 3.707929183580627 4.444500000000001
4.491390237580736 3.708870282358185 4.814875
4.492529895088368 3.709811381135744 5.185250000000001
4.493669552596002 3.710752479913302 5.555625
4.494809210103634 3.71169357869086 5.925999999999999
4.495948867611268 3.71263467746842 6.296375000000001
4.4970885251189 3.713575776245978 6.66675
4.498228182626533 3.714516875023536 7.037125
4.499367840134165 3.715457973801095 7.407500000000002
4.500507497641798 3.716399072578653 7.777875000000001
4.501647155149431 3.717340171356212 8.148249999999999
4.502786812657064 3.718281270133771 8.518625000000002
4.503926470164696 3.719222368911329 8.889000000000001
4.506205785179962 3.721104566466446 9.629750000000003
4.508485100195228 3.722986764021563 10.3705
4.510764415210493 3.72486896157668 11.11125
4.513043730225759 3.726751159131797 11.852
4.515323045241024 3.728633356686914 12.59275
4.51760236025629 3.730515554242031 13.3335
4.519881675271555 3.732397751797149 14.07425
4.522160990286821 3.734279949352266 14.815
4.524440305302086 3.736162146907382 15.55575
4.526719620317352 3.7380443444625 16.2965
4.528998935332617 3.739926542017617 17.03725
4.531278250347882 3.741808739572734 17.778
4.533557565363148 3.743690937127851 18.51875
4.535836880378414 3.745573134682968 19.2595
4.538116195393679 3.747455332238085 20.00025
4.540395510408946 3.749337529793202 20.741
4.54267482542421 3.751219727348319 21.48175
4.544954140439477 3.753101924903437 22.2225
4.547233455454742 3.754984122458553 22.96325
4.549512770470007 3.75686632001367 23.704
4.551792085485273 3.758748517568787 24.44475
4.554071400500538 3.760630715123904 25.1855
4.556350715515804 3.762512912679022 25.92625
3 3 0 1645
7323
7324
7325
7326
7327
7328
7329
7330
7331
7332
7333
7334
7335
7336
7337
7338
7339
7340
7341
7342
7343
7344
7345
7346
7347
7348
7349
7350
7351
7352
7353
7354
7355
7356
7357
7358
7359
7360
7361
7362
7363
7364
7365
7366
7367
7368
7369
7370
7371
7372
7373
7374
7375
7376
7377
7378
7379
7380
7381
7382
7383
7384
7385
7386
7387
7388
7389
7390
7391
7392
7393
7394
7395
7396
7397
7398
7399
7400
7401
7402
7403
7404
7405
7406
7407
7408
7409
7410
7411
7412
7413
7414
7415
7416
7417
7418
7419
7420
7421
7422
7423
7424
7425
7426
7427
7428
7429
7430
7431
7432
7433
7434
7435
7436
7437
7438
7439
7440
7441
7442
7443
7444
7445
7446
7447
7448
7449
7450
7451
7452
7453
7454
7455
7456
7457
7458
7459
7460
7461
7462
7463
7464
7465
7466
7467
7468
7469
7470
7471
7472
7473
7474
7475
7476
7477
7478
7479
7480
7481
7482
7483
7484
7485
7486
7487
7488
7489
7490
7491
7492
7493
7494
7495
7496
7497
7498
7499
7500
7501
7502
7503
7504
7505
7506
7507
7508
7509
7510
7511
7512
7513
7514
7515
7516
7517
7518
7519
7520
7521
7522
7523
7524
7525
7526
7527
7528
7529
7530
7531
7532
7533
7534
7535
7536
7537
7538
7539
7540
7541
7542
7543
7544
7545
7546
7547
7548
7549
7550
7551
7552
7553
7554
7555
7556
7557
7558
7559
7560
7561
7562
7563
7564
7565
7566
7567
7568
7569
7570
7571
7572
7573
7574
7575
7576
7577
7578
7579
7580
7581
7582
7583
7584
7585
7586
7587
7588
7589
7590
7591
7592
7593
7594
7595
7596
7597
7598
7599
7600
7601
7602
7603
7604
7605
7606
7607
7608
7609
7610
7611
7612
7613
7614
7615
7616
7617
7618
7619
7620
7621
7622
7623
7624
7625
7626
7627
7628
7629
7630
7631
7632
7633
7634
7635
7636
7637
7638
7639
7640
7641
7642
7643
7644
7645
7646
7647
7648
7649
7650
7651
7652
7653
7654
7655
7656
7657
7658
7659
7660
7661
7662
7663
7664
7665
7666
7667
7668
7669
7670
7671
7672
7673
7674
7675
7676
7677
7678
7679
7680
7681
7682
7683
7684
7685
7686
7687
7688
7689
7690
7691
7692
7693
7694
7695
7696
7697
7698
7699
7700
7701
7702
7703
7704
7705
7706
7707
7708
7709
7710
7711
7712
7713
7714
7715
7716
7717
7718
7719
7720
7721
7722
7723
7724
7725
7726
7727
7728
7729
7730
7731
7732
7733
7734
7735
7736
7737
7738
7739
7740
7741
7742
7743
7744
7745
7746
7747
7748
7749
7750
7751
7752
7753
7754
7755
7756
7757
7758
7759
7760
7761
7762
7763
7764
7765
7766
7767
7768
7769
7770
7771
7772
7773
7774
7775
7776
7777
7778
7779
7780
7781
7782
7783
7784
7785
7786
7787
7788
7789
7790
7791
7792
7793
7794
7795
7796
7797
7798
7799
7800
7801
7802
7803
7804
7805
7806
7807
7808
7809
7810
7811
7812
7813
7814
7815
7816
7817
7818
7819
7820
7821
7822
7823
7824
7825
7826
7827
7828
7829
7830
7831
7832
7833
7834
7835
7836
7837
7838
7839
7840
7841
7842
7843
7844
7845
7846
7847
7848
7849
7850
7851
7852
7853
7854
7855
7856
7857
7858
7859
7860
7861
7862
7863
7864
7865
7866
7867
7868
7869
7870
7871
7872
7873
7874
7875
7876
7877
7878
7879
7880
7881
7882
7883
7884
7885
7886
7887
7888
7889
7890
7891
7892
7893
7894
7895
7896
7897
7898
7899
7900
7901
7902
7903
7904
7905
7906
7907
7908
7909
7910
7911
7912
7913
7914
7915
7916
7917
7918
7919
7920
7921
7922
7923
7924
7925
7926
7927
7928
7929
7930
7931
7932
7933
7934
7935
7936
7937
7938
7939
7940
7941
7942
7943
7944
7945
7946
7947
7948
7949
7950
7951
7952
7953
7954
7955
7956
7957
7958
7959
7960
7961
7962
7963
7964
7965
7966
7967
7968
7969
7970
7971
7972
7973
7974
7975
7976
7977
7978
7979
7980
7981
7982
7983
7984
7985
7986
7987
7988
7989
7990
7991
7992
7993
7994
7995
7996
7997
7998
7999
8000
8001
8002
8003
8004
8005
8006
8007
8008
8009
8010
8011
8012
8013
8014
8015
8016
8017
8018
8019
8020
8021
8022
8023
8024
8025
8026
8027
8028
8029
8030
8031
8032
8033
8034
8035
8036
8037
8038
8039
8040
8041
8042
8043
8044
8045
8046
8047
8048
8049
8050
8051
8052
8053
8054
8055
8056
8057
8058
8059
8060
8061
8062
8063
8064
8065
8066
8067
8068
8069
8070
8071
8072
8073
8074
8075
8076
8077
8078
8079
8080
8081
8082
8083
8084
8085
8086
8087
8088
8089
8090
8091
8092
8093
8094
8095
8096
8097
8098
8099
8100
8101
8102
8103
8104
8105
8106
8107
8108
8109
8110
8111
8112
8113
8114
8115
8116
8117
8118
8119
8120
8121
8122
8123
8124
8125
8126
8127
8128
8129
8130
8131
8132
8133
8134
8135
8136
8137
8138
8139
8140
8141
8142
8143
8144
8145
8146
8147
8148
8149
8150
8151
8152
8153
8154
8155
8156
8157
8158
8159
8160
8161
8162
8163
8164
8165
8166
8167
8168
8169
8170
8171
8172
8173
8174
8175
8176
8177
8178
8179
8180
8181
8182
8183
8184
8185
8186
8187
8188
8189
8190
8191
8192
8193
8194
8195
8196
8197
8198
8199
8200
8201
8202
8203
8204
8205
8206
8207
8208
8209
8210
8211
8212
8213
8214
8215
8216
8217
8218
8219
8220
8221
8222
8223
8224
8225
8226
8227
8228
8229
8230
8231
8232
8233
8234
8235
8236
8237
8238
8239
8240
8241
8242
8243
8244
8245
8246
8247
8248
8249
8250
8251
8252
8253
8254
8255
8256
8257
8258
8259
8260
8261
8262
8263
8264
8265
8266
8267
8268
8269
8270
8271
8272
8273
8274
8275
8276
8277
8278
8279
8280
8281
8282
8283
8284
8285
8286
8287
8288
8289
8290
8291
8292
8293
8294
8295
8296
8297
8298
8299
8300
8301
8302
8303
8304
8305
8306
8307
8308
8309
8310
8311
8312
8313
8314
8315
8316
8317
8318
8319
8320
8321
8322
8323
8324
8325
8326
8327
8328
8329
8330
8331
8332
8333
8334
8335
8336
8337
8338
8339
8340
8341
8342
8343
8344
8345
8346
8347
8348
8349
8350
8351
8352
8353
8354
8355
8356
8357
8358
8359
8360
8361
8362
8363
8364
8365
8366
8367
8368
8369
8370
8371
8372
8373
8374
8375
8376
8377
8378
8379
8380
8381
8382
8383
8384
8385
8386
8387
8388
8389
8390
8391
8392
8393
8394
8395
8396
8397
8398
8399
8400
8401
8402
8403
8404
8405
8406
8407
8408
8409
8410
8411
8412
8413
8414
8415
8416
8417
8418
8419
8420
8421
8422
8423
8424
8425
8426
8427
8428
8429
8430
8431
8432
8433
8434
8435
8436
8437
8438
8439
8440
8441
8442
8443
8444
8445
8446
8447
8448
8449
8450
8451
8452
8453
8454
8455
8456
8457
8458
8459
8460
8461
8462
8463
8464
8465
8466
8467
8468
8469
8470
8471
8472
8473
8474
8475
8476
8477
8478
8479
8480
8481
8482
8483
8484
8485
8486
8487
8488
8489
8490
8491
8492
8493
8494
8495
8496
8497
8498
8499
8500
8501
8502
8503
8504
8505
8506
8507
8508
8509
8510
8511
8512
8513
8514
8515
8516
8517
8518
8519
8520
8521
8522
8523
8524
8525
8526
8527
8528
8529
8530
8531
8532
8533
8534
8535
8536
8537
8538
8539
8540
8541
8542
8543
8544
8545
8546
8547
8548
8549
8550
8551
8552
8553
8554
8555
8556
8557
8558
8559
8560
8561
8562
8563
8564
8565
8566
8567
8568
8569
8570
8571
8572
8573
8574
8575
8576
8577
8578
8579
8580
8581
8582
8583
8584
8585
8586
8587
8588
8589
8590
8591
8592
8593
8594
8595
8596
8597
8598
8599
8600
8601
8602
8603
8604
8605
8606
8607
8608
8609
8610
8611
8612
8613
8614
8615
8616
8617
8618
8619
8620
8621
8622
8623
8624
8625
8626
8627
8628
8629
8630
8631
8632
8633
8634
8635
8636
8637
8638
8639
8640
8641
8642
8643
8644
8645
8646
8647
8648
8649
8650
8651
8652
8653
8654
8655
8656
8657
8658
8659
8660
8661
8662
8663
8664
8665
8666
8667
8668
8669
8670
8671
8672
8673
8674
8675
8676
8677
8678
8679
8680
8681
8682
8683
8684
8685
8686
8687
8688
8689
8690
8691
8692
8693
8694
8695
8696
8697
8698
8699
8700
8701
8702
8703
8704
8705
8706
8707
8708
8709
8710
8711
8712
8713
8714
8715
8716
8717
8718
8719
8720
8721
8722
8723
8724
8725
8726
8727
8728
8729
8730
8731
8732
8733
8734
8735
8736
8737
8738
8739
8740
8741
8742
8743
8744
8745
8746
8747
8748
8749
8750
8751
8752
8753
8754
8755
8756
8757
8758
8759
8760
8761
8762
8763
8764
8765
8766
8767
8768
8769
8770
8771
8772
8773
8774
8775
8776
8777
8778
8779
8780
8781
8782
8783
8784
8785
8786
8787
8788
8789
8790
8791
8792
8793
8794
8795
8796
8797
8798
8799
8800
8801
8802
8803
8804
8805
8806
8807
8808
8809
8810
8811
8812
8813
8814
8815
8816
8817
8818
8819
8820
8821
8822
8823
8824
8825
8826
8827
8828
8829
8830
8831
8832
8833
8834
8835
8836
8837
8838
8839
8840
8841
8842
8843
8844
8845
8846
8847
8848
8849
8850
8851
8852
8853
8854
8855
8856
8857
8858
8859
8860
8861
8862
8863
8864
8865
8866
8867
8868
8869
8870
8871
8872
8873
8874
8875
8876
8877
8878
8879
8880
8881
8882
8883
8884
8885
8886
8887
8888
8889
8890
8891
8892
8893
8894
8895
8896
8897
8898
8899
8900
8901
8902
8903
8904
8905
8906
8907
8908
8909
8910
8911
8912
8913
8914
8915
8916
8917
8918
8919
8920
8921
8922
8923
8924
8925
8926
8927
8928
8929
8930
8931
8932
8933
8934
8935
8936
8937
8938
8939
8940
8941
8942
8943
8944
8945
8946
8947
8948
8949
8950
8951
8952
8953
8954
8955
8956
8957
8958
8959
8960
8961
8962
8963
8964
8965
8966
8967
2.503282809093909 2.911277029758302 0.370375
2.503919938849342 2.912018001259895 0.7407499999999999
2.504557068604774 2.912758972761488 1.111125
2.505194198360206 2.913499944263081 1.4815
2.505831328115639 2.914240915764673 1.851875
2.506468457871071 2.914981887266266 2.22225
2.507105587626504 2.91572285876786 2.592625
2.507742717381936 2.916463830269452 2.963
2.508379847137368 2.917204801771045 3.333375
2.509016976892801 2.917945773272637 3.703750000000001
2.509654106648233 2.918686744774231 4.074125
2.510291236403666 2.919427716275824 4.444500000000001
2.510928366159098 2.920168687777416 4.814875
2.51156549591453 2.920909659279009 5.185250000000001
2.512202625669963 2.921650630780602 5.555625
2.512839755425395 2.922391602282195 5.925999999999999
2.513476885180828 2.923132573783788 6.296375000000001
2.51411401493626 2.92387354528538 6.66675
2.514751144691693 2.924614516786974 7.037125
2.515388274447125 2.925355488288566 7.407500000000002
2.516025404202557 2.926096459790159 7.777875000000001
2.51666253395799 2.926837431291752 8.148249999999999
2.517299663713422 2.927578402793345 8.518625000000002
2.517936793468854 2.928319374294938 8.889000000000001
2.519211052979719 2.929801317298123 9.629750000000003
2.520485312490584 2.931283260301309 10.3705
2.521759572001449 2.932765203304495 11.11125
2.523033831512314 2.93424714630768 11.852
2.524308091023178 2.935729089310866 12.59275
2.525582350534043 2.937211032314052 13.3335
2.526856610044908 2.938692975317238 14.07425
2.528130869555773 2.940174918320424 14.815
2.529405129066638 2.941656861323609 15.55575
2.530679388577503 2.943138804326795 16.2965
2.531953648088367 2.94462074732998 17.03725
2.533227907599232 2.946102690333166 17.778
2.534502167110097 2.947584633336352 18.51875
2.535776426620962 2.949066576339538 19.2595
2.537050686131827 2.950548519342723 20.00025
2.538324945642692 2.952030462345909 20.741
2.539599205153556 2.953512405349094 21.48175
2.540873464664421 2.95499434835228 22.2225
2.542147724175285 2.956476291355466 22.96325
2.543421983686151 2.957958234358652 23.704
2.544696243197015 2.959440177361838 24.44475
2.54597050270788 2.960922120365023 25.1855
2.547244762218745 2.962404063368209 25.92625
2.801856380685888 3.302886359515535 0.370375
2.802569502696751 3.30372700251872 0.7407499999999999
2.803282624707616 3.304567645521906 1.111125
2.80399574671848 3.305408288525091 1.4815
2.804708868729344 3.306248931528276 1.851875
2.805421990740209 3.307089574531462 2.22225
2.806135112751074 3.307930217534648 2.592625
2.806848234761937 3.308770860537833 2.963
2.807561356772802 3.309611503541018 3.333375
2.808274478783666 3.310452146544204 3.703750000000001
2.80898760079453 3.311292789547389 4.074125
2.809700722805395 3.312133432550575 4.444500000000001
2.810413844816259 3.31297407555376 4.814875
2.811126966827123 3.313814718556945 5.185250000000001
2.811840088837988 3.314655361560131 5.555625
2.812553210848852 3.315496004563316 5.925999999999999
2.813266332859716 3.316336647566502 6.296375000000001
2.813979454870581 3.317177290569687 6.66675
2.814692576881445 3.318017933572873 7.037125
2.815405698892309 3.318858576576058 7.407500000000002
2.816118820903173 3.319699219579243 7.777875000000001
2.816831942914038 3.320539862582429 8.148249999999999
2.817545064924902 3.321380505585615 8.518625000000002
2.818258186935767 3.3222211485888 8.889000000000001
2.819684430957495 3.32390243459517 9.629750000000003
2.821110674979224 3.325583720601542 10.3705
2.822536919000952 3.327265006607912 11.11125
2.823963163022681 3.328946292614283 11.852
2.82538940704441 3.330627578620654 12.59275
2.826815651066138 3.332308864627025 13.3335
2.828241895087867 3.333990150633396 14.07425
2.829668139109596 3.335671436639767 14.815
2.831094383131324 3.337352722646137 15.55575
2.832520627153053 3.339034008652508 16.2965
2.833946871174781 3.340715294658879 17.03725
2.83537311519651 3.34239658066525 17.778
2.836799359218239 3.344077866671621 18.51875
2.838225603239967 3.345759152677992 19.2595
2.839651847261696 3.347440438684362 20.00025
2.841078091283425 3.349121724690733 20.741
2.842504335305153 3.350803010697104 21.48175
2.843930579326882 3.352484296703475 22.2225
2.84535682334861 3.354165582709846 22.96325
2.846783067370339 3.355846868716216 23.704
2.848209311392067 3.357528154722587 24.44475
2.849635555413796 3.359209440728959 25.1855
2.851061799435525 3.360890726735329 25.92625
3.100429952275027 3.694495689269863 0.370375
3.101219066541322 3.695436003774641 0.7407499999999999
3.102008180807618 3.696376318279418 1.111125
3.102797295073913 3.697316632784195 1.4815
3.103586409340208 3.698256947288972 1.851875
3.104375523606504 3.69919726179375 2.22225
3.1051646378728 3.700137576298527 2.592625
3.105953752139095 3.701077890803304 2.963
3.106742866405391 3.702018205308081 3.333375
3.107531980671686 3.702958519812858 3.703750000000001
3.108321094937982 3.703898834317636 4.074125
3.109110209204277 3.704839148822413 4.444500000000001
3.109899323470573 3.705779463327191 4.814875
3.110688437736868 3.706719777831967 5.185250000000001
3.111477552003164 3.707660092336745 5.555625
3.112266666269459 3.708600406841522 5.925999999999999
3.113055780535755 3.7095407213463 6.296375000000001
3.11384489480205 3.710481035851076 6.66675
3.114634009068346 3.711421350355854 7.037125
3.115423123334641 3.712361664860631 7.407500000000002
3.116212237600937 3.713301979365408 7.777875000000001
3.117001351867232 3.714242293870186 8.148249999999999
3.117790466133528 3.715182608374963 8.518625000000002
3.118579580399823 3.716122922879741 8.889000000000001
3.120157808932414 3.718003551889295 9.629750000000003
3.121736037465006 3.71988418089885 10.3705
3.123314265997596 3.721764809908404 11.11125
3.124892494530187 3.723645438917958 11.852
3.126470723062778 3.725526067927513 12.59275
3.128048951595369 3.727406696937067 13.3335
3.12962718012796 3.729287325946622 14.07425
3.131205408660552 3.731167954956176 14.815
3.132783637193142 3.733048583965731 15.55575
3.134361865725733 3.734929212975286 16.2965
3.135940094258324 3.73680984198484 17.03725
3.137518322790915 3.738690470994395 17.778
3.139096551323506 3.740571100003949 18.51875
3.140674779856097 3.742451729013504 19.2595
3.142253008388689 3.744332358023058 20.00025
3.14383123692128 3.746212987032613 20.741
3.14540946545387 3.748093616042167 21.48175
3.146987693986461 3.749974245051722 22.2225
3.148565922519052 3.751854874061276 22.96325
3.150144151051643 3.753735503070831 23.704
3.151722379584234 3.755616132080385 24.44475
3.153300608116826 3.75749676108994 25.1855
3.154878836649416 3.759377390099495 25.92625
3.399003523864116 4.086105019023695 0.370375
3.399868630385842 4.087145005030064 0.7407499999999999
3.400733736907569 4.088184991036433 1.111125
3.401598843429296 4.089224977042802 1.4815
3.402463949951022 4.090264963049171 1.851875
3.403329056472749 4.09130494905554 2.22225
3.404194162994476 4.092344935061909 2.592625
3.405059269516202 4.093384921068278 2.963
3.405924376037929 4.094424907074647 3.333375
3.406789482559655 4.095464893081015 3.703750000000001
3.407654589081382 4.096504879087385 4.074125
3.408519695603109 4.097544865093754 4.444500000000001
3.409384802124836 4.098584851100123 4.814875
3.410249908646562 4.099624837106491 5.185250000000001
3.411115015168289 4.100664823112861 5.555625
3.411980121690016 4.101704809119229 5.925999999999999
3.412845228211742 4.102744795125599 6.296375000000001
3.413710334733469 4.103784781131967 6.66675
3.414575441255196 4.104824767138337 7.037125
3.415440547776922 4.105864753144705 7.407500000000002
3.416305654298649 4.106904739151075 7.777875000000001
3.417170760820376 4.107944725157443 8.148249999999999
3.418035867342103 4.108984711163813 8.518625000000002
3.418900973863829 4.110024697170181 8.889000000000001
3.420631186907282 4.112104669182919 9.629750000000003
3.422361399950736 4.114184641195657 10.3705
3.424091612994189 4.116264613208395 11.11125
3.425821826037642 4.118344585221133 11.852
3.427552039081096 4.120424557233871 12.59275
3.429282252124549 4.122504529246609 13.3335
3.431012465168003 4.124584501259347 14.07425
3.432742678211456 4.126664473272085 14.815
3.434472891254909 4.128744445284823 15.55575
3.436203104298363 4.130824417297561 16.2965
3.437933317341816 4.132904389310299 17.03725
3.439663530385269 4.134984361323037 17.778
3.441393743428723 4.137064333335775 18.51875
3.443123956472176 4.139144305348513 19.2595
3.444854169515629 4.141224277361251 20.00025
3.446584382559083 4.143304249373989 20.741
3.448314595602536 4.145384221386726 21.48175
3.45004480864599 4.147464193399465 22.2225
3.451775021689443 4.149544165412202 22.96325
3.453505234732896 4.15162413742494 23.704
3.455235447776349 4.153704109437678 24.44475
3.456965660819803 4.155784081450416 25.1855
3.458695873863256 4.157864053463154 25.92625
3.697577095455465 4.477714348779946 0.370375
3.698518194232623 4.478854006287907 0.7407499999999999
3.699459293009782 4.479993663795869 1.111125
3.70040039178694 4.48113332130383 1.4815
3.701341490564098 4.482272978811791 1.851875
3.702282589341257 4.483412636319753 2.22225
3.703223688118416 4.484552293827714 2.592625
3.704164786895574 4.485691951335675 2.963
3.705105885672732 4.486831608843636 3.333375
3.70604698444989 4.487971266351598 3.703750000000001
3.706988083227049 4.489110923859559 4.074125
3.707929182004207 4.490250581367521 4.444500000000001
3.708870280781366 4.491390238875482 4.814875
3.709811379558524 4.492529896383442 5.185250000000001
3.710752478335682 4.493669553891404 5.555625
3.711693577112841 4.494809211399366 5.925999999999999
3.71263467589 4.495948868907327 6.296375000000001
3.713575774667158 4.497088526415288 6.66675
3.714516873444317 4.49822818392325 7.037125
3.715457972221475 4.49936784143121 7.407500000000002
3.716399070998633 4.500507498939172 7.777875000000001
3.717340169775792 4.501647156447134 8.148249999999999
3.71828126855295 4.502786813955095 8.518625000000002
3.719222367330108 4.503926471463056 8.889000000000001
3.721104564884425 4.506205786478978 9.629750000000003
3.722986762438742 4.508485101494902 10.3705
3.724868959993059 4.510764416510823 11.11125
3.726751157547376 4.513043731526746 11.852
3.728633355101693 4.515323046542669 12.59275
3.730515552656009 4.517602361558591 13.3335
3.732397750210326 4.519881676574514 14.07425
3.734279947764644 4.522160991590437 14.815
3.73616214531896 4.524440306606359 15.55575
3.738044342873277 4.526719621622282 16.2965
3.739926540427593 4.528998936638204 17.03725
3.74180873798191 4.531278251654127 17.778
3.743690935536228 4.53355756667005 18.51875
3.745573133090544 4.535836881685972 19.2595
3.747455330644861 4.538116196701895 20.00025
3.749337528199178 4.540395511717818 20.741
3.751219725753494 4.54267482673374 21.48175
3.753101923307812 4.544954141749663 22.2225
3.754984120862129 4.547233456765585 22.96325
3.756866318416445 4.549512771781508 23.704
3.758748515970762 4.55179208679743 24.44475
3.760630713525079 4.554071401813353 25.1855
3.762512911079396 4.556350716829276 25.92625
2.158064133350786 2.972651052686202 0.370375
2.158613398846676 2.973407644962274 0.7407499999999999
2.159162664342565 2.974164237238346 1.111125
2.159711929838455 2.974920829514418 1.4815
2.160261195334344 2.97567742179049 1.851875
2.160810460830235 2.976434014066561 2.22225
2.161359726326124 2.977190606342634 2.592625
2.161908991822014 2.977947198618705 2.963
2.162458257317903 2.978703790894777 3.333375
2.163007522813793 2.979460383170849 3.703750000000001
2.163556788309683 2.980216975446921 4.074125
2.164106053805573 2.980973567722993 4.444500000000001
2.164655319301463 2.981730159999064 4.814875
2.165204584797352 2.982486752275136 5.185250000000001
2.165753850293242 2.983243344551208 5.555625
2.166303115789132 2.98399993682728 5.925999999999999
2.166852381285022 2.984756529103352 6.296375000000001
2.167401646780911 2.985513121379423 6.66675
2.167950912276801 2.986269713655496 7.037125
2.168500177772691 2.987026305931567 7.407500000000002
2.16904944326858 2.987782898207639 7.777875000000001
2.16959870876447 2.988539490483711 8.148249999999999
2.17014797426036 2.989296082759783 8.518625000000002
2.17069723975625 2.990052675035855 8.889000000000001
2.171795770748029 2.991565859587998 9.629750000000003
2.172894301739809 2.993079044140142 10.3705
2.173992832731588 2.994592228692285 11.11125
2.175091363723368 2.996105413244429 11.852
2.176189894715147 2.997618597796573 12.59275
2.177288425706926 2.999131782348716 13.3335
2.178386956698706 3.00064496690086 14.07425
2.179485487690485 3.002158151453004 14.815
2.180584018682265 3.003671336005147 15.55575
2.181682549674045 3.005184520557291 16.2965
2.182781080665824 3.006697705109434 17.03725
2.183879611657603 3.008210889661578 17.778
2.184978142649383 3.009724074213722 18.51875
2.186076673641162 3.011237258765866 19.2595
2.187175204632942 3.012750443318009 20.00025
2.188273735624721 3.014263627870153 20.741
2.189372266616501 3.015776812422296 21.48175
2.190470797608281 3.017289996974441 22.2225
2.191569328600059 3.018803181526584 22.96325
2.192667859591839 3.020316366078728 23.704
2.193766390583619 3.021829550630871 24.44475
2.194864921575398 3.023342735183015 25.1855
2.195963452567178 3.024855919735159 25.92625
2.426377491698903 3.425634405371464 0.370375
2.426995047690682 3.426506289923607 0.7407499999999999
2.427612603682461 3.427378174475751 1.111125
2.42823015967424 3.428250059027894 1.4815
2.428847715666018 3.429121943580037 1.851875
2.429465271657797 3.429993828132181 2.22225
2.430082827649576 3.430865712684324 2.592625
2.430700383641355 3.431737597236467 2.963
2.431317939633133 3.432609481788611 3.333375
2.431935495624912 3.433481366340754 3.703750000000001
2.432553051616691 3.434353250892898 4.074125
2.43317060760847 3.435225135445041 4.444500000000001
2.433788163600249 3.436097019997185 4.814875
2.434405719592027 3.436968904549328 5.185250000000001
2.435023275583807 3.437840789101471 5.555625
2.435640831575585 3.438712673653614 5.925999999999999
2.436258387567364 3.439584558205758 6.296375000000001
2.436875943559142 3.440456442757902 6.66675
2.437493499550922 3.441328327310045 7.037125
2.4381110555427 3.442200211862188 7.407500000000002
2.438728611534479 3.443072096414332 7.777875000000001
2.439346167526258 3.443943980966475 8.148249999999999
2.439963723518037 3.444815865518619 8.518625000000002
2.440581279509816 3.445687750070762 8.889000000000001
2.441816391493373 3.447431519175049 9.629750000000003
2.443051503476931 3.449175288279336 10.3705
2.444286615460488 3.450919057383622 11.11125
2.445521727444046 3.452662826487909 11.852
2.446756839427604 3.454406595592196 12.59275
2.447991951411161 3.456150364696483 13.3335
2.449227063394719 3.45789413380077 14.07425
2.450462175378276 3.459637902905057 14.815
2.451697287361834 3.461381672009343 15.55575
2.452932399345392 3.463125441113631 16.2965
2.454167511328949 3.464869210217917 17.03725
2.455402623312507 3.466612979322204 17.778
2.456637735296064 3.468356748426491 18.51875
2.457872847279622 3.470100517530778 19.2595
2.459107959263179 3.471844286635065 20.00025
2.460343071246737 3.473588055739351 20.741
2.461578183230294 3.475331824843638 21.48175
2.462813295213853 3.477075593947925 22.2225
2.46404840719741 3.478819363052212 22.96325
2.465283519180967 3.480563132156498 23.704
2.466518631164525 3.482306901260785 24.44475
2.467753743148083 3.484050670365072 25.1855
2.46898885513164 3.485794439469359 25.92625
2.694690850044535 3.878617758054116 0.370375
2.695376696532202 3.87960493488233 0.7407499999999999
2.696062543019869 3.880592111710544 1.111125
2.696748389507537 3.881579288538759 1.4815
2.697434235995204 3.882566465366973 1.851875
2.698120082482871 3.883553642195187 2.22225
2.698805928970539 3.884540819023402 2.592625
2.699491775458206 3.885527995851616 2.963
2.700177621945873 3.88651517267983 3.333375
2.70086346843354 3.887502349508044 3.703750000000001
2.701549314921207 3.888489526336259 4.074125
2.702235161408875 3.889476703164473 4.444500000000001
2.702921007896542 3.890463879992688 4.814875
2.703606854384209 3.891451056820901 5.185250000000001
2.704292700871876 3.892438233649116 5.555625
2.704978547359544 3.89342541047733 5.925999999999999
2.705664393847211 3.894412587305545 6.296375000000001
2.706350240334878 3.895399764133759 6.66675
2.707036086822545 3.896386940961974 7.037125
2.707721933310212 3.897374117790188 7.407500000000002
2.708407779797879 3.898361294618402 7.777875000000001
2.709093626285547 3.899348471446617 8.148249999999999
2.709779472773215 3.900335648274831 8.518625000000002
2.710465319260881 3.901322825103045 8.889000000000001
2.711837012236216 3.903297178759473 9.629750000000003
2.71320870521155 3.905271532415903 10.3705
2.714580398186885 3.907245886072331 11.11125
2.715952091162219 3.909220239728759 11.852
2.717323784137553 3.911194593385188 12.59275
2.718695477112888 3.913168947041617 13.3335
2.720067170088222 3.915143300698046 14.07425
2.721438863063557 3.917117654354474 14.815
2.722810556038891 3.919092008010903 15.55575
2.724182249014226 3.921066361667332 16.2965
2.72555394198956 3.92304071532376 17.03725
2.726925634964894 3.925015068980189 17.778
2.728297327940229 3.926989422636618 18.51875
2.729669020915564 3.928963776293046 19.2595
2.731040713890898 3.930938129949475 20.00025
2.732412406866233 3.932912483605904 20.741
2.733784099841567 3.934886837262332 21.48175
2.735155792816902 3.936861190918761 22.2225
2.736527485792236 3.938835544575189 22.96325
2.73789917876757 3.940809898231618 23.704
2.739270871742905 3.942784251888047 24.44475
2.740642564718239 3.944758605544476 25.1855
2.742014257693574 3.946732959200904 25.92625
2.963004208390088 4.331601110735798 0.370375
2.963758345373643 4.332703579840084 0.7407499999999999
2.964512482357199 4.333806048944369 1.111125
2.965266619340754 4.334908518048653 1.4815
2.96602075632431 4.336010987152938 1.851875
2.966774893307865 4.337113456257224 2.22225
2.967529030291421 4.338215925361509 2.592625
2.968283167274977 4.339318394465794 2.963
2.969037304258532 4.340420863570079 3.333375
2.969791441242088 4.341523332674363 3.703750000000001
2.970545578225644 4.342625801778649 4.074125
2.9712997152092 4.343728270882934 4.444500000000001
2.972053852192755 4.344830739987219 4.814875
2.97280798917631 4.345933209091504 5.185250000000001
2.973562126159866 4.347035678195788 5.555625
2.974316263143422 4.348138147300074 5.925999999999999
2.975070400126977 4.349240616404359 6.296375000000001
2.975824537110533 4.350343085508643 6.66675
2.976578674094089 4.351445554612929 7.037125
2.977332811077644 4.352548023717214 7.407500000000002
2.9780869480612 4.353650492821498 7.777875000000001
2.978841085044756 4.354752961925784 8.148249999999999
2.979595222028312 4.355855431030069 8.518625000000002
2.980349359011867 4.356957900134354 8.889000000000001
2.981857632978978 4.359162838342924 9.629750000000003
2.98336590694609 4.361367776551494 10.3705
2.9848741809132 4.363572714760064 11.11125
2.986382454880312 4.365777652968633 11.852
2.987890728847423 4.367982591177204 12.59275
2.989399002814535 4.370187529385774 13.3335
2.990907276781646 4.372392467594344 14.07425
2.992415550748757 4.374597405802914 14.815
2.993923824715868 4.376802344011484 15.55575
2.99543209868298 4.379007282220054 16.2965
2.996940372650091 4.381212220428623 17.03725
2.998448646617202 4.383417158637194 17.778
2.999956920584313 4.385622096845764 18.51875
3.001465194551425 4.387827035054334 19.2595
3.002973468518536 4.390031973262905 20.00025
3.004481742485647 4.392236911471474 20.741
3.005990016452758 4.394441849680044 21.48175
3.00749829041987 4.396646787888614 22.2225
3.009006564386981 4.398851726097184 22.96325
3.010514838354092 4.401056664305754 23.704
3.012023112321204 4.403261602514324 24.44475
3.013531386288315 4.405466540722895 25.1855
3.015039660255426 4.407671478931464 25.92625
3.231317566737624 4.784584463419779 0.370375
3.232139994217068 4.785802224800134 0.7407499999999999
3.232962421696513 4.787019986180491 1.111125
3.233784849175957 4.788237747560848 1.4815
3.234607276655402 4.789455508941203 1.851875
3.235429704134846 4.79067327032156 2.22225
3.236252131614291 4.791891031701916 2.592625
3.237074559093736 4.793108793082273 2.963
3.23789698657318 4.794326554462629 3.333375
3.238719414052624 4.795544315842984 3.703750000000001
3.239541841532069 4.796762077223341 4.074125
3.240364269011514 4.797979838603697 4.444500000000001
3.241186696490958 4.799197599984054 4.814875
3.242009123970402 4.80041536136441 5.185250000000001
3.242831551449847 4.801633122744766 5.555625
3.243653978929292 4.802850884125123 5.925999999999999
3.244476406408737 4.804068645505479 6.296375000000001
3.245298833888181 4.805286406885835 6.66675
3.246121261367625 4.806504168266192 7.037125
3.24694368884707 4.807721929646547 7.407500000000002
3.247766116326514 4.808939691026904 7.777875000000001
3.248588543805959 4.81015745240726 8.148249999999999
3.249410971285404 4.811375213787617 8.518625000000002
3.250233398764848 4.812592975167973 8.889000000000001
3.251878253723737 4.815028497928685 9.629750000000003
3.253523108682626 4.817464020689398 10.3705
3.255167963641515 4.81989954345011 11.11125
3.256812818600404 4.822335066210822 11.852
3.258457673559294 4.824770588971536 12.59275
3.260102528518183 4.827206111732248 13.3335
3.261747383477072 4.829641634492961 14.07425
3.263392238435961 4.832077157253673 14.815
3.26503709339485 4.834512680014385 15.55575
3.266681948353739 4.836948202775099 16.2965
3.268326803312628 4.83938372553581 17.03725
3.269971658271517 4.841819248296523 17.778
3.271616513230406 4.844254771057235 18.51875
3.273261368189295 4.846690293817948 19.2595
3.274906223148184 4.849125816578661 20.00025
3.276551078107074 4.851561339339374 20.741
3.278195933065962 4.853996862100085 21.48175
3.279840788024852 4.856432384860798 22.2225
3.281485642983741 4.85886790762151 22.96325
3.28313049794263 4.861303430382224 23.704
3.284775352901519 4.863738953142936 24.44475
3.286420207860408 4.866174475903648 25.1855
3.288065062819297 4.868609998664361 25.92625
1.807228231069183 3.02561830202194 0.370375
1.807688202622013 3.026388375399905 0.7407499999999999
1.808148174174843 3.02715844877787 1.111125
1.808608145727673 3.027928522155833 1.4815
1.809068117280503 3.028698595533798 1.851875
1.809528088833333 3.029468668911762 2.22225
1.809988060386163 3.030238742289727 2.592625
1.810448031938993 3.031008815667691 2.963
1.810908003491823 3.031778889045655 3.333375
1.811367975044653 3.032548962423619 3.703750000000001
1.811827946597483 3.033319035801584 4.074125
1.812287918150314 3.034089109179549 4.444500000000001
1.812747889703143 3.034859182557513 4.814875
1.813207861255973 3.035629255935477 5.185250000000001
1.813667832808803 3.036399329313442 5.555625
1.814127804361633 3.037169402691406 5.925999999999999
1.814587775914464 3.03793947606937 6.296375000000001
1.815047747467293 3.038709549447335 6.66675
1.815507719020124 3.039479622825299 7.037125
1.815967690572954 3.040249696203263 7.407500000000002
1.816427662125784 3.041019769581228 7.777875000000001
1.816887633678614 3.041789842959192 8.148249999999999
1.817347605231444 3.042559916337157 8.518625000000002
1.817807576784274 3.043329989715121 8.889000000000001
1.818727519889934 3.044870136471049 9.629750000000003
1.819647462995594 3.046410283226978 10.3705
1.820567406101254 3.047950429982907 11.11125
1.821487349206914 3.049490576738835 11.852
1.822407292312574 3.051030723494764 12.59275
1.823327235418234 3.052570870250693 13.3335
1.824247178523894 3.054111017006622 14.07425
1.825167121629554 3.05565116376255 14.815
1.826087064735214 3.057191310518479 15.55575
1.827007007840874 3.058731457274408 16.2965
1.827926950946534 3.060271604030336 17.03725
1.828846894052194 3.061811750786265 17.778
1.829766837157854 3.063351897542194 18.51875
1.830686780263515 3.064892044298122 19.2595
1.831606723369175 3.066432191054051 20.00025
1.832526666474835 3.06797233780998 20.741
1.833446609580494 3.069512484565908 21.48175
1.834366552686155 3.071052631321837 22.2225
1.835286495791815 3.072592778077766 22.96325
1.836206438897475 3.074132924833695 23.704
1.837126382003135 3.075673071589623 24.44475
1.838046325108795 3.077213218345552 25.1855
1.838966268214455 3.078753365101481 25.92625
2.039664149634967 3.531568904043077 0.370375
2.040183280240627 3.532467750799005 0.7407499999999999
2.040702410846286 3.533366597554934 1.111125
2.041221541451945 3.534265444310862 1.4815
2.041740672057604 3.53516429106679 1.851875
2.042259802663263 3.536063137822719 2.22225
2.042778933268923 3.536961984578648 2.592625
2.043298063874582 3.537860831334576 2.963
2.043817194480241 3.538759678090504 3.333375
2.0443363250859 3.539658524846433 3.703750000000001
2.044855455691559 3.540557371602362 4.074125
2.045374586297219 3.54145621835829 4.444500000000001
2.045893716902877 3.542355065114219 4.814875
2.046412847508537 3.543253911870147 5.185250000000001
2.046931978114196 3.544152758626076 5.555625
2.047451108719855 3.545051605382004 5.925999999999999
2.047970239325514 3.545950452137933 6.296375000000001
2.048489369931174 3.546849298893861 6.66675
2.049008500536833 3.54774814564979 7.037125
2.049527631142492 3.548646992405718 7.407500000000002
2.050046761748151 3.549545839161647 7.777875000000001
2.05056589235381 3.550444685917575 8.148249999999999
2.051085022959469 3.551343532673504 8.518625000000002
2.051604153565129 3.552242379429432 8.889000000000001
2.052642414776447 3.554040072941289 9.629750000000003
2.053680675987766 3.555837766453146 10.3705
2.054718937199084 3.557635459965003 11.11125
2.055757198410402 3.55943315347686 11.852
2.05679545962172 3.561230846988717 12.59275
2.057833720833039 3.563028540500574 13.3335
2.058871982044357 3.564826234012431 14.07425
2.059910243255676 3.566623927524288 14.815
2.060948504466994 3.568421621036145 15.55575
2.061986765678313 3.570219314548003 16.2965
2.063025026889631 3.572017008059859 17.03725
2.064063288100949 3.573814701571716 17.778
2.065101549312268 3.575612395083573 18.51875
2.066139810523586 3.57741008859543 19.2595
2.067178071734904 3.579207782107287 20.00025
2.068216332946223 3.581005475619144 20.741
2.069254594157541 3.582803169131001 21.48175
2.07029285536886 3.584600862642858 22.2225
2.071331116580178 3.586398556154715 22.96325
2.072369377791496 3.588196249666572 23.704
2.073407639002815 3.589993943178429 24.44475
2.074445900214133 3.591791636690286 25.1855
2.075484161425452 3.593589330202143 25.92625
2.272100068198645 4.037519506061933 0.370375
2.272678357857132 4.038547126195825 0.7407499999999999
2.27325664751562 4.039574746329717 1.111125
2.273834937174108 4.040602366463609 1.4815
2.274413226832595 4.041629986597501 1.851875
2.274991516491084 4.042657606731393 2.22225
2.275569806149571 4.043685226865286 2.592625
2.276148095808059 4.044712846999177 2.963
2.276726385466547 4.045740467133069 3.333375
2.277304675125035 4.046768087266961 3.703750000000001
2.277882964783522 4.047795707400853 4.074125
2.278461254442011 4.048823327534746 4.444500000000001
2.279039544100498 4.049850947668638 4.814875
2.279617833758986 4.050878567802529 5.185250000000001
2.280196123417474 4.051906187936422 5.555625
2.280774413075962 4.052933808070314 5.925999999999999
2.28135270273445 4.053961428204206 6.296375000000001
2.281930992392937 4.054989048338098 6.66675
2.282509282051425 4.05601666847199 7.037125
2.283087571709913 4.057044288605882 7.407500000000002
2.283665861368401 4.058071908739774 7.777875000000001
2.284244151026888 4.059099528873666 8.148249999999999
2.284822440685377 4.060127149007559 8.518625000000002
2.285400730343864 4.06115476914145 8.889000000000001
2.28655730966084 4.063210009409234 9.629750000000003
2.287713888977815 4.065265249677019 10.3705
2.288870468294791 4.067320489944803 11.11125
2.290027047611767 4.069375730212587 11.852
2.291183626928742 4.071430970480371 12.59275
2.292340206245718 4.073486210748155 13.3335
2.293496785562694 4.07554145101594 14.07425
2.294653364879669 4.077596691283723 14.815
2.295809944196645 4.079651931551507 15.55575
2.296966523513621 4.081707171819292 16.2965
2.298123102830596 4.083762412087076 17.03725
2.299279682147572 4.085817652354859 17.778
2.300436261464547 4.087872892622644 18.51875
2.301592840781523 4.089928132890428 19.2595
2.302749420098499 4.091983373158213 20.00025
2.303905999415475 4.094038613425997 20.741
2.30506257873245 4.09609385369378 21.48175
2.306219158049426 4.098149093961565 22.2225
2.307375737366401 4.100204334229349 22.96325
2.308532316683377 4.102259574497133 23.704
2.309688896000353 4.104314814764917 24.44475
2.310845475317328 4.106370055032701 25.1855
2.312002054634304 4.108425295300486 25.92625
2.504535986762229 4.543470108079375 0.370375
2.505173435473545 4.54462650159123 0.7407499999999999
2.505810884184861 4.545782895103085 1.111125
2.506448332896178 4.54693928861494 1.4815
2.507085781607494 4.548095682126795 1.851875
2.507723230318811 4.549252075638651 2.22225
2.508360679030127 4.550408469150506 2.592625
2.508998127741443 4.551564862662361 2.963
2.50963557645276 4.552721256174216 3.333375
2.510273025164076 4.553877649686071 3.703750000000001
2.510910473875393 4.555034043197927 4.074125
2.511547922586709 4.556190436709783 4.444500000000001
2.512185371298025 4.557346830221638 4.814875
2.512822820009342 4.558503223733493 5.185250000000001
2.513460268720658 4.559659617245348 5.555625
2.514097717431975 4.560816010757203 5.925999999999999
2.514735166143292 4.561972404269059 6.296375000000001
2.515372614854607 4.563128797780914 6.66675
2.516010063565924 4.56428519129277 7.037125
2.51664751227724 4.565441584804624 7.407500000000002
2.517284960988557 4.566597978316479 7.777875000000001
2.517922409699874 4.567754371828335 8.148249999999999
2.51855985841119 4.568910765340191 8.518625000000002
2.519197307122506 4.570067158852046 8.889000000000001
2.520472204545139 4.572379945875756 9.629750000000003
2.521747101967772 4.574692732899467 10.3705
2.523021999390405 4.577005519923177 11.11125
2.524296896813037 4.579318306946888 11.852
2.52557179423567 4.581631093970598 12.59275
2.526846691658303 4.583943880994309 13.3335
2.528121589080936 4.586256668018019 14.07425
2.529396486503569 4.58856945504173 14.815
2.530671383926201 4.59088224206544 15.55575
2.531946281348835 4.593195029089151 16.2965
2.533221178771468 4.595507816112861 17.03725
2.5344960761941 4.597820603136572 17.778
2.535770973616733 4.600133390160282 18.51875
2.537045871039366 4.602446177183993 19.2595
2.538320768461999 4.604758964207704 20.00025
2.539595665884632 4.607071751231414 20.741
2.540870563307264 4.609384538255124 21.48175
2.542145460729897 4.611697325278836 22.2225
2.54342035815253 4.614010112302546 22.96325
2.544695255575163 4.616322899326256 23.704
2.545970152997796 4.618635686349967 24.44475
2.547245050420429 4.620948473373677 25.1855
2.548519947843062 4.623261260397388 25.92625
2.736971905327502 5.049420710098962 0.370375
2.737668513091648 5.050705876988781 0.7407499999999999
2.738365120855793 5.0519910438786 1.111125
2.739061728619939 5.053276210768419 1.4815
2.739758336384084 5.054561377658238 1.851875
2.74045494414823 5.055846544548057 2.22225
2.741151551912375 5.057131711437877 2.592625
2.741848159676521 5.058416878327695 2.963
2.742544767440666 5.059702045217514 3.333375
2.743241375204811 5.060987212107332 3.703750000000001
2.743937982968957 5.062272378997152 4.074125
2.744634590733102 5.063557545886971 4.444500000000001
2.745331198497248 5.06484271277679 4.814875
2.746027806261393 5.06612787966661 5.185250000000001
2.746724414025539 5.067413046556428 5.555625
2.747421021789684 5.068698213446248 5.925999999999999
2.74811762955383 5.069983380336067 6.296375000000001
2.748814237317975 5.071268547225886 6.66675
2.749510845082121 5.072553714115705 7.037125
2.750207452846266 5.073838881005524 7.407500000000002
2.750904060610411 5.075124047895343 7.777875000000001
2.751600668374557 5.076409214785162 8.148249999999999
2.752297276138703 5.077694381674982 8.518625000000002
2.752993883902848 5.0789795485648 8.889000000000001
2.754387099431138 5.081549882344437 9.629750000000003
2.75578031495943 5.084120216124076 10.3705
2.75717353048772 5.086690549903714 11.11125
2.758566746016011 5.089260883683352 11.852
2.759959961544302 5.09183121746299 12.59275
2.761353177072593 5.094401551242628 13.3335
2.762746392600884 5.096971885022266 14.07425
2.764139608129175 5.099542218801904 14.815
2.765532823657466 5.102112552581542 15.55575
2.766926039185757 5.10468288636118 16.2965
2.768319254714048 5.107253220140819 17.03725
2.769712470242339 5.109823553920457 17.778
2.77110568577063 5.112393887700095 18.51875
2.772498901298921 5.114964221479733 19.2595
2.773892116827211 5.117534555259371 20.00025
2.775285332355502 5.120104889039009 20.741
2.776678547883793 5.122675222818646 21.48175
2.778071763412084 5.125245556598285 22.2225
2.779464978940375 5.127815890377923 22.96325
2.780858194468666 5.130386224157561 23.704
2.782251409996957 5.132956557937199 24.44475
2.783644625525248 5.135526891716837 25.1855
2.785037841053539 5.138097225496475 25.92625
1.451626158736682 3.069668674151578 0.370375
1.451995623271865 3.070449959128455 0.7407499999999999
1.452365087807049 3.071231244105333 1.111125
1.452734552342233 3.07201252908221 1.4815
1.453104016877416 3.072793814059088 1.851875
1.4534734814126 3.073575099035965 2.22225
1.453842945947784 3.074356384012843 2.592625
1.454212410482967 3.07513766898972 2.963
1.454581875018151 3.075918953966597 3.333375
1.454951339553334 3.076700238943475 3.703750000000001
1.455320804088518 3.077481523920353 4.074125
1.455690268623702 3.07826280889723 4.444500000000001
1.456059733158886 3.079044093874108 4.814875
1.456429197694069 3.079825378850985 5.185250000000001
1.456798662229253 3.080606663827862 5.555625
1.457168126764437 3.08138794880474 5.925999999999999
1.45753759129962 3.082169233781618 6.296375000000001
1.457907055834804 3.082950518758495 6.66675
1.458276520369988 3.083731803735372 7.037125
1.458645984905171 3.08451308871225 7.407500000000002
1.459015449440355 3.085294373689127 7.777875000000001
1.459384913975539 3.086075658666005 8.148249999999999
1.459754378510723 3.086856943642883 8.518625000000002
1.460123843045906 3.08763822861976 8.889000000000001
1.460862772116273 3.089200798573514 9.629750000000003
1.461601701186641 3.09076336852727 10.3705
1.462340630257008 3.092325938481024 11.11125
1.463079559327376 3.093888508434779 11.852
1.463818488397743 3.095451078388534 12.59275
1.46455741746811 3.097013648342289 13.3335
1.465296346538478 3.098576218296044 14.07425
1.466035275608845 3.100138788249799 14.815
1.466774204679212 3.101701358203554 15.55575
1.46751313374958 3.103263928157309 16.2965
1.468252062819947 3.104826498111064 17.03725
1.468990991890314 3.106389068064819 17.778
1.469729920960682 3.107951638018574 18.51875
1.470468850031049 3.109514207972329 19.2595
1.471207779101417 3.111076777926084 20.00025
1.471946708171784 3.112639347879839 20.741
1.472685637242151 3.114201917833593 21.48175
1.473424566312519 3.115764487787349 22.2225
1.474163495382886 3.117327057741103 22.96325
1.474902424453253 3.118889627694858 23.704
1.475641353523621 3.120452197648613 24.44475
1.476380282593988 3.122014767602368 25.1855
1.477119211664355 3.123577337556123 25.92625
1.643418467469276 3.619669648302505 0.370375
1.643836746539642 3.620590918256259 0.7407499999999999
1.644255025610008 3.621512188210014 1.111125
1.644673304680375 3.622433458163769 1.4815
1.645091583750741 3.623354728117523 1.851875
1.645509862821107 3.624275998071278 2.22225
1.645928141891474 3.625197268025033 2.592625
1.64634642096184 3.626118537978788 2.963
1.646764700032206 3.627039807932543 3.333375
1.647182979102572 3.627961077886297 3.703750000000001
1.647601258172939 3.628882347840052 4.074125
1.648019537243305 3.629803617793807 4.444500000000001
1.648437816313671 3.630724887747562 4.814875
1.648856095384038 3.631646157701316 5.185250000000001
1.649274374454404 3.632567427655071 5.555625
1.64969265352477 3.633488697608826 5.925999999999999
1.650110932595137 3.634409967562581 6.296375000000001
1.650529211665503 3.635331237516335 6.66675
1.650947490735869 3.636252507470091 7.037125
1.651365769806236 3.637173777423845 7.407500000000002
1.651784048876602 3.638095047377599 7.777875000000001
1.652202327946968 3.639016317331355 8.148249999999999
1.652620607017335 3.63993758728511 8.518625000000002
1.653038886087701 3.640858857238864 8.889000000000001
1.653875444228434 3.642701397146373 9.629750000000003
1.654712002369166 3.644543937053883 10.3705
1.655548560509899 3.646386476961393 11.11125
1.656385118650632 3.648229016868902 11.852
1.657221676791364 3.650071556776412 12.59275
1.658058234932097 3.651914096683921 13.3335
1.658894793072829 3.653756636591431 14.07425
1.659731351213562 3.655599176498941 14.815
1.660567909354295 3.65744171640645 15.55575
1.661404467495027 3.65928425631396 16.2965
1.66224102563576 3.661126796221469 17.03725
1.663077583776493 3.662969336128979 17.778
1.663914141917225 3.664811876036488 18.51875
1.664750700057958 3.666654415943998 19.2595
1.665587258198691 3.668496955851507 20.00025
1.666423816339423 3.670339495759017 20.741
1.667260374480156 3.672182035666526 21.48175
1.668096932620889 3.674024575574036 22.2225
1.668933490761621 3.675867115481545 22.96325
1.669770048902354 3.677709655389055 23.704
1.670606607043087 3.679552195296565 24.44475
1.671443165183819 3.681394735204074 25.1855
1.672279723324552 3.683237275111584 25.92625
1.835210776200159 4.169670622451517 0.370375
1.835677869805708 4.170731877382148 0.7407499999999999
1.836144963411256 4.17179313231278 1.111125
1.836612057016805 4.172854387243412 1.4815
1.837079150622353 4.173915642174043 1.851875
1.837546244227902 4.174976897104675 2.22225
1.838013337833451 4.176038152035306 2.592625
1.838480431438999 4.177099406965938 2.963
1.838947525044548 4.178160661896569 3.333375
1.839414618650096 4.179221916827201 3.703750000000001
1.839881712255645 4.180283171757832 4.074125
1.840348805861193 4.181344426688464 4.444500000000001
1.840815899466742 4.182405681619096 4.814875
1.84128299307229 4.183466936549727 5.185250000000001
1.841750086677839 4.184528191480359 5.555625
1.842217180283387 4.18558944641099 5.925999999999999
1.842684273888936 4.186650701341622 6.296375000000001
1.843151367494484 4.187711956272254 6.66675
1.843618461100033 4.188773211202886 7.037125
1.844085554705581 4.189834466133517 7.407500000000002
1.84455264831113 4.190895721064148 7.777875000000001
1.845019741916678 4.19195697599478 8.148249999999999
1.845486835522227 4.193018230925412 8.518625000000002
1.845953929127775 4.194079485856043 8.889000000000001
1.846888116338872 4.196201995717306 9.629750000000003
1.84782230354997 4.19832450557857 10.3705
1.848756490761067 4.200447015439832 11.11125
1.849690677972164 4.202569525301096 11.852
1.850624865183261 4.204692035162359 12.59275
1.851559052394358 4.206814545023622 13.3335
1.852493239605455 4.208937054884886 14.07425
1.853427426816552 4.211059564746149 14.815
1.854361614027649 4.213182074607412 15.55575
1.855295801238746 4.215304584468675 16.2965
1.856229988449843 4.217427094329937 17.03725
1.85716417566094 4.219549604191201 17.778
1.858098362872037 4.221672114052464 18.51875
1.859032550083134 4.223794623913728 19.2595
1.859966737294231 4.225917133774991 20.00025
1.860900924505328 4.228039643636254 20.741
1.861835111716425 4.230162153497517 21.48175
1.862769298927522 4.23228466335878 22.2225
1.863703486138619 4.234407173220044 22.96325
1.864637673349716 4.236529683081306 23.704
1.865571860560813 4.23865219294257 24.44475
1.86650604777191 4.240774702803833 25.1855
1.867440234983008 4.242897212665096 25.92625
2.027003084930951 4.719671596598691 0.370375
2.027518993071681 4.720872836506199 0.7407499999999999
2.028034901212413 4.722074076413707 1.111125
2.028550809353143 4.723275316321216 1.4815
2.029066717493873 4.724476556228723 1.851875
2.029582625634605 4.725677796136231 2.22225
2.030098533775335 4.72687903604374 2.592625
2.030614441916066 4.728080275951247 2.963
2.031130350056797 4.729281515858755 3.333375
2.031646258197527 4.730482755766262 3.703750000000001
2.032162166338258 4.73168399567377 4.074125
2.032678074478989 4.732885235581279 4.444500000000001
2.03319398261972 4.734086475488787 4.814875
2.03370989076045 4.735287715396295 5.185250000000001
2.034225798901181 4.736488955303803 5.555625
2.034741707041912 4.737690195211311 5.925999999999999
2.035257615182642 4.738891435118819 6.296375000000001
2.035773523323373 4.740092675026326 6.66675
2.036289431464104 4.741293914933835 7.037125
2.036805339604834 4.742495154841342 7.407500000000002
2.037321247745565 4.74369639474885 7.777875000000001
2.037837155886296 4.744897634656358 8.148249999999999
2.038353064027027 4.746098874563867 8.518625000000002
2.038868972167757 4.747300114471375 8.889000000000001
2.039900788449219 4.74970259428639 9.629750000000003
2.04093260473068 4.752105074101406 10.3705
2.041964421012141 4.754507553916421 11.11125
2.042996237293603 4.756910033731438 11.852
2.044028053575064 4.759312513546454 12.59275
2.045059869856526 4.761714993361469 13.3335
2.046091686137987 4.764117473176485 14.07425
2.047123502419449 4.766519952991501 14.815
2.04815531870091 4.768922432806517 15.55575
2.049187134982371 4.771324912621533 16.2965
2.050218951263833 4.773727392436548 17.03725
2.051250767545294 4.776129872251564 17.778
2.052282583826756 4.778532352066581 18.51875
2.053314400108217 4.780934831881597 19.2595
2.054346216389678 4.783337311696612 20.00025
2.05537803267114 4.785739791511628 20.741
2.056409848952601 4.788142271326643 21.48175
2.057441665234063 4.790544751141661 22.2225
2.058473481515524 4.792947230956676 22.96325
2.059505297796985 4.795349710771691 23.704
2.060537114078447 4.797752190586707 24.44475
2.061568930359909 4.800154670401724 25.1855
2.06260074664137 4.80255715021674 25.92625
2.218795393663119 5.269672570747827 0.370375
2.219360116339032 5.271013795632212 0.7407499999999999
2.219924839014945 5.272355020516597 1.111125
2.220489561690858 5.273696245400981 1.4815
2.221054284366772 5.275037470285366 1.851875
2.221619007042685 5.27637869516975 2.22225
2.222183729718598 5.277719920054136 2.592625
2.222748452394511 5.27906114493852 2.963
2.223313175070424 5.280402369822905 3.333375
2.223877897746338 5.281743594707289 3.703750000000001
2.224442620422251 5.283084819591674 4.074125
2.225007343098164 5.28442604447606 4.444500000000001
2.225572065774077 5.285767269360444 4.814875
2.226136788449991 5.287108494244829 5.185250000000001
2.226701511125904 5.288449719129214 5.555625
2.227266233801817 5.289790944013598 5.925999999999999
2.227830956477731 5.291132168897984 6.296375000000001
2.228395679153643 5.292473393782368 6.66675
2.228960401829557 5.293814618666754 7.037125
2.22952512450547 5.295155843551138 7.407500000000002
2.230089847181383 5.296497068435522 7.777875000000001
2.230654569857297 5.297838293319908 8.148249999999999
2.23121929253321 5.299179518204292 8.518625000000002
2.231784015209123 5.300520743088677 8.889000000000001
2.232913460560949 5.303203192857446 9.629750000000003
2.234042905912776 5.305885642626216 10.3705
2.235172351264603 5.308568092394985 11.11125
2.236301796616429 5.311250542163755 11.852
2.237431241968256 5.313932991932525 12.59275
2.238560687320082 5.316615441701294 13.3335
2.239690132671909 5.319297891470064 14.07425
2.240819578023735 5.321980341238834 14.815
2.241949023375561 5.324662791007603 15.55575
2.243078468727388 5.327345240776373 16.2965
2.244207914079214 5.330027690545142 17.03725
2.245337359431041 5.332710140313911 17.778
2.246466804782867 5.335392590082681 18.51875
2.247596250134694 5.338075039851451 19.2595
2.24872569548652 5.340757489620221 20.00025
2.249855140838347 5.34343993938899 20.741
2.250984586190173 5.346122389157759 21.48175
2.252114031542 5.348804838926529 22.2225
2.253243476893826 5.351487288695298 22.96325
2.254372922245653 5.354169738464068 23.704
2.255502367597479 5.356852188232838 24.44475
2.256631812949306 5.359534638001607 25.1855
2.257761258301132 5.362217087770377 25.92625
1.092154874060864 3.1043779397861 0.370375
1.092432846795417 3.105168058885053 0.7407499999999999
1.092710819529971 3.105958177984006 1.111125
1.092988792264525 3.106748297082959 1.4815
1.093266764999078 3.107538416181911 1.851875
1.093544737733632 3.108328535280864 2.22225
1.093822710468185 3.109118654379817 2.592625
1.094100683202739 3.10990877347877 2.963
1.094378655937292 3.110698892577723 3.333375
1.094656628671846 3.111489011676676 3.703750000000001
1.094934601406399 3.112279130775629 4.074125
1.095212574140953 3.113069249874582 4.444500000000001
1.095490546875507 3.113859368973535 4.814875
1.09576851961006 3.114649488072488 5.185250000000001
1.096046492344614 3.115439607171441 5.555625
1.096324465079167 3.116229726270394 5.925999999999999
1.096602437813721 3.117019845369347 6.296375000000001
1.096880410548274 3.1178099644683 6.66675
1.097158383282828 3.118600083567253 7.037125
1.097436356017381 3.119390202666206 7.407500000000002
1.097714328751935 3.120180321765158 7.777875000000001
1.097992301486488 3.120970440864112 8.148249999999999
1.098270274221042 3.121760559963065 8.518625000000002
1.098548246955595 3.122550679062017 8.889000000000001
1.099104192424702 3.124130917259923 9.629750000000003
1.09966013789381 3.125711155457829 10.3705
1.100216083362917 3.127291393655735 11.11125
1.100772028832024 3.128871631853641 11.852
1.101327974301131 3.130451870051547 12.59275
1.101883919770238 3.132032108249453 13.3335
1.102439865239345 3.133612346447359 14.07425
1.102995810708452 3.135192584645265 14.815
1.103551756177559 3.13677282284317 15.55575
1.104107701646666 3.138353061041076 16.2965
1.104663647115773 3.139933299238982 17.03725
1.10521959258488 3.141513537436888 17.778
1.105775538053988 3.143093775634794 18.51875
1.106331483523095 3.1446740138327 19.2595
1.106887428992202 3.146254252030606 20.00025
1.107443374461309 3.147834490228512 20.741
1.107999319930416 3.149414728426417 21.48175
1.108555265399523 3.150994966624324 22.2225
1.10911121086863 3.152575204822229 22.96325
1.109667156337737 3.154155443020135 23.704
1.110223101806844 3.155735681218041 24.44475
1.110779047275951 3.157315919415947 25.1855
1.111334992745058 3.158896157613853 25.92625
1.239434360618632 3.689088179571708 0.370375
1.239749818587738 3.690027117769613 0.7407499999999999
1.240065276556844 3.690966055967519 1.111125
1.24038073452595 3.691904994165425 1.4815
1.240696192495057 3.69284393236333 1.851875
1.241011650464163 3.693782870561237 2.22225
1.241327108433269 3.694721808759143 2.592625
1.241642566402376 3.695660746957048 2.963
1.241958024371482 3.696599685154954 3.333375
1.242273482340588 3.697538623352859 3.703750000000001
1.242588940309694 3.698477561550765 4.074125
1.242904398278801 3.699416499748671 4.444500000000001
1.243219856247907 3.700355437946577 4.814875
1.243535314217013 3.701294376144482 5.185250000000001
1.24385077218612 3.702233314342388 5.555625
1.244166230155226 3.703172252540294 5.925999999999999
1.244481688124332 3.7041111907382 6.296375000000001
1.244797146093438 3.705050128936105 6.66675
1.245112604062545 3.705989067134011 7.037125
1.245428062031651 3.706928005331917 7.407500000000002
1.245743520000757 3.707866943529822 7.777875000000001
1.246058977969864 3.708805881727729 8.148249999999999
1.24637443593897 3.709744819925635 8.518625000000002
1.246689893908076 3.71068375812354 8.889000000000001
1.247320809846289 3.712561634519351 9.629750000000003
1.247951725784501 3.714439510915163 10.3705
1.248582641722714 3.716317387310974 11.11125
1.249213557660926 3.718195263706786 11.852
1.249844473599139 3.720073140102597 12.59275
1.250475389537352 3.721951016498409 13.3335
1.251106305475564 3.72382889289422 14.07425
1.251737221413777 3.725706769290032 14.815
1.252368137351989 3.727584645685843 15.55575
1.252999053290202 3.729462522081656 16.2965
1.253629969228415 3.731340398477466 17.03725
1.254260885166627 3.733218274873278 17.778
1.25489180110484 3.73509615126909 18.51875
1.255522717043053 3.736974027664901 19.2595
1.256153632981265 3.738851904060713 20.00025
1.256784548919478 3.740729780456524 20.741
1.25741546485769 3.742607656852335 21.48175
1.258046380795903 3.744485533248147 22.2225
1.258677296734115 3.746363409643958 22.96325
1.259308212672328 3.74824128603977 23.704
1.259939128610541 3.750119162435582 24.44475
1.260570044548753 3.751997038831393 25.1855
1.261200960486966 3.753874915227205 25.92625
1.386713847175102 4.273798419355813 0.370375
1.387066790378761 4.274886176652671 0.7407499999999999
1.387419733582419 4.275973933949529 1.111125
1.387772676786078 4.277061691246387 1.4815
1.388125619989737 4.278149448543245 1.851875
1.388478563193396 4.279237205840103 2.22225
1.388831506397054 4.280324963136962 2.592625
1.389184449600713 4.28141272043382 2.963
1.389537392804371 4.282500477730678 3.333375
1.38989033600803 4.283588235027536 3.703750000000001
1.390243279211689 4.284675992324394 4.074125
1.390596222415348 4.285763749621252 4.444500000000001
1.390949165619007 4.286851506918111 4.814875
1.391302108822665 4.287939264214969 5.185250000000001
1.391655052026324 4.289027021511827 5.555625
1.392007995229983 4.290114778808685 5.925999999999999
1.392360938433642 4.291202536105543 6.296375000000001
1.3927138816373 4.292290293402401 6.66675
1.393066824840959 4.29337805069926 7.037125
1.393419768044617 4.294465807996118 7.407500000000002
1.393772711248276 4.295553565292976 7.777875000000001
1.394125654451935 4.296641322589834 8.148249999999999
1.394478597655594 4.297729079886693 8.518625000000002
1.394831540859252 4.29881683718355 8.889000000000001
1.39553742726657 4.300992351777267 9.629750000000003
1.396243313673887 4.303167866370984 10.3705
1.396949200081205 4.305343380964699 11.11125
1.397655086488522 4.307518895558416 11.852
1.398360972895839 4.309694410152132 12.59275
1.399066859303157 4.311869924745849 13.3335
1.399772745710474 4.314045439339565 14.07425
1.400478632117792 4.316220953933282 14.815
1.401184518525109 4.318396468526998 15.55575
1.401890404932427 4.320571983120715 16.2965
1.402596291339744 4.32274749771443 17.03725
1.403302177747062 4.324923012308147 17.778
1.404008064154379 4.327098526901864 18.51875
1.404713950561697 4.32927404149558 19.2595
1.405419836969014 4.331449556089296 20.00025
1.406125723376331 4.333625070683013 20.741
1.406831609783649 4.335800585276728 21.48175
1.407537496190966 4.337976099870446 22.2225
1.408243382598284 4.340151614464162 22.96325
1.408949269005601 4.342327129057878 23.704
1.409655155412918 4.344502643651595 24.44475
1.410361041820236 4.346678158245311 25.1855
1.411066928227553 4.348853672839027 25.92625
1.533993333731493 4.858508659137687 0.370375
1.534383762169704 4.859745235533497 0.7407499999999999
1.534774190607916 4.860981811929308 1.111125
1.535164619046127 4.862218388325117 1.4815
1.535555047484338 4.863454964720927 1.851875
1.535945475922549 4.864691541116737 2.22225
1.53633590436076 4.865928117512548 2.592625
1.536726332798971 4.867164693908357 2.963
1.537116761237182 4.868401270304167 3.333375
1.537507189675393 4.869637846699977 3.703750000000001
1.537897618113604 4.870874423095787 4.074125
1.538288046551816 4.872110999491598 4.444500000000001
1.538678474990027 4.873347575887408 4.814875
1.539068903428238 4.874584152283218 5.185250000000001
1.539459331866449 4.875820728679027 5.555625
1.53984976030466 4.877057305074837 5.925999999999999
1.540240188742871 4.878293881470648 6.296375000000001
1.540630617181082 4.879530457866458 6.66675
1.541021045619293 4.880767034262268 7.037125
1.541411474057504 4.882003610658078 7.407500000000002
1.541801902495715 4.883240187053888 7.777875000000001
1.542192330933927 4.884476763449698 8.148249999999999
1.542582759372138 4.885713339845508 8.518625000000002
1.542973187810349 4.886949916241318 8.889000000000001
1.543754044686771 4.889423069032937 9.629750000000003
1.544534901563194 4.891896221824559 10.3705
1.545315758439616 4.894369374616178 11.11125
1.546096615316038 4.896842527407798 11.852
1.54687747219246 4.899315680199418 12.59275
1.547658329068882 4.901788832991039 13.3335
1.548439185945305 4.904261985782659 14.07425
1.549220042821727 4.906735138574279 14.815
1.550000899698149 4.909208291365898 15.55575
1.550781756574571 4.911681444157519 16.2965
1.551562613450993 4.914154596949139 17.03725
1.552343470327416 4.916627749740759 17.778
1.553124327203838 4.919100902532379 18.51875
1.55390518408026 4.921574055323999 19.2595
1.554686040956683 4.92404720811562 20.00025
1.555466897833105 4.92652036090724 20.741
1.556247754709527 4.92899351369886 21.48175
1.55702861158595 4.93146666649048 22.2225
1.557809468462372 4.9339398192821 22.96325
1.558590325338794 4.93641297207372 23.704
1.559371182215216 4.93888612486534 24.44475
1.560152039091638 4.94135927765696 25.1855
1.560932895968061 4.94383243044858 25.92625
1.68127282028893 5.443218898921294 0.370375
1.681700733961694 5.444604294416056 0.7407499999999999
1.682128647634458 5.445989689910818 1.111125
1.682556561307221 5.44737508540558 1.4815
1.682984474979985 5.448760480900343 1.851875
1.683412388652749 5.450145876395106 2.22225
1.683840302325513 5.451531271889868 2.592625
1.684268215998277 5.45291666738463 2.963
1.68469612967104 5.454302062879393 3.333375
1.685124043343804 5.455687458374154 3.703750000000001
1.685551957016568 5.457072853868917 4.074125
1.685979870689332 5.45845824936368 4.444500000000001
1.686407784362095 5.459843644858442 4.814875
1.686835698034859 5.461229040353204 5.185250000000001
1.687263611707623 5.462614435847967 5.555625
1.687691525380387 5.463999831342728 5.925999999999999
1.688119439053151 5.465385226837491 6.296375000000001
1.688547352725914 5.466770622332254 6.66675
1.688975266398678 5.468156017827016 7.037125
1.689403180071442 5.469541413321778 7.407500000000002
1.689831093744206 5.47092680881654 7.777875000000001
1.69025900741697 5.472312204311303 8.148249999999999
1.690686921089734 5.473697599806066 8.518625000000002
1.691114834762497 5.475082995300828 8.889000000000001
1.691970662108025 5.477853786290352 9.629750000000003
1.692826489453553 5.480624577279878 10.3705
1.69368231679908 5.483395368269401 11.11125
1.694538144144607 5.486166159258927 11.852
1.695393971490135 5.488936950248451 12.59275
1.696249798835663 5.491707741237976 13.3335
1.69710562618119 5.494478532227501 14.07425
1.697961453526718 5.497249323217026 14.815
1.698817280872245 5.500020114206549 15.55575
1.699673108217773 5.502790905196075 16.2965
1.7005289355633 5.505561696185599 17.03725
1.701384762908828 5.508332487175124 17.778
1.702240590254356 5.511103278164649 18.51875
1.703096417599883 5.513874069154173 19.2595
1.703952244945411 5.516644860143699 20.00025
1.704808072290938 5.519415651133223 20.741
1.705663899636466 5.522186442122747 21.48175
1.706519726981994 5.524957233112273 22.2225
1.707375554327521 5.527728024101797 22.96325
1.708231381673049 5.530498815091322 23.704
1.709087209018576 5.533269606080847 24.44475
1.709943036364104 5.536040397070371 25.1855
1.710798863709632 5.538811188059896 25.92625
0.7297485964141952 3.12941182999374 0.370375
0.7299343303404904 3.130208320660575 0.7407499999999999
0.7301200642667858 3.13100481132741 1.111125
0.7303057981930809 3.131801301994245 1.4815
0.7304915321193762 3.132597792661079 1.851875
0.7306772660456716 3.133394283327914 2.22225
0.7308629999719669 3.134190773994749 2.592625
0.7310487338982622 3.134987264661584 2.963
0.7312344678245575 3.135783755328418 3.333375
0.7314202017508526 3.136580245995253 3.703750000000001
0.731605935677148 3.137376736662087 4.074125
0.7317916696034433 3.138173227328922 4.444500000000001
0.7319774035297386 3.138969717995757 4.814875
0.7321631374560339 3.139766208662592 5.185250000000001
0.7323488713823292 3.140562699329427 5.555625
0.7325346053086245 3.141359189996261 5.925999999999999
0.7327203392349197 3.142155680663096 6.296375000000001
0.732906073161215 3.142952171329931 6.66675
0.7330918070875104 3.143748661996766 7.037125
0.7332775410138056 3.1445451526636 7.407500000000002
0.7334632749401009 3.145341643330435 7.777875000000001
0.7336490088663963 3.14613813399727 8.148249999999999
0.7338347427926916 3.146934624664105 8.518625000000002
0.7340204767189868 3.14773111533094 8.889000000000001
0.7343919445715773 3.149324096664609 9.629750000000003
0.734763412424168 3.150917077998279 10.3705
0.7351348802767586 3.152510059331948 11.11125
0.7355063481293491 3.154103040665617 11.852
0.7358778159819397 3.155696021999287 12.59275
0.7362492838345303 3.157289003332957 13.3335
0.7366207516871208 3.158881984666626 14.07425
0.7369922195397115 3.160474966000296 14.815
0.737363687392302 3.162067947333965 15.55575
0.7377351552448926 3.163660928667634 16.2965
0.7381066230974831 3.165253910001304 17.03725
0.7384780909500738 3.166846891334973 17.778
0.7388495588026643 3.168439872668643 18.51875
0.7392210266552549 3.170032854002312 19.2595
0.7395924945078455 3.171625835335982 20.00025
0.7399639623604362 3.173218816669652 20.741
0.7403354302130266 3.174811798003321 21.48175
0.7407068980656173 3.176404779336991 22.2225
0.7410783659182077 3.17799776067066 22.96325
0.7414498337707984 3.179590742004329 23.704
0.741821301623389 3.181183723337999 24.44475
0.7421927694759796 3.182776704671669 25.1855
0.7425642373285701 3.184369686005338 25.92625
0.8295802678263237 3.739155959987169 0.370375
0.8297914106789137 3.740107641320838 0.7407499999999999
0.8300025535315038 3.741059322654508 1.111125
0.8302136963840938 3.742011003988177 1.4815
0.8304248392366838 3.742962685321846 1.851875
0.8306359820892739 3.743914366655516 2.22225
0.8308471249418641 3.744866047989186 2.592625
0.831058267794454 3.745817729322855 2.963
0.8312694106470441 3.746769410656524 3.333375
0.831480553499634 3.747721091990194 3.703750000000001
0.8316916963522242 3.748672773323863 4.074125
0.8319028392048143 3.749624454657533 4.444500000000001
0.8321139820574043 3.750576135991202 4.814875
0.8323251249099943 3.751527817324871 5.185250000000001
0.8325362677625844 3.752479498658541 5.555625
0.8327474106151744 3.75343117999221 5.925999999999999
0.8329585534677646 3.75438286132588 6.296375000000001
0.8331696963203545 3.755334542659549 6.66675
0.8333808391729447 3.756286223993219 7.037125
0.8335919820255346 3.757237905326888 7.407500000000002
0.8338031248781247 3.758189586660557 7.777875000000001
0.8340142677307147 3.759141267994227 8.148249999999999
0.8342254105833049 3.760092949327897 8.518625000000002
0.834436553435895 3.761044630661566 8.889000000000001
0.8348588391410749 3.762947993328904 9.629750000000003
0.8352811248462552 3.764851355996244 10.3705
0.8357034105514352 3.766754718663582 11.11125
0.8361256962566153 3.768658081330921 11.852
0.8365479819617954 3.77056144399826 12.59275
0.8369702676669756 3.772464806665599 13.3335
0.8373925533721557 3.774368169332938 14.07425
0.8378148390773358 3.776271532000277 14.815
0.8382371247825158 3.778174894667615 15.55575
0.838659410487696 3.780078257334954 16.2965
0.8390816961928761 3.781981620002293 17.03725
0.8395039818980562 3.783884982669632 17.778
0.8399262676032363 3.785788345336971 18.51875
0.8403485533084164 3.78769170800431 19.2595
0.8407708390135965 3.789595070671648 20.00025
0.8411931247187766 3.791498433338988 20.741
0.8416154104239567 3.793401796006326 21.48175
0.8420376961291369 3.795305158673665 22.2225
0.8424599818343169 3.797208521341004 22.96325
0.842882267539497 3.799111884008342 23.704
0.8433045532446771 3.801015246675681 24.44475
0.8437268389498572 3.802918609343021 25.1855
0.8441491246550374 3.804821972010359 25.92625
0.9294119392375808 4.348900089979537 0.370375
0.9296484910164653 4.35000696198004 0.7407499999999999
0.92988504279535 4.351113833980545 1.111125
0.9301215945742346 4.352220705981049 1.4815
0.9303581463531191 4.353327577981552 1.851875
0.9305946981320038 4.354434449982056 2.22225
0.9308312499108884 4.35554132198256 2.592625
0.931067801689773 4.356648193983064 2.963
0.9313043534686575 4.357755065983567 3.333375
0.9315409052475421 4.358861937984071 3.703750000000001
0.9317774570264267 4.359968809984575 4.074125
0.9320140088053114 4.36107568198508 4.444500000000001
0.932250560584196 4.362182553985583 4.814875
0.9324871123630805 4.363289425986086 5.185250000000001
0.9327236641419652 4.36439629798659 5.555625
0.9329602159208497 4.365503169987094 5.925999999999999
0.9331967676997344 4.366610041987598 6.296375000000001
0.9334333194786189 4.367716913988102 6.66675
0.9336698712575036 4.368823785988606 7.037125
0.933906423036388 4.36993065798911 7.407500000000002
0.9341429748152726 4.371037529989613 7.777875000000001
0.9343795265941574 4.372144401990117 8.148249999999999
0.9346160783730419 4.373251273990621 8.518625000000002
0.9348526301519265 4.374358145991125 8.889000000000001
0.9353257337096956 4.376571889992132 9.629750000000003
0.9357988372674649 4.37878563399314 10.3705
0.936271940825234 4.380999377994147 11.11125
0.9367450443830032 4.383213121995155 11.852
0.9372181479407724 4.385426865996163 12.59275
0.9376912514985416 4.38764060999717 13.3335
0.9381643550563109 4.389854353998179 14.07425
0.9386374586140801 4.392068097999187 14.815
0.9391105621718492 4.394281842000193 15.55575
0.9395836657296185 4.396495586001202 16.2965
0.9400567692873876 4.398709330002209 17.03725
0.9405298728451568 4.400923074003217 17.778
0.941002976402926 4.403136818004224 18.51875
0.9414760799606952 4.405350562005232 19.2595
0.9419491835184645 4.40756430600624 20.00025
0.9424222870762337 4.409778050007247 20.741
0.9428953906340027 4.411991794008254 21.48175
0.943368494191772 4.414205538009263 22.2225
0.9438415977495411 4.41641928201027 22.96325
0.9443147013073103 4.418633026011277 23.704
0.9447878048650795 4.420846770012285 24.44475
0.9452609084228487 4.423060514013293 25.1855
0.9457340119806179 4.425274258014301 25.92625
1.02924361064878 4.958644219969313 0.370375
1.029505571353959 4.95990628263665 0.7407499999999999
1.029767532059138 4.961168345303989 1.111125
1.030029492764318 4.962430407971326 1.4815
1.030291453469497 4.963692470638663 1.851875
1.030553414174676 4.964954533306001 2.22225
1.030815374879855 4.966216595973338 2.592625
1.031077335585034 4.967478658640676 2.963
1.031339296290213 4.968740721308014 3.333375
1.031601256995392 4.97000278397535 3.703750000000001
1.031863217700571 4.971264846642689 4.074125
1.032125178405751 4.972526909310027 4.444500000000001
1.03238713911093 4.973788971977363 4.814875
1.032649099816109 4.975051034644701 5.185250000000001
1.032911060521288 4.976313097312039 5.555625
1.033173021226467 4.977575159979376 5.925999999999999
1.033434981931646 4.978837222646714 6.296375000000001
1.033696942636825 4.980099285314052 6.66675
1.033958903342004 4.981361347981389 7.037125
1.034220864047183 4.982623410648727 7.407500000000002
1.034482824752363 4.983885473316064 7.777875000000001
1.034744785457542 4.985147535983402 8.148249999999999
1.035006746162721 4.98640959865074 8.518625000000002
1.0352687068679 4.987671661318077 8.889000000000001
1.035792628278258 4.990195786652752 9.629750000000003
1.036316549688617 4.992719911987428 10.3705
1.036840471098975 4.995244037322102 11.11125
1.037364392509333 4.997768162656778 11.852
1.037888313919691 5.000292287991453 12.59275
1.03841223533005 5.002816413326128 13.3335
1.038936156740408 5.005340538660803 14.07425
1.039460078150766 5.007864663995479 14.815
1.039983999561124 5.010388789330153 15.55575
1.040507920971483 5.012912914664828 16.2965
1.041031842381841 5.015437039999504 17.03725
1.041555763792199 5.017961165334179 17.778
1.042079685202557 5.020485290668853 18.51875
1.042603606612916 5.023009416003529 19.2595
1.043127528023274 5.025533541338204 20.00025
1.043651449433632 5.028057666672879 20.741
1.04417537084399 5.030581792007554 21.48175
1.044699292254349 5.03310591734223 22.2225
1.045223213664707 5.035630042676904 22.96325
1.045747135075065 5.038154168011579 23.704
1.046271056485423 5.040678293346255 24.44475
1.046794977895781 5.04320241868093 25.1855
1.04731889930614 5.045726544015605 25.92625
1.129075282060683 5.568388349960557 0.370375
1.129362651692156 5.569805603294729 0.7407499999999999
1.12965002132363 5.571222856628901 1.111125
1.129937390955104 5.572640109963072 1.4815
1.130224760586578 5.574057363297244 1.851875
1.130512130218052 5.575474616631415 2.22225
1.130799499849526 5.576891869965587 2.592625
1.131086869480999 5.578309123299759 2.963
1.131374239112473 5.57972637663393 3.333375
1.131661608743947 5.581143629968102 3.703750000000001
1.131948978375421 5.582560883302274 4.074125
1.132236348006895 5.583978136636446 4.444500000000001
1.132523717638369 5.585395389970617 4.814875
1.132811087269842 5.586812643304788 5.185250000000001
1.133098456901316 5.588229896638961 5.555625
1.13338582653279 5.589647149973132 5.925999999999999
1.133673196164264 5.591064403307304 6.296375000000001
1.133960565795738 5.592481656641476 6.66675
1.134247935427212 5.593898909975648 7.037125
1.134535305058685 5.595316163309819 7.407500000000002
1.134822674690159 5.59673341664399 7.777875000000001
1.135110044321633 5.598150669978162 8.148249999999999
1.135397413953107 5.599567923312335 8.518625000000002
1.135684783584581 5.600985176646506 8.889000000000001
1.136259522847528 5.603819683314849 9.629750000000003
1.136834262110476 5.606654189983193 10.3705
1.137409001373424 5.609488696651535 11.11125
1.137983740636371 5.612323203319879 11.852
1.138558479899319 5.615157709988223 12.59275
1.139133219162267 5.617992216656566 13.3335
1.139707958425214 5.620826723324909 14.07425
1.140282697688162 5.623661229993253 14.815
1.14085743695111 5.626495736661596 15.55575
1.141432176214057 5.62933024332994 16.2965
1.142006915477005 5.632164749998283 17.03725
1.142581654739953 5.634999256666626 17.778
1.1431563940029 5.637833763334969 18.51875
1.143731133265848 5.640668270003313 19.2595
1.144305872528796 5.643502776671657 20.00025
1.144880611791743 5.64633728334 20.741
1.145455351054691 5.649171790008342 21.48175
1.146030090317639 5.652006296676687 22.2225
1.146604829580586 5.65484080334503 22.96325
1.147179568843534 5.657675310013373 23.704
1.147754308106482 5.660509816681716 24.44475
1.148329047369429 5.66334432335006 25.1855
1.148903786632377 5.666178830018404 25.92625
0.3653698112176486 3.144529254747192 0.370375
0.3654628042976225 3.145329593066038 0.7407499999999999
0.3655557973775964 3.146129931384885 1.111125
0.3656487904575704 3.146930269703731 1.4815
0.3657417835375443 3.147730608022577 1.851875
0.3658347766175183 3.148530946341424 2.22225
0.3659277696974922 3.149331284660271 2.592625
0.3660207627774662 3.150131622979117 2.963
0.3661137558574401 3.150931961297962 3.333375
0.366206748937414 3.151732299616809 3.703750000000001
0.366299742017388 3.152532637935655 4.074125
0.366392735097362 3.153332976254502 4.444500000000001
0.3664857281773359 3.154133314573348 4.814875
0.3665787212573098 3.154933652892194 5.185250000000001
0.3666717143372838 3.155733991211041 5.555625
0.3667647074172578 3.156534329529887 5.925999999999999
0.3668577004972317 3.157334667848733 6.296375000000001
0.3669506935772057 3.158135006167579 6.66675
0.3670436866571796 3.158935344486426 7.037125
0.3671366797371536 3.159735682805272 7.407500000000002
0.3672296728171275 3.160536021124118 7.777875000000001
0.3673226658971014 3.161336359442965 8.148249999999999
0.3674156589770755 3.162136697761812 8.518625000000002
0.3675086520570494 3.162937036080658 8.889000000000001
0.3676946382169972 3.16453771271835 9.629750000000003
0.3678806243769452 3.166138389356043 10.3705
0.368066610536893 3.167739065993735 11.11125
0.368252596696841 3.169339742631428 11.852
0.3684385828567889 3.170940419269121 12.59275
0.3686245690167367 3.172541095906813 13.3335
0.3688105551766847 3.174141772544506 14.07425
0.3689965413366326 3.175742449182199 14.815
0.3691825274965804 3.177343125819891 15.55575
0.3693685136565284 3.178943802457584 16.2965
0.3695544998164763 3.180544479095277 17.03725
0.3697404859764241 3.182145155732969 17.778
0.369926472136372 3.183745832370662 18.51875
0.3701124582963199 3.185346509008355 19.2595
0.3702984444562679 3.186947185646047 20.00025
0.3704844306162158 3.18854786228374 20.741
0.3706704167761636 3.190148538921432 21.48175
0.3708564029361116 3.191749215559125 22.2225
0.3710423890960594 3.193349892196818 22.96325
0.3712283752560073 3.19495056883451 23.704
0.3714143614159552 3.196551245472203 24.44475
0.3716003475759032 3.198151922109896 25.1855
0.3717863337358511 3.199752598747589 25.92625
0.415781159934297 3.769390809494269 0.370375
0.4158869835942446 3.770350186131961 0.7407499999999999
0.4159928072541922 3.771309562769654 1.111125
0.4160986309141399 3.772268939407347 1.4815
0.4162044545740875 3.773228316045039 1.851875
0.4163102782340352 3.774187692682732 2.22225
0.4164161018939829 3.775147069320425 2.592625
0.4165219255539305 3.776106445958118 2.963
0.4166277492138781 3.77706582259581 3.333375
0.4167335728738257 3.778025199233502 3.703750000000001
0.4168393965337734 3.778984575871195 4.074125
0.416945220193721 3.779943952508888 4.444500000000001
0.4170510438536687 3.78090332914658 4.814875
0.4171568675136163 3.781862705784273 5.185250000000001
0.417262691173564 3.782822082421966 5.555625
0.4173685148335116 3.783781459059658 5.925999999999999
0.4174743384934593 3.784740835697351 6.296375000000001
0.4175801621534069 3.785700212335043 6.66675
0.4176859858133546 3.786659588972736 7.037125
0.4177918094733022 3.787618965610429 7.407500000000002
0.4178976331332498 3.788578342248121 7.777875000000001
0.4180034567931975 3.789537718885814 8.148249999999999
0.4181092804531452 3.790497095523507 8.518625000000002
0.4182151041130928 3.791456472161199 8.889000000000001
0.418426751432988 3.793375225436584 9.629750000000003
0.4186383987528834 3.79529397871197 10.3705
0.4188500460727786 3.797212731987354 11.11125
0.4190616933926739 3.79913148526274 11.852
0.4192733407125692 3.801050238538125 12.59275
0.4194849880324645 3.80296899181351 13.3335
0.4196966353523598 3.804887745088895 14.07425
0.4199082826722551 3.806806498364281 14.815
0.4201199299921504 3.808725251639665 15.55575
0.4203315773120457 3.810644004915051 16.2965
0.4205432246319409 3.812562758190436 17.03725
0.4207548719518363 3.814481511465821 17.778
0.4209665192717316 3.816400264741207 18.51875
0.4211781665916268 3.818319018016592 19.2595
0.4213898139115221 3.820237771291978 20.00025
0.4216014612314175 3.822156524567363 20.741
0.4218131085513127 3.824075277842748 21.48175
0.422024755871208 3.825994031118133 22.2225
0.4222364031911033 3.827912784393518 22.96325
0.4224480505109985 3.829831537668903 23.704
0.4226596978308939 3.831750290944289 24.44475
0.4228713451507892 3.833669044219674 25.1855
0.4230829924706844 3.835587797495059 25.92625
0.4661925086505078 4.394252364240772 0.370375
0.466311162890429 4.395370779197311 0.7407499999999999
0.4664298171303503 4.39648919415385 1.111125
0.4665484713702715 4.397607609110389 1.4815
0.4666671256101927 4.398726024066927 1.851875
0.4667857798501139 4.399844439023466 2.22225
0.4669044340900352 4.400962853980005 2.592625
0.4670230883299564 4.402081268936543 2.963
0.4671417425698776 4.403199683893082 3.333375
0.4672603968097988 4.404318098849621 3.703750000000001
0.4673790510497201 4.405436513806159 4.074125
0.4674977052896414 4.406554928762699 4.444500000000001
0.4676163595295625 4.407673343719237 4.814875
0.4677350137694837 4.408791758675775 5.185250000000001
0.467853668009405 4.409910173632315 5.555625
0.4679723222493262 4.411028588588853 5.925999999999999
0.4680909764892475 4.412147003545392 6.296375000000001
0.4682096307291687 4.413265418501931 6.66675
0.46832828496909 4.41438383345847 7.037125
0.4684469392090111 4.415502248415009 7.407500000000002
0.4685655934489323 4.416620663371547 7.777875000000001
0.4686842476888536 4.417739078328086 8.148249999999999
0.4688029019287749 4.418857493284625 8.518625000000002
0.4689215561686961 4.419975908241164 8.889000000000001
0.4691588646485385 4.422212738154241 9.629750000000003
0.469396173128381 4.424449568067319 10.3705
0.4696334816082234 4.426686397980395 11.11125
0.4698707900880659 4.428923227893473 11.852
0.4701080985679084 4.431160057806551 12.59275
0.4703454070477508 4.433396887719629 13.3335
0.4705827155275933 4.435633717632706 14.07425
0.4708200240074357 4.437870547545784 14.815
0.4710573324872782 4.440107377458861 15.55575
0.4712946409671206 4.442344207371939 16.2965
0.4715319494469631 4.444581037285016 17.03725
0.4717692579268055 4.446817867198093 17.778
0.472006566406648 4.449054697111171 18.51875
0.4722438748864904 4.451291527024249 19.2595
0.4724811833663329 4.453528356937326 20.00025
0.4727184918461754 4.455765186850404 20.741
0.4729558003260178 4.458002016763481 21.48175
0.4731931088058604 4.460238846676559 22.2225
0.4734304172857027 4.462475676589636 22.96325
0.4736677257655452 4.464712506502714 23.704
0.4739050342453877 4.466949336415791 24.44475
0.4741423427252301 4.469186166328869 25.1855
0.4743796512050726 4.471422996241946 25.92625
0.5166038573666882 5.019113918984346 0.370375
0.516735342186583 5.020391372259731 0.7407499999999999
0.5168668270064779 5.021668825535115 1.111125
0.5169983118263727 5.022946278810499 1.4815
0.5171297966462675 5.024223732085883 1.851875
0.5172612814661622 5.025501185361267 2.22225
0.5173927662860571 5.026778638636652 2.592625
0.5175242511059519 5.028056091912036 2.963
0.5176557359258467 5.02933354518742 3.333375
0.5177872207457415 5.030610998462803 3.703750000000001
0.5179187055656362 5.031888451738188 4.074125
0.5180501903855311 5.033165905013573 4.444500000000001
0.5181816752054259 5.034443358288956 4.814875
0.5183131600253207 5.035720811564341 5.185250000000001
0.5184446448452155 5.036998264839725 5.555625
0.5185761296651102 5.038275718115108 5.925999999999999
0.5187076144850051 5.039553171390494 6.296375000000001
0.5188390993048999 5.040830624665877 6.66675
0.5189705841247948 5.042108077941261 7.037125
0.5191020689446896 5.043385531216646 7.407500000000002
0.5192335537645844 5.044662984492029 7.777875000000001
0.5193650385844791 5.045940437767414 8.148249999999999
0.519496523404374 5.047217891042798 8.518625000000002
0.5196280082242688 5.048495344318182 8.889000000000001
0.5198909778640584 5.05105025086895 9.629750000000003
0.520153947503848 5.053605157419719 10.3705
0.5204169171436376 5.056160063970487 11.11125
0.5206798867834271 5.058714970521255 11.852
0.5209428564232168 5.061269877072023 12.59275
0.5212058260630064 5.063824783622792 13.3335
0.521468795702796 5.06637969017356 14.07425
0.5217317653425857 5.068934596724328 14.815
0.5219947349823751 5.071489503275096 15.55575
0.5222577046221649 5.074044409825865 16.2965
0.5225206742619545 5.076599316376633 17.03725
0.522783643901744 5.079154222927402 17.778
0.5230466135415337 5.08170912947817 18.51875
0.5233095831813233 5.084264036028938 19.2595
0.5235725528211129 5.086818942579707 20.00025
0.5238355224609025 5.089373849130475 20.741
0.524098492100692 5.091928755681243 21.48175
0.5243614617404817 5.094483662232012 22.2225
0.5246244313802713 5.097038568782779 22.96325
0.5248874010200609 5.099593475333548 23.704
0.5251503706598506 5.102148381884317 24.44475
0.5254133402996402 5.104703288435084 25.1855
0.5256763099394298 5.107258194985853 25.92625
0.5670152060832222 5.643975473729087 0.370375
0.5671595214830907 5.645411965323317 0.7407499999999999
0.5673038368829592 5.646848456917547 1.111125
0.5674481522828276 5.648284948511776 1.4815
0.567592467682696 5.649721440106005 1.851875
0.5677367830825646 5.651157931700236 2.22225
0.5678810984824331 5.652594423294466 2.592625
0.5680254138823015 5.654030914888696 2.963
0.5681697292821699 5.655467406482925 3.333375
0.5683140446820384 5.656903898077155 3.703750000000001
0.5684583600819069 5.658340389671385 4.074125
0.5686026754817755 5.659776881265615 4.444500000000001
0.5687469908816438 5.661213372859845 4.814875
0.5688913062815123 5.662649864454075 5.185250000000001
0.5690356216813808 5.664086356048305 5.555625
0.5691799370812493 5.665522847642534 5.925999999999999
0.5693242524811177 5.666959339236764 6.296375000000001
0.5694685678809862 5.668395830830994 6.66675
0.5696128832808547 5.669832322425224 7.037125
0.5697571986807232 5.671268814019454 7.407500000000002
0.5699015140805915 5.672705305613683 7.777875000000001
0.5700458294804601 5.674141797207914 8.148249999999999
0.5701901448803286 5.675578288802144 8.518625000000002
0.5703344602801971 5.677014780396373 8.889000000000001
0.5706230910799339 5.679887763584833 9.629750000000003
0.570911721879671 5.682760746773293 10.3705
0.5712003526794078 5.685633729961752 11.11125
0.5714889834791448 5.688506713150212 11.852
0.5717776142788817 5.691379696338672 12.59275
0.5720662450786187 5.694252679527131 13.3335
0.5723548758783557 5.697125662715592 14.07425
0.5726435066780926 5.699998645904051 14.815
0.5729321374778295 5.70287162909251 15.55575
0.5732207682775665 5.705744612280971 16.2965
0.5735093990773034 5.70861759546943 17.03725
0.5737980298770403 5.711490578657889 17.778
0.5740866606767773 5.71436356184635 18.51875
0.5743752914765142 5.717236545034809 19.2595
0.5746639222762512 5.720109528223269 20.00025
0.5749525530759881 5.722982511411729 20.741
0.575241183875725 5.725855494600188 21.48175
0.575529814675462 5.728728477788648 22.2225
0.5758184454751989 5.731601460977108 22.96325
0.5761070762749358 5.734474444165567 23.704
0.5763957070746728 5.737347427354027 24.44475
0.5766843378744098 5.740220410542487 25.1855
0.5769729686741467 5.743093393730947 25.92625
$EndNodes
$Elements
16 10113 1 10113
0 5 15 1
1 5
2 1 3 64
2 1 15 458 42
3 42 458 459 41
4 41 459 460 40
5 40 460 461 39
6 39 461 462 38
7 38 462 463 37
8 37 463 464 36
9 36 464 35 4
10 15 16 465 458
11 458 465 466 459
12 459 466 467 460
13 460 467 468 461
14 461 468 469 462
15 462 469 470 463
16 463 470 471 464
17 464 471 34 35
18 16 17 472 465
19 465 472 473 466
20 466 473 474 467
21 467 474 475 468
22 468 475 476 469
23 469 476 477 470
24 470 477 478 471
25 471 478 33 34
26 17 18 479 472
27 472 479 480 473
28 473 480 481 474
29 474 481 482 475
30 475 482 483 476
31 476 483 484 477
32 477 484 485 478
33 478 485 32 33
34 18 19 486 479
35 479 486 487 480
36 480 487 488 481
37 481 488 489 482
38 482 489 490 483
39 483 490 491 484
40 484 491 492 485
41 485 492 31 32
42 19 20 493 486
43 486 493 494 487
44 487 494 495 488
45 488 495 496 489
46 489 496 497 490
47 490 497 498 491
48 491 498 499 492
49 492 499 30 31
50 20 21 500 493
51 493 500 501 494
52 494 501 502 495
53 495 502 503 496
54 496 503 504 497
55 497 504 505 498
56 498 505 506 499
57 499 506 29 30
58 21 2 22 500
59 500 22 23 501
60 501 23 24 502
61 502 24 25 503
62 503 25 26 504
63 504 26 27 505
64 505 27 28 506
65 506 28 3 29
2 2 3 48
66 2 43 507 22
67 22 507 508 23
68 23 508 509 24
69 24 509 510 25
70 25 510 511 26
71 26 511 512 27
72 27 512 513 28
73 28 513 59 3
74 43 44 514 507
75 507 514 515 508
76 508 515 516 509
77 509 516 517 510
78 510 517 518 511
79 511 518 519 512
80 512 519 520 513
81 513 520 58 59
82 44 45 521 514
83 514 521 522 515
84 515 522 523 516
85 516 523 524 517
86 517 524 525 518
87 518 525 526 519
88 519 526 527 520
89 520 527 57 58
90 45 46 528 521
91 521 528 529 522
92 522 529 530 523
93 523 530 531 524
94 524 531 532 525
95 525 532 533 526
96 526 533 534 527
97 527 534 56 57
98 46 47 535 528
99 528 535 536 529
100 529 536 537 530
101 530 537 538 531
102 531 538 539 532
103 532 539 540 533
104 533 540 541 534
105 534 541 55 56
106 47 5 48 535
107 535 48 49 536
108 536 49 50 537
109 537 50 51 538
110 538 51 52 539
111 539 52 53 540
112 540 53 54 541
113 541 54 6 55
2 3 3 48
114 3 59 542 29
115 59 58 543 542
116 58 57 544 543
117 57 56 545 544
118 56 55 546 545
119 55 6 60 546
120 29 542 547 30
121 542 543 548 547
122 543 544 549 548
123 544 545 550 549
124 545 546 551 550
125 546 60 61 551
126 30 547 552 31
127 547 548 553 552
128 548 549 554 553
129 549 550 555 554
130 550 551 556 555
131 551 61 62 556
132 31 552 557 32
133 552 553 558 557
134 553 554 559 558
135 554 555 560 559
136 555 556 561 560
137 556 62 63 561
138 32 557 562 33
139 557 558 563 562
140 558 559 564 563
141 559 560 565 564
142 560 561 566 565
143 561 63 64 566
144 33 562 567 34
145 562 563 568 567
146 563 564 569 568
147 564 565 570 569
148 565 566 571 570
149 566 64 65 571
150 34 567 572 35
151 567 568 573 572
152 568 569 574 573
153 569 570 575 574
154 570 571 576 575
155 571 65 66 576
156 35 572 71 4
157 572 573 70 71
158 573 574 69 70
159 574 575 68 69
160 575 576 67 68
161 576 66 7 67
2 18 3 384
162 1 15 577 100
163 100 577 578 101
164 101 578 579 102
165 102 579 580 103
166 103 580 581 104
167 104 581 582 105
168 105 582 583 106
169 106 583 584 107
170 107 584 585 108
171 108 585 586 109
172 109 586 587 110
173 110 587 588 111
174 111 588 589 112
175 112 589 590 113
176 113 590 591 114
177 114 591 592 115
178 115 592 593 116
179 116 593 594 117
180 117 594 595 118
181 118 595 596 119
182 119 596 597 120
183 120 597 598 121
184 121 598 599 122
185 122 599 600 123
186 123 600 601 124
187 124 601 602 125
188 125 602 603 126
189 126 603 604 127
190 127 604 605 128
191 128 605 606 129
192 129 606 607 130
193 130 607 608 131
194 131 608 609 132
195 132 609 610 133
196 133 610 611 134
197 134 611 612 135
198 135 612 613 136
199 136 613 614 137
200 137 614 615 138
201 138 615 616 139
202 139 616 617 140
203 140 617 618 141
204 141 618 619 142
205 142 619 620 143
206 143 620 621 144
207 144 621 622 145
208 145 622 623 146
209 146 623 72 8
210 15 16 624 577
211 577 624 625 578
212 578 625 626 579
213 579 626 627 580
214 580 627 628 581
215 581 628 629 582
216 582 629 630 583
217 583 630 631 584
218 584 631 632 585
219 585 632 633 586
220 586 633 634 587
221 587 634 635 588
222 588 635 636 589
223 589 636 637 590
224 590 637 638 591
225 591 638 639 592
226 592 639 640 593
227 593 640 641 594
228 594 641 642 595
229 595 642 643 596
230 596 643 644 597
231 597 644 645 598
232 598 645 646 599
233 599 646 647 600
234 600 647 648 601
235 601 648 649 602
236 602 649 650 603
237 603 650 651 604
238 604 651 652 605
239 605 652 653 606
240 606 653 654 607
241 607 654 655 608
242 608 655 656 609
243 609 656 657 610
244 610 657 658 611
245 611 658 659 612
246 612 659 660 613
247 613 660 661 614
248 614 661 662 615
249 615 662 663 616
250 616 663 664 617
251 617 664 665 618
252 618 665 666 619
253 619 666 667 620
254 620 667 668 621
255 621 668 669 622
256 622 669 670 623
257 623 670 73 72
258 16 17 671 624
259 624 671 672 625
260 625 672 673 626
261 626 673 674 627
262 627 674 675 628
263 628 675 676 629
264 629 676 677 630
265 630 677 678 631
266 631 678 679 632
267 632 679 680 633
268 633 680 681 634
269 634 681 682 635
270 635 682 683 636
271 636 683 684 637
272 637 684 685 638
273 638 685 686 639
274 639 686 687 640
275 640 687 688 641
276 641 688 689 642
277 642 689 690 643
278 643 690 691 644
279 644 691 692 645
280 645 692 693 646
281 646 693 694 647
282 647 694 695 648
283 648 695 696 649
284 649 696 697 650
285 650 697 698 651
286 651 698 699 652
287 652 699 700 653
288 653 700 701 654
289 654 701 702 655
290 655 702 703 656
291 656 703 704 657
292 657 704 705 658
293 658 705 706 659
294 659 706 707 660
295 660 707 708 661
296 661 708 709 662
297 662 709 710 663
298 663 710 711 664
299 664 711 712 665
300 665 712 713 666
301 666 713 714 667
302 667 714 715 668
303 668 715 716 669
304 669 716 717 670
305 670 717 74 73
306 17 18 718 671
307 671 718 719 672
308 672 719 720 673
309 673 720 721 674
310 674 721 722 675
311 675 722 723 676
312 676 723 724 677
313 677 724 725 678
314 678 725 726 679
315 679 726 727 680
316 680 727 728 681
317 681 728 729 682
318 682 729 730 683
319 683 730 731 684
320 684 731 732 685
321 685 732 733 686
322 686 733 734 687
323 687 734 735 688
324 688 735 736 689
325 689 736 737 690
326 690 737 738 691
327 691 738 739 692
328 692 739 740 693
329 693 740 741 694
330 694 741 742 695
331 695 742 743 696
332 696 743 744 697
333 697 744 745 698
334 698 745 746 699
335 699 746 747 700
336 700 747 748 701
337 701 748 749 702
338 702 749 750 703
339 703 750 751 704
340 704 751 752 705
341 705 752 753 706
342 706 753 754 707
343 707 754 755 708
344 708 755 756 709
345 709 756 757 710
346 710 757 758 711
347 711 758 759 712
348 712 759 760 713
349 713 760 761 714
350 714 761 762 715
351 715 762 763 716
352 716 763 764 717
353 717 764 75 74
354 18 19 765 718
355 718 765 766 719
356 719 766 767 720
357 720 767 768 721
358 721 768 769 722
359 722 769 770 723
360 723 770 771 724
361 724 771 772 725
362 725 772 773 726
363 726 773 774 727
364 727 774 775 728
365 728 775 776 729
366 729 776 777 730
367 730 777 778 731
368 731 778 779 732
369 732 779 780 733
370 733 780 781 734
371 734 781 782 735
372 735 782 783 736
373 736 783 784 737
374 737 784 785 738
375 738 785 786 739
376 739 786 787 740
377 740 787 788 741
378 741 788 789 742
379 742 789 790 743
380 743 790 791 744
381 744 791 792 745
382 745 792 793 746
383 746 793 794 747
384 747 794 795 748
385 748 795 796 749
386 749 796 797 750
387 750 797 798 751
388 751 798 799 752
389 752 799 800 753
390 753 800 801 754
391 754 801 802 755
392 755 802 803 756
393 756 803 804 757
394 757 804 805 758
395 758 805 806 759
396 759 806 807 760
397 760 807 808 761
398 761 808 809 762
399 762 809 810 763
400 763 810 811 764
401 764 811 76 75
402 19 20 812 765
403 765 812 813 766
404 766 813 814 767
405 767 814 815 768
406 768 815 816 769
407 769 816 817 770
408 770 817 818 771
409 771 818 819 772
410 772 819 820 773
411 773 820 821 774
412 774 821 822 775
413 775 822 823 776
414 776 823 824 777
415 777 824 825 778
416 778 825 826 779
417 779 826 827 780
418 780 827 828 781
419 781 828 829 782
420 782 829 830 783
421 783 830 831 784
422 784 831 832 785
423 785 832 833 786
424 786 833 834 787
425 787 834 835 788
426 788 835 836 789
427 789 836 837 790
428 790 837 838 791
429 791 838 839 792
430 792 839 840 793
431 793 840 841 794
432 794 841 842 795
433 795 842 843 796
434 796 843 844 797
435 797 844 845 798
436 798 845 846 799
437 799 846 847 800
438 800 847 848 801
439 801 848 849 802
440 802 849 850 803
441 803 850 851 804
442 804 851 852 805
443 805 852 853 806
444 806 853 854 807
445 807 854 855 808
446 808 855 856 809
447 809 856 857 810
448 810 857 858 811
449 811 858 77 76
450 20 21 859 812
451 812 859 860 813
452 813 860 861 814
453 814 861 862 815
454 815 862 863 816
455 816 863 864 817
456 817 864 865 818
457 818 865 866 819
458 819 866 867 820
459 820 867 868 821
460 821 868 869 822
461 822 869 870 823
462 823 870 871 824
463 824 871 872 825
464 825 872 873 826
465 826 873 874 827
466 827 874 875 828
467 828 875 876 829
468 829 876 877 830
469 830 877 878 831
470 831 878 879 832
471 832 879 880 833
472 833 880 881 834
473 834 881 882 835
474 835 882 883 836
475 836 883 884 837
476 837 884 885 838
477 838 885 886 839
478 839 886 887 840
479 840 887 888 841
480 841 888 889 842
481 842 889 890 843
482 843 890 891 844
483 844 891 892 845
484 845 892 893 846
485 846 893 894 847
486 847 894 895 848
487 848 895 896 849
488 849 896 897 850
489 850 897 898 851
490 851 898 899 852
491 852 899 900 853
492 853 900 901 854
493 854 901 902 855
494 855 902 903 856
495 856 903 904 857
496 857 904 905 858
497 858 905 78 77
498 21 2 147 859
499 859 147 148 860
500 860 148 149 861
501 861 149 150 862
502 862 150 151 863
503 863 151 152 864
504 864 152 153 865
505 865 153 154 866
506 866 154 155 867
507 867 155 156 868
508 868 156 157 869
509 869 157 158 870
510 870 158 159 871
511 871 159 160 872
512 872 160 161 873
513 873 161 162 874
514 874 162 163 875
515 875 163 164 876
516 876 164 165 877
517 877 165 166 878
518 878 166 167 879
519 879 167 168 880
520 880 168 169 881
521 881 169 170 882
522 882 170 171 883
523 883 171 172 884
524 884 172 173 885
525 885 173 174 886
526 886 174 175 887
527 887 175 176 888
528 888 176 177 889
529 889 177 178 890
530 890 178 179 891
531 891 179 180 892
532 892 180 181 893
533 893 181 182 894
534 894 182 183 895
535 895 183 184 896
536 896 184 185 897
537 897 185 186 898
538 898 186 187 899
539 899 187 188 900
540 900 188 189 901
541 901 189 190 902
542 902 190 191 903
543 903 191 192 904
544 904 192 193 905
545 905 193 9 78
2 30 3 384
546 4 36 1564 241
547 241 1564 1565 242
548 242 1565 1566 243
549 243 1566 1567 244
550 244 1567 1568 245
551 245 1568 1569 246
552 246 1569 1570 247
553 247 1570 1571 248
554 248 1571 1572 249
555 249 1572 1573 250
556 250 1573 1574 251
557 251 1574 1575 252
558 252 1575 1576 253
559 253 1576 1577 254
560 254 1577 1578 255
561 255 1578 1579 256
562 256 1579 1580 257
563 257 1580 1581 258
564 258 1581 1582 259
565 259 1582 1583 260
566 260 1583 1584 261
567 261 1584 1585 262
568 262 1585 1586 263
569 263 1586 1587 264
570 264 1587 1588 265
571 265 1588 1589 266
572 266 1589 1590 267
573 267 1590 1591 268
574 268 1591 1592 269
575 269 1592 1593 270
576 270 1593 1594 271
577 271 1594 1595 272
578 272 1595 1596 273
579 273 1596 1597 274
580 274 1597 1598 275
581 275 1598 1599 276
582 276 1599 1600 277
583 277 1600 1601 278
584 278 1601 1602 279
585 279 1602 1603 280
586 280 1603 1604 281
587 281 1604 1605 282
588 282 1605 1606 283
589 283 1606 1607 284
590 284 1607 1608 285
591 285 1608 1609 286
592 286 1609 1610 287
593 287 1610 93 11
594 36 37 1611 1564
595 1564 1611 1612 1565
596 1565 1612 1613 1566
597 1566 1613 1614 1567
598 1567 1614 1615 1568
599 1568 1615 1616 1569
600 1569 1616 1617 1570
601 1570 1617 1618 1571
602 1571 1618 1619 1572
603 1572 1619 1620 1573
604 1573 1620 1621 1574
605 1574 1621 1622 1575
606 1575 1622 1623 1576
607 1576 1623 1624 1577
608 1577 1624 1625 1578
609 1578 1625 1626 1579
610 1579 1626 1627 1580
611 1580 1627 1628 1581
612 1581 1628 1629 1582
613 1582 1629 1630 1583
614 1583 1630 1631 1584
615 1584 1631 1632 1585
616 1585 1632 1633 1586
617 1586 1633 1634 1587
618 1587 1634 1635 1588
619 1588 1635 1636 1589
620 1589 1636 1637 1590
621 1590 1637 1638 1591
622 1591 1638 1639 1592
623 1592 1639 1640 1593
624 1593 1640 1641 1594
625 1594 1641 1642 1595
626 1595 1642 1643 1596
627 1596 1643 1644 1597
628 1597 1644 1645 1598
629 1598 1645 1646 1599
630 1599 1646 1647 1600
631 1600 1647 1648 1601
632 1601 1648 1649 1602
633 1602 1649 1650 1603
634 1603 1650 1651 1604
635 1604 1651 1652 1605
636 1605 1652 1653 1606
637 1606 1653 1654 1607
638 1607 1654 1655 1608
639 1608 1655 1656 1609
640 1609 1656 1657 1610
641 1610 1657 94 93
642 37 38 1658 1611
643 1611 1658 1659 1612
644 1612 1659 1660 1613
645 1613 1660 1661 1614
646 1614 1661 1662 1615
647 1615 1662 1663 1616
648 1616 1663 1664 1617
649 1617 1664 1665 1618
650 1618 1665 1666 1619
651 1619 1666 1667 1620
652 1620 1667 1668 1621
653 1621 1668 1669 1622
654 1622 1669 1670 1623
655 1623 1670 1671 1624
656 1624 1671 1672 1625
657 1625 1672 1673 1626
658 1626 1673 1674 1627
659 1627 1674 1675 1628
660 1628 1675 1676 1629
661 1629 1676 1677 1630
662 1630 1677 1678 1631
663 1631 1678 1679 1632
664 1632 1679 1680 1633
665 1633 1680 1681 1634
666 1634 1681 1682 1635
667 1635 1682 1683 1636
668 1636 1683 1684 1637
669 1637 1684 1685 1638
670 1638 1685 1686 1639
671 1639 1686 1687 1640
672 1640 1687 1688 1641
673 1641 1688 1689 1642
674 1642 1689 1690 1643
675 1643 1690 1691 1644
676 1644 1691 1692 1645
677 1645 1692 1693 1646
678 1646 1693 1694 1647
679 1647 1694 1695 1648
680 1648 1695 1696 1649
681 1649 1696 1697 1650
682 1650 1697 1698 1651
683 1651 1698 1699 1652
684 1652 1699 1700 1653
685 1653 1700 1701 1654
686 1654 1701 1702 1655
687 1655 1702 1703 1656
688 1656 1703 1704 1657
689 1657 1704 95 94
690 38 39 1705 1658
691 1658 1705 1706 1659
692 1659 1706 1707 1660
693 1660 1707 1708 1661
694 1661 1708 1709 1662
695 1662 1709 1710 1663
696 1663 1710 1711 1664
697 1664 1711 1712 1665
698 1665 1712 1713 1666
699 1666 1713 1714 1667
700 1667 1714 1715 1668
701 1668 1715 1716 1669
702 1669 1716 1717 1670
703 1670 1717 1718 1671
704 1671 1718 1719 1672
705 1672 1719 1720 1673
706 1673 1720 1721 1674
707 1674 1721 1722 1675
708 1675 1722 1723 1676
709 1676 1723 1724 1677
710 1677 1724 1725 1678
711 1678 1725 1726 1679
712 1679 1726 1727 1680
713 1680 1727 1728 1681
714 1681 1728 1729 1682
715 1682 1729 1730 1683
716 1683 1730 1731 1684
717 1684 1731 1732 1685
718 1685 1732 1733 1686
719 1686 1733 1734 1687
720 1687 1734 1735 1688
721 1688 1735 1736 1689
722 1689 1736 1737 1690
723 1690 1737 1738 1691
724 1691 1738 1739 1692
725 1692 1739 1740 1693
726 1693 1740 1741 1694
727 1694 1741 1742 1695
728 1695 1742 1743 1696
729 1696 1743 1744 1697
730 1697 1744 1745 1698
731 1698 1745 1746 1699
732 1699 1746 1747 1700
733 1700 1747 1748 1701
734 1701 1748 1749 1702
735 1702 1749 1750 1703
736 1703 1750 1751 1704
737 1704 1751 96 95
738 39 40 1752 1705
739 1705 1752 1753 1706
740 1706 1753 1754 1707
741 1707 1754 1755 1708
742 1708 1755 1756 1709
743 1709 1756 1757 1710
744 1710 1757 1758 1711
745 1711 1758 1759 1712
746 1712 1759 1760 1713
747 1713 1760 1761 1714
748 1714 1761 1762 1715
749 1715 1762 1763 1716
750 1716 1763 1764 1717
751 1717 1764 1765 1718
752 1718 1765 1766 1719
753 1719 1766 1767 1720
754 1720 1767 1768 1721
755 1721 1768 1769 1722
756 1722 1769 1770 1723
757 1723 1770 1771 1724
758 1724 1771 1772 1725
759 1725 1772 1773 1726
760 1726 1773 1774 1727
761 1727 1774 1775 1728
762 1728 1775 1776 1729
763 1729 1776 1777 1730
764 1730 1777 1778 1731
765 1731 1778 1779 1732
766 1732 1779 1780 1733
767 1733 1780 1781 1734
768 1734 1781 1782 1735
769 1735 1782 1783 1736
770 1736 1783 1784 1737
771 1737 1784 1785 1738
772 1738 1785 1786 1739
773 1739 1786 1787 1740
774 1740 1787 1788 1741
775 1741 1788 1789 1742
776 1742 1789 1790 1743
777 1743 1790 1791 1744
778 1744 1791 1792 1745
779 1745 1792 1793 1746
780 1746 1793 1794 1747
781 1747 1794 1795 1748
782 1748 1795 1796 1749
783 1749 1796 1797 1750
784 1750 1797 1798 1751
785 1751 1798 97 96
786 40 41 1799 1752
787 1752 1799 1800 1753
788 1753 1800 1801 1754
789 1754 1801 1802 1755
790 1755 1802 1803 1756
791 1756 1803 1804 1757
792 1757 1804 1805 1758
793 1758 1805 1806 1759
794 1759 1806 1807 1760
795 1760 1807 1808 1761
796 1761 1808 1809 1762
797 1762 1809 1810 1763
798 1763 1810 1811 1764
799 1764 1811 1812 1765
800 1765 1812 1813 1766
801 1766 1813 1814 1767
802 1767 1814 1815 1768
803 1768 1815 1816 1769
804 1769 1816 1817 1770
805 1770 1817 1818 1771
806 1771 1818 1819 1772
807 1772 1819 1820 1773
808 1773 1820 1821 1774
809 1774 1821 1822 1775
810 1775 1822 1823 1776
811 1776 1823 1824 1777
812 1777 1824 1825 1778
813 1778 1825 1826 1779
814 1779 1826 1827 1780
815 1780 1827 1828 1781
816 1781 1828 1829 1782
817 1782 1829 1830 1783
818 1783 1830 1831 1784
819 1784 1831 1832 1785
820 1785 1832 1833 1786
821 1786 1833 1834 1787
822 1787 1834 1835 1788
823 1788 1835 1836 1789
824 1789 1836 1837 1790
825 1790 1837 1838 1791
826 1791 1838 1839 1792
827 1792 1839 1840 1793
828 1793 1840 1841 1794
829 1794 1841 1842 1795
830 1795 1842 1843 1796
831 1796 1843 1844 1797
832 1797 1844 1845 1798
833 1798 1845 98 97
834 41 42 1846 1799
835 1799 1846 1847 1800
836 1800 1847 1848 1801
837 1801 1848 1849 1802
838 1802 1849 1850 1803
839 1803 1850 1851 1804
840 1804 1851 1852 1805
841 1805 1852 1853 1806
842 1806 1853 1854 1807
843 1807 1854 1855 1808
844 1808 1855 1856 1809
845 1809 1856 1857 1810
846 1810 1857 1858 1811
847 1811 1858 1859 1812
848 1812 1859 1860 1813
849 1813 1860 1861 1814
850 1814 1861 1862 1815
851 1815 1862 1863 1816
852 1816 1863 1864 1817
853 1817 1864 1865 1818
854 1818 1865 1866 1819
855 1819 1866 1867 1820
856 1820 1867 1868 1821
857 1821 1868 1869 1822
858 1822 1869 1870 1823
859 1823 1870 1871 1824
860 1824 1871 1872 1825
861 1825 1872 1873 1826
862 1826 1873 1874 1827
863 1827 1874 1875 1828
864 1828 1875 1876 1829
865 1829 1876 1877 1830
866 1830 1877 1878 1831
867 1831 1878 1879 1832
868 1832 1879 1880 1833
869 1833 1880 1881 1834
870 1834 1881 1882 1835
871 1835 1882 1883 1836
872 1836 1883 1884 1837
873 1837 1884 1885 1838
874 1838 1885 1886 1839
875 1839 1886 1887 1840
876 1840 1887 1888 1841
877 1841 1888 1889 1842
878 1842 1889 1890 1843
879 1843 1890 1891 1844
880 1844 1891 1892 1845
881 1845 1892 99 98
882 42 1 100 1846
883 1846 100 101 1847
884 1847 101 102 1848
885 1848 102 103 1849
886 1849 103 104 1850
887 1850 104 105 1851
888 1851 105 106 1852
889 1852 106 107 1853
890 1853 107 108 1854
891 1854 108 109 1855
892 1855 109 110 1856
893 1856 110 111 1857
894 1857 111 112 1858
895 1858 112 113 1859
896 1859 113 114 1860
897 1860 114 115 1861
898 1861 115 116 1862
899 1862 116 117 1863
900 1863 117 118 1864
901 1864 118 119 1865
902 1865 119 120 1866
903 1866 120 121 1867
904 1867 121 122 1868
905 1868 122 123 1869
906 1869 123 124 1870
907 1870 124 125 1871
908 1871 125 126 1872
909 1872 126 127 1873
910 1873 127 128 1874
911 1874 128 129 1875
912 1875 129 130 1876
913 1876 130 131 1877
914 1877 131 132 1878
915 1878 132 133 1879
916 1879 133 134 1880
917 1880 134 135 1881
918 1881 135 136 1882
919 1882 136 137 1883
920 1883 137 138 1884
921 1884 138 139 1885
922 1885 139 140 1886
923 1886 140 141 1887
924 1887 141 142 1888
925 1888 142 143 1889
926 1889 143 144 1890
927 1890 144 145 1891
928 1891 145 146 1892
929 1892 146 8 99
2 31 3 64
930 8 72 1893 99
931 99 1893 1894 98
932 98 1894 1895 97
933 97 1895 1896 96
934 96 1896 1897 95
935 95 1897 1898 94
936 94 1898 1899 93
937 93 1899 92 11
938 72 73 1900 1893
939 1893 1900 1901 1894
940 1894 1901 1902 1895
941 1895 1902 1903 1896
942 1896 1903 1904 1897
943 1897 1904 1905 1898
944 1898 1905 1906 1899
945 1899 1906 91 92
946 73 74 1907 1900
947 1900 1907 1908 1901
948 1901 1908 1909 1902
949 1902 1909 1910 1903
950 1903 1910 1911 1904
951 1904 1911 1912 1905
952 1905 1912 1913 1906
953 1906 1913 90 91
954 74 75 1914 1907
955 1907 1914 1915 1908
956 1908 1915 1916 1909
957 1909 1916 1917 1910
958 1910 1917 1918 1911
959 1911 1918 1919 1912
960 1912 1919 1920 1913
961 1913 1920 89 90
962 75 76 1921 1914
963 1914 1921 1922 1915
964 1915 1922 1923 1916
965 1916 1923 1924 1917
966 1917 1924 1925 1918
967 1918 1925 1926 1919
968 1919 1926 1927 1920
969 1920 1927 88 89
970 76 77 1928 1921
971 1921 1928 1929 1922
972 1922 1929 1930 1923
973 1923 1930 1931 1924
974 1924 1931 1932 1925
975 1925 1932 1933 1926
976 1926 1933 1934 1927
977 1927 1934 87 88
978 77 78 1935 1928
979 1928 1935 1936 1929
980 1929 1936 1937 1930
981 1930 1937 1938 1931
982 1931 1938 1939 1932
983 1932 1939 1940 1933
984 1933 1940 1941 1934
985 1934 1941 86 87
986 78 9 79 1935
987 1935 79 80 1936
988 1936 80 81 1937
989 1937 81 82 1938
990 1938 82 83 1939
991 1939 83 84 1940
992 1940 84 85 1941
993 1941 85 10 86
2 40 3 288
994 2 43 1942 147
995 147 1942 1943 148
996 148 1943 1944 149
997 149 1944 1945 150
998 150 1945 1946 151
999 151 1946 1947 152
1000 152 1947 1948 153
1001 153 1948 1949 154
1002 154 1949 1950 155
1003 155 1950 1951 156
1004 156 1951 1952 157
1005 157 1952 1953 158
1006 158 1953 1954 159
1007 159 1954 1955 160
1008 160 1955 1956 161
1009 161 1956 1957 162
1010 162 1957 1958 163
1011 163 1958 1959 164
1012 164 1959 1960 165
1013 165 1960 1961 166
1014 166 1961 1962 167
1015 167 1962 1963 168
1016 168 1963 1964 169
1017 169 1964 1965 170
1018 170 1965 1966 171
1019 171 1966 1967 172
1020 172 1967 1968 173
1021 173 1968 1969 174
1022 174 1969 1970 175
1023 175 1970 1971 176
1024 176 1971 1972 177
1025 177 1972 1973 178
1026 178 1973 1974 179
1027 179 1974 1975 180
1028 180 1975 1976 181
1029 181 1976 1977 182
1030 182 1977 1978 183
1031 183 1978 1979 184
1032 184 1979 1980 185
1033 185 1980 1981 186
1034 186 1981 1982 187
1035 187 1982 1983 188
1036 188 1983 1984 189
1037 189 1984 1985 190
1038 190 1985 1986 191
1039 191 1986 1987 192
1040 192 1987 1988 193
1041 193 1988 288 9
1042 43 44 1989 1942
1043 1942 1989 1990 1943
1044 1943 1990 1991 1944
1045 1944 1991 1992 1945
1046 1945 1992 1993 1946
1047 1946 1993 1994 1947
1048 1947 1994 1995 1948
1049 1948 1995 1996 1949
1050 1949 1996 1997 1950
1051 1950 1997 1998 1951
1052 1951 1998 1999 1952
1053 1952 1999 2000 1953
1054 1953 2000 2001 1954
1055 1954 2001 2002 1955
1056 1955 2002 2003 1956
1057 1956 2003 2004 1957
1058 1957 2004 2005 1958
1059 1958 2005 2006 1959
1060 1959 2006 2007 1960
1061 1960 2007 2008 1961
1062 1961 2008 2009 1962
1063 1962 2009 2010 1963
1064 1963 2010 2011 1964
1065 1964 2011 2012 1965
1066 1965 2012 2013 1966
1067 1966 2013 2014 1967
1068 1967 2014 2015 1968
1069 1968 2015 2016 1969
1070 1969 2016 2017 1970
1071 1970 2017 2018 1971
1072 1971 2018 2019 1972
1073 1972 2019 2020 1973
1074 1973 2020 2021 1974
1075 1974 2021 2022 1975
1076 1975 2022 2023 1976
1077 1976 2023 2024 1977
1078 1977 2024 2025 1978
1079 1978 2025 2026 1979
1080 1979 2026 2027 1980
1081 1980 2027 2028 1981
1082 1981 2028 2029 1982
1083 1982 2029 2030 1983
1084 1983 2030 2031 1984
1085 1984 2031 2032 1985
1086 1985 2032 2033 1986
1087 1986 2033 2034 1987
1088 1987 2034 2035 1988
1089 1988 2035 289 288
1090 44 45 2036 1989
1091 1989 2036 2037 1990
1092 1990 2037 2038 1991
1093 1991 2038 2039 1992
1094 1992 2039 2040 1993
1095 1993 2040 2041 1994
1096 1994 2041 2042 1995
1097 1995 2042 2043 1996
1098 1996 2043 2044 1997
1099 1997 2044 2045 1998
1100 1998 2045 2046 1999
1101 1999 2046 2047 2000
1102 2000 2047 2048 2001
1103 2001 2048 2049 2002
1104 2002 2049 2050 2003
1105 2003 2050 2051 2004
1106 2004 2051 2052 2005
1107 2005 2052 2053 2006
1108 2006 2053 2054 2007
1109 2007 2054 2055 2008
1110 2008 2055 2056 2009
1111 2009 2056 2057 2010
1112 2010 2057 2058 2011
1113 2011 2058 2059 2012
1114 2012 2059 2060 2013
1115 2013 2060 2061 2014
1116 2014 2061 2062 2015
1117 2015 2062 2063 2016
1118 2016 2063 2064 2017
1119 2017 2064 2065 2018
1120 2018 2065 2066 2019
1121 2019 2066 2067 2020
1122 2020 2067 2068 2021
1123 2021 2068 2069 2022
1124 2022 2069 2070 2023
1125 2023 2070 2071 2024
1126 2024 2071 2072 2025
1127 2025 2072 2073 2026
1128 2026 2073 2074 2027
1129 2027 2074 2075 2028
1130 2028 2075 2076 2029
1131 2029 2076 2077 2030
1132 2030 2077 2078 2031
1133 2031 2078 2079 2032
1134 2032 2079 2080 2033
1135 2033 2080 2081 2034
1136 2034 2081 2082 2035
1137 2035 2082 290 289
1138 45 46 2083 2036
1139 2036 2083 2084 2037
1140 2037 2084 2085 2038
1141 2038 2085 2086 2039
1142 2039 2086 2087 2040
1143 2040 2087 2088 2041
1144 2041 2088 2089 2042
1145 2042 2089 2090 2043
1146 2043 2090 2091 2044
1147 2044 2091 2092 2045
1148 2045 2092 2093 2046
1149 2046 2093 2094 2047
1150 2047 2094 2095 2048
1151 2048 2095 2096 2049
1152 2049 2096 2097 2050
1153 2050 2097 2098 2051
1154 2051 2098 2099 2052
1155 2052 2099 2100 2053
1156 2053 2100 2101 2054
1157 2054 2101 2102 2055
1158 2055 2102 2103 2056
1159 2056 2103 2104 2057
1160 2057 2104 2105 2058
1161 2058 2105 2106 2059
1162 2059 2106 2107 2060
1163 2060 2107 2108 2061
1164 2061 2108 2109 2062
1165 2062 2109 2110 2063
1166 2063 2110 2111 2064
1167 2064 2111 2112 2065
1168 2065 2112 2113 2066
1169 2066 2113 2114 2067
1170 2067 2114 2115 2068
1171 2068 2115 2116 2069
1172 2069 2116 2117 2070
1173 2070 2117 2118 2071
1174 2071 2118 2119 2072
1175 2072 2119 2120 2073
1176 2073 2120 2121 2074
1177 2074 2121 2122 2075
1178 2075 2122 2123 2076
1179 2076 2123 2124 2077
1180 2077 2124 2125 2078
1181 2078 2125 2126 2079
1182 2079 2126 2127 2080
1183 2080 2127 2128 2081
1184 2081 2128 2129 2082
1185 2082 2129 291 290
1186 46 47 2130 2083
1187 2083 2130 2131 2084
1188 2084 2131 2132 2085
1189 2085 2132 2133 2086
1190 2086 2133 2134 2087
1191 2087 2134 2135 2088
1192 2088 2135 2136 2089
1193 2089 2136 2137 2090
1194 2090 2137 2138 2091
1195 2091 2138 2139 2092
1196 2092 2139 2140 2093
1197 2093 2140 2141 2094
1198 2094 2141 2142 2095
1199 2095 2142 2143 2096
1200 2096 2143 2144 2097
1201 2097 2144 2145 2098
1202 2098 2145 2146 2099
1203 2099 2146 2147 2100
1204 2100 2147 2148 2101
1205 2101 2148 2149 2102
1206 2102 2149 2150 2103
1207 2103 2150 2151 2104
1208 2104 2151 2152 2105
1209 2105 2152 2153 2106
1210 2106 2153 2154 2107
1211 2107 2154 2155 2108
1212 2108 2155 2156 2109
1213 2109 2156 2157 2110
1214 2110 2157 2158 2111
1215 2111 2158 2159 2112
1216 2112 2159 2160 2113
1217 2113 2160 2161 2114
1218 2114 2161 2162 2115
1219 2115 2162 2163 2116
1220 2116 2163 2164 2117
1221 2117 2164 2165 2118
1222 2118 2165 2166 2119
1223 2119 2166 2167 2120
1224 2120 2167 2168 2121
1225 2121 2168 2169 2122
1226 2122 2169 2170 2123
1227 2123 2170 2171 2124
1228 2124 2171 2172 2125
1229 2125 2172 2173 2126
1230 2126 2173 2174 2127
1231 2127 2174 2175 2128
1232 2128 2175 2176 2129
1233 2129 2176 292 291
1234 47 5 305 2130
1235 2130 305 306 2131
1236 2131 306 307 2132
1237 2132 307 308 2133
1238 2133 308 309 2134
1239 2134 309 310 2135
1240 2135 310 311 2136
1241 2136 311 312 2137
1242 2137 312 313 2138
1243 2138 313 314 2139
1244 2139 314 315 2140
1245 2140 315 316 2141
1246 2141 316 317 2142
1247 2142 317 318 2143
1248 2143 318 319 2144
1249 2144 319 320 2145
1250 2145 320 321 2146
1251 2146 321 322 2147
1252 2147 322 323 2148
1253 2148 323 324 2149
1254 2149 324 325 2150
1255 2150 325 326 2151
1256 2151 326 327 2152
1257 2152 327 328 2153
1258 2153 328 329 2154
1259 2154 329 330 2155
1260 2155 330 331 2156
1261 2156 331 332 2157
1262 2157 332 333 2158
1263 2158 333 334 2159
1264 2159 334 335 2160
1265 2160 335 336 2161
1266 2161 336 337 2162
1267 2162 337 338 2163
1268 2163 338 339 2164
1269 2164 339 340 2165
1270 2165 340 341 2166
1271 2166 341 342 2167
1272 2167 342 343 2168
1273 2168 343 344 2169
1274 2169 344 345 2170
1275 2170 345 346 2171
1276 2171 346 347 2172
1277 2172 347 348 2173
1278 2173 348 349 2174
1279 2174 349 350 2175
1280 2175 350 351 2176
1281 2176 351 12 292
2 44 3 384
1282 5 48 2177 305
1283 305 2177 2178 306
1284 306 2178 2179 307
1285 307 2179 2180 308
1286 308 2180 2181 309
1287 309 2181 2182 310
1288 310 2182 2183 311
1289 311 2183 2184 312
1290 312 2184 2185 313
1291 313 2185 2186 314
1292 314 2186 2187 315
1293 315 2187 2188 316
1294 316 2188 2189 317
1295 317 2189 2190 318
1296 318 2190 2191 319
1297 319 2191 2192 320
1298 320 2192 2193 321
1299 321 2193 2194 322
1300 322 2194 2195 323
1301 323 2195 2196 324
1302 324 2196 2197 325
1303 325 2197 2198 326
1304 326 2198 2199 327
1305 327 2199 2200 328
1306 328 2200 2201 329
1307 329 2201 2202 330
1308 330 2202 2203 331
1309 331 2203 2204 332
1310 332 2204 2205 333
1311 333 2205 2206 334
1312 334 2206 2207 335
1313 335 2207 2208 336
1314 336 2208 2209 337
1315 337 2209 2210 338
1316 338 2210 2211 339
1317 339 2211 2212 340
1318 340 2212 2213 341
1319 341 2213 2214 342
1320 342 2214 2215 343
1321 343 2215 2216 344
1322 344 2216 2217 345
1323 345 2217 2218 346
1324 346 2218 2219 347
1325 347 2219 2220 348
1326 348 2220 2221 349
1327 349 2221 2222 350
1328 350 2222 2223 351
1329 351 2223 293 12
1330 48 49 2224 2177
1331 2177 2224 2225 2178
1332 2178 2225 2226 2179
1333 2179 2226 2227 2180
1334 2180 2227 2228 2181
1335 2181 2228 2229 2182
1336 2182 2229 2230 2183
1337 2183 2230 2231 2184
1338 2184 2231 2232 2185
1339 2185 2232 2233 2186
1340 2186 2233 2234 2187
1341 2187 2234 2235 2188
1342 2188 2235 2236 2189
1343 2189 2236 2237 2190
1344 2190 2237 2238 2191
1345 2191 2238 2239 2192
1346 2192 2239 2240 2193
1347 2193 2240 2241 2194
1348 2194 2241 2242 2195
1349 2195 2242 2243 2196
1350 2196 2243 2244 2197
1351 2197 2244 2245 2198
1352 2198 2245 2246 2199
1353 2199 2246 2247 2200
1354 2200 2247 2248 2201
1355 2201 2248 2249 2202
1356 2202 2249 2250 2203
1357 2203 2250 2251 2204
1358 2204 2251 2252 2205
1359 2205 2252 2253 2206
1360 2206 2253 2254 2207
1361 2207 2254 2255 2208
1362 2208 2255 2256 2209
1363 2209 2256 2257 2210
1364 2210 2257 2258 2211
1365 2211 2258 2259 2212
1366 2212 2259 2260 2213
1367 2213 2260 2261 2214
1368 2214 2261 2262 2215
1369 2215 2262 2263 2216
1370 2216 2263 2264 2217
1371 2217 2264 2265 2218
1372 2218 2265 2266 2219
1373 2219 2266 2267 2220
1374 2220 2267 2268 2221
1375 2221 2268 2269 2222
1376 2222 2269 2270 2223
1377 2223 2270 294 293
1378 49 50 2271 2224
1379 2224 2271 2272 2225
1380 2225 2272 2273 2226
1381 2226 2273 2274 2227
1382 2227 2274 2275 2228
1383 2228 2275 2276 2229
1384 2229 2276 2277 2230
1385 2230 2277 2278 2231
1386 2231 2278 2279 2232
1387 2232 2279 2280 2233
1388 2233 2280 2281 2234
1389 2234 2281 2282 2235
1390 2235 2282 2283 2236
1391 2236 2283 2284 2237
1392 2237 2284 2285 2238
1393 2238 2285 2286 2239
1394 2239 2286 2287 2240
1395 2240 2287 2288 2241
1396 2241 2288 2289 2242
1397 2242 2289 2290 2243
1398 2243 2290 2291 2244
1399 2244 2291 2292 2245
1400 2245 2292 2293 2246
1401 2246 2293 2294 2247
1402 2247 2294 2295 2248
1403 2248 2295 2296 2249
1404 2249 2296 2297 2250
1405 2250 2297 2298 2251
1406 2251 2298 2299 2252
1407 2252 2299 2300 2253
1408 2253 2300 2301 2254
1409 2254 2301 2302 2255
1410 2255 2302 2303 2256
1411 2256 2303 2304 2257
1412 2257 2304 2305 2258
1413 2258 2305 2306 2259
1414 2259 2306 2307 2260
1415 2260 2307 2308 2261
1416 2261 2308 2309 2262
1417 2262 2309 2310 2263
1418 2263 2310 2311 2264
1419 2264 2311 2312 2265
1420 2265 2312 2313 2266
1421 2266 2313 2314 2267
1422 2267 2314 2315 2268
1423 2268 2315 2316 2269
1424 2269 2316 2317 2270
1425 2270 2317 295 294
1426 50 51 2318 2271
1427 2271 2318 2319 2272
1428 2272 2319 2320 2273
1429 2273 2320 2321 2274
1430 2274 2321 2322 2275
1431 2275 2322 2323 2276
1432 2276 2323 2324 2277
1433 2277 2324 2325 2278
1434 2278 2325 2326 2279
1435 2279 2326 2327 2280
1436 2280 2327 2328 2281
1437 2281 2328 2329 2282
1438 2282 2329 2330 2283
1439 2283 2330 2331 2284
1440 2284 2331 2332 2285
1441 2285 2332 2333 2286
1442 2286 2333 2334 2287
1443 2287 2334 2335 2288
1444 2288 2335 2336 2289
1445 2289 2336 2337 2290
1446 2290 2337 2338 2291
1447 2291 2338 2339 2292
1448 2292 2339 2340 2293
1449 2293 2340 2341 2294
1450 2294 2341 2342 2295
1451 2295 2342 2343 2296
1452 2296 2343 2344 2297
1453 2297 2344 2345 2298
1454 2298 2345 2346 2299
1455 2299 2346 2347 2300
1456 2300 2347 2348 2301
1457 2301 2348 2349 2302
1458 2302 2349 2350 2303
1459 2303 2350 2351 2304
1460 2304 2351 2352 2305
1461 2305 2352 2353 2306
1462 2306 2353 2354 2307
1463 2307 2354 2355 2308
1464 2308 2355 2356 2309
1465 2309 2356 2357 2310
1466 2310 2357 2358 2311
1467 2311 2358 2359 2312
1468 2312 2359 2360 2313
1469 2313 2360 2361 2314
1470 2314 2361 2362 2315
1471 2315 2362 2363 2316
1472 2316 2363 2364 2317
1473 2317 2364 296 295
1474 51 52 2365 2318
1475 2318 2365 2366 2319
1476 2319 2366 2367 2320
1477 2320 2367 2368 2321
1478 2321 2368 2369 2322
1479 2322 2369 2370 2323
1480 2323 2370 2371 2324
1481 2324 2371 2372 2325
1482 2325 2372 2373 2326
1483 2326 2373 2374 2327
1484 2327 2374 2375 2328
1485 2328 2375 2376 2329
1486 2329 2376 2377 2330
1487 2330 2377 2378 2331
1488 2331 2378 2379 2332
1489 2332 2379 2380 2333
1490 2333 2380 2381 2334
1491 2334 2381 2382 2335
1492 2335 2382 2383 2336
1493 2336 2383 2384 2337
1494 2337 2384 2385 2338
1495 2338 2385 2386 2339
1496 2339 2386 2387 2340
1497 2340 2387 2388 2341
1498 2341 2388 2389 2342
1499 2342 2389 2390 2343
1500 2343 2390 2391 2344
1501 2344 2391 2392 2345
1502 2345 2392 2393 2346
1503 2346 2393 2394 2347
1504 2347 2394 2395 2348
1505 2348 2395 2396 2349
1506 2349 2396 2397 2350
1507 2350 2397 2398 2351
1508 2351 2398 2399 2352
1509 2352 2399 2400 2353
1510 2353 2400 2401 2354
1511 2354 2401 2402 2355
1512 2355 2402 2403 2356
1513 2356 2403 2404 2357
1514 2357 2404 2405 2358
1515 2358 2405 2406 2359
1516 2359 2406 2407 2360
1517 2360 2407 2408 2361
1518 2361 2408 2409 2362
1519 2362 2409 2410 2363
1520 2363 2410 2411 2364
1521 2364 2411 297 296
1522 52 53 2412 2365
1523 2365 2412 2413 2366
1524 2366 2413 2414 2367
1525 2367 2414 2415 2368
1526 2368 2415 2416 2369
1527 2369 2416 2417 2370
1528 2370 2417 2418 2371
1529 2371 2418 2419 2372
1530 2372 2419 2420 2373
1531 2373 2420 2421 2374
1532 2374 2421 2422 2375
1533 2375 2422 2423 2376
1534 2376 2423 2424 2377
1535 2377 2424 2425 2378
1536 2378 2425 2426 2379
1537 2379 2426 2427 2380
1538 2380 2427 2428 2381
1539 2381 2428 2429 2382
1540 2382 2429 2430 2383
1541 2383 2430 2431 2384
1542 2384 2431 2432 2385
1543 2385 2432 2433 2386
1544 2386 2433 2434 2387
1545 2387 2434 2435 2388
1546 2388 2435 2436 2389
1547 2389 2436 2437 2390
1548 2390 2437 2438 2391
1549 2391 2438 2439 2392
1550 2392 2439 2440 2393
1551 2393 2440 2441 2394
1552 2394 2441 2442 2395
1553 2395 2442 2443 2396
1554 2396 2443 2444 2397
1555 2397 2444 2445 2398
1556 2398 2445 2446 2399
1557 2399 2446 2447 2400
1558 2400 2447 2448 2401
1559 2401 2448 2449 2402
1560 2402 2449 2450 2403
1561 2403 2450 2451 2404
1562 2404 2451 2452 2405
1563 2405 2452 2453 2406
1564 2406 2453 2454 2407
1565 2407 2454 2455 2408
1566 2408 2455 2456 2409
1567 2409 2456 2457 2410
1568 2410 2457 2458 2411
1569 2411 2458 298 297
1570 53 54 2459 2412
1571 2412 2459 2460 2413
1572 2413 2460 2461 2414
1573 2414 2461 2462 2415
1574 2415 2462 2463 2416
1575 2416 2463 2464 2417
1576 2417 2464 2465 2418
1577 2418 2465 2466 2419
1578 2419 2466 2467 2420
1579 2420 2467 2468 2421
1580 2421 2468 2469 2422
1581 2422 2469 2470 2423
1582 2423 2470 2471 2424
1583 2424 2471 2472 2425
1584 2425 2472 2473 2426
1585 2426 2473 2474 2427
1586 2427 2474 2475 2428
1587 2428 2475 2476 2429
1588 2429 2476 2477 2430
1589 2430 2477 2478 2431
1590 2431 2478 2479 2432
1591 2432 2479 2480 2433
1592 2433 2480 2481 2434
1593 2434 2481 2482 2435
1594 2435 2482 2483 2436
1595 2436 2483 2484 2437
1596 2437 2484 2485 2438
1597 2438 2485 2486 2439
1598 2439 2486 2487 2440
1599 2440 2487 2488 2441
1600 2441 2488 2489 2442
1601 2442 2489 2490 2443
1602 2443 2490 2491 2444
1603 2444 2491 2492 2445
1604 2445 2492 2493 2446
1605 2446 2493 2494 2447
1606 2447 2494 2495 2448
1607 2448 2495 2496 2449
1608 2449 2496 2497 2450
1609 2450 2497 2498 2451
1610 2451 2498 2499 2452
1611 2452 2499 2500 2453
1612 2453 2500 2501 2454
1613 2454 2501 2502 2455
1614 2455 2502 2503 2456
1615 2456 2503 2504 2457
1616 2457 2504 2505 2458
1617 2458 2505 299 298
1618 54 6 352 2459
1619 2459 352 353 2460
1620 2460 353 354 2461
1621 2461 354 355 2462
1622 2462 355 356 2463
1623 2463 356 357 2464
1624 2464 357 358 2465
1625 2465 358 359 2466
1626 2466 359 360 2467
1627 2467 360 361 2468
1628 2468 361 362 2469
1629 2469 362 363 2470
1630 2470 363 364 2471
1631 2471 364 365 2472
1632 2472 365 366 2473
1633 2473 366 367 2474
1634 2474 367 368 2475
1635 2475 368 369 2476
1636 2476 369 370 2477
1637 2477 370 371 2478
1638 2478 371 372 2479
1639 2479 372 373 2480
1640 2480 373 374 2481
1641 2481 374 375 2482
1642 2482 375 376 2483
1643 2483 376 377 2484
1644 2484 377 378 2485
1645 2485 378 379 2486
1646 2486 379 380 2487
1647 2487 380 381 2488
1648 2488 381 382 2489
1649 2489 382 383 2490
1650 2490 383 384 2491
1651 2491 384 385 2492
1652 2492 385 386 2493
1653 2493 386 387 2494
1654 2494 387 388 2495
1655 2495 388 389 2496
1656 2496 389 390 2497
1657 2497 390 391 2498
1658 2498 391 392 2499
1659 2499 392 393 2500
1660 2500 393 394 2501
1661 2501 394 395 2502
1662 2502 395 396 2503
1663 2503 396 397 2504
1664 2504 397 398 2505
1665 2505 398 13 299
2 53 3 48
1666 9 288 2741 79
1667 79 2741 2742 80
1668 80 2742 2743 81
1669 81 2743 2744 82
1670 82 2744 2745 83
1671 83 2745 2746 84
1672 84 2746 2747 85
1673 85 2747 304 10
1674 288 289 2748 2741
1675 2741 2748 2749 2742
1676 2742 2749 2750 2743
1677 2743 2750 2751 2744
1678 2744 2751 2752 2745
1679 2745 2752 2753 2746
1680 2746 2753 2754 2747
1681 2747 2754 303 304
1682 289 290 2755 2748
1683 2748 2755 2756 2749
1684 2749 2756 2757 2750
1685 2750 2757 2758 2751
1686 2751 2758 2759 2752
1687 2752 2759 2760 2753
1688 2753 2760 2761 2754
1689 2754 2761 302 303
1690 290 291 2762 2755
1691 2755 2762 2763 2756
1692 2756 2763 2764 2757
1693 2757 2764 2765 2758
1694 2758 2765 2766 2759
1695 2759 2766 2767 2760
1696 2760 2767 2768 2761
1697 2761 2768 301 302
1698 291 292 2769 2762
1699 2762 2769 2770 2763
1700 2763 2770 2771 2764
1701 2764 2771 2772 2765
1702 2765 2772 2773 2766
1703 2766 2773 2774 2767
1704 2767 2774 2775 2768
1705 2768 2775 300 301
1706 292 12 293 2769
1707 2769 293 294 2770
1708 2770 294 295 2771
1709 2771 295 296 2772
1710 2772 296 297 2773
1711 2773 297 298 2774
1712 2774 298 299 2775
1713 2775 299 13 300
2 70 3 384
1714 6 60 2776 352
1715 352 2776 2777 353
1716 353 2777 2778 354
1717 354 2778 2779 355
1718 355 2779 2780 356
1719 356 2780 2781 357
1720 357 2781 2782 358
1721 358 2782 2783 359
1722 359 2783 2784 360
1723 360 2784 2785 361
1724 361 2785 2786 362
1725 362 2786 2787 363
1726 363 2787 2788 364
1727 364 2788 2789 365
1728 365 2789 2790 366
1729 366 2790 2791 367
1730 367 2791 2792 368
1731 368 2792 2793 369
1732 369 2793 2794 370
1733 370 2794 2795 371
1734 371 2795 2796 372
1735 372 2796 2797 373
1736 373 2797 2798 374
1737 374 2798 2799 375
1738 375 2799 2800 376
1739 376 2800 2801 377
1740 377 2801 2802 378
1741 378 2802 2803 379
1742 379 2803 2804 380
1743 380 2804 2805 381
1744 381 2805 2806 382
1745 382 2806 2807 383
1746 383 2807 2808 384
1747 384 2808 2809 385
1748 385 2809 2810 386
1749 386 2810 2811 387
1750 387 2811 2812 388
1751 388 2812 2813 389
1752 389 2813 2814 390
1753 390 2814 2815 391
1754 391 2815 2816 392
1755 392 2816 2817 393
1756 393 2817 2818 394
1757 394 2818 2819 395
1758 395 2819 2820 396
1759 396 2820 2821 397
1760 397 2821 2822 398
1761 398 2822 399 13
1762 60 61 2823 2776
1763 2776 2823 2824 2777
1764 2777 2824 2825 2778
1765 2778 2825 2826 2779
1766 2779 2826 2827 2780
1767 2780 2827 2828 2781
1768 2781 2828 2829 2782
1769 2782 2829 2830 2783
1770 2783 2830 2831 2784
1771 2784 2831 2832 2785
1772 2785 2832 2833 2786
1773 2786 2833 2834 2787
1774 2787 2834 2835 2788
1775 2788 2835 2836 2789
1776 2789 2836 2837 2790
1777 2790 2837 2838 2791
1778 2791 2838 2839 2792
1779 2792 2839 2840 2793
1780 2793 2840 2841 2794
1781 2794 2841 2842 2795
1782 2795 2842 2843 2796
1783 2796 2843 2844 2797
1784 2797 2844 2845 2798
1785 2798 2845 2846 2799
1786 2799 2846 2847 2800
1787 2800 2847 2848 2801
1788 2801 2848 2849 2802
1789 2802 2849 2850 2803
1790 2803 2850 2851 2804
1791 2804 2851 2852 2805
1792 2805 2852 2853 2806
1793 2806 2853 2854 2807
1794 2807 2854 2855 2808
1795 2808 2855 2856 2809
1796 2809 2856 2857 2810
1797 2810 2857 2858 2811
1798 2811 2858 2859 2812
1799 2812 2859 2860 2813
1800 2813 2860 2861 2814
1801 2814 2861 2862 2815
1802 2815 2862 2863 2816
1803 2816 2863 2864 2817
1804 2817 2864 2865 2818
1805 2818 2865 2866 2819
1806 2819 2866 2867 2820
1807 2820 2867 2868 2821
1808 2821 2868 2869 2822
1809 2822 2869 400 399
1810 61 62 2870 2823
1811 2823 2870 2871 2824
1812 2824 2871 2872 2825
1813 2825 2872 2873 2826
1814 2826 2873 2874 2827
1815 2827 2874 2875 2828
1816 2828 2875 2876 2829
1817 2829 2876 2877 2830
1818 2830 2877 2878 2831
1819 2831 2878 2879 2832
1820 2832 2879 2880 2833
1821 2833 2880 2881 2834
1822 2834 2881 2882 2835
1823 2835 2882 2883 2836
1824 2836 2883 2884 2837
1825 2837 2884 2885 2838
1826 2838 2885 2886 2839
1827 2839 2886 2887 2840
1828 2840 2887 2888 2841
1829 2841 2888 2889 2842
1830 2842 2889 2890 2843
1831 2843 2890 2891 2844
1832 2844 2891 2892 2845
1833 2845 2892 2893 2846
1834 2846 2893 2894 2847
1835 2847 2894 2895 2848
1836 2848 2895 2896 2849
1837 2849 2896 2897 2850
1838 2850 2897 2898 2851
1839 2851 2898 2899 2852
1840 2852 2899 2900 2853
1841 2853 2900 2901 2854
1842 2854 2901 2902 2855
1843 2855 2902 2903 2856
1844 2856 2903 2904 2857
1845 2857 2904 2905 2858
1846 2858 2905 2906 2859
1847 2859 2906 2907 2860
1848 2860 2907 2908 2861
1849 2861 2908 2909 2862
1850 2862 2909 2910 2863
1851 2863 2910 2911 2864
1852 2864 2911 2912 2865
1853 2865 2912 2913 2866
1854 2866 2913 2914 2867
1855 2867 2914 2915 2868
1856 2868 2915 2916 2869
1857 2869 2916 401 400
1858 62 63 2917 2870
1859 2870 2917 2918 2871
1860 2871 2918 2919 2872
1861 2872 2919 2920 2873
1862 2873 2920 2921 2874
1863 2874 2921 2922 2875
1864 2875 2922 2923 2876
1865 2876 2923 2924 2877
1866 2877 2924 2925 2878
1867 2878 2925 2926 2879
1868 2879 2926 2927 2880
1869 2880 2927 2928 2881
1870 2881 2928 2929 2882
1871 2882 2929 2930 2883
1872 2883 2930 2931 2884
1873 2884 2931 2932 2885
1874 2885 2932 2933 2886
1875 2886 2933 2934 2887
1876 2887 2934 2935 2888
1877 2888 2935 2936 2889
1878 2889 2936 2937 2890
1879 2890 2937 2938 2891
1880 2891 2938 2939 2892
1881 2892 2939 2940 2893
1882 2893 2940 2941 2894
1883 2894 2941 2942 2895
1884 2895 2942 2943 2896
1885 2896 2943 2944 2897
1886 2897 2944 2945 2898
1887 2898 2945 2946 2899
1888 2899 2946 2947 2900
1889 2900 2947 2948 2901
1890 2901 2948 2949 2902
1891 2902 2949 2950 2903
1892 2903 2950 2951 2904
1893 2904 2951 2952 2905
1894 2905 2952 2953 2906
1895 2906 2953 2954 2907
1896 2907 2954 2955 2908
1897 2908 2955 2956 2909
1898 2909 2956 2957 2910
1899 2910 2957 2958 2911
1900 2911 2958 2959 2912
1901 2912 2959 2960 2913
1902 2913 2960 2961 2914
1903 2914 2961 2962 2915
1904 2915 2962 2963 2916
1905 2916 2963 402 401
1906 63 64 2964 2917
1907 2917 2964 2965 2918
1908 2918 2965 2966 2919
1909 2919 2966 2967 2920
1910 2920 2967 2968 2921
1911 2921 2968 2969 2922
1912 2922 2969 2970 2923
1913 2923 2970 2971 2924
1914 2924 2971 2972 2925
1915 2925 2972 2973 2926
1916 2926 2973 2974 2927
1917 2927 2974 2975 2928
1918 2928 2975 2976 2929
1919 2929 2976 2977 2930
1920 2930 2977 2978 2931
1921 2931 2978 2979 2932
1922 2932 2979 2980 2933
1923 2933 2980 2981 2934
1924 2934 2981 2982 2935
1925 2935 2982 2983 2936
1926 2936 2983 2984 2937
1927 2937 2984 2985 2938
1928 2938 2985 2986 2939
1929 2939 2986 2987 2940
1930 2940 2987 2988 2941
1931 2941 2988 2989 2942
1932 2942 2989 2990 2943
1933 2943 2990 2991 2944
1934 2944 2991 2992 2945
1935 2945 2992 2993 2946
1936 2946 2993 2994 2947
1937 2947 2994 2995 2948
1938 2948 2995 2996 2949
1939 2949 2996 2997 2950
1940 2950 2997 2998 2951
1941 2951 2998 2999 2952
1942 2952 2999 3000 2953
1943 2953 3000 3001 2954
1944 2954 3001 3002 2955
1945 2955 3002 3003 2956
1946 2956 3003 3004 2957
1947 2957 3004 3005 2958
1948 2958 3005 3006 2959
1949 2959 3006 3007 2960
1950 2960 3007 3008 2961
1951 2961 3008 3009 2962
1952 2962 3009 3010 2963
1953 2963 3010 403 402
1954 64 65 3011 2964
1955 2964 3011 3012 2965
1956 2965 3012 3013 2966
1957 2966 3013 3014 2967
1958 2967 3014 3015 2968
1959 2968 3015 3016 2969
1960 2969 3016 3017 2970
1961 2970 3017 3018 2971
1962 2971 3018 3019 2972
1963 2972 3019 3020 2973
1964 2973 3020 3021 2974
1965 2974 3021 3022 2975
1966 2975 3022 3023 2976
1967 2976 3023 3024 2977
1968 2977 3024 3025 2978
1969 2978 3025 3026 2979
1970 2979 3026 3027 2980
1971 2980 3027 3028 2981
1972 2981 3028 3029 2982
1973 2982 3029 3030 2983
1974 2983 3030 3031 2984
1975 2984 3031 3032 2985
1976 2985 3032 3033 2986
1977 2986 3033 3034 2987
1978 2987 3034 3035 2988
1979 2988 3035 3036 2989
1980 2989 3036 3037 2990
1981 2990 3037 3038 2991
1982 2991 3038 3039 2992
1983 2992 3039 3040 2993
1984 2993 3040 3041 2994
1985 2994 3041 3042 2995
1986 2995 3042 3043 2996
1987 2996 3043 3044 2997
1988 2997 3044 3045 2998
1989 2998 3045 3046 2999
1990 2999 3046 3047 3000
1991 3000 3047 3048 3001
1992 3001 3048 3049 3002
1993 3002 3049 3050 3003
1994 3003 3050 3051 3004
1995 3004 3051 3052 3005
1996 3005 3052 3053 3006
1997 3006 3053 3054 3007
1998 3007 3054 3055 3008
1999 3008 3055 3056 3009
2000 3009 3056 3057 3010
2001 3010 3057 404 403
2002 65 66 3058 3011
2003 3011 3058 3059 3012
2004 3012 3059 3060 3013
2005 3013 3060 3061 3014
2006 3014 3061 3062 3015
2007 3015 3062 3063 3016
2008 3016 3063 3064 3017
2009 3017 3064 3065 3018
2010 3018 3065 3066 3019
2011 3019 3066 3067 3020
2012 3020 3067 3068 3021
2013 3021 3068 3069 3022
2014 3022 3069 3070 3023
2015 3023 3070 3071 3024
2016 3024 3071 3072 3025
2017 3025 3072 3073 3026
2018 3026 3073 3074 3027
2019 3027 3074 3075 3028
2020 3028 3075 3076 3029
2021 3029 3076 3077 3030
2022 3030 3077 3078 3031
2023 3031 3078 3079 3032
2024 3032 3079 3080 3033
2025 3033 3080 3081 3034
2026 3034 3081 3082 3035
2027 3035 3082 3083 3036
2028 3036 3083 3084 3037
2029 3037 3084 3085 3038
2030 3038 3085 3086 3039
2031 3039 3086 3087 3040
2032 3040 3087 3088 3041
2033 3041 3088 3089 3042
2034 3042 3089 3090 3043
2035 3043 3090 3091 3044
2036 3044 3091 3092 3045
2037 3045 3092 3093 3046
2038 3046 3093 3094 3047
2039 3047 3094 3095 3048
2040 3048 3095 3096 3049
2041 3049 3096 3097 3050
2042 3050 3097 3098 3051
2043 3051 3098 3099 3052
2044 3052 3099 3100 3053
2045 3053 3100 3101 3054
2046 3054 3101 3102 3055
2047 3055 3102 3103 3056
2048 3056 3103 3104 3057
2049 3057 3104 405 404
2050 66 7 411 3058
2051 3058 411 412 3059
2052 3059 412 413 3060
2053 3060 413 414 3061
2054 3061 414 415 3062
2055 3062 415 416 3063
2056 3063 416 417 3064
2057 3064 417 418 3065
2058 3065 418 419 3066
2059 3066 419 420 3067
2060 3067 420 421 3068
2061 3068 421 422 3069
2062 3069 422 423 3070
2063 3070 423 424 3071
2064 3071 424 425 3072
2065 3072 425 426 3073
2066 3073 426 427 3074
2067 3074 427 428 3075
2068 3075 428 429 3076
2069 3076 429 430 3077
2070 3077 430 431 3078
2071 3078 431 432 3079
2072 3079 432 433 3080
2073 3080 433 434 3081
2074 3081 434 435 3082
2075 3082 435 436 3083
2076 3083 436 437 3084
2077 3084 437 438 3085
2078 3085 438 439 3086
2079 3086 439 440 3087
2080 3087 440 441 3088
2081 3088 441 442 3089
2082 3089 442 443 3090
2083 3090 443 444 3091
2084 3091 444 445 3092
2085 3092 445 446 3093
2086 3093 446 447 3094
2087 3094 447 448 3095
2088 3095 448 449 3096
2089 3096 449 450 3097
2090 3097 450 451 3098
2091 3098 451 452 3099
2092 3099 452 453 3100
2093 3100 453 454 3101
2094 3101 454 455 3102
2095 3102 455 456 3103
2096 3103 456 457 3104
2097 3104 457 14 405
2 74 3 288
2098 7 67 3105 411
2099 411 3105 3106 412
2100 412 3106 3107 413
2101 413 3107 3108 414
2102 414 3108 3109 415
2103 415 3109 3110 416
2104 416 3110 3111 417
2105 417 3111 3112 418
2106 418 3112 3113 419
2107 419 3113 3114 420
2108 420 3114 3115 421
2109 421 3115 3116 422
2110 422 3116 3117 423
2111 423 3117 3118 424
2112 424 3118 3119 425
2113 425 3119 3120 426
2114 426 3120 3121 427
2115 427 3121 3122 428
2116 428 3122 3123 429
2117 429 3123 3124 430
2118 430 3124 3125 431
2119 431 3125 3126 432
2120 432 3126 3127 433
2121 433 3127 3128 434
2122 434 3128 3129 435
2123 435 3129 3130 436
2124 436 3130 3131 437
2125 437 3131 3132 438
2126 438 3132 3133 439
2127 439 3133 3134 440
2128 440 3134 3135 441
2129 441 3135 3136 442
2130 442 3136 3137 443
2131 443 3137 3138 444
2132 444 3138 3139 445
2133 445 3139 3140 446
2134 446 3140 3141 447
2135 447 3141 3142 448
2136 448 3142 3143 449
2137 449 3143 3144 450
2138 450 3144 3145 451
2139 451 3145 3146 452
2140 452 3146 3147 453
2141 453 3147 3148 454
2142 454 3148 3149 455
2143 455 3149 3150 456
2144 456 3150 3151 457
2145 457 3151 406 14
2146 67 68 3152 3105
2147 3105 3152 3153 3106
2148 3106 3153 3154 3107
2149 3107 3154 3155 3108
2150 3108 3155 3156 3109
2151 3109 3156 3157 3110
2152 3110 3157 3158 3111
2153 3111 3158 3159 3112
2154 3112 3159 3160 3113
2155 3113 3160 3161 3114
2156 3114 3161 3162 3115
2157 3115 3162 3163 3116
2158 3116 3163 3164 3117
2159 3117 3164 3165 3118
2160 3118 3165 3166 3119
2161 3119 3166 3167 3120
2162 3120 3167 3168 3121
2163 3121 3168 3169 3122
2164 3122 3169 3170 3123
2165 3123 3170 3171 3124
2166 3124 3171 3172 3125
2167 3125 3172 3173 3126
2168 3126 3173 3174 3127
2169 3127 3174 3175 3128
2170 3128 3175 3176 3129
2171 3129 3176 3177 3130
2172 3130 3177 3178 3131
2173 3131 3178 3179 3132
2174 3132 3179 3180 3133
2175 3133 3180 3181 3134
2176 3134 3181 3182 3135
2177 3135 3182 3183 3136
2178 3136 3183 3184 3137
2179 3137 3184 3185 3138
2180 3138 3185 3186 3139
2181 3139 3186 3187 3140
2182 3140 3187 3188 3141
2183 3141 3188 3189 3142
2184 3142 3189 3190 3143
2185 3143 3190 3191 3144
2186 3144 3191 3192 3145
2187 3145 3192 3193 3146
2188 3146 3193 3194 3147
2189 3147 3194 3195 3148
2190 3148 3195 3196 3149
2191 3149 3196 3197 3150
2192 3150 3197 3198 3151
2193 3151 3198 407 406
2194 68 69 3199 3152
2195 3152 3199 3200 3153
2196 3153 3200 3201 3154
2197 3154 3201 3202 3155
2198 3155 3202 3203 3156
2199 3156 3203 3204 3157
2200 3157 3204 3205 3158
2201 3158 3205 3206 3159
2202 3159 3206 3207 3160
2203 3160 3207 3208 3161
2204 3161 3208 3209 3162
2205 3162 3209 3210 3163
2206 3163 3210 3211 3164
2207 3164 3211 3212 3165
2208 3165 3212 3213 3166
2209 3166 3213 3214 3167
2210 3167 3214 3215 3168
2211 3168 3215 3216 3169
2212 3169 3216 3217 3170
2213 3170 3217 3218 3171
2214 3171 3218 3219 3172
2215 3172 3219 3220 3173
2216 3173 3220 3221 3174
2217 3174 3221 3222 3175
2218 3175 3222 3223 3176
2219 3176 3223 3224 3177
2220 3177 3224 3225 3178
2221 3178 3225 3226 3179
2222 3179 3226 3227 3180
2223 3180 3227 3228 3181
2224 3181 3228 3229 3182
2225 3182 3229 3230 3183
2226 3183 3230 3231 3184
2227 3184 3231 3232 3185
2228 3185 3232 3233 3186
2229 3186 3233 3234 3187
2230 3187 3234 3235 3188
2231 3188 3235 3236 3189
2232 3189 3236 3237 3190
2233 3190 3237 3238 3191
2234 3191 3238 3239 3192
2235 3192 3239 3240 3193
2236 3193 3240 3241 3194
2237 3194 3241 3242 3195
2238 3195 3242 3243 3196
2239 3196 3243 3244 3197
2240 3197 3244 3245 3198
2241 3198 3245 408 407
2242 69 70 3246 3199
2243 3199 3246 3247 3200
2244 3200 3247 3248 3201
2245 3201 3248 3249 3202
2246 3202 3249 3250 3203
2247 3203 3250 3251 3204
2248 3204 3251 3252 3205
2249 3205 3252 3253 3206
2250 3206 3253 3254 3207
2251 3207 3254 3255 3208
2252 3208 3255 3256 3209
2253 3209 3256 3257 3210
2254 3210 3257 3258 3211
2255 3211 3258 3259 3212
2256 3212 3259 3260 3213
2257 3213 3260 3261 3214
2258 3214 3261 3262 3215
2259 3215 3262 3263 3216
2260 3216 3263 3264 3217
2261 3217 3264 3265 3218
2262 3218 3265 3266 3219
2263 3219 3266 3267 3220
2264 3220 3267 3268 3221
2265 3221 3268 3269 3222
2266 3222 3269 3270 3223
2267 3223 3270 3271 3224
2268 3224 3271 3272 3225
2269 3225 3272 3273 3226
2270 3226 3273 3274 3227
2271 3227 3274 3275 3228
2272 3228 3275 3276 3229
2273 3229 3276 3277 3230
2274 3230 3277 3278 3231
2275 3231 3278 3279 3232
2276 3232 3279 3280 3233
2277 3233 3280 3281 3234
2278 3234 3281 3282 3235
2279 3235 3282 3283 3236
2280 3236 3283 3284 3237
2281 3237 3284 3285 3238
2282 3238 3285 3286 3239
2283 3239 3286 3287 3240
2284 3240 3287 3288 3241
2285 3241 3288 3289 3242
2286 3242 3289 3290 3243
2287 3243 3290 3291 3244
2288 3244 3291 3292 3245
2289 3245 3292 409 408
2290 70 71 3293 3246
2291 3246 3293 3294 3247
2292 3247 3294 3295 3248
2293 3248 3295 3296 3249
2294 3249 3296 3297 3250
2295 3250 3297 3298 3251
2296 3251 3298 3299 3252
2297 3252 3299 3300 3253
2298 3253 3300 3301 3254
2299 3254 3301 3302 3255
2300 3255 3302 3303 3256
2301 3256 3303 3304 3257
2302 3257 3304 3305 3258
2303 3258 3305 3306 3259
2304 3259 3306 3307 3260
2305 3260 3307 3308 3261
2306 3261 3308 3309 3262
2307 3262 3309 3310 3263
2308 3263 3310 3311 3264
2309 3264 3311 3312 3265
2310 3265 3312 3313 3266
2311 3266 3313 3314 3267
2312 3267 3314 3315 3268
2313 3268 3315 3316 3269
2314 3269 3316 3317 3270
2315 3270 3317 3318 3271
2316 3271 3318 3319 3272
2317 3272 3319 3320 3273
2318 3273 3320 3321 3274
2319 3274 3321 3322 3275
2320 3275 3322 3323 3276
2321 3276 3323 3324 3277
2322 3277 3324 3325 3278
2323 3278 3325 3326 3279
2324 3279 3326 3327 3280
2325 3280 3327 3328 3281
2326 3281 3328 3329 3282
2327 3282 3329 3330 3283
2328 3283 3330 3331 3284
2329 3284 3331 3332 3285
2330 3285 3332 3333 3286
2331 3286 3333 3334 3287
2332 3287 3334 3335 3288
2333 3288 3335 3336 3289
2334 3289 3336 3337 3290
2335 3290 3337 3338 3291
2336 3291 3338 3339 3292
2337 3292 3339 410 409
2338 71 4 241 3293
2339 3293 241 242 3294
2340 3294 242 243 3295
2341 3295 243 244 3296
2342 3296 244 245 3297
2343 3297 245 246 3298
2344 3298 246 247 3299
2345 3299 247 248 3300
2346 3300 248 249 3301
2347 3301 249 250 3302
2348 3302 250 251 3303
2349 3303 251 252 3304
2350 3304 252 253 3305
2351 3305 253 254 3306
2352 3306 254 255 3307
2353 3307 255 256 3308
2354 3308 256 257 3309
2355 3309 257 258 3310
2356 3310 258 259 3311
2357 3311 259 260 3312
2358 3312 260 261 3313
2359 3313 261 262 3314
2360 3314 262 263 3315
2361 3315 263 264 3316
2362 3316 264 265 3317
2363 3317 265 266 3318
2364 3318 266 267 3319
2365 3319 267 268 3320
2366 3320 268 269 3321
2367 3321 269 270 3322
2368 3322 270 271 3323
2369 3323 271 272 3324
2370 3324 272 273 3325
2371 3325 273 274 3326
2372 3326 274 275 3327
2373 3327 275 276 3328
2374 3328 276 277 3329
2375 3329 277 278 3330
2376 3330 278 279 3331
2377 3331 279 280 3332
2378 3332 280 281 3333
2379 3333 281 282 3334
2380 3334 282 283 3335
2381 3335 283 284 3336
2382 3336 284 285 3337
2383 3337 285 286 3338
2384 3338 286 287 3339
2385 3339 287 11 410
2 75 3 48
2386 10 304 3340 86
2387 304 303 3341 3340
2388 303 302 3342 3341
2389 302 301 3343 3342
2390 301 300 3344 3343
2391 300 13 399 3344
2392 86 3340 3345 87
2393 3340 3341 3346 3345
2394 3341 3342 3347 3346
2395 3342 3343 3348 3347
2396 3343 3344 3349 3348
2397 3344 399 400 3349
2398 87 3345 3350 88
2399 3345 3346 3351 3350
2400 3346 3347 3352 3351
2401 3347 3348 3353 3352
2402 3348 3349 3354 3353
2403 3349 400 401 3354
2404 88 3350 3355 89
2405 3350 3351 3356 3355
2406 3351 3352 3357 3356
2407 3352 3353 3358 3357
2408 3353 3354 3359 3358
2409 3354 401 402 3359
2410 89 3355 3360 90
2411 3355 3356 3361 3360
2412 3356 3357 3362 3361
2413 3357 3358 3363 3362
2414 3358 3359 3364 3363
2415 3359 402 403 3364
2416 90 3360 3365 91
2417 3360 3361 3366 3365
2418 3361 3362 3367 3366
2419 3362 3363 3368 3367
2420 3363 3364 3369 3368
2421 3364 403 404 3369
2422 91 3365 3370 92
2423 3365 3366 3371 3370
2424 3366 3367 3372 3371
2425 3367 3368 3373 3372
2426 3368 3369 3374 3373
2427 3369 404 405 3374
2428 92 3370 410 11
2429 3370 3371 409 410
2430 3371 3372 408 409
2431 3372 3373 407 408
2432 3373 3374 406 407
2433 3374 405 14 406
3 1 5 3072
2434 1 15 458 42 100 577 3375 1846
2435 100 577 3375 1846 101 578 3376 1847
2436 101 578 3376 1847 102 579 3377 1848
2437 102 579 3377 1848 103 580 3378 1849
2438 103 580 3378 1849 104 581 3379 1850
2439 104 581 3379 1850 105 582 3380 1851
2440 105 582 3380 1851 106 583 3381 1852
2441 106 583 3381 1852 107 584 3382 1853
2442 107 584 3382 1853 108 585 3383 1854
2443 108 585 3383 1854 109 586 3384 1855
2444 109 586 3384 1855 110 587 3385 1856
2445 110 587 3385 1856 111 588 3386 1857
2446 111 588 3386 1857 112 589 3387 1858
2447 112 589 3387 1858 113 590 3388 1859
2448 113 590 3388 1859 114 591 3389 1860
2449 114 591 3389 1860 115 592 3390 1861
2450 115 592 3390 1861 116 593 3391 1862
2451 116 593 3391 1862 117 594 3392 1863
2452 117 594 3392 1863 118 595 3393 1864
2453 118 595 3393 1864 119 596 3394 1865
2454 119 596 3394 1865 120 597 3395 1866
2455 120 597 3395 1866 121 598 3396 1867
2456 121 598 3396 1867 122 599 3397 1868
2457 122 599 3397 1868 123 600 3398 1869
2458 123 600 3398 1869 124 601 3399 1870
2459 124 601 3399 1870 125 602 3400 1871
2460 125 602 3400 1871 126 603 3401 1872
2461 126 603 3401 1872 127 604 3402 1873
2462 127 604 3402 1873 128 605 3403 1874
2463 128 605 3403 1874 129 606 3404 1875
2464 129 606 3404 1875 130 607 3405 1876
2465 130 607 3405 1876 131 608 3406 1877
2466 131 608 3406 1877 132 609 3407 1878
2467 132 609 3407 1878 133 610 3408 1879
2468 133 610 3408 1879 134 611 3409 1880
2469 134 611 3409 1880 135 612 3410 1881
2470 135 612 3410 1881 136 613 3411 1882
2471 136 613 3411 1882 137 614 3412 1883
2472 137 614 3412 1883 138 615 3413 1884
2473 138 615 3413 1884 139 616 3414 1885
2474 139 616 3414 1885 140 617 3415 1886
2475 140 617 3415 1886 141 618 3416 1887
2476 141 618 3416 1887 142 619 3417 1888
2477 142 619 3417 1888 143 620 3418 1889
2478 143 620 3418 1889 144 621 3419 1890
2479 144 621 3419 1890 145 622 3420 1891
2480 145 622 3420 1891 146 623 3421 1892
2481 146 623 3421 1892 8 72 1893 99
2482 42 458 459 41 1846 3375 3422 1799
2483 1846 3375 3422 1799 1847 3376 3423 1800
2484 1847 3376 3423 1800 1848 3377 3424 1801
2485 1848 3377 3424 1801 1849 3378 3425 1802
2486 1849 3378 3425 1802 1850 3379 3426 1803
2487 1850 3379 3426 1803 1851 3380 3427 1804
2488 1851 3380 3427 1804 1852 3381 3428 1805
2489 1852 3381 3428 1805 1853 3382 3429 1806
2490 1853 3382 3429 1806 1854 3383 3430 1807
2491 1854 3383 3430 1807 1855 3384 3431 1808
2492 1855 3384 3431 1808 1856 3385 3432 1809
2493 1856 3385 3432 1809 1857 3386 3433 1810
2494 1857 3386 3433 1810 1858 3387 3434 1811
2495 1858 3387 3434 1811 1859 3388 3435 1812
2496 1859 3388 3435 1812 1860 3389 3436 1813
2497 1860 3389 3436 1813 1861 3390 3437 1814
2498 1861 3390 3437 1814 1862 3391 3438 1815
2499 1862 3391 3438 1815 1863 3392 3439 1816
2500 1863 3392 3439 1816 1864 3393 3440 1817
2501 1864 3393 3440 1817 1865 3394 3441 1818
2502 1865 3394 3441 1818 1866 3395 3442 1819
2503 1866 3395 3442 1819 1867 3396 3443 1820
2504 1867 3396 3443 1820 1868 3397 3444 1821
2505 1868 3397 3444 1821 1869 3398 3445 1822
2506 1869 3398 3445 1822 1870 3399 3446 1823
2507 1870 3399 3446 1823 1871 3400 3447 1824
2508 1871 3400 3447 1824 1872 3401 3448 1825
2509 1872 3401 3448 1825 1873 3402 3449 1826
2510 1873 3402 3449 1826 1874 3403 3450 1827
2511 1874 3403 3450 1827 1875 3404 3451 1828
2512 1875 3404 3451 1828 1876 3405 3452 1829
2513 1876 3405 3452 1829 1877 3406 3453 1830
2514 1877 3406 3453 1830 1878 3407 3454 1831
2515 1878 3407 3454 1831 1879 3408 3455 1832
2516 1879 3408 3455 1832 1880 3409 3456 1833
2517 1880 3409 3456 1833 1881 3410 3457 1834
2518 1881 3410 3457 1834 1882 3411 3458 1835
2519 1882 3411 3458 1835 1883 3412 3459 1836
2520 1883 3412 3459 1836 1884 3413 3460 1837
2521 1884 3413 3460 1837 1885 3414 3461 1838
2522 1885 3414 3461 1838 1886 3415 3462 1839
2523 1886 3415 3462 1839 1887 3416 3463 1840
2524 1887 3416 3463 1840 1888 3417 3464 1841
2525 1888 3417 3464 1841 1889 3418 3465 1842
2526 1889 3418 3465 1842 1890 3419 3466 1843
2527 1890 3419 3466 1843 1891 3420 3467 1844
2528 1891 3420 3467 1844 1892 3421 3468 1845
2529 1892 3421 3468 1845 99 1893 1894 98
2530 41 459 460 40 1799 3422 3469 1752
2531 1799 3422 3469 1752 1800 3423 3470 1753
2532 1800 3423 3470 1753 1801 3424 3471 1754
2533 1801 3424 3471 1754 1802 3425 3472 1755
2534 1802 3425 3472 1755 1803 3426 3473 1756
2535 1803 3426 3473 1756 1804 3427 3474 1757
2536 1804 3427 3474 1757 1805 3428 3475 1758
2537 1805 3428 3475 1758 1806 3429 3476 1759
2538 1806 3429 3476 1759 1807 3430 3477 1760
2539 1807 3430 3477 1760 1808 3431 3478 1761
2540 1808 3431 3478 1761 1809 3432 3479 1762
2541 1809 3432 3479 1762 1810 3433 3480 1763
2542 1810 3433 3480 1763 1811 3434 3481 1764
2543 1811 3434 3481 1764 1812 3435 3482 1765
2544 1812 3435 3482 1765 1813 3436 3483 1766
2545 1813 3436 3483 1766 1814 3437 3484 1767
2546 1814 3437 3484 1767 1815 3438 3485 1768
2547 1815 3438 3485 1768 1816 3439 3486 1769
2548 1816 3439 3486 1769 1817 3440 3487 1770
2549 1817 3440 3487 1770 1818 3441 3488 1771
2550 1818 3441 3488 1771 1819 3442 3489 1772
2551 1819 3442 3489 1772 1820 3443 3490 1773
2552 1820 3443 3490 1773 1821 3444 3491 1774
2553 1821 3444 3491 1774 1822 3445 3492 1775
2554 1822 3445 3492 1775 1823 3446 3493 1776
2555 1823 3446 3493 1776 1824 3447 3494 1777
2556 1824 3447 3494 1777 1825 3448 3495 1778
2557 1825 3448 3495 1778 1826 3449 3496 1779
2558 1826 3449 3496 1779 1827 3450 3497 1780
2559 1827 3450 3497 1780 1828 3451 3498 1781
2560 1828 3451 3498 1781 1829 3452 3499 1782
2561 1829 3452 3499 1782 1830 3453 3500 1783
2562 1830 3453 3500 1783 1831 3454 3501 1784
2563 1831 3454 3501 1784 1832 3455 3502 1785
2564 1832 3455 3502 1785 1833 3456 3503 1786
2565 1833 3456 3503 1786 1834 3457 3504 1787
2566 1834 3457 3504 1787 1835 3458 3505 1788
2567 1835 3458 3505 1788 1836 3459 3506 1789
2568 1836 3459 3506 1789 1837 3460 3507 1790
2569 1837 3460 3507 1790 1838 3461 3508 1791
2570 1838 3461 3508 1791 1839 3462 3509 1792
2571 1839 3462 3509 1792 1840 3463 3510 1793
2572 1840 3463 3510 1793 1841 3464 3511 1794
2573 1841 3464 3511 1794 1842 3465 3512 1795
2574 1842 3465 3512 1795 1843 3466 3513 1796
2575 1843 3466 3513 1796 1844 3467 3514 1797
2576 1844 3467 3514 1797 1845 3468 3515 1798
2577 1845 3468 3515 1798 98 1894 1895 97
2578 40 460 461 39 1752 3469 3516 1705
2579 1752 3469 3516 1705 1753 3470 3517 1706
2580 1753 3470 3517 1706 1754 3471 3518 1707
2581 1754 3471 3518 1707 1755 3472 3519 1708
2582 1755 3472 3519 1708 1756 3473 3520 1709
2583 1756 3473 3520 1709 1757 3474 3521 1710
2584 1757 3474 3521 1710 1758 3475 3522 1711
2585 1758 3475 3522 1711 1759 3476 3523 1712
2586 1759 3476 3523 1712 1760 3477 3524 1713
2587 1760 3477 3524 1713 1761 3478 3525 1714
2588 1761 3478 3525 1714 1762 3479 3526 1715
2589 1762 3479 3526 1715 1763 3480 3527 1716
2590 1763 3480 3527 1716 1764 3481 3528 1717
2591 1764 3481 3528 1717 1765 3482 3529 1718
2592 1765 3482 3529 1718 1766 3483 3530 1719
2593 1766 3483 3530 1719 1767 3484 3531 1720
2594 1767 3484 3531 1720 1768 3485 3532 1721
2595 1768 3485 3532 1721 1769 3486 3533 1722
2596 1769 3486 3533 1722 1770 3487 3534 1723
2597 1770 3487 3534 1723 1771 3488 3535 1724
2598 1771 3488 3535 1724 1772 3489 3536 1725
2599 1772 3489 3536 1725 1773 3490 3537 1726
2600 1773 3490 3537 1726 1774 3491 3538 1727
2601 1774 3491 3538 1727 1775 3492 3539 1728
2602 1775 3492 3539 1728 1776 3493 3540 1729
2603 1776 3493 3540 1729 1777 3494 3541 1730
2604 1777 3494 3541 1730 1778 3495 3542 1731
2605 1778 3495 3542 1731 1779 3496 3543 1732
2606 1779 3496 3543 1732 1780 3497 3544 1733
2607 1780 3497 3544 1733 1781 3498 3545 1734
2608 1781 3498 3545 1734 1782 3499 3546 1735
2609 1782 3499 3546 1735 1783 3500 3547 1736
2610 1783 3500 3547 1736 1784 3501 3548 1737
2611 1784 3501 3548 1737 1785 3502 3549 1738
2612 1785 3502 3549 1738 1786 3503 3550 1739
2613 1786 3503 3550 1739 1787 3504 3551 1740
2614 1787 3504 3551 1740 1788 3505 3552 1741
2615 1788 3505 3552 1741 1789 3506 3553 1742
2616 1789 3506 3553 1742 1790 3507 3554 1743
2617 1790 3507 3554 1743 1791 3508 3555 1744
2618 1791 3508 3555 1744 1792 3509 3556 1745
2619 1792 3509 3556 1745 1793 3510 3557 1746
2620 1793 3510 3557 1746 1794 3511 3558 1747
2621 1794 3511 3558 1747 1795 3512 3559 1748
2622 1795 3512 3559 1748 1796 3513 3560 1749
2623 1796 3513 3560 1749 1797 3514 3561 1750
2624 1797 3514 3561 1750 1798 3515 3562 1751
2625 1798 3515 3562 1751 97 1895 1896 96
2626 39 461 462 38 1705 3516 3563 1658
2627 1705 3516 3563 1658 1706 3517 3564 1659
2628 1706 3517 3564 1659 1707 3518 3565 1660
2629 1707 3518 3565 1660 1708 3519 3566 1661
2630 1708 3519 3566 1661 1709 3520 3567 1662
2631 1709 3520 3567 1662 1710 3521 3568 1663
2632 1710 3521 3568 1663 1711 3522 3569 1664
2633 1711 3522 3569 1664 1712 3523 3570 1665
2634 1712 3523 3570 1665 1713 3524 3571 1666
2635 1713 3524 3571 1666 1714 3525 3572 1667
2636 1714 3525 3572 1667 1715 3526 3573 1668
2637 1715 3526 3573 1668 1716 3527 3574 1669
2638 1716 3527 3574 1669 1717 3528 3575 1670
2639 1717 3528 3575 1670 1718 3529 3576 1671
2640 1718 3529 3576 1671 1719 3530 3577 1672
2641 1719 3530 3577 1672 1720 3531 3578 1673
2642 1720 3531 3578 1673 1721 3532 3579 1674
2643 1721 3532 3579 1674 1722 3533 3580 1675
2644 1722 3533 3580 1675 1723 3534 3581 1676
2645 1723 3534 3581 1676 1724 3535 3582 1677
2646 1724 3535 3582 1677 1725 3536 3583 1678
2647 1725 3536 3583 1678 1726 3537 3584 1679
2648 1726 3537 3584 1679 1727 3538 3585 1680
2649 1727 3538 3585 1680 1728 3539 3586 1681
2650 1728 3539 3586 1681 1729 3540 3587 1682
2651 1729 3540 3587 1682 1730 3541 3588 1683
2652 1730 3541 3588 1683 1731 3542 3589 1684
2653 1731 3542 3589 1684 1732 3543 3590 1685
2654 1732 3543 3590 1685 1733 3544 3591 1686
2655 1733 3544 3591 1686 1734 3545 3592 1687
2656 1734 3545 3592 1687 1735 3546 3593 1688
2657 1735 3546 3593 1688 1736 3547 3594 1689
2658 1736 3547 3594 1689 1737 3548 3595 1690
2659 1737 3548 3595 1690 1738 3549 3596 1691
2660 1738 3549 3596 1691 1739 3550 3597 1692
2661 1739 3550 3597 1692 1740 3551 3598 1693
2662 1740 3551 3598 1693 1741 3552 3599 1694
2663 1741 3552 3599 1694 1742 3553 3600 1695
2664 1742 3553 3600 1695 1743 3554 3601 1696
2665 1743 3554 3601 1696 1744 3555 3602 1697
2666 1744 3555 3602 1697 1745 3556 3603 1698
2667 1745 3556 3603 1698 1746 3557 3604 1699
2668 1746 3557 3604 1699 1747 3558 3605 1700
2669 1747 3558 3605 1700 1748 3559 3606 1701
2670 1748 3559 3606 1701 1749 3560 3607 1702
2671 1749 3560 3607 1702 1750 3561 3608 1703
2672 1750 3561 3608 1703 1751 3562 3609 1704
2673 1751 3562 3609 1704 96 1896 1897 95
2674 38 462 463 37 1658 3563 3610 1611
2675 1658 3563 3610 1611 1659 3564 3611 1612
2676 1659 3564 3611 1612 1660 3565 3612 1613
2677 1660 3565 3612 1613 1661 3566 3613 1614
2678 1661 3566 3613 1614 1662 3567 3614 1615
2679 1662 3567 3614 1615 1663 3568 3615 1616
2680 1663 3568 3615 1616 1664 3569 3616 1617
2681 1664 3569 3616 1617 1665 3570 3617 1618
2682 1665 3570 3617 1618 1666 3571 3618 1619
2683 1666 3571 3618 1619 1667 3572 3619 1620
2684 1667 3572 3619 1620 1668 3573 3620 1621
2685 1668 3573 3620 1621 1669 3574 3621 1622
2686 1669 3574 3621 1622 1670 3575 3622 1623
2687 1670 3575 3622 1623 1671 3576 3623 1624
2688 1671 3576 3623 1624 1672 3577 3624 1625
2689 1672 3577 3624 1625 1673 3578 3625 1626
2690 1673 3578 3625 1626 1674 3579 3626 1627
2691 1674 3579 3626 1627 1675 3580 3627 1628
2692 1675 3580 3627 1628 1676 3581 3628 1629
2693 1676 3581 3628 1629 1677 3582 3629 1630
2694 1677 3582 3629 1630 1678 3583 3630 1631
2695 1678 3583 3630 1631 1679 3584 3631 1632
2696 1679 3584 3631 1632 1680 3585 3632 1633
2697 1680 3585 3632 1633 1681 3586 3633 1634
2698 1681 3586 3633 1634 1682 3587 3634 1635
2699 1682 3587 3634 1635 1683 3588 3635 1636
2700 1683 3588 3635 1636 1684 3589 3636 1637
2701 1684 3589 3636 1637 1685 3590 3637 1638
2702 1685 3590 3637 1638 1686 3591 3638 1639
2703 1686 3591 3638 1639 1687 3592 3639 1640
2704 1687 3592 3639 1640 1688 3593 3640 1641
2705 1688 3593 3640 1641 1689 3594 3641 1642
2706 1689 3594 3641 1642 1690 3595 3642 1643
2707 1690 3595 3642 1643 1691 3596 3643 1644
2708 1691 3596 3643 1644 1692 3597 3644 1645
2709 1692 3597 3644 1645 1693 3598 3645 1646
2710 1693 3598 3645 1646 1694 3599 3646 1647
2711 1694 3599 3646 1647 1695 3600 3647 1648
2712 1695 3600 3647 1648 1696 3601 3648 1649
2713 1696 3601 3648 1649 1697 3602 3649 1650
2714 1697 3602 3649 1650 1698 3603 3650 1651
2715 1698 3603 3650 1651 1699 3604 3651 1652
2716 1699 3604 3651 1652 1700 3605 3652 1653
2717 1700 3605 3652 1653 1701 3606 3653 1654
2718 1701 3606 3653 1654 1702 3607 3654 1655
2719 1702 3607 3654 1655 1703 3608 3655 1656
2720 1703 3608 3655 1656 1704 3609 3656 1657
2721 1704 3609 3656 1657 95 1897 1898 94
2722 37 463 464 36 1611 3610 3657 1564
2723 1611 3610 3657 1564 1612 3611 3658 1565
2724 1612 3611 3658 1565 1613 3612 3659 1566
2725 1613 3612 3659 1566 1614 3613 3660 1567
2726 1614 3613 3660 1567 1615 3614 3661 1568
2727 1615 3614 3661 1568 1616 3615 3662 1569
2728 1616 3615 3662 1569 1617 3616 3663 1570
2729 1617 3616 3663 1570 1618 3617 3664 1571
2730 1618 3617 3664 1571 1619 3618 3665 1572
2731 1619 3618 3665 1572 1620 3619 3666 1573
2732 1620 3619 3666 1573 1621 3620 3667 1574
2733 1621 3620 3667 1574 1622 3621 3668 1575
2734 1622 3621 3668 1575 1623 3622 3669 1576
2735 1623 3622 3669 1576 1624 3623 3670 1577
2736 1624 3623 3670 1577 1625 3624 3671 1578
2737 1625 3624 3671 1578 1626 3625 3672 1579
2738 1626 3625 3672 1579 1627 3626 3673 1580
2739 1627 3626 3673 1580 1628 3627 3674 1581
2740 1628 3627 3674 1581 1629 3628 3675 1582
2741 1629 3628 3675 1582 1630 3629 3676 1583
2742 1630 3629 3676 1583 1631 3630 3677 1584
2743 1631 3630 3677 1584 1632 3631 3678 1585
2744 1632 3631 3678 1585 1633 3632 3679 1586
2745 1633 3632 3679 1586 1634 3633 3680 1587
2746 1634 3633 3680 1587 1635 3634 3681 1588
2747 1635 3634 3681 1588 1636 3635 3682 1589
2748 1636 3635 3682 1589 1637 3636 3683 1590
2749 1637 3636 3683 1590 1638 3637 3684 1591
2750 1638 3637 3684 1591 1639 3638 3685 1592
2751 1639 3638 3685 1592 1640 3639 3686 1593
2752 1640 3639 3686 1593 1641 3640 3687 1594
2753 1641 3640 3687 1594 1642 3641 3688 1595
2754 1642 3641 3688 1595 1643 3642 3689 1596
2755 1643 3642 3689 1596 1644 3643 3690 1597
2756 1644 3643 3690 1597 1645 3644 3691 1598
2757 1645 3644 3691 1598 1646 3645 3692 1599
2758 1646 3645 3692 1599 1647 3646 3693 1600
2759 1647 3646 3693 1600 1648 3647 3694 1601
2760 1648 3647 3694 1601 1649 3648 3695 1602
2761 1649 3648 3695 1602 1650 3649 3696 1603
2762 1650 3649 3696 1603 1651 3650 3697 1604
2763 1651 3650 3697 1604 1652 3651 3698 1605
2764 1652 3651 3698 1605 1653 3652 3699 1606
2765 1653 3652 3699 1606 1654 3653 3700 1607
2766 1654 3653 3700 1607 1655 3654 3701 1608
2767 1655 3654 3701 1608 1656 3655 3702 1609
2768 1656 3655 3702 1609 1657 3656 3703 1610
2769 1657 3656 3703 1610 94 1898 1899 93
2770 36 464 35 4 1564 3657 1517 241
2771 1564 3657 1517 241 1565 3658 1518 242
2772 1565 3658 1518 242 1566 3659 1519 243
2773 1566 3659 1519 243 1567 3660 1520 244
2774 1567 3660 1520 244 1568 3661 1521 245
2775 1568 3661 1521 245 1569 3662 1522 246
2776 1569 3662 1522 246 1570 3663 1523 247
2777 1570 3663 1523 247 1571 3664 1524 248
2778 1571 3664 1524 248 1572 3665 1525 249
2779 1572 3665 1525 249 1573 3666 1526 250
2780 1573 3666 1526 250 1574 3667 1527 251
2781 1574 3667 1527 251 1575 3668 1528 252
2782 1575 3668 1528 252 1576 3669 1529 253
2783 1576 3669 1529 253 1577 3670 1530 254
2784 1577 3670 1530 254 1578 3671 1531 255
2785 1578 3671 1531 255 1579 3672 1532 256
2786 1579 3672 1532 256 1580 3673 1533 257
2787 1580 3673 1533 257 1581 3674 1534 258
2788 1581 3674 1534 258 1582 3675 1535 259
2789 1582 3675 1535 259 1583 3676 1536 260
2790 1583 3676 1536 260 1584 3677 1537 261
2791 1584 3677 1537 261 1585 3678 1538 262
2792 1585 3678 1538 262 1586 3679 1539 263
2793 1586 3679 1539 263 1587 3680 1540 264
2794 1587 3680 1540 264 1588 3681 1541 265
2795 1588 3681 1541 265 1589 3682 1542 266
2796 1589 3682 1542 266 1590 3683 1543 267
2797 1590 3683 1543 267 1591 3684 1544 268
2798 1591 3684 1544 268 1592 3685 1545 269
2799 1592 3685 1545 269 1593 3686 1546 270
2800 1593 3686 1546 270 1594 3687 1547 271
2801 1594 3687 1547 271 1595 3688 1548 272
2802 1595 3688 1548 272 1596 3689 1549 273
2803 1596 3689 1549 273 1597 3690 1550 274
2804 1597 3690 1550 274 1598 3691 1551 275
2805 1598 3691 1551 275 1599 3692 1552 276
2806 1599 3692 1552 276 1600 3693 1553 277
2807 1600 3693 1553 277 1601 3694 1554 278
2808 1601 3694 1554 278 1602 3695 1555 279
2809 1602 3695 1555 279 1603 3696 1556 280
2810 1603 3696 1556 280 1604 3697 1557 281
2811 1604 3697 1557 281 1605 3698 1558 282
2812 1605 3698 1558 282 1606 3699 1559 283
2813 1606 3699 1559 283 1607 3700 1560 284
2814 1607 3700 1560 284 1608 3701 1561 285
2815 1608 3701 1561 285 1609 3702 1562 286
2816 1609 3702 1562 286 1610 3703 1563 287
2817 1610 3703 1563 287 93 1899 92 11
2818 15 16 465 458 577 624 3704 3375
2819 577 624 3704 3375 578 625 3705 3376
2820 578 625 3705 3376 579 626 3706 3377
2821 579 626 3706 3377 580 627 3707 3378
2822 580 627 3707 3378 581 628 3708 3379
2823 581 628 3708 3379 582 629 3709 3380
2824 582 629 3709 3380 583 630 3710 3381
2825 583 630 3710 3381 584 631 3711 3382
2826 584 631 3711 3382 585 632 3712 3383
2827 585 632 3712 3383 586 633 3713 3384
2828 586 633 3713 3384 587 634 3714 3385
2829 587 634 3714 3385 588 635 3715 3386
2830 588 635 3715 3386 589 636 3716 3387
2831 589 636 3716 3387 590 637 3717 3388
2832 590 637 3717 3388 591 638 3718 3389
2833 591 638 3718 3389 592 639 3719 3390
2834 592 639 3719 3390 593 640 3720 3391
2835 593 640 3720 3391 594 641 3721 3392
2836 594 641 3721 3392 595 642 3722 3393
2837 595 642 3722 3393 596 643 3723 3394
2838 596 643 3723 3394 597 644 3724 3395
2839 597 644 3724 3395 598 645 3725 3396
2840 598 645 3725 3396 599 646 3726 3397
2841 599 646 3726 3397 600 647 3727 3398
2842 600 647 3727 3398 601 648 3728 3399
2843 601 648 3728 3399 602 649 3729 3400
2844 602 649 3729 3400 603 650 3730 3401
2845 603 650 3730 3401 604 651 3731 3402
2846 604 651 3731 3402 605 652 3732 3403
2847 605 652 3732 3403 606 653 3733 3404
2848 606 653 3733 3404 607 654 3734 3405
2849 607 654 3734 3405 608 655 3735 3406
2850 608 655 3735 3406 609 656 3736 3407
2851 609 656 3736 3407 610 657 3737 3408
2852 610 657 3737 3408 611 658 3738 3409
2853 611 658 3738 3409 612 659 3739 3410
2854 612 659 3739 3410 613 660 3740 3411
2855 613 660 3740 3411 614 661 3741 3412
2856 614 661 3741 3412 615 662 3742 3413
2857 615 662 3742 3413 616 663 3743 3414
2858 616 663 3743 3414 617 664 3744 3415
2859 617 664 3744 3415 618 665 3745 3416
2860 618 665 3745 3416 619 666 3746 3417
2861 619 666 3746 3417 620 667 3747 3418
2862 620 667 3747 3418 621 668 3748 3419
2863 621 668 3748 3419 622 669 3749 3420
2864 622 669 3749 3420 623 670 3750 3421
2865 623 670 3750 3421 72 73 1900 1893
2866 458 465 466 459 3375 3704 3751 3422
2867 3375 3704 3751 3422 3376 3705 3752 3423
2868 3376 3705 3752 3423 3377 3706 3753 3424
2869 3377 3706 3753 3424 3378 3707 3754 3425
2870 3378 3707 3754 3425 3379 3708 3755 3426
2871 3379 3708 3755 3426 3380 3709 3756 3427
2872 3380 3709 3756 3427 3381 3710 3757 3428
2873 3381 3710 3757 3428 3382 3711 3758 3429
2874 3382 3711 3758 3429 3383 3712 3759 3430
2875 3383 3712 3759 3430 3384 3713 3760 3431
2876 3384 3713 3760 3431 3385 3714 3761 3432
2877 3385 3714 3761 3432 3386 3715 3762 3433
2878 3386 3715 3762 3433 3387 3716 3763 3434
2879 3387 3716 3763 3434 3388 3717 3764 3435
2880 3388 3717 3764 3435 3389 3718 3765 3436
2881 3389 3718 3765 3436 3390 3719 3766 3437
2882 3390 3719 3766 3437 3391 3720 3767 3438
2883 3391 3720 3767 3438 3392 3721 3768 3439
2884 3392 3721 3768 3439 3393 3722 3769 3440
2885 3393 3722 3769 3440 3394 3723 3770 3441
2886 3394 3723 3770 3441 3395 3724 3771 3442
2887 3395 3724 3771 3442 3396 3725 3772 3443
2888 3396 3725 3772 3443 3397 3726 3773 3444
2889 3397 3726 3773 3444 3398 3727 3774 3445
2890 3398 3727 3774 3445 3399 3728 3775 3446
2891 3399 3728 3775 3446 3400 3729 3776 3447
2892 3400 3729 3776 3447 3401 3730 3777 3448
2893 3401 3730 3777 3448 3402 3731 3778 3449
2894 3402 3731 3778 3449 3403 3732 3779 3450
2895 3403 3732 3779 3450 3404 3733 3780 3451
2896 3404 3733 3780 3451 3405 3734 3781 3452
2897 3405 3734 3781 3452 3406 3735 3782 3453
2898 3406 3735 3782 3453 3407 3736 3783 3454
2899 3407 3736 3783 3454 3408 3737 3784 3455
2900 3408 3737 3784 3455 3409 3738 3785 3456
2901 3409 3738 3785 3456 3410 3739 3786 3457
2902 3410 3739 3786 3457 3411 3740 3787 3458
2903 3411 3740 3787 3458 3412 3741 3788 3459
2904 3412 3741 3788 3459 3413 3742 3789 3460
2905 3413 3742 3789 3460 3414 3743 3790 3461
2906 3414 3743 3790 3461 3415 3744 3791 3462
2907 3415 3744 3791 3462 3416 3745 3792 3463
2908 3416 3745 3792 3463 3417 3746 3793 3464
2909 3417 3746 3793 3464 3418 3747 3794 3465
2910 3418 3747 3794 3465 3419 3748 3795 3466
2911 3419 3748 3795 3466 3420 3749 3796 3467
2912 3420 3749 3796 3467 3421 3750 3797 3468
2913 3421 3750 3797 3468 1893 1900 1901 1894
2914 459 466 467 460 3422 3751 3798 3469
2915 3422 3751 3798 3469 3423 3752 3799 3470
2916 3423 3752 3799 3470 3424 3753 3800 3471
2917 3424 3753 3800 3471 3425 3754 3801 3472
2918 3425 3754 3801 3472 3426 3755 3802 3473
2919 3426 3755 3802 3473 3427 3756 3803 3474
2920 3427 3756 3803 3474 3428 3757 3804 3475
2921 3428 3757 3804 3475 3429 3758 3805 3476
2922 3429 3758 3805 3476 3430 3759 3806 3477
2923 3430 3759 3806 3477 3431 3760 3807 3478
2924 3431 3760 3807 3478 3432 3761 3808 3479
2925 3432 3761 3808 3479 3433 3762 3809 3480
2926 3433 3762 3809 3480 3434 3763 3810 3481
2927 3434 3763 3810 3481 3435 3764 3811 3482
2928 3435 3764 3811 3482 3436 3765 3812 3483
2929 3436 3765 3812 3483 3437 3766 3813 3484
2930 3437 3766 3813 3484 3438 3767 3814 3485
2931 3438 3767 3814 3485 3439 3768 3815 3486
2932 3439 3768 3815 3486 3440 3769 3816 3487
2933 3440 3769 3816 3487 3441 3770 3817 3488
2934 3441 3770 3817 3488 3442 3771 3818 3489
2935 3442 3771 3818 3489 3443 3772 3819 3490
2936 3443 3772 3819 3490 3444 3773 3820 3491
2937 3444 3773 3820 3491 3445 3774 3821 3492
2938 3445 3774 3821 3492 3446 3775 3822 3493
2939 3446 3775 3822 3493 3447 3776 3823 3494
2940 3447 3776 3823 3494 3448 3777 3824 3495
2941 3448 3777 3824 3495 3449 3778 3825 3496
2942 3449 3778 3825 3496 3450 3779 3826 3497
2943 3450 3779 3826 3497 3451 3780 3827 3498
2944 3451 3780 3827 3498 3452 3781 3828 3499
2945 3452 3781 3828 3499 3453 3782 3829 3500
2946 3453 3782 3829 3500 3454 3783 3830 3501
2947 3454 3783 3830 3501 3455 3784 3831 3502
2948 3455 3784 3831 3502 3456 3785 3832 3503
2949 3456 3785 3832 3503 3457 3786 3833 3504
2950 3457 3786 3833 3504 3458 3787 3834 3505
2951 3458 3787 3834 3505 3459 3788 3835 3506
2952 3459 3788 3835 3506 3460 3789 3836 3507
2953 3460 3789 3836 3507 3461 3790 3837 3508
2954 3461 3790 3837 3508 3462 3791 3838 3509
2955 3462 3791 3838 3509 3463 3792 3839 3510
2956 3463 3792 3839 3510 3464 3793 3840 3511
2957 3464 3793 3840 3511 3465 3794 3841 3512
2958 3465 3794 3841 3512 3466 3795 3842 3513
2959 3466 3795 3842 3513 3467 3796 3843 3514
2960 3467 3796 3843 3514 3468 3797 3844 3515
2961 3468 3797 3844 3515 1894 1901 1902 1895
2962 460 467 468 461 3469 3798 3845 3516
2963 3469 3798 3845 3516 3470 3799 3846 3517
2964 3470 3799 3846 3517 3471 3800 3847 3518
2965 3471 3800 3847 3518 3472 3801 3848 3519
2966 3472 3801 3848 3519 3473 3802 3849 3520
2967 3473 3802 3849 3520 3474 3803 3850 3521
2968 3474 3803 3850 3521 3475 3804 3851 3522
2969 3475 3804 3851 3522 3476 3805 3852 3523
2970 3476 3805 3852 3523 3477 3806 3853 3524
2971 3477 3806 3853 3524 3478 3807 3854 3525
2972 3478 3807 3854 3525 3479 3808 3855 3526
2973 3479 3808 3855 3526 3480 3809 3856 3527
2974 3480 3809 3856 3527 3481 3810 3857 3528
2975 3481 3810 3857 3528 3482 3811 3858 3529
2976 3482 3811 3858 3529 3483 3812 3859 3530
2977 3483 3812 3859 3530 3484 3813 3860 3531
2978 3484 3813 3860 3531 3485 3814 3861 3532
2979 3485 3814 3861 3532 3486 3815 3862 3533
2980 3486 3815 3862 3533 3487 3816 3863 3534
2981 3487 3816 3863 3534 3488 3817 3864 3535
2982 3488 3817 3864 3535 3489 3818 3865 3536
2983 3489 3818 3865 3536 3490 3819 3866 3537
2984 3490 3819 3866 3537 3491 3820 3867 3538
2985 3491 3820 3867 3538 3492 3821 3868 3539
2986 3492 3821 3868 3539 3493 3822 3869 3540
2987 3493 3822 3869 3540 3494 3823 3870 3541
2988 3494 3823 3870 3541 3495 3824 3871 3542
2989 3495 3824 3871 3542 3496 3825 3872 3543
2990 3496 3825 3872 3543 3497 3826 3873 3544
2991 3497 3826 3873 3544 3498 3827 3874 3545
2992 3498 3827 3874 3545 3499 3828 3875 3546
2993 3499 3828 3875 3546 3500 3829 3876 3547
2994 3500 3829 3876 3547 3501 3830 3877 3548
2995 3501 3830 3877 3548 3502 3831 3878 3549
2996 3502 3831 3878 3549 3503 3832 3879 3550
2997 3503 3832 3879 3550 3504 3833 3880 3551
2998 3504 3833 3880 3551 3505 3834 3881 3552
2999 3505 3834 3881 3552 3506 3835 3882 3553
3000 3506 3835 3882 3553 3507 3836 3883 3554
3001 3507 3836 3883 3554 3508 3837 3884 3555
3002 3508 3837 3884 3555 3509 3838 3885 3556
3003 3509 3838 3885 3556 3510 3839 3886 3557
3004 3510 3839 3886 3557 3511 3840 3887 3558
3005 3511 3840 3887 3558 3512 3841 3888 3559
3006 3512 3841 3888 3559 3513 3842 3889 3560
3007 3513 3842 3889 3560 3514 3843 3890 3561
3008 3514 3843 3890 3561 3515 3844 3891 3562
3009 3515 3844 3891 3562 1895 1902 1903 1896
3010 461 468 469 462 3516 3845 3892 3563
3011 3516 3845 3892 3563 3517 3846 3893 3564
3012 3517 3846 3893 3564 3518 3847 3894 3565
3013 3518 3847 3894 3565 3519 3848 3895 3566
3014 3519 3848 3895 3566 3520 3849 3896 3567
3015 3520 3849 3896 3567 3521 3850 3897 3568
3016 3521 3850 3897 3568 3522 3851 3898 3569
3017 3522 3851 3898 3569 3523 3852 3899 3570
3018 3523 3852 3899 3570 3524 3853 3900 3571
3019 3524 3853 3900 3571 3525 3854 3901 3572
3020 3525 3854 3901 3572 3526 3855 3902 3573
3021 3526 3855 3902 3573 3527 3856 3903 3574
3022 3527 3856 3903 3574 3528 3857 3904 3575
3023 3528 3857 3904 3575 3529 3858 3905 3576
3024 3529 3858 3905 3576 3530 3859 3906 3577
3025 3530 3859 3906 3577 3531 3860 3907 3578
3026 3531 3860 3907 3578 3532 3861 3908 3579
3027 3532 3861 3908 3579 3533 3862 3909 3580
3028 3533 3862 3909 3580 3534 3863 3910 3581
3029 3534 3863 3910 3581 3535 3864 3911 3582
3030 3535 3864 3911 3582 3536 3865 3912 3583
3031 3536 3865 3912 3583 3537 3866 3913 3584
3032 3537 3866 3913 3584 3538 3867 3914 3585
3033 3538 3867 3914 3585 3539 3868 3915 3586
3034 3539 3868 3915 3586 3540 3869 3916 3587
3035 3540 3869 3916 3587 3541 3870 3917 3588
3036 3541 3870 3917 3588 3542 3871 3918 3589
3037 3542 3871 3918 3589 3543 3872 3919 3590
3038 3543 3872 3919 3590 3544 3873 3920 3591
3039 3544 3873 3920 3591 3545 3874 3921 3592
3040 3545 3874 3921 3592 3546 3875 3922 3593
3041 3546 3875 3922 3593 3547 3876 3923 3594
3042 3547 3876 3923 3594 3548 3877 3924 3595
3043 3548 3877 3924 3595 3549 3878 3925 3596
3044 3549 3878 3925 3596 3550 3879 3926 3597
3045 3550 3879 3926 3597 3551 3880 3927 3598
3046 3551 3880 3927 3598 3552 3881 3928 3599
3047 3552 3881 3928 3599 3553 3882 3929 3600
3048 3553 3882 3929 3600 3554 3883 3930 3601
3049 3554 3883 3930 3601 3555 3884 3931 3602
3050 3555 3884 3931 3602 3556 3885 3932 3603
3051 3556 3885 3932 3603 3557 3886 3933 3604
3052 3557 3886 3933 3604 3558 3887 3934 3605
3053 3558 3887 3934 3605 3559 3888 3935 3606
3054 3559 3888 3935 3606 3560 3889 3936 3607
3055 3560 3889 3936 3607 3561 3890 3937 3608
3056 3561 3890 3937 3608 3562 3891 3938 3609
3057 3562 3891 3938 3609 1896 1903 1904 1897
3058 462 469 470 463 3563 3892 3939 3610
3059 3563 3892 3939 3610 3564 3893 3940 3611
3060 3564 3893 3940 3611 3565 3894 3941 3612
3061 3565 3894 3941 3612 3566 3895 3942 3613
3062 3566 3895 3942 3613 3567 3896 3943 3614
3063 3567 3896 3943 3614 3568 3897 3944 3615
3064 3568 3897 3944 3615 3569 3898 3945 3616
3065 3569 3898 3945 3616 3570 3899 3946 3617
3066 3570 3899 3946 3617 3571 3900 3947 3618
3067 3571 3900 3947 3618 3572 3901 3948 3619
3068 3572 3901 3948 3619 3573 3902 3949 3620
3069 3573 3902 3949 3620 3574 3903 3950 3621
3070 3574 3903 3950 3621 3575 3904 3951 3622
3071 3575 3904 3951 3622 3576 3905 3952 3623
3072 3576 3905 3952 3623 3577 3906 3953 3624
3073 3577 3906 3953 3624 3578 3907 3954 3625
3074 3578 3907 3954 3625 3579 3908 3955 3626
3075 3579 3908 3955 3626 3580 3909 3956 3627
3076 3580 3909 3956 3627 3581 3910 3957 3628
3077 3581 3910 3957 3628 3582 3911 3958 3629
3078 3582 3911 3958 3629 3583 3912 3959 3630
3079 3583 3912 3959 3630 3584 3913 3960 3631
3080 3584 3913 3960 3631 3585 3914 3961 3632
3081 3585 3914 3961 3632 3586 3915 3962 3633
3082 3586 3915 3962 3633 3587 3916 3963 3634
3083 3587 3916 3963 3634 3588 3917 3964 3635
3084 3588 3917 3964 3635 3589 3918 3965 3636
3085 3589 3918 3965 3636 3590 3919 3966 3637
3086 3590 3919 3966 3637 3591 3920 3967 3638
3087 3591 3920 3967 3638 3592 3921 3968 3639
3088 3592 3921 3968 3639 3593 3922 3969 3640
3089 3593 3922 3969 3640 3594 3923 3970 3641
3090 3594 3923 3970 3641 3595 3924 3971 3642
3091 3595 3924 3971 3642 3596 3925 3972 3643
3092 3596 3925 3972 3643 3597 3926 3973 3644
3093 3597 3926 3973 3644 3598 3927 3974 3645
3094 3598 3927 3974 3645 3599 3928 3975 3646
3095 3599 3928 3975 3646 3600 3929 3976 3647
3096 3600 3929 3976 3647 3601 3930 3977 3648
3097 3601 3930 3977 3648 3602 3931 3978 3649
3098 3602 3931 3978 3649 3603 3932 3979 3650
3099 3603 3932 3979 3650 3604 3933 3980 3651
3100 3604 3933 3980 3651 3605 3934 3981 3652
3101 3605 3934 3981 3652 3606 3935 3982 3653
3102 3606 3935 3982 3653 3607 3936 3983 3654
3103 3607 3936 3983 3654 3608 3937 3984 3655
3104 3608 3937 3984 3655 3609 3938 3985 3656
3105 3609 3938 3985 3656 1897 1904 1905 1898
3106 463 470 471 464 3610 3939 3986 3657
3107 3610 3939 3986 3657 3611 3940 3987 3658
3108 3611 3940 3987 3658 3612 3941 3988 3659
3109 3612 3941 3988 3659 3613 3942 3989 3660
3110 3613 3942 3989 3660 3614 3943 3990 3661
3111 3614 3943 3990 3661 3615 3944 3991 3662
3112 3615 3944 3991 3662 3616 3945 3992 3663
3113 3616 3945 3992 3663 3617 3946 3993 3664
3114 3617 3946 3993 3664 3618 3947 3994 3665
3115 3618 3947 3994 3665 3619 3948 3995 3666
3116 3619 3948 3995 3666 3620 3949 3996 3667
3117 3620 3949 3996 3667 3621 3950 3997 3668
3118 3621 3950 3997 3668 3622 3951 3998 3669
3119 3622 3951 3998 3669 3623 3952 3999 3670
3120 3623 3952 3999 3670 3624 3953 4000 3671
3121 3624 3953 4000 3671 3625 3954 4001 3672
3122 3625 3954 4001 3672 3626 3955 4002 3673
3123 3626 3955 4002 3673 3627 3956 4003 3674
3124 3627 3956 4003 3674 3628 3957 4004 3675
3125 3628 3957 4004 3675 3629 3958 4005 3676
3126 3629 3958 4005 3676 3630 3959 4006 3677
3127 3630 3959 4006 3677 3631 3960 4007 3678
3128 3631 3960 4007 3678 3632 3961 4008 3679
3129 3632 3961 4008 3679 3633 3962 4009 3680
3130 3633 3962 4009 3680 3634 3963 4010 3681
3131 3634 3963 4010 3681 3635 3964 4011 3682
3132 3635 3964 4011 3682 3636 3965 4012 3683
3133 3636 3965 4012 3683 3637 3966 4013 3684
3134 3637 3966 4013 3684 3638 3967 4014 3685
3135 3638 3967 4014 3685 3639 3968 4015 3686
3136 3639 3968 4015 3686 3640 3969 4016 3687
3137 3640 3969 4016 3687 3641 3970 4017 3688
3138 3641 3970 4017 3688 3642 3971 4018 3689
3139 3642 3971 4018 3689 3643 3972 4019 3690
3140 3643 3972 4019 3690 3644 3973 4020 3691
3141 3644 3973 4020 3691 3645 3974 4021 3692
3142 3645 3974 4021 3692 3646 3975 4022 3693
3143 3646 3975 4022 3693 3647 3976 4023 3694
3144 3647 3976 4023 3694 3648 3977 4024 3695
3145 3648 3977 4024 3695 3649 3978 4025 3696
3146 3649 3978 4025 3696 3650 3979 4026 3697
3147 3650 3979 4026 3697 3651 3980 4027 3698
3148 3651 3980 4027 3698 3652 3981 4028 3699
3149 3652 3981 4028 3699 3653 3982 4029 3700
3150 3653 3982 4029 3700 3654 3983 4030 3701
3151 3654 3983 4030 3701 3655 3984 4031 3702
3152 3655 3984 4031 3702 3656 3985 4032 3703
3153 3656 3985 4032 3703 1898 1905 1906 1899
3154 464 471 34 35 3657 3986 1470 1517
3155 3657 3986 1470 1517 3658 3987 1471 1518
3156 3658 3987 1471 1518 3659 3988 1472 1519
3157 3659 3988 1472 1519 3660 3989 1473 1520
3158 3660 3989 1473 1520 3661 3990 1474 1521
3159 3661 3990 1474 1521 3662 3991 1475 1522
3160 3662 3991 1475 1522 3663 3992 1476 1523
3161 3663 3992 1476 1523 3664 3993 1477 1524
3162 3664 3993 1477 1524 3665 3994 1478 1525
3163 3665 3994 1478 1525 3666 3995 1479 1526
3164 3666 3995 1479 1526 3667 3996 1480 1527
3165 3667 3996 1480 1527 3668 3997 1481 1528
3166 3668 3997 1481 1528 3669 3998 1482 1529
3167 3669 3998 1482 1529 3670 3999 1483 1530
3168 3670 3999 1483 1530 3671 4000 1484 1531
3169 3671 4000 1484 1531 3672 4001 1485 1532
3170 3672 4001 1485 1532 3673 4002 1486 1533
3171 3673 4002 1486 1533 3674 4003 1487 1534
3172 3674 4003 1487 1534 3675 4004 1488 1535
3173 3675 4004 1488 1535 3676 4005 1489 1536
3174 3676 4005 1489 1536 3677 4006 1490 1537
3175 3677 4006 1490 1537 3678 4007 1491 1538
3176 3678 4007 1491 1538 3679 4008 1492 1539
3177 3679 4008 1492 1539 3680 4009 1493 1540
3178 3680 4009 1493 1540 3681 4010 1494 1541
3179 3681 4010 1494 1541 3682 4011 1495 1542
3180 3682 4011 1495 1542 3683 4012 1496 1543
3181 3683 4012 1496 1543 3684 4013 1497 1544
3182 3684 4013 1497 1544 3685 4014 1498 1545
3183 3685 4014 1498 1545 3686 4015 1499 1546
3184 3686 4015 1499 1546 3687 4016 1500 1547
3185 3687 4016 1500 1547 3688 4017 1501 1548
3186 3688 4017 1501 1548 3689 4018 1502 1549
3187 3689 4018 1502 1549 3690 4019 1503 1550
3188 3690 4019 1503 1550 3691 4020 1504 1551
3189 3691 4020 1504 1551 3692 4021 1505 1552
3190 3692 4021 1505 1552 3693 4022 1506 1553
3191 3693 4022 1506 1553 3694 4023 1507 1554
3192 3694 4023 1507 1554 3695 4024 1508 1555
3193 3695 4024 1508 1555 3696 4025 1509 1556
3194 3696 4025 1509 1556 3697 4026 1510 1557
3195 3697 4026 1510 1557 3698 4027 1511 1558
3196 3698 4027 1511 1558 3699 4028 1512 1559
3197 3699 4028 1512 1559 3700 4029 1513 1560
3198 3700 4029 1513 1560 3701 4030 1514 1561
3199 3701 4030 1514 1561 3702 4031 1515 1562
3200 3702 4031 1515 1562 3703 4032 1516 1563
3201 3703 4032 1516 1563 1899 1906 91 92
3202 16 17 472 465 624 671 4033 3704
3203 624 671 4033 3704 625 672 4034 3705
3204 625 672 4034 3705 626 673 4035 3706
3205 626 673 4035 3706 627 674 4036 3707
3206 627 674 4036 3707 628 675 4037 3708
3207 628 675 4037 3708 629 676 4038 3709
3208 629 676 4038 3709 630 677 4039 3710
3209 630 677 4039 3710 631 678 4040 3711
3210 631 678 4040 3711 632 679 4041 3712
3211 632 679 4041 3712 633 680 4042 3713
3212 633 680 4042 3713 634 681 4043 3714
3213 634 681 4043 3714 635 682 4044 3715
3214 635 682 4044 3715 636 683 4045 3716
3215 636 683 4045 3716 637 684 4046 3717
3216 637 684 4046 3717 638 685 4047 3718
3217 638 685 4047 3718 639 686 4048 3719
3218 639 686 4048 3719 640 687 4049 3720
3219 640 687 4049 3720 641 688 4050 3721
3220 641 688 4050 3721 642 689 4051 3722
3221 642 689 4051 3722 643 690 4052 3723
3222 643 690 4052 3723 644 691 4053 3724
3223 644 691 4053 3724 645 692 4054 3725
3224 645 692 4054 3725 646 693 4055 3726
3225 646 693 4055 3726 647 694 4056 3727
3226 647 694 4056 3727 648 695 4057 3728
3227 648 695 4057 3728 649 696 4058 3729
3228 649 696 4058 3729 650 697 4059 3730
3229 650 697 4059 3730 651 698 4060 3731
3230 651 698 4060 3731 652 699 4061 3732
3231 652 699 4061 3732 653 700 4062 3733
3232 653 700 4062 3733 654 701 4063 3734
3233 654 701 4063 3734 655 702 4064 3735
3234 655 702 4064 3735 656 703 4065 3736
3235 656 703 4065 3736 657 704 4066 3737
3236 657 704 4066 3737 658 705 4067 3738
3237 658 705 4067 3738 659 706 4068 3739
3238 659 706 4068 3739 660 707 4069 3740
3239 660 707 4069 3740 661 708 4070 3741
3240 661 708 4070 3741 662 709 4071 3742
3241 662 709 4071 3742 663 710 4072 3743
3242 663 710 4072 3743 664 711 4073 3744
3243 664 711 4073 3744 665 712 4074 3745
3244 665 712 4074 3745 666 713 4075 3746
3245 666 713 4075 3746 667 714 4076 3747
3246 667 714 4076 3747 668 715 4077 3748
3247 668 715 4077 3748 669 716 4078 3749
3248 669 716 4078 3749 670 717 4079 3750
3249 670 717 4079 3750 73 74 1907 1900
3250 465 472 473 466 3704 4033 4080 3751
3251 3704 4033 4080 3751 3705 4034 4081 3752
3252 3705 4034 4081 3752 3706 4035 4082 3753
3253 3706 4035 4082 3753 3707 4036 4083 3754
3254 3707 4036 4083 3754 3708 4037 4084 3755
3255 3708 4037 4084 3755 3709 4038 4085 3756
3256 3709 4038 4085 3756 3710 4039 4086 3757
3257 3710 4039 4086 3757 3711 4040 4087 3758
3258 3711 4040 4087 3758 3712 4041 4088 3759
3259 3712 4041 4088 3759 3713 4042 4089 3760
3260 3713 4042 4089 3760 3714 4043 4090 3761
3261 3714 4043 4090 3761 3715 4044 4091 3762
3262 3715 4044 4091 3762 3716 4045 4092 3763
3263 3716 4045 4092 3763 3717 4046 4093 3764
3264 3717 4046 4093 3764 3718 4047 4094 3765
3265 3718 4047 4094 3765 3719 4048 4095 3766
3266 3719 4048 4095 3766 3720 4049 4096 3767
3267 3720 4049 4096 3767 3721 4050 4097 3768
3268 3721 4050 4097 3768 3722 4051 4098 3769
3269 3722 4051 4098 3769 3723 4052 4099 3770
3270 3723 4052 4099 3770 3724 4053 4100 3771
3271 3724 4053 4100 3771 3725 4054 4101 3772
3272 3725 4054 4101 3772 3726 4055 4102 3773
3273 3726 4055 4102 3773 3727 4056 4103 3774
3274 3727 4056 4103 3774 3728 4057 4104 3775
3275 3728 4057 4104 3775 3729 4058 4105 3776
3276 3729 4058 4105 3776 3730 4059 4106 3777
3277 3730 4059 4106 3777 3731 4060 4107 3778
3278 3731 4060 4107 3778 3732 4061 4108 3779
3279 3732 4061 4108 3779 3733 4062 4109 3780
3280 3733 4062 4109 3780 3734 4063 4110 3781
3281 3734 4063 4110 3781 3735 4064 4111 3782
3282 3735 4064 4111 3782 3736 4065 4112 3783
3283 3736 4065 4112 3783 3737 4066 4113 3784
3284 3737 4066 4113 3784 3738 4067 4114 3785
3285 3738 4067 4114 3785 3739 4068 4115 3786
3286 3739 4068 4115 3786 3740 4069 4116 3787
3287 3740 4069 4116 3787 3741 4070 4117 3788
3288 3741 4070 4117 3788 3742 4071 4118 3789
3289 3742 4071 4118 3789 3743 4072 4119 3790
3290 3743 4072 4119 3790 3744 4073 4120 3791
3291 3744 4073 4120 3791 3745 4074 4121 3792
3292 3745 4074 4121 3792 3746 4075 4122 3793
3293 3746 4075 4122 3793 3747 4076 4123 3794
3294 3747 4076 4123 3794 3748 4077 4124 3795
3295 3748 4077 4124 3795 3749 4078 4125 3796
3296 3749 4078 4125 3796 3750 4079 4126 3797
3297 3750 4079 4126 3797 1900 1907 1908 1901
3298 466 473 474 467 3751 4080 4127 3798
3299 3751 4080 4127 3798 3752 4081 4128 3799
3300 3752 4081 4128 3799 3753 4082 4129 3800
3301 3753 4082 4129 3800 3754 4083 4130 3801
3302 3754 4083 4130 3801 3755 4084 4131 3802
3303 3755 4084 4131 3802 3756 4085 4132 3803
3304 3756 4085 4132 3803 3757 4086 4133 3804
3305 3757 4086 4133 3804 3758 4087 4134 3805
3306 3758 4087 4134 3805 3759 4088 4135 3806
3307 3759 4088 4135 3806 3760 4089 4136 3807
3308 3760 4089 4136 3807 3761 4090 4137 3808
3309 3761 4090 4137 3808 3762 4091 4138 3809
3310 3762 4091 4138 3809 3763 4092 4139 3810
3311 3763 4092 4139 3810 3764 4093 4140 3811
3312 3764 4093 4140 3811 3765 4094 4141 3812
3313 3765 4094 4141 3812 3766 4095 4142 3813
3314 3766 4095 4142 3813 3767 4096 4143 3814
3315 3767 4096 4143 3814 3768 4097 4144 3815
3316 3768 4097 4144 3815 3769 4098 4145 3816
3317 3769 4098 4145 3816 3770 4099 4146 3817
3318 3770 4099 4146 3817 3771 4100 4147 3818
3319 3771 4100 4147 3818 3772 4101 4148 3819
3320 3772 4101 4148 3819 3773 4102 4149 3820
3321 3773 4102 4149 3820 3774 4103 4150 3821
3322 3774 4103 4150 3821 3775 4104 4151 3822
3323 3775 4104 4151 3822 3776 4105 4152 3823
3324 3776 4105 4152 3823 3777 4106 4153 3824
3325 3777 4106 4153 3824 3778 4107 4154 3825
3326 3778 4107 4154 3825 3779 4108 4155 3826
3327 3779 4108 4155 3826 3780 4109 4156 3827
3328 3780 4109 4156 3827 3781 4110 4157 3828
3329 3781 4110 4157 3828 3782 4111 4158 3829
3330 3782 4111 4158 3829 3783 4112 4159 3830
3331 3783 4112 4159 3830 3784 4113 4160 3831
3332 3784 4113 4160 3831 3785 4114 4161 3832
3333 3785 4114 4161 3832 3786 4115 4162 3833
3334 3786 4115 4162 3833 3787 4116 4163 3834
3335 3787 4116 4163 3834 3788 4117 4164 3835
3336 3788 4117 4164 3835 3789 4118 4165 3836
3337 3789 4118 4165 3836 3790 4119 4166 3837
3338 3790 4119 4166 3837 3791 4120 4167 3838
3339 3791 4120 4167 3838 3792 4121 4168 3839
3340 3792 4121 4168 3839 3793 4122 4169 3840
3341 3793 4122 4169 3840 3794 4123 4170 3841
3342 3794 4123 4170 3841 3795 4124 4171 3842
3343 3795 4124 4171 3842 3796 4125 4172 3843
3344 3796 4125 4172 3843 3797 4126 4173 3844
3345 3797 4126 4173 3844 1901 1908 1909 1902
3346 467 474 475 468 3798 4127 4174 3845
3347 3798 4127 4174 3845 3799 4128 4175 3846
3348 3799 4128 4175 3846 3800 4129 4176 3847
3349 3800 4129 4176 3847 3801 4130 4177 3848
3350 3801 4130 4177 3848 3802 4131 4178 3849
3351 3802 4131 4178 3849 3803 4132 4179 3850
3352 3803 4132 4179 3850 3804 4133 4180 3851
3353 3804 4133 4180 3851 3805 4134 4181 3852
3354 3805 4134 4181 3852 3806 4135 4182 3853
3355 3806 4135 4182 3853 3807 4136 4183 3854
3356 3807 4136 4183 3854 3808 4137 4184 3855
3357 3808 4137 4184 3855 3809 4138 4185 3856
3358 3809 4138 4185 3856 3810 4139 4186 3857
3359 3810 4139 4186 3857 3811 4140 4187 3858
3360 3811 4140 4187 3858 3812 4141 4188 3859
3361 3812 4141 4188 3859 3813 4142 4189 3860
3362 3813 4142 4189 3860 3814 4143 4190 3861
3363 3814 4143 4190 3861 3815 4144 4191 3862
3364 3815 4144 4191 3862 3816 4145 4192 3863
3365 3816 4145 4192 3863 3817 4146 4193 3864
3366 3817 4146 4193 3864 3818 4147 4194 3865
3367 3818 4147 4194 3865 3819 4148 4195 3866
3368 3819 4148 4195 3866 3820 4149 4196 3867
3369 3820 4149 4196 3867 3821 4150 4197 3868
3370 3821 4150 4197 3868 3822 4151 4198 3869
3371 3822 4151 4198 3869 3823 4152 4199 3870
3372 3823 4152 4199 3870 3824 4153 4200 3871
3373 3824 4153 4200 3871 3825 4154 4201 3872
3374 3825 4154 4201 3872 3826 4155 4202 3873
3375 3826 4155 4202 3873 3827 4156 4203 3874
3376 3827 4156 4203 3874 3828 4157 4204 3875
3377 3828 4157 4204 3875 3829 4158 4205 3876
3378 3829 4158 4205 3876 3830 4159 4206 3877
3379 3830 4159 4206 3877 3831 4160 4207 3878
3380 3831 4160 4207 3878 3832 4161 4208 3879
3381 3832 4161 4208 3879 3833 4162 4209 3880
3382 3833 4162 4209 3880 3834 4163 4210 3881
3383 3834 4163 4210 3881 3835 4164 4211 3882
3384 3835 4164 4211 3882 3836 4165 4212 3883
3385 3836 4165 4212 3883 3837 4166 4213 3884
3386 3837 4166 4213 3884 3838 4167 4214 3885
3387 3838 4167 4214 3885 3839 4168 4215 3886
3388 3839 4168 4215 3886 3840 4169 4216 3887
3389 3840 4169 4216 3887 3841 4170 4217 3888
3390 3841 4170 4217 3888 3842 4171 4218 3889
3391 3842 4171 4218 3889 3843 4172 4219 3890
3392 3843 4172 4219 3890 3844 4173 4220 3891
3393 3844 4173 4220 3891 1902 1909 1910 1903
3394 468 475 476 469 3845 4174 4221 3892
3395 3845 4174 4221 3892 3846 4175 4222 3893
3396 3846 4175 4222 3893 3847 4176 4223 3894
3397 3847 4176 4223 3894 3848 4177 4224 3895
3398 3848 4177 4224 3895 3849 4178 4225 3896
3399 3849 4178 4225 3896 3850 4179 4226 3897
3400 3850 4179 4226 3897 3851 4180 4227 3898
3401 3851 4180 4227 3898 3852 4181 4228 3899
3402 3852 4181 4228 3899 3853 4182 4229 3900
3403 3853 4182 4229 3900 3854 4183 4230 3901
3404 3854 4183 4230 3901 3855 4184 4231 3902
3405 3855 4184 4231 3902 3856 4185 4232 3903
3406 3856 4185 4232 3903 3857 4186 4233 3904
3407 3857 4186 4233 3904 3858 4187 4234 3905
3408 3858 4187 4234 3905 3859 4188 4235 3906
3409 3859 4188 4235 3906 3860 4189 4236 3907
3410 3860 4189 4236 3907 3861 4190 4237 3908
3411 3861 4190 4237 3908 3862 4191 4238 3909
3412 3862 4191 4238 3909 3863 4192 4239 3910
3413 3863 4192 4239 3910 3864 4193 4240 3911
3414 3864 4193 4240 3911 3865 4194 4241 3912
3415 3865 4194 4241 3912 3866 4195 4242 3913
3416 3866 4195 4242 3913 3867 4196 4243 3914
3417 3867 4196 4243 3914 3868 4197 4244 3915
3418 3868 4197 4244 3915 3869 4198 4245 3916
3419 3869 4198 4245 3916 3870 4199 4246 3917
3420 3870 4199 4246 3917 3871 4200 4247 3918
3421 3871 4200 4247 3918 3872 4201 4248 3919
3422 3872 4201 4248 3919 3873 4202 4249 3920
3423 3873 4202 4249 3920 3874 4203 4250 3921
3424 3874 4203 4250 3921 3875 4204 4251 3922
3425 3875 4204 4251 3922 3876 4205 4252 3923
3426 3876 4205 4252 3923 3877 4206 4253 3924
3427 3877 4206 4253 3924 3878 4207 4254 3925
3428 3878 4207 4254 3925 3879 4208 4255 3926
3429 3879 4208 4255 3926 3880 4209 4256 3927
3430 3880 4209 4256 3927 3881 4210 4257 3928
3431 3881 4210 4257 3928 3882 4211 4258 3929
3432 3882 4211 4258 3929 3883 4212 4259 3930
3433 3883 4212 4259 3930 3884 4213 4260 3931
3434 3884 4213 4260 3931 3885 4214 4261 3932
3435 3885 4214 4261 3932 3886 4215 4262 3933
3436 3886 4215 4262 3933 3887 4216 4263 3934
3437 3887 4216 4263 3934 3888 4217 4264 3935
3438 3888 4217 4264 3935 3889 4218 4265 3936
3439 3889 4218 4265 3936 3890 4219 4266 3937
3440 3890 4219 4266 3937 3891 4220 4267 3938
3441 3891 4220 4267 3938 1903 1910 1911 1904
3442 469 476 477 470 3892 4221 4268 3939
3443 3892 4221 4268 3939 3893 4222 4269 3940
3444 3893 4222 4269 3940 3894 4223 4270 3941
3445 3894 4223 4270 3941 3895 4224 4271 3942
3446 3895 4224 4271 3942 3896 4225 4272 3943
3447 3896 4225 4272 3943 3897 4226 4273 3944
3448 3897 4226 4273 3944 3898 4227 4274 3945
3449 3898 4227 4274 3945 3899 4228 4275 3946
3450 3899 4228 4275 3946 3900 4229 4276 3947
3451 3900 4229 4276 3947 3901 4230 4277 3948
3452 3901 4230 4277 3948 3902 4231 4278 3949
3453 3902 4231 4278 3949 3903 4232 4279 3950
3454 3903 4232 4279 3950 3904 4233 4280 3951
3455 3904 4233 4280 3951 3905 4234 4281 3952
3456 3905 4234 4281 3952 3906 4235 4282 3953
3457 3906 4235 4282 3953 3907 4236 4283 3954
3458 3907 4236 4283 3954 3908 4237 4284 3955
3459 3908 4237 4284 3955 3909 4238 4285 3956
3460 3909 4238 4285 3956 3910 4239 4286 3957
3461 3910 4239 4286 3957 3911 4240 4287 3958
3462 3911 4240 4287 3958 3912 4241 4288 3959
3463 3912 4241 4288 3959 3913 4242 4289 3960
3464 3913 4242 4289 3960 3914 4243 4290 3961
3465 3914 4243 4290 3961 3915 4244 4291 3962
3466 3915 4244 4291 3962 3916 4245 4292 3963
3467 3916 4245 4292 3963 3917 4246 4293 3964
3468 3917 4246 4293 3964 3918 4247 4294 3965
3469 3918 4247 4294 3965 3919 4248 4295 3966
3470 3919 4248 4295 3966 3920 4249 4296 3967
3471 3920 4249 4296 3967 3921 4250 4297 3968
3472 3921 4250 4297 3968 3922 4251 4298 3969
3473 3922 4251 4298 3969 3923 4252 4299 3970
3474 3923 4252 4299 3970 3924 4253 4300 3971
3475 3924 4253 4300 3971 3925 4254 4301 3972
3476 3925 4254 4301 3972 3926 4255 4302 3973
3477 3926 4255 4302 3973 3927 4256 4303 3974
3478 3927 4256 4303 3974 3928 4257 4304 3975
3479 3928 4257 4304 3975 3929 4258 4305 3976
3480 3929 4258 4305 3976 3930 4259 4306 3977
3481 3930 4259 4306 3977 3931 4260 4307 3978
3482 3931 4260 4307 3978 3932 4261 4308 3979
3483 3932 4261 4308 3979 3933 4262 4309 3980
3484 3933 4262 4309 3980 3934 4263 4310 3981
3485 3934 4263 4310 3981 3935 4264 4311 3982
3486 3935 4264 4311 3982 3936 4265 4312 3983
3487 3936 4265 4312 3983 3937 4266 4313 3984
3488 3937 4266 4313 3984 3938 4267 4314 3985
3489 3938 4267 4314 3985 1904 1911 1912 1905
3490 470 477 478 471 3939 4268 4315 3986
3491 3939 4268 4315 3986 3940 4269 4316 3987
3492 3940 4269 4316 3987 3941 4270 4317 3988
3493 3941 4270 4317 3988 3942 4271 4318 3989
3494 3942 4271 4318 3989 3943 4272 4319 3990
3495 3943 4272 4319 3990 3944 4273 4320 3991
3496 3944 4273 4320 3991 3945 4274 4321 3992
3497 3945 4274 4321 3992 3946 4275 4322 3993
3498 3946 4275 4322 3993 3947 4276 4323 3994
3499 3947 4276 4323 3994 3948 4277 4324 3995
3500 3948 4277 4324 3995 3949 4278 4325 3996
3501 3949 4278 4325 3996 3950 4279 4326 3997
3502 3950 4279 4326 3997 3951 4280 4327 3998
3503 3951 4280 4327 3998 3952 4281 4328 3999
3504 3952 4281 4328 3999 3953 4282 4329 4000
3505 3953 4282 4329 4000 3954 4283 4330 4001
3506 3954 4283 4330 4001 3955 4284 4331 4002
3507 3955 4284 4331 4002 3956 4285 4332 4003
3508 3956 4285 4332 4003 3957 4286 4333 4004
3509 3957 4286 4333 4004 3958 4287 4334 4005
3510 3958 4287 4334 4005 3959 4288 4335 4006
3511 3959 4288 4335 4006 3960 4289 4336 4007
3512 3960 4289 4336 4007 3961 4290 4337 4008
3513 3961 4290 4337 4008 3962 4291 4338 4009
3514 3962 4291 4338 4009 3963 4292 4339 4010
3515 3963 4292 4339 4010 3964 4293 4340 4011
3516 3964 4293 4340 4011 3965 4294 4341 4012
3517 3965 4294 4341 4012 3966 4295 4342 4013
3518 3966 4295 4342 4013 3967 4296 4343 4014
3519 3967 4296 4343 4014 3968 4297 4344 4015
3520 3968 4297 4344 4015 3969 4298 4345 4016
3521 3969 4298 4345 4016 3970 4299 4346 4017
3522 3970 4299 4346 4017 3971 4300 4347 4018
3523 3971 4300 4347 4018 3972 4301 4348 4019
3524 3972 4301 4348 4019 3973 4302 4349 4020
3525 3973 4302 4349 4020 3974 4303 4350 4021
3526 3974 4303 4350 4021 3975 4304 4351 4022
3527 3975 4304 4351 4022 3976 4305 4352 4023
3528 3976 4305 4352 4023 3977 4306 4353 4024
3529 3977 4306 4353 4024 3978 4307 4354 4025
3530 3978 4307 4354 4025 3979 4308 4355 4026
3531 3979 4308 4355 4026 3980 4309 4356 4027
3532 3980 4309 4356 4027 3981 4310 4357 4028
3533 3981 4310 4357 4028 3982 4311 4358 4029
3534 3982 4311 4358 4029 3983 4312 4359 4030
3535 3983 4312 4359 4030 3984 4313 4360 4031
3536 3984 4313 4360 4031 3985 4314 4361 4032
3537 3985 4314 4361 4032 1905 1912 1913 1906
3538 471 478 33 34 3986 4315 1423 1470
3539 3986 4315 1423 1470 3987 4316 1424 1471
3540 3987 4316 1424 1471 3988 4317 1425 1472
3541 3988 4317 1425 1472 3989 4318 1426 1473
3542 3989 4318 1426 1473 3990 4319 1427 1474
3543 3990 4319 1427 1474 3991 4320 1428 1475
3544 3991 4320 1428 1475 3992 4321 1429 1476
3545 3992 4321 1429 1476 3993 4322 1430 1477
3546 3993 4322 1430 1477 3994 4323 1431 1478
3547 3994 4323 1431 1478 3995 4324 1432 1479
3548 3995 4324 1432 1479 3996 4325 1433 1480
3549 3996 4325 1433 1480 3997 4326 1434 1481
3550 3997 4326 1434 1481 3998 4327 1435 1482
3551 3998 4327 1435 1482 3999 4328 1436 1483
3552 3999 4328 1436 1483 4000 4329 1437 1484
3553 4000 4329 1437 1484 4001 4330 1438 1485
3554 4001 4330 1438 1485 4002 4331 1439 1486
3555 4002 4331 1439 1486 4003 4332 1440 1487
3556 4003 4332 1440 1487 4004 4333 1441 1488
3557 4004 4333 1441 1488 4005 4334 1442 1489
3558 4005 4334 1442 1489 4006 4335 1443 1490
3559 4006 4335 1443 1490 4007 4336 1444 1491
3560 4007 4336 1444 1491 4008 4337 1445 1492
3561 4008 4337 1445 1492 4009 4338 1446 1493
3562 4009 4338 1446 1493 4010 4339 1447 1494
3563 4010 4339 1447 1494 4011 4340 1448 1495
3564 4011 4340 1448 1495 4012 4341 1449 1496
3565 4012 4341 1449 1496 4013 4342 1450 1497
3566 4013 4342 1450 1497 4014 4343 1451 1498
3567 4014 4343 1451 1498 4015 4344 1452 1499
3568 4015 4344 1452 1499 4016 4345 1453 1500
3569 4016 4345 1453 1500 4017 4346 1454 1501
3570 4017 4346 1454 1501 4018 4347 1455 1502
3571 4018 4347 1455 1502 4019 4348 1456 1503
3572 4019 4348 1456 1503 4020 4349 1457 1504
3573 4020 4349 1457 1504 4021 4350 1458 1505
3574 4021 4350 1458 1505 4022 4351 1459 1506
3575 4022 4351 1459 1506 4023 4352 1460 1507
3576 4023 4352 1460 1507 4024 4353 1461 1508
3577 4024 4353 1461 1508 4025 4354 1462 1509
3578 4025 4354 1462 1509 4026 4355 1463 1510
3579 4026 4355 1463 1510 4027 4356 1464 1511
3580 4027 4356 1464 1511 4028 4357 1465 1512
3581 4028 4357 1465 1512 4029 4358 1466 1513
3582 4029 4358 1466 1513 4030 4359 1467 1514
3583 4030 4359 1467 1514 4031 4360 1468 1515
3584 4031 4360 1468 1515 4032 4361 1469 1516
3585 4032 4361 1469 1516 1906 1913 90 91
3586 17 18 479 472 671 718 4362 4033
3587 671 718 4362 4033 672 719 4363 4034
3588 672 719 4363 4034 673 720 4364 4035
3589 673 720 4364 4035 674 721 4365 4036
3590 674 721 4365 4036 675 722 4366 4037
3591 675 722 4366 4037 676 723 4367 4038
3592 676 723 4367 4038 677 724 4368 4039
3593 677 724 4368 4039 678 725 4369 4040
3594 678 725 4369 4040 679 726 4370 4041
3595 679 726 4370 4041 680 727 4371 4042
3596 680 727 4371 4042 681 728 4372 4043
3597 681 728 4372 4043 682 729 4373 4044
3598 682 729 4373 4044 683 730 4374 4045
3599 683 730 4374 4045 684 731 4375 4046
3600 684 731 4375 4046 685 732 4376 4047
3601 685 732 4376 4047 686 733 4377 4048
3602 686 733 4377 4048 687 734 4378 4049
3603 687 734 4378 4049 688 735 4379 4050
3604 688 735 4379 4050 689 736 4380 4051
3605 689 736 4380 4051 690 737 4381 4052
3606 690 737 4381 4052 691 738 4382 4053
3607 691 738 4382 4053 692 739 4383 4054
3608 692 739 4383 4054 693 740 4384 4055
3609 693 740 4384 4055 694 741 4385 4056
3610 694 741 4385 4056 695 742 4386 4057
3611 695 742 4386 4057 696 743 4387 4058
3612 696 743 4387 4058 697 744 4388 4059
3613 697 744 4388 4059 698 745 4389 4060
3614 698 745 4389 4060 699 746 4390 4061
3615 699 746 4390 4061 700 747 4391 4062
3616 700 747 4391 4062 701 748 4392 4063
3617 701 748 4392 4063 702 749 4393 4064
3618 702 749 4393 4064 703 750 4394 4065
3619 703 750 4394 4065 704 751 4395 4066
3620 704 751 4395 4066 705 752 4396 4067
3621 705 752 4396 4067 706 753 4397 4068
3622 706 753 4397 4068 707 754 4398 4069
3623 707 754 4398 4069 708 755 4399 4070
3624 708 755 4399 4070 709 756 4400 4071
3625 709 756 4400 4071 710 757 4401 4072
3626 710 757 4401 4072 711 758 4402 4073
3627 711 758 4402 4073 712 759 4403 4074
3628 712 759 4403 4074 713 760 4404 4075
3629 713 760 4404 4075 714 761 4405 4076
3630 714 761 4405 4076 715 762 4406 4077
3631 715 762 4406 4077 716 763 4407 4078
3632 716 763 4407 4078 717 764 4408 4079
3633 717 764 4408 4079 74 75 1914 1907
3634 472 479 480 473 4033 4362 4409 4080
3635 4033 4362 4409 4080 4034 4363 4410 4081
3636 4034 4363 4410 4081 4035 4364 4411 4082
3637 4035 4364 4411 4082 4036 4365 4412 4083
3638 4036 4365 4412 4083 4037 4366 4413 4084
3639 4037 4366 4413 4084 4038 4367 4414 4085
3640 4038 4367 4414 4085 4039 4368 4415 4086
3641 4039 4368 4415 4086 4040 4369 4416 4087
3642 4040 4369 4416 4087 4041 4370 4417 4088
3643 4041 4370 4417 4088 4042 4371 4418 4089
3644 4042 4371 4418 4089 4043 4372 4419 4090
3645 4043 4372 4419 4090 4044 4373 4420 4091
3646 4044 4373 4420 4091 4045 4374 4421 4092
3647 4045 4374 4421 4092 4046 4375 4422 4093
3648 4046 4375 4422 4093 4047 4376 4423 4094
3649 4047 4376 4423 4094 4048 4377 4424 4095
3650 4048 4377 4424 4095 4049 4378 4425 4096
3651 4049 4378 4425 4096 4050 4379 4426 4097
3652 4050 4379 4426 4097 4051 4380 4427 4098
3653 4051 4380 4427 4098 4052 4381 4428 4099
3654 4052 4381 4428 4099 4053 4382 4429 4100
3655 4053 4382 4429 4100 4054 4383 4430 4101
3656 4054 4383 4430 4101 4055 4384 4431 4102
3657 4055 4384 4431 4102 4056 4385 4432 4103
3658 4056 4385 4432 4103 4057 4386 4433 4104
3659 4057 4386 4433 4104 4058 4387 4434 4105
3660 4058 4387 4434 4105 4059 4388 4435 4106
3661 4059 4388 4435 4106 4060 4389 4436 4107
3662 4060 4389 4436 4107 4061 4390 4437 4108
3663 4061 4390 4437 4108 4062 4391 4438 4109
3664 4062 4391 4438 4109 4063 4392 4439 4110
3665 4063 4392 4439 4110 4064 4393 4440 4111
3666 4064 4393 4440 4111 4065 4394 4441 4112
3667 4065 4394 4441 4112 4066 4395 4442 4113
3668 4066 4395 4442 4113 4067 4396 4443 4114
3669 4067 4396 4443 4114 4068 4397 4444 4115
3670 4068 4397 4444 4115 4069 4398 4445 4116
3671 4069 4398 4445 4116 4070 4399 4446 4117
3672 4070 4399 4446 4117 4071 4400 4447 4118
3673 4071 4400 4447 4118 4072 4401 4448 4119
3674 4072 4401 4448 4119 4073 4402 4449 4120
3675 4073 4402 4449 4120 4074 4403 4450 4121
3676 4074 4403 4450 4121 4075 4404 4451 4122
3677 4075 4404 4451 4122 4076 4405 4452 4123
3678 4076 4405 4452 4123 4077 4406 4453 4124
3679 4077 4406 4453 4124 4078 4407 4454 4125
3680 4078 4407 4454 4125 4079 4408 4455 4126
3681 4079 4408 4455 4126 1907 1914 1915 1908
3682 473 480 481 474 4080 4409 4456 4127
3683 4080 4409 4456 4127 4081 4410 4457 4128
3684 4081 4410 4457 4128 4082 4411 4458 4129
3685 4082 4411 4458 4129 4083 4412 4459 4130
3686 4083 4412 4459 4130 4084 4413 4460 4131
3687 4084 4413 4460 4131 4085 4414 4461 4132
3688 4085 4414 4461 4132 4086 4415 4462 4133
3689 4086 4415 4462 4133 4087 4416 4463 4134
3690 4087 4416 4463 4134 4088 4417 4464 4135
3691 4088 4417 4464 4135 4089 4418 4465 4136
3692 4089 4418 4465 4136 4090 4419 4466 4137
3693 4090 4419 4466 4137 4091 4420 4467 4138
3694 4091 4420 4467 4138 4092 4421 4468 4139
3695 4092 4421 4468 4139 4093 4422 4469 4140
3696 4093 4422 4469 4140 4094 4423 4470 4141
3697 4094 4423 4470 4141 4095 4424 4471 4142
3698 4095 4424 4471 4142 4096 4425 4472 4143
3699 4096 4425 4472 4143 4097 4426 4473 4144
3700 4097 4426 4473 4144 4098 4427 4474 4145
3701 4098 4427 4474 4145 4099 4428 4475 4146
3702 4099 4428 4475 4146 4100 4429 4476 4147
3703 4100 4429 4476 4147 4101 4430 4477 4148
3704 4101 4430 4477 4148 4102 4431 4478 4149
3705 4102 4431 4478 4149 4103 4432 4479 4150
3706 4103 4432 4479 4150 4104 4433 4480 4151
3707 4104 4433 4480 4151 4105 4434 4481 4152
3708 4105 4434 4481 4152 4106 4435 4482 4153
3709 4106 4435 4482 4153 4107 4436 4483 4154
3710 4107 4436 4483 4154 4108 4437 4484 4155
3711 4108 4437 4484 4155 4109 4438 4485 4156
3712 4109 4438 4485 4156 4110 4439 4486 4157
3713 4110 4439 4486 4157 4111 4440 4487 4158
3714 4111 4440 4487 4158 4112 4441 4488 4159
3715 4112 4441 4488 4159 4113 4442 4489 4160
3716 4113 4442 4489 4160 4114 4443 4490 4161
3717 4114 4443 4490 4161 4115 4444 4491 4162
3718 4115 4444 4491 4162 4116 4445 4492 4163
3719 4116 4445 4492 4163 4117 4446 4493 4164
3720 4117 4446 4493 4164 4118 4447 4494 4165
3721 4118 4447 4494 4165 4119 4448 4495 4166
3722 4119 4448 4495 4166 4120 4449 4496 4167
3723 4120 4449 4496 4167 4121 4450 4497 4168
3724 4121 4450 4497 4168 4122 4451 4498 4169
3725 4122 4451 4498 4169 4123 4452 4499 4170
3726 4123 4452 4499 4170 4124 4453 4500 4171
3727 4124 4453 4500 4171 4125 4454 4501 4172
3728 4125 4454 4501 4172 4126 4455 4502 4173
3729 4126 4455 4502 4173 1908 1915 1916 1909
3730 474 481 482 475 4127 4456 4503 4174
3731 4127 4456 4503 4174 4128 4457 4504 4175
3732 4128 4457 4504 4175 4129 4458 4505 4176
3733 4129 4458 4505 4176 4130 4459 4506 4177
3734 4130 4459 4506 4177 4131 4460 4507 4178
3735 4131 4460 4507 4178 4132 4461 4508 4179
3736 4132 4461 4508 4179 4133 4462 4509 4180
3737 4133 4462 4509 4180 4134 4463 4510 4181
3738 4134 4463 4510 4181 4135 4464 4511 4182
3739 4135 4464 4511 4182 4136 4465 4512 4183
3740 4136 4465 4512 4183 4137 4466 4513 4184
3741 4137 4466 4513 4184 4138 4467 4514 4185
3742 4138 4467 4514 4185 4139 4468 4515 4186
3743 4139 4468 4515 4186 4140 4469 4516 4187
3744 4140 4469 4516 4187 4141 4470 4517 4188
3745 4141 4470 4517 4188 4142 4471 4518 4189
3746 4142 4471 4518 4189 4143 4472 4519 4190
3747 4143 4472 4519 4190 4144 4473 4520 4191
3748 4144 4473 4520 4191 4145 4474 4521 4192
3749 4145 4474 4521 4192 4146 4475 4522 4193
3750 4146 4475 4522 4193 4147 4476 4523 4194
3751 4147 4476 4523 4194 4148 4477 4524 4195
3752 4148 4477 4524 4195 4149 4478 4525 4196
3753 4149 4478 4525 4196 4150 4479 4526 4197
3754 4150 4479 4526 4197 4151 4480 4527 4198
3755 4151 4480 4527 4198 4152 4481 4528 4199
3756 4152 4481 4528 4199 4153 4482 4529 4200
3757 4153 4482 4529 4200 4154 4483 4530 4201
3758 4154 4483 4530 4201 4155 4484 4531 4202
3759 4155 4484 4531 4202 4156 4485 4532 4203
3760 4156 4485 4532 4203 4157 4486 4533 4204
3761 4157 4486 4533 4204 4158 4487 4534 4205
3762 4158 4487 4534 4205 4159 4488 4535 4206
3763 4159 4488 4535 4206 4160 4489 4536 4207
3764 4160 4489 4536 4207 4161 4490 4537 4208
3765 4161 4490 4537 4208 4162 4491 4538 4209
3766 4162 4491 4538 4209 4163 4492 4539 4210
3767 4163 4492 4539 4210 4164 4493 4540 4211
3768 4164 4493 4540 4211 4165 4494 4541 4212
3769 4165 4494 4541 4212 4166 4495 4542 4213
3770 4166 4495 4542 4213 4167 4496 4543 4214
3771 4167 4496 4543 4214 4168 4497 4544 4215
3772 4168 4497 4544 4215 4169 4498 4545 4216
3773 4169 4498 4545 4216 4170 4499 4546 4217
3774 4170 4499 4546 4217 4171 4500 4547 4218
3775 4171 4500 4547 4218 4172 4501 4548 4219
3776 4172 4501 4548 4219 4173 4502 4549 4220
3777 4173 4502 4549 4220 1909 1916 1917 1910
3778 475 482 483 476 4174 4503 4550 4221
3779 4174 4503 4550 4221 4175 4504 4551 4222
3780 4175 4504 4551 4222 4176 4505 4552 4223
3781 4176 4505 4552 4223 4177 4506 4553 4224
3782 4177 4506 4553 4224 4178 4507 4554 4225
3783 4178 4507 4554 4225 4179 4508 4555 4226
3784 4179 4508 4555 4226 4180 4509 4556 4227
3785 4180 4509 4556 4227 4181 4510 4557 4228
3786 4181 4510 4557 4228 4182 4511 4558 4229
3787 4182 4511 4558 4229 4183 4512 4559 4230
3788 4183 4512 4559 4230 4184 4513 4560 4231
3789 4184 4513 4560 4231 4185 4514 4561 4232
3790 4185 4514 4561 4232 4186 4515 4562 4233
3791 4186 4515 4562 4233 4187 4516 4563 4234
3792 4187 4516 4563 4234 4188 4517 4564 4235
3793 4188 4517 4564 4235 4189 4518 4565 4236
3794 4189 4518 4565 4236 4190 4519 4566 4237
3795 4190 4519 4566 4237 4191 4520 4567 4238
3796 4191 4520 4567 4238 4192 4521 4568 4239
3797 4192 4521 4568 4239 4193 4522 4569 4240
3798 4193 4522 4569 4240 4194 4523 4570 4241
3799 4194 4523 4570 4241 4195 4524 4571 4242
3800 4195 4524 4571 4242 4196 4525 4572 4243
3801 4196 4525 4572 4243 4197 4526 4573 4244
3802 4197 4526 4573 4244 4198 4527 4574 4245
3803 4198 4527 4574 4245 4199 4528 4575 4246
3804 4199 4528 4575 4246 4200 4529 4576 4247
3805 4200 4529 4576 4247 4201 4530 4577 4248
3806 4201 4530 4577 4248 4202 4531 4578 4249
3807 4202 4531 4578 4249 4203 4532 4579 4250
3808 4203 4532 4579 4250 4204 4533 4580 4251
3809 4204 4533 4580 4251 4205 4534 4581 4252
3810 4205 4534 4581 4252 4206 4535 4582 4253
3811 4206 4535 4582 4253 4207 4536 4583 4254
3812 4207 4536 4583 4254 4208 4537 4584 4255
3813 4208 4537 4584 4255 4209 4538 4585 4256
3814 4209 4538 4585 4256 4210 4539 4586 4257
3815 4210 4539 4586 4257 4211 4540 4587 4258
3816 4211 4540 4587 4258 4212 4541 4588 4259
3817 4212 4541 4588 4259 4213 4542 4589 4260
3818 4213 4542 4589 4260 4214 4543 4590 4261
3819 4214 4543 4590 4261 4215 4544 4591 4262
3820 4215 4544 4591 4262 4216 4545 4592 4263
3821 4216 4545 4592 4263 4217 4546 4593 4264
3822 4217 4546 4593 4264 4218 4547 4594 4265
3823 4218 4547 4594 4265 4219 4548 4595 4266
3824 4219 4548 4595 4266 4220 4549 4596 4267
3825 4220 4549 4596 4267 1910 1917 1918 1911
3826 476 483 484 477 4221 4550 4597 4268
3827 4221 4550 4597 4268 4222 4551 4598 4269
3828 4222 4551 4598 4269 4223 4552 4599 4270
3829 4223 4552 4599 4270 4224 4553 4600 4271
3830 4224 4553 4600 4271 4225 4554 4601 4272
3831 4225 4554 4601 4272 4226 4555 4602 4273
3832 4226 4555 4602 4273 4227 4556 4603 4274
3833 4227 4556 4603 4274 4228 4557 4604 4275
3834 4228 4557 4604 4275 4229 4558 4605 4276
3835 4229 4558 4605 4276 4230 4559 4606 4277
3836 4230 4559 4606 4277 4231 4560 4607 4278
3837 4231 4560 4607 4278 4232 4561 4608 4279
3838 4232 4561 4608 4279 4233 4562 4609 4280
3839 4233 4562 4609 4280 4234 4563 4610 4281
3840 4234 4563 4610 4281 4235 4564 4611 4282
3841 4235 4564 4611 4282 4236 4565 4612 4283
3842 4236 4565 4612 4283 4237 4566 4613 4284
3843 4237 4566 4613 4284 4238 4567 4614 4285
3844 4238 4567 4614 4285 4239 4568 4615 4286
3845 4239 4568 4615 4286 4240 4569 4616 4287
3846 4240 4569 4616 4287 4241 4570 4617 4288
3847 4241 4570 4617 4288 4242 4571 4618 4289
3848 4242 4571 4618 4289 4243 4572 4619 4290
3849 4243 4572 4619 4290 4244 4573 4620 4291
3850 4244 4573 4620 4291 4245 4574 4621 4292
3851 4245 4574 4621 4292 4246 4575 4622 4293
3852 4246 4575 4622 4293 4247 4576 4623 4294
3853 4247 4576 4623 4294 4248 4577 4624 4295
3854 4248 4577 4624 4295 4249 4578 4625 4296
3855 4249 4578 4625 4296 4250 4579 4626 4297
3856 4250 4579 4626 4297 4251 4580 4627 4298
3857 4251 4580 4627 4298 4252 4581 4628 4299
3858 4252 4581 4628 4299 4253 4582 4629 4300
3859 4253 4582 4629 4300 4254 4583 4630 4301
3860 4254 4583 4630 4301 4255 4584 4631 4302
3861 4255 4584 4631 4302 4256 4585 4632 4303
3862 4256 4585 4632 4303 4257 4586 4633 4304
3863 4257 4586 4633 4304 4258 4587 4634 4305
3864 4258 4587 4634 4305 4259 4588 4635 4306
3865 4259 4588 4635 4306 4260 4589 4636 4307
3866 4260 4589 4636 4307 4261 4590 4637 4308
3867 4261 4590 4637 4308 4262 4591 4638 4309
3868 4262 4591 4638 4309 4263 4592 4639 4310
3869 4263 4592 4639 4310 4264 4593 4640 4311
3870 4264 4593 4640 4311 4265 4594 4641 4312
3871 4265 4594 4641 4312 4266 4595 4642 4313
3872 4266 4595 4642 4313 4267 4596 4643 4314
3873 4267 4596 4643 4314 1911 1918 1919 1912
3874 477 484 485 478 4268 4597 4644 4315
3875 4268 4597 4644 4315 4269 4598 4645 4316
3876 4269 4598 4645 4316 4270 4599 4646 4317
3877 4270 4599 4646 4317 4271 4600 4647 4318
3878 4271 4600 4647 4318 4272 4601 4648 4319
3879 4272 4601 4648 4319 4273 4602 4649 4320
3880 4273 4602 4649 4320 4274 4603 4650 4321
3881 4274 4603 4650 4321 4275 4604 4651 4322
3882 4275 4604 4651 4322 4276 4605 4652 4323
3883 4276 4605 4652 4323 4277 4606 4653 4324
3884 4277 4606 4653 4324 4278 4607 4654 4325
3885 4278 4607 4654 4325 4279 4608 4655 4326
3886 4279 4608 4655 4326 4280 4609 4656 4327
3887 4280 4609 4656 4327 4281 4610 4657 4328
3888 4281 4610 4657 4328 4282 4611 4658 4329
3889 4282 4611 4658 4329 4283 4612 4659 4330
3890 4283 4612 4659 4330 4284 4613 4660 4331
3891 4284 4613 4660 4331 4285 4614 4661 4332
3892 4285 4614 4661 4332 4286 4615 4662 4333
3893 4286 4615 4662 4333 4287 4616 4663 4334
3894 4287 4616 4663 4334 4288 4617 4664 4335
3895 4288 4617 4664 4335 4289 4618 4665 4336
3896 4289 4618 4665 4336 4290 4619 4666 4337
3897 4290 4619 4666 4337 4291 4620 4667 4338
3898 4291 4620 4667 4338 4292 4621 4668 4339
3899 4292 4621 4668 4339 4293 4622 4669 4340
3900 4293 4622 4669 4340 4294 4623 4670 4341
3901 4294 4623 4670 4341 4295 4624 4671 4342
3902 4295 4624 4671 4342 4296 4625 4672 4343
3903 4296 4625 4672 4343 4297 4626 4673 4344
3904 4297 4626 4673 4344 4298 4627 4674 4345
3905 4298 4627 4674 4345 4299 4628 4675 4346
3906 4299 4628 4675 4346 4300 4629 4676 4347
3907 4300 4629 4676 4347 4301 4630 4677 4348
3908 4301 4630 4677 4348 4302 4631 4678 4349
3909 4302 4631 4678 4349 4303 4632 4679 4350
3910 4303 4632 4679 4350 4304 4633 4680 4351
3911 4304 4633 4680 4351 4305 4634 4681 4352
3912 4305 4634 4681 4352 4306 4635 4682 4353
3913 4306 4635 4682 4353 4307 4636 4683 4354
3914 4307 4636 4683 4354 4308 4637 4684 4355
3915 4308 4637 4684 4355 4309 4638 4685 4356
3916 4309 4638 4685 4356 4310 4639 4686 4357
3917 4310 4639 4686 4357 4311 4640 4687 4358
3918 4311 4640 4687 4358 4312 4641 4688 4359
3919 4312 4641 4688 4359 4313 4642 4689 4360
3920 4313 4642 4689 4360 4314 4643 4690 4361
3921 4314 4643 4690 4361 1912 1919 1920 1913
3922 478 485 32 33 4315 4644 1376 1423
3923 4315 4644 1376 1423 4316 4645 1377 1424
3924 4316 4645 1377 1424 4317 4646 1378 1425
3925 4317 4646 1378 1425 4318 4647 1379 1426
3926 4318 4647 1379 1426 4319 4648 1380 1427
3927 4319 4648 1380 1427 4320 4649 1381 1428
3928 4320 4649 1381 1428 4321 4650 1382 1429
3929 4321 4650 1382 1429 4322 4651 1383 1430
3930 4322 4651 1383 1430 4323 4652 1384 1431
3931 4323 4652 1384 1431 4324 4653 1385 1432
3932 4324 4653 1385 1432 4325 4654 1386 1433
3933 4325 4654 1386 1433 4326 4655 1387 1434
3934 4326 4655 1387 1434 4327 4656 1388 1435
3935 4327 4656 1388 1435 4328 4657 1389 1436
3936 4328 4657 1389 1436 4329 4658 1390 1437
3937 4329 4658 1390 1437 4330 4659 1391 1438
3938 4330 4659 1391 1438 4331 4660 1392 1439
3939 4331 4660 1392 1439 4332 4661 1393 1440
3940 4332 4661 1393 1440 4333 4662 1394 1441
3941 4333 4662 1394 1441 4334 4663 1395 1442
3942 4334 4663 1395 1442 4335 4664 1396 1443
3943 4335 4664 1396 1443 4336 4665 1397 1444
3944 4336 4665 1397 1444 4337 4666 1398 1445
3945 4337 4666 1398 1445 4338 4667 1399 1446
3946 4338 4667 1399 1446 4339 4668 1400 1447
3947 4339 4668 1400 1447 4340 4669 1401 1448
3948 4340 4669 1401 1448 4341 4670 1402 1449
3949 4341 4670 1402 1449 4342 4671 1403 1450
3950 4342 4671 1403 1450 4343 4672 1404 1451
3951 4343 4672 1404 1451 4344 4673 1405 1452
3952 4344 4673 1405 1452 4345 4674 1406 1453
3953 4345 4674 1406 1453 4346 4675 1407 1454
3954 4346 4675 1407 1454 4347 4676 1408 1455
3955 4347 4676 1408 1455 4348 4677 1409 1456
3956 4348 4677 1409 1456 4349 4678 1410 1457
3957 4349 4678 1410 1457 4350 4679 1411 1458
3958 4350 4679 1411 1458 4351 4680 1412 1459
3959 4351 4680 1412 1459 4352 4681 1413 1460
3960 4352 4681 1413 1460 4353 4682 1414 1461
3961 4353 4682 1414 1461 4354 4683 1415 1462
3962 4354 4683 1415 1462 4355 4684 1416 1463
3963 4355 4684 1416 1463 4356 4685 1417 1464
3964 4356 4685 1417 1464 4357 4686 1418 1465
3965 4357 4686 1418 1465 4358 4687 1419 1466
3966 4358 4687 1419 1466 4359 4688 1420 1467
3967 4359 4688 1420 1467 4360 4689 1421 1468
3968 4360 4689 1421 1468 4361 4690 1422 1469
3969 4361 4690 1422 1469 1913 1920 89 90
3970 18 19 486 479 718 765 4691 4362
3971 718 765 4691 4362 719 766 4692 4363
3972 719 766 4692 4363 720 767 4693 4364
3973 720 767 4693 4364 721 768 4694 4365
3974 721 768 4694 4365 722 769 4695 4366
3975 722 769 4695 4366 723 770 4696 4367
3976 723 770 4696 4367 724 771 4697 4368
3977 724 771 4697 4368 725 772 4698 4369
3978 725 772 4698 4369 726 773 4699 4370
3979 726 773 4699 4370 727 774 4700 4371
3980 727 774 4700 4371 728 775 4701 4372
3981 728 775 4701 4372 729 776 4702 4373
3982 729 776 4702 4373 730 777 4703 4374
3983 730 777 4703 4374 731 778 4704 4375
3984 731 778 4704 4375 732 779 4705 4376
3985 732 779 4705 4376 733 780 4706 4377
3986 733 780 4706 4377 734 781 4707 4378
3987 734 781 4707 4378 735 782 4708 4379
3988 735 782 4708 4379 736 783 4709 4380
3989 736 783 4709 4380 737 784 4710 4381
3990 737 784 4710 4381 738 785 4711 4382
3991 738 785 4711 4382 739 786 4712 4383
3992 739 786 4712 4383 740 787 4713 4384
3993 740 787 4713 4384 741 788 4714 4385
3994 741 788 4714 4385 742 789 4715 4386
3995 742 789 4715 4386 743 790 4716 4387
3996 743 790 4716 4387 744 791 4717 4388
3997 744 791 4717 4388 745 792 4718 4389
3998 745 792 4718 4389 746 793 4719 4390
3999 746 793 4719 4390 747 794 4720 4391
4000 747 794 4720 4391 748 795 4721 4392
4001 748 795 4721 4392 749 796 4722 4393
4002 749 796 4722 4393 750 797 4723 4394
4003 750 797 4723 4394 751 798 4724 4395
4004 751 798 4724 4395 752 799 4725 4396
4005 752 799 4725 4396 753 800 4726 4397
4006 753 800 4726 4397 754 801 4727 4398
4007 754 801 4727 4398 755 802 4728 4399
4008 755 802 4728 4399 756 803 4729 4400
4009 756 803 4729 4400 757 804 4730 4401
4010 757 804 4730 4401 758 805 4731 4402
4011 758 805 4731 4402 759 806 4732 4403
4012 759 806 4732 4403 760 807 4733 4404
4013 760 807 4733 4404 761 808 4734 4405
4014 761 808 4734 4405 762 809 4735 4406
4015 762 809 4735 4406 763 810 4736 4407
4016 763 810 4736 4407 764 811 4737 4408
4017 764 811 4737 4408 75 76 1921 1914
4018 479 486 487 480 4362 4691 4738 4409
4019 4362 4691 4738 4409 4363 4692 4739 4410
4020 4363 4692 4739 4410 4364 4693 4740 4411
4021 4364 4693 4740 4411 4365 4694 4741 4412
4022 4365 4694 4741 4412 4366 4695 4742 4413
4023 4366 4695 4742 4413 4367 4696 4743 4414
4024 4367 4696 4743 4414 4368 4697 4744 4415
4025 4368 4697 4744 4415 4369 4698 4745 4416
4026 4369 4698 4745 4416 4370 4699 4746 4417
4027 4370 4699 4746 4417 4371 4700 4747 4418
4028 4371 4700 4747 4418 4372 4701 4748 4419
4029 4372 4701 4748 4419 4373 4702 4749 4420
4030 4373 4702 4749 4420 4374 4703 4750 4421
4031 4374 4703 4750 4421 4375 4704 4751 4422
4032 4375 4704 4751 4422 4376 4705 4752 4423
4033 4376 4705 4752 4423 4377 4706 4753 4424
4034 4377 4706 4753 4424 4378 4707 4754 4425
4035 4378 4707 4754 4425 4379 4708 4755 4426
4036 4379 4708 4755 4426 4380 4709 4756 4427
4037 4380 4709 4756 4427 4381 4710 4757 4428
4038 4381 4710 4757 4428 4382 4711 4758 4429
4039 4382 4711 4758 4429 4383 4712 4759 4430
4040 4383 4712 4759 4430 4384 4713 4760 4431
4041 4384 4713 4760 4431 4385 4714 4761 4432
4042 4385 4714 4761 4432 4386 4715 4762 4433
4043 4386 4715 4762 4433 4387 4716 4763 4434
4044 4387 4716 4763 4434 4388 4717 4764 4435
4045 4388 4717 4764 4435 4389 4718 4765 4436
4046 4389 4718 4765 4436 4390 4719 4766 4437
4047 4390 4719 4766 4437 4391 4720 4767 4438
4048 4391 4720 4767 4438 4392 4721 4768 4439
4049 4392 4721 4768 4439 4393 4722 4769 4440
4050 4393 4722 4769 4440 4394 4723 4770 4441
4051 4394 4723 4770 4441 4395 4724 4771 4442
4052 4395 4724 4771 4442 4396 4725 4772 4443
4053 4396 4725 4772 4443 4397 4726 4773 4444
4054 4397 4726 4773 4444 4398 4727 4774 4445
4055 4398 4727 4774 4445 4399 4728 4775 4446
4056 4399 4728 4775 4446 4400 4729 4776 4447
4057 4400 4729 4776 4447 4401 4730 4777 4448
4058 4401 4730 4777 4448 4402 4731 4778 4449
4059 4402 4731 4778 4449 4403 4732 4779 4450
4060 4403 4732 4779 4450 4404 4733 4780 4451
4061 4404 4733 4780 4451 4405 4734 4781 4452
4062 4405 4734 4781 4452 4406 4735 4782 4453
4063 4406 4735 4782 4453 4407 4736 4783 4454
4064 4407 4736 4783 4454 4408 4737 4784 4455
4065 4408 4737 4784 4455 1914 1921 1922 1915
4066 480 487 488 481 4409 4738 4785 4456
4067 4409 4738 4785 4456 4410 4739 4786 4457
4068 4410 4739 4786 4457 4411 4740 4787 4458
4069 4411 4740 4787 4458 4412 4741 4788 4459
4070 4412 4741 4788 4459 4413 4742 4789 4460
4071 4413 4742 4789 4460 4414 4743 4790 4461
4072 4414 4743 4790 4461 4415 4744 4791 4462
4073 4415 4744 4791 4462 4416 4745 4792 4463
4074 4416 4745 4792 4463 4417 4746 4793 4464
4075 4417 4746 4793 4464 4418 4747 4794 4465
4076 4418 4747 4794 4465 4419 4748 4795 4466
4077 4419 4748 4795 4466 4420 4749 4796 4467
4078 4420 4749 4796 4467 4421 4750 4797 4468
4079 4421 4750 4797 4468 4422 4751 4798 4469
4080 4422 4751 4798 4469 4423 4752 4799 4470
4081 4423 4752 4799 4470 4424 4753 4800 4471
4082 4424 4753 4800 4471 4425 4754 4801 4472
4083 4425 4754 4801 4472 4426 4755 4802 4473
4084 4426 4755 4802 4473 4427 4756 4803 4474
4085 4427 4756 4803 4474 4428 4757 4804 4475
4086 4428 4757 4804 4475 4429 4758 4805 4476
4087 4429 4758 4805 4476 4430 4759 4806 4477
4088 4430 4759 4806 4477 4431 4760 4807 4478
4089 4431 4760 4807 4478 4432 4761 4808 4479
4090 4432 4761 4808 4479 4433 4762 4809 4480
4091 4433 4762 4809 4480 4434 4763 4810 4481
4092 4434 4763 4810 4481 4435 4764 4811 4482
4093 4435 4764 4811 4482 4436 4765 4812 4483
4094 4436 4765 4812 4483 4437 4766 4813 4484
4095 4437 4766 4813 4484 4438 4767 4814 4485
4096 4438 4767 4814 4485 4439 4768 4815 4486
4097 4439 4768 4815 4486 4440 4769 4816 4487
4098 4440 4769 4816 4487 4441 4770 4817 4488
4099 4441 4770 4817 4488 4442 4771 4818 4489
4100 4442 4771 4818 4489 4443 4772 4819 4490
4101 4443 4772 4819 4490 4444 4773 4820 4491
4102 4444 4773 4820 4491 4445 4774 4821 4492
4103 4445 4774 4821 4492 4446 4775 4822 4493
4104 4446 4775 4822 4493 4447 4776 4823 4494
4105 4447 4776 4823 4494 4448 4777 4824 4495
4106 4448 4777 4824 4495 4449 4778 4825 4496
4107 4449 4778 4825 4496 4450 4779 4826 4497
4108 4450 4779 4826 4497 4451 4780 4827 4498
4109 4451 4780 4827 4498 4452 4781 4828 4499
4110 4452 4781 4828 4499 4453 4782 4829 4500
4111 4453 4782 4829 4500 4454 4783 4830 4501
4112 4454 4783 4830 4501 4455 4784 4831 4502
4113 4455 4784 4831 4502 1915 1922 1923 1916
4114 481 488 489 482 4456 4785 4832 4503
4115 4456 4785 4832 4503 4457 4786 4833 4504
4116 4457 4786 4833 4504 4458 4787 4834 4505
4117 4458 4787 4834 4505 4459 4788 4835 4506
4118 4459 4788 4835 4506 4460 4789 4836 4507
4119 4460 4789 4836 4507 4461 4790 4837 4508
4120 4461 4790 4837 4508 4462 4791 4838 4509
4121 4462 4791 4838 4509 4463 4792 4839 4510
4122 4463 4792 4839 4510 4464 4793 4840 4511
4123 4464 4793 4840 4511 4465 4794 4841 4512
4124 4465 4794 4841 4512 4466 4795 4842 4513
4125 4466 4795 4842 4513 4467 4796 4843 4514
4126 4467 4796 4843 4514 4468 4797 4844 4515
4127 4468 4797 4844 4515 4469 4798 4845 4516
4128 4469 4798 4845 4516 4470 4799 4846 4517
4129 4470 4799 4846 4517 4471 4800 4847 4518
4130 4471 4800 4847 4518 4472 4801 4848 4519
4131 4472 4801 4848 4519 4473 4802 4849 4520
4132 4473 4802 4849 4520 4474 4803 4850 4521
4133 4474 4803 4850 4521 4475 4804 4851 4522
4134 4475 4804 4851 4522 4476 4805 4852 4523
4135 4476 4805 4852 4523 4477 4806 4853 4524
4136 4477 4806 4853 4524 4478 4807 4854 4525
4137 4478 4807 4854 4525 4479 4808 4855 4526
4138 4479 4808 4855 4526 4480 4809 4856 4527
4139 4480 4809 4856 4527 4481 4810 4857 4528
4140 4481 4810 4857 4528 4482 4811 4858 4529
4141 4482 4811 4858 4529 4483 4812 4859 4530
4142 4483 4812 4859 4530 4484 4813 4860 4531
4143 4484 4813 4860 4531 4485 4814 4861 4532
4144 4485 4814 4861 4532 4486 4815 4862 4533
4145 4486 4815 4862 4533 4487 4816 4863 4534
4146 4487 4816 4863 4534 4488 4817 4864 4535
4147 4488 4817 4864 4535 4489 4818 4865 4536
4148 4489 4818 4865 4536 4490 4819 4866 4537
4149 4490 4819 4866 4537 4491 4820 4867 4538
4150 4491 4820 4867 4538 4492 4821 4868 4539
4151 4492 4821 4868 4539 4493 4822 4869 4540
4152 4493 4822 4869 4540 4494 4823 4870 4541
4153 4494 4823 4870 4541 4495 4824 4871 4542
4154 4495 4824 4871 4542 4496 4825 4872 4543
4155 4496 4825 4872 4543 4497 4826 4873 4544
4156 4497 4826 4873 4544 4498 4827 4874 4545
4157 4498 4827 4874 4545 4499 4828 4875 4546
4158 4499 4828 4875 4546 4500 4829 4876 4547
4159 4500 4829 4876 4547 4501 4830 4877 4548
4160 4501 4830 4877 4548 4502 4831 4878 4549
4161 4502 4831 4878 4549 1916 1923 1924 1917
4162 482 489 490 483 4503 4832 4879 4550
4163 4503 4832 4879 4550 4504 4833 4880 4551
4164 4504 4833 4880 4551 4505 4834 4881 4552
4165 4505 4834 4881 4552 4506 4835 4882 4553
4166 4506 4835 4882 4553 4507 4836 4883 4554
4167 4507 4836 4883 4554 4508 4837 4884 4555
4168 4508 4837 4884 4555 4509 4838 4885 4556
4169 4509 4838 4885 4556 4510 4839 4886 4557
4170 4510 4839 4886 4557 4511 4840 4887 4558
4171 4511 4840 4887 4558 4512 4841 4888 4559
4172 4512 4841 4888 4559 4513 4842 4889 4560
4173 4513 4842 4889 4560 4514 4843 4890 4561
4174 4514 4843 4890 4561 4515 4844 4891 4562
4175 4515 4844 4891 4562 4516 4845 4892 4563
4176 4516 4845 4892 4563 4517 4846 4893 4564
4177 4517 4846 4893 4564 4518 4847 4894 4565
4178 4518 4847 4894 4565 4519 4848 4895 4566
4179 4519 4848 4895 4566 4520 4849 4896 4567
4180 4520 4849 4896 4567 4521 4850 4897 4568
4181 4521 4850 4897 4568 4522 4851 4898 4569
4182 4522 4851 4898 4569 4523 4852 4899 4570
4183 4523 4852 4899 4570 4524 4853 4900 4571
4184 4524 4853 4900 4571 4525 4854 4901 4572
4185 4525 4854 4901 4572 4526 4855 4902 4573
4186 4526 4855 4902 4573 4527 4856 4903 4574
4187 4527 4856 4903 4574 4528 4857 4904 4575
4188 4528 4857 4904 4575 4529 4858 4905 4576
4189 4529 4858 4905 4576 4530 4859 4906 4577
4190 4530 4859 4906 4577 4531 4860 4907 4578
4191 4531 4860 4907 4578 4532 4861 4908 4579
4192 4532 4861 4908 4579 4533 4862 4909 4580
4193 4533 4862 4909 4580 4534 4863 4910 4581
4194 4534 4863 4910 4581 4535 4864 4911 4582
4195 4535 4864 4911 4582 4536 4865 4912 4583
4196 4536 4865 4912 4583 4537 4866 4913 4584
4197 4537 4866 4913 4584 4538 4867 4914 4585
4198 4538 4867 4914 4585 4539 4868 4915 4586
4199 4539 4868 4915 4586 4540 4869 4916 4587
4200 4540 4869 4916 4587 4541 4870 4917 4588
4201 4541 4870 4917 4588 4542 4871 4918 4589
4202 4542 4871 4918 4589 4543 4872 4919 4590
4203 4543 4872 4919 4590 4544 4873 4920 4591
4204 4544 4873 4920 4591 4545 4874 4921 4592
4205 4545 4874 4921 4592 4546 4875 4922 4593
4206 4546 4875 4922 4593 4547 4876 4923 4594
4207 4547 4876 4923 4594 4548 4877 4924 4595
4208 4548 4877 4924 4595 4549 4878 4925 4596
4209 4549 4878 4925 4596 1917 1924 1925 1918
4210 483 490 491 484 4550 4879 4926 4597
4211 4550 4879 4926 4597 4551 4880 4927 4598
4212 4551 4880 4927 4598 4552 4881 4928 4599
4213 4552 4881 4928 4599 4553 4882 4929 4600
4214 4553 4882 4929 4600 4554 4883 4930 4601
4215 4554 4883 4930 4601 4555 4884 4931 4602
4216 4555 4884 4931 4602 4556 4885 4932 4603
4217 4556 4885 4932 4603 4557 4886 4933 4604
4218 4557 4886 4933 4604 4558 4887 4934 4605
4219 4558 4887 4934 4605 4559 4888 4935 4606
4220 4559 4888 4935 4606 4560 4889 4936 4607
4221 4560 4889 4936 4607 4561 4890 4937 4608
4222 4561 4890 4937 4608 4562 4891 4938 4609
4223 4562 4891 4938 4609 4563 4892 4939 4610
4224 4563 4892 4939 4610 4564 4893 4940 4611
4225 4564 4893 4940 4611 4565 4894 4941 4612
4226 4565 4894 4941 4612 4566 4895 4942 4613
4227 4566 4895 4942 4613 4567 4896 4943 4614
4228 4567 4896 4943 4614 4568 4897 4944 4615
4229 4568 4897 4944 4615 4569 4898 4945 4616
4230 4569 4898 4945 4616 4570 4899 4946 4617
4231 4570 4899 4946 4617 4571 4900 4947 4618
4232 4571 4900 4947 4618 4572 4901 4948 4619
4233 4572 4901 4948 4619 4573 4902 4949 4620
4234 4573 4902 4949 4620 4574 4903 4950 4621
4235 4574 4903 4950 4621 4575 4904 4951 4622
4236 4575 4904 4951 4622 4576 4905 4952 4623
4237 4576 4905 4952 4623 4577 4906 4953 4624
4238 4577 4906 4953 4624 4578 4907 4954 4625
4239 4578 4907 4954 4625 4579 4908 4955 4626
4240 4579 4908 4955 4626 4580 4909 4956 4627
4241 4580 4909 4956 4627 4581 4910 4957 4628
4242 4581 4910 4957 4628 4582 4911 4958 4629
4243 4582 4911 4958 4629 4583 4912 4959 4630
4244 4583 4912 4959 4630 4584 4913 4960 4631
4245 4584 4913 4960 4631 4585 4914 4961 4632
4246 4585 4914 4961 4632 4586 4915 4962 4633
4247 4586 4915 4962 4633 4587 4916 4963 4634
4248 4587 4916 4963 4634 4588 4917 4964 4635
4249 4588 4917 4964 4635 4589 4918 4965 4636
4250 4589 4918 4965 4636 4590 4919 4966 4637
4251 4590 4919 4966 4637 4591 4920 4967 4638
4252 4591 4920 4967 4638 4592 4921 4968 4639
4253 4592 4921 4968 4639 4593 4922 4969 4640
4254 4593 4922 4969 4640 4594 4923 4970 4641
4255 4594 4923 4970 4641 4595 4924 4971 4642
4256 4595 4924 4971 4642 4596 4925 4972 4643
4257 4596 4925 4972 4643 1918 1925 1926 1919
4258 484 491 492 485 4597 4926 4973 4644
4259 4597 4926 4973 4644 4598 4927 4974 4645
4260 4598 4927 4974 4645 4599 4928 4975 4646
4261 4599 4928 4975 4646 4600 4929 4976 4647
4262 4600 4929 4976 4647 4601 4930 4977 4648
4263 4601 4930 4977 4648 4602 4931 4978 4649
4264 4602 4931 4978 4649 4603 4932 4979 4650
4265 4603 4932 4979 4650 4604 4933 4980 4651
4266 4604 4933 4980 4651 4605 4934 4981 4652
4267 4605 4934 4981 4652 4606 4935 4982 4653
4268 4606 4935 4982 4653 4607 4936 4983 4654
4269 4607 4936 4983 4654 4608 4937 4984 4655
4270 4608 4937 4984 4655 4609 4938 4985 4656
4271 4609 4938 4985 4656 4610 4939 4986 4657
4272 4610 4939 4986 4657 4611 4940 4987 4658
4273 4611 4940 4987 4658 4612 4941 4988 4659
4274 4612 4941 4988 4659 4613 4942 4989 4660
4275 4613 4942 4989 4660 4614 4943 4990 4661
4276 4614 4943 4990 4661 4615 4944 4991 4662
4277 4615 4944 4991 4662 4616 4945 4992 4663
4278 4616 4945 4992 4663 4617 4946 4993 4664
4279 4617 4946 4993 4664 4618 4947 4994 4665
4280 4618 4947 4994 4665 4619 4948 4995 4666
4281 4619 4948 4995 4666 4620 4949 4996 4667
4282 4620 4949 4996 4667 4621 4950 4997 4668
4283 4621 4950 4997 4668 4622 4951 4998 4669
4284 4622 4951 4998 4669 4623 4952 4999 4670
4285 4623 4952 4999 4670 4624 4953 5000 4671
4286 4624 4953 5000 4671 4625 4954 5001 4672
4287 4625 4954 5001 4672 4626 4955 5002 4673
4288 4626 4955 5002 4673 4627 4956 5003 4674
4289 4627 4956 5003 4674 4628 4957 5004 4675
4290 4628 4957 5004 4675 4629 4958 5005 4676
4291 4629 4958 5005 4676 4630 4959 5006 4677
4292 4630 4959 5006 4677 4631 4960 5007 4678
4293 4631 4960 5007 4678 4632 4961 5008 4679
4294 4632 4961 5008 4679 4633 4962 5009 4680
4295 4633 4962 5009 4680 4634 4963 5010 4681
4296 4634 4963 5010 4681 4635 4964 5011 4682
4297 4635 4964 5011 4682 4636 4965 5012 4683
4298 4636 4965 5012 4683 4637 4966 5013 4684
4299 4637 4966 5013 4684 4638 4967 5014 4685
4300 4638 4967 5014 4685 4639 4968 5015 4686
4301 4639 4968 5015 4686 4640 4969 5016 4687
4302 4640 4969 5016 4687 4641 4970 5017 4688
4303 4641 4970 5017 4688 4642 4971 5018 4689
4304 4642 4971 5018 4689 4643 4972 5019 4690
4305 4643 4972 5019 4690 1919 1926 1927 1920
4306 485 492 31 32 4644 4973 1329 1376
4307 4644 4973 1329 1376 4645 4974 1330 1377
4308 4645 4974 1330 1377 4646 4975 1331 1378
4309 4646 4975 1331 1378 4647 4976 1332 1379
4310 4647 4976 1332 1379 4648 4977 1333 1380
4311 4648 4977 1333 1380 4649 4978 1334 1381
4312 4649 4978 1334 1381 4650 4979 1335 1382
4313 4650 4979 1335 1382 4651 4980 1336 1383
4314 4651 4980 1336 1383 4652 4981 1337 1384
4315 4652 4981 1337 1384 4653 4982 1338 1385
4316 4653 4982 1338 1385 4654 4983 1339 1386
4317 4654 4983 1339 1386 4655 4984 1340 1387
4318 4655 4984 1340 1387 4656 4985 1341 1388
4319 4656 4985 1341 1388 4657 4986 1342 1389
4320 4657 4986 1342 1389 4658 4987 1343 1390
4321 4658 4987 1343 1390 4659 4988 1344 1391
4322 4659 4988 1344 1391 4660 4989 1345 1392
4323 4660 4989 1345 1392 4661 4990 1346 1393
4324 4661 4990 1346 1393 4662 4991 1347 1394
4325 4662 4991 1347 1394 4663 4992 1348 1395
4326 4663 4992 1348 1395 4664 4993 1349 1396
4327 4664 4993 1349 1396 4665 4994 1350 1397
4328 4665 4994 1350 1397 4666 4995 1351 1398
4329 4666 4995 1351 1398 4667 4996 1352 1399
4330 4667 4996 1352 1399 4668 4997 1353 1400
4331 4668 4997 1353 1400 4669 4998 1354 1401
4332 4669 4998 1354 1401 4670 4999 1355 1402
4333 4670 4999 1355 1402 4671 5000 1356 1403
4334 4671 5000 1356 1403 4672 5001 1357 1404
4335 4672 5001 1357 1404 4673 5002 1358 1405
4336 4673 5002 1358 1405 4674 5003 1359 1406
4337 4674 5003 1359 1406 4675 5004 1360 1407
4338 4675 5004 1360 1407 4676 5005 1361 1408
4339 4676 5005 1361 1408 4677 5006 1362 1409
4340 4677 5006 1362 1409 4678 5007 1363 1410
4341 4678 5007 1363 1410 4679 5008 1364 1411
4342 4679 5008 1364 1411 4680 5009 1365 1412
4343 4680 5009 1365 1412 4681 5010 1366 1413
4344 4681 5010 1366 1413 4682 5011 1367 1414
4345 4682 5011 1367 1414 4683 5012 1368 1415
4346 4683 5012 1368 1415 4684 5013 1369 1416
4347 4684 5013 1369 1416 4685 5014 1370 1417
4348 4685 5014 1370 1417 4686 5015 1371 1418
4349 4686 5015 1371 1418 4687 5016 1372 1419
4350 4687 5016 1372 1419 4688 5017 1373 1420
4351 4688 5017 1373 1420 4689 5018 1374 1421
4352 4689 5018 1374 1421 4690 5019 1375 1422
4353 4690 5019 1375 1422 1920 1927 88 89
4354 19 20 493 486 765 812 5020 4691
4355 765 812 5020 4691 766 813 5021 4692
4356 766 813 5021 4692 767 814 5022 4693
4357 767 814 5022 4693 768 815 5023 4694
4358 768 815 5023 4694 769 816 5024 4695
4359 769 816 5024 4695 770 817 5025 4696
4360 770 817 5025 4696 771 818 5026 4697
4361 771 818 5026 4697 772 819 5027 4698
4362 772 819 5027 4698 773 820 5028 4699
4363 773 820 5028 4699 774 821 5029 4700
4364 774 821 5029 4700 775 822 5030 4701
4365 775 822 5030 4701 776 823 5031 4702
4366 776 823 5031 4702 777 824 5032 4703
4367 777 824 5032 4703 778 825 5033 4704
4368 778 825 5033 4704 779 826 5034 4705
4369 779 826 5034 4705 780 827 5035 4706
4370 780 827 5035 4706 781 828 5036 4707
4371 781 828 5036 4707 782 829 5037 4708
4372 782 829 5037 4708 783 830 5038 4709
4373 783 830 5038 4709 784 831 5039 4710
4374 784 831 5039 4710 785 832 5040 4711
4375 785 832 5040 4711 786 833 5041 4712
4376 786 833 5041 4712 787 834 5042 4713
4377 787 834 5042 4713 788 835 5043 4714
4378 788 835 5043 4714 789 836 5044 4715
4379 789 836 5044 4715 790 837 5045 4716
4380 790 837 5045 4716 791 838 5046 4717
4381 791 838 5046 4717 792 839 5047 4718
4382 792 839 5047 4718 793 840 5048 4719
4383 793 840 5048 4719 794 841 5049 4720
4384 794 841 5049 4720 795 842 5050 4721
4385 795 842 5050 4721 796 843 5051 4722
4386 796 843 5051 4722 797 844 5052 4723
4387 797 844 5052 4723 798 845 5053 4724
4388 798 845 5053 4724 799 846 5054 4725
4389 799 846 5054 4725 800 847 5055 4726
4390 800 847 5055 4726 801 848 5056 4727
4391 801 848 5056 4727 802 849 5057 4728
4392 802 849 5057 4728 803 850 5058 4729
4393 803 850 5058 4729 804 851 5059 4730
4394 804 851 5059 4730 805 852 5060 4731
4395 805 852 5060 4731 806 853 5061 4732
4396 806 853 5061 4732 807 854 5062 4733
4397 807 854 5062 4733 808 855 5063 4734
4398 808 855 5063 4734 809 856 5064 4735
4399 809 856 5064 4735 810 857 5065 4736
4400 810 857 5065 4736 811 858 5066 4737
4401 811 858 5066 4737 76 77 1928 1921
4402 486 493 494 487 4691 5020 5067 4738
4403 4691 5020 5067 4738 4692 5021 5068 4739
4404 4692 5021 5068 4739 4693 5022 5069 4740
4405 4693 5022 5069 4740 4694 5023 5070 4741
4406 4694 5023 5070 4741 4695 5024 5071 4742
4407 4695 5024 5071 4742 4696 5025 5072 4743
4408 4696 5025 5072 4743 4697 5026 5073 4744
4409 4697 5026 5073 4744 4698 5027 5074 4745
4410 4698 5027 5074 4745 4699 5028 5075 4746
4411 4699 5028 5075 4746 4700 5029 5076 4747
4412 4700 5029 5076 4747 4701 5030 5077 4748
4413 4701 5030 5077 4748 4702 5031 5078 4749
4414 4702 5031 5078 4749 4703 5032 5079 4750
4415 4703 5032 5079 4750 4704 5033 5080 4751
4416 4704 5033 5080 4751 4705 5034 5081 4752
4417 4705 5034 5081 4752 4706 5035 5082 4753
4418 4706 5035 5082 4753 4707 5036 5083 4754
4419 4707 5036 5083 4754 4708 5037 5084 4755
4420 4708 5037 5084 4755 4709 5038 5085 4756
4421 4709 5038 5085 4756 4710 5039 5086 4757
4422 4710 5039 5086 4757 4711 5040 5087 4758
4423 4711 5040 5087 4758 4712 5041 5088 4759
4424 4712 5041 5088 4759 4713 5042 5089 4760
4425 4713 5042 5089 4760 4714 5043 5090 4761
4426 4714 5043 5090 4761 4715 5044 5091 4762
4427 4715 5044 5091 4762 4716 5045 5092 4763
4428 4716 5045 5092 4763 4717 5046 5093 4764
4429 4717 5046 5093 4764 4718 5047 5094 4765
4430 4718 5047 5094 4765 4719 5048 5095 4766
4431 4719 5048 5095 4766 4720 5049 5096 4767
4432 4720 5049 5096 4767 4721 5050 5097 4768
4433 4721 5050 5097 4768 4722 5051 5098 4769
4434 4722 5051 5098 4769 4723 5052 5099 4770
4435 4723 5052 5099 4770 4724 5053 5100 4771
4436 4724 5053 5100 4771 4725 5054 5101 4772
4437 4725 5054 5101 4772 4726 5055 5102 4773
4438 4726 5055 5102 4773 4727 5056 5103 4774
4439 4727 5056 5103 4774 4728 5057 5104 4775
4440 4728 5057 5104 4775 4729 5058 5105 4776
4441 4729 5058 5105 4776 4730 5059 5106 4777
4442 4730 5059 5106 4777 4731 5060 5107 4778
4443 4731 5060 5107 4778 4732 5061 5108 4779
4444 4732 5061 5108 4779 4733 5062 5109 4780
4445 4733 5062 5109 4780 4734 5063 5110 4781
4446 4734 5063 5110 4781 4735 5064 5111 4782
4447 4735 5064 5111 4782 4736 5065 5112 4783
4448 4736 5065 5112 4783 4737 5066 5113 4784
4449 4737 5066 5113 4784 1921 1928 1929 1922
4450 487 494 495 488 4738 5067 5114 4785
4451 4738 5067 5114 4785 4739 5068 5115 4786
4452 4739 5068 5115 4786 4740 5069 5116 4787
4453 4740 5069 5116 4787 4741 5070 5117 4788
4454 4741 5070 5117 4788 4742 5071 5118 4789
4455 4742 5071 5118 4789 4743 5072 5119 4790
4456 4743 5072 5119 4790 4744 5073 5120 4791
4457 4744 5073 5120 4791 4745 5074 5121 4792
4458 4745 5074 5121 4792 4746 5075 5122 4793
4459 4746 5075 5122 4793 4747 5076 5123 4794
4460 4747 5076 5123 4794 4748 5077 5124 4795
4461 4748 5077 5124 4795 4749 5078 5125 4796
4462 4749 5078 5125 4796 4750 5079 5126 4797
4463 4750 5079 5126 4797 4751 5080 5127 4798
4464 4751 5080 5127 4798 4752 5081 5128 4799
4465 4752 5081 5128 4799 4753 5082 5129 4800
4466 4753 5082 5129 4800 4754 5083 5130 4801
4467 4754 5083 5130 4801 4755 5084 5131 4802
4468 4755 5084 5131 4802 4756 5085 5132 4803
4469 4756 5085 5132 4803 4757 5086 5133 4804
4470 4757 5086 5133 4804 4758 5087 5134 4805
4471 4758 5087 5134 4805 4759 5088 5135 4806
4472 4759 5088 5135 4806 4760 5089 5136 4807
4473 4760 5089 5136 4807 4761 5090 5137 4808
4474 4761 5090 5137 4808 4762 5091 5138 4809
4475 4762 5091 5138 4809 4763 5092 5139 4810
4476 4763 5092 5139 4810 4764 5093 5140 4811
4477 4764 5093 5140 4811 4765 5094 5141 4812
4478 4765 5094 5141 4812 4766 5095 5142 4813
4479 4766 5095 5142 4813 4767 5096 5143 4814
4480 4767 5096 5143 4814 4768 5097 5144 4815
4481 4768 5097 5144 4815 4769 5098 5145 4816
4482 4769 5098 5145 4816 4770 5099 5146 4817
4483 4770 5099 5146 4817 4771 5100 5147 4818
4484 4771 5100 5147 4818 4772 5101 5148 4819
4485 4772 5101 5148 4819 4773 5102 5149 4820
4486 4773 5102 5149 4820 4774 5103 5150 4821
4487 4774 5103 5150 4821 4775 5104 5151 4822
4488 4775 5104 5151 4822 4776 5105 5152 4823
4489 4776 5105 5152 4823 4777 5106 5153 4824
4490 4777 5106 5153 4824 4778 5107 5154 4825
4491 4778 5107 5154 4825 4779 5108 5155 4826
4492 4779 5108 5155 4826 4780 5109 5156 4827
4493 4780 5109 5156 4827 4781 5110 5157 4828
4494 4781 5110 5157 4828 4782 5111 5158 4829
4495 4782 5111 5158 4829 4783 5112 5159 4830
4496 4783 5112 5159 4830 4784 5113 5160 4831
4497 4784 5113 5160 4831 1922 1929 1930 1923
4498 488 495 496 489 4785 5114 5161 4832
4499 4785 5114 5161 4832 4786 5115 5162 4833
4500 4786 5115 5162 4833 4787 5116 5163 4834
4501 4787 5116 5163 4834 4788 5117 5164 4835
4502 4788 5117 5164 4835 4789 5118 5165 4836
4503 4789 5118 5165 4836 4790 5119 5166 4837
4504 4790 5119 5166 4837 4791 5120 5167 4838
4505 4791 5120 5167 4838 4792 5121 5168 4839
4506 4792 5121 5168 4839 4793 5122 5169 4840
4507 4793 5122 5169 4840 4794 5123 5170 4841
4508 4794 5123 5170 4841 4795 5124 5171 4842
4509 4795 5124 5171 4842 4796 5125 5172 4843
4510 4796 5125 5172 4843 4797 5126 5173 4844
4511 4797 5126 5173 4844 4798 5127 5174 4845
4512 4798 5127 5174 4845 4799 5128 5175 4846
4513 4799 5128 5175 4846 4800 5129 5176 4847
4514 4800 5129 5176 4847 4801 5130 5177 4848
4515 4801 5130 5177 4848 4802 5131 5178 4849
4516 4802 5131 5178 4849 4803 5132 5179 4850
4517 4803 5132 5179 4850 4804 5133 5180 4851
4518 4804 5133 5180 4851 4805 5134 5181 4852
4519 4805 5134 5181 4852 4806 5135 5182 4853
4520 4806 5135 5182 4853 4807 5136 5183 4854
4521 4807 5136 5183 4854 4808 5137 5184 4855
4522 4808 5137 5184 4855 4809 5138 5185 4856
4523 4809 5138 5185 4856 4810 5139 5186 4857
4524 4810 5139 5186 4857 4811 5140 5187 4858
4525 4811 5140 5187 4858 4812 5141 5188 4859
4526 4812 5141 5188 4859 4813 5142 5189 4860
4527 4813 5142 5189 4860 4814 5143 5190 4861
4528 4814 5143 5190 4861 4815 5144 5191 4862
4529 4815 5144 5191 4862 4816 5145 5192 4863
4530 4816 5145 5192 4863 4817 5146 5193 4864
4531 4817 5146 5193 4864 4818 5147 5194 4865
4532 4818 5147 5194 4865 4819 5148 5195 4866
4533 4819 5148 5195 4866 4820 5149 5196 4867
4534 4820 5149 5196 4867 4821 5150 5197 4868
4535 4821 5150 5197 4868 4822 5151 5198 4869
4536 4822 5151 5198 4869 4823 5152 5199 4870
4537 4823 5152 5199 4870 4824 5153 5200 4871
4538 4824 5153 5200 4871 4825 5154 5201 4872
4539 4825 5154 5201 4872 4826 5155 5202 4873
4540 4826 5155 5202 4873 4827 5156 5203 4874
4541 4827 5156 5203 4874 4828 5157 5204 4875
4542 4828 5157 5204 4875 4829 5158 5205 4876
4543 4829 5158 5205 4876 4830 5159 5206 4877
4544 4830 5159 5206 4877 4831 5160 5207 4878
4545 4831 5160 5207 4878 1923 1930 1931 1924
4546 489 496 497 490 4832 5161 5208 4879
4547 4832 5161 5208 4879 4833 5162 5209 4880
4548 4833 5162 5209 4880 4834 5163 5210 4881
4549 4834 5163 5210 4881 4835 5164 5211 4882
4550 4835 5164 5211 4882 4836 5165 5212 4883
4551 4836 5165 5212 4883 4837 5166 5213 4884
4552 4837 5166 5213 4884 4838 5167 5214 4885
4553 4838 5167 5214 4885 4839 5168 5215 4886
4554 4839 5168 5215 4886 4840 5169 5216 4887
4555 4840 5169 5216 4887 4841 5170 5217 4888
4556 4841 5170 5217 4888 4842 5171 5218 4889
4557 4842 5171 5218 4889 4843 5172 5219 4890
4558 4843 5172 5219 4890 4844 5173 5220 4891
4559 4844 5173 5220 4891 4845 5174 5221 4892
4560 4845 5174 5221 4892 4846 5175 5222 4893
4561 4846 5175 5222 4893 4847 5176 5223 4894
4562 4847 5176 5223 4894 4848 5177 5224 4895
4563 4848 5177 5224 4895 4849 5178 5225 4896
4564 4849 5178 5225 4896 4850 5179 5226 4897
4565 4850 5179 5226 4897 4851 5180 5227 4898
4566 4851 5180 5227 4898 4852 5181 5228 4899
4567 4852 5181 5228 4899 4853 5182 5229 4900
4568 4853 5182 5229 4900 4854 5183 5230 4901
4569 4854 5183 5230 4901 4855 5184 5231 4902
4570 4855 5184 5231 4902 4856 5185 5232 4903
4571 4856 5185 5232 4903 4857 5186 5233 4904
4572 4857 5186 5233 4904 4858 5187 5234 4905
4573 4858 5187 5234 4905 4859 5188 5235 4906
4574 4859 5188 5235 4906 4860 5189 5236 4907
4575 4860 5189 5236 4907 4861 5190 5237 4908
4576 4861 5190 5237 4908 4862 5191 5238 4909
4577 4862 5191 5238 4909 4863 5192 5239 4910
4578 4863 5192 5239 4910 4864 5193 5240 4911
4579 4864 5193 5240 4911 4865 5194 5241 4912
4580 4865 5194 5241 4912 4866 5195 5242 4913
4581 4866 5195 5242 4913 4867 5196 5243 4914
4582 4867 5196 5243 4914 4868 5197 5244 4915
4583 4868 5197 5244 4915 4869 5198 5245 4916
4584 4869 5198 5245 4916 4870 5199 5246 4917
4585 4870 5199 5246 4917 4871 5200 5247 4918
4586 4871 5200 5247 4918 4872 5201 5248 4919
4587 4872 5201 5248 4919 4873 5202 5249 4920
4588 4873 5202 5249 4920 4874 5203 5250 4921
4589 4874 5203 5250 4921 4875 5204 5251 4922
4590 4875 5204 5251 4922 4876 5205 5252 4923
4591 4876 5205 5252 4923 4877 5206 5253 4924
4592 4877 5206 5253 4924 4878 5207 5254 4925
4593 4878 5207 5254 4925 1924 1931 1932 1925
4594 490 497 498 491 4879 5208 5255 4926
4595 4879 5208 5255 4926 4880 5209 5256 4927
4596 4880 5209 5256 4927 4881 5210 5257 4928
4597 4881 5210 5257 4928 4882 5211 5258 4929
4598 4882 5211 5258 4929 4883 5212 5259 4930
4599 4883 5212 5259 4930 4884 5213 5260 4931
4600 4884 5213 5260 4931 4885 5214 5261 4932
4601 4885 5214 5261 4932 4886 5215 5262 4933
4602 4886 5215 5262 4933 4887 5216 5263 4934
4603 4887 5216 5263 4934 4888 5217 5264 4935
4604 4888 5217 5264 4935 4889 5218 5265 4936
4605 4889 5218 5265 4936 4890 5219 5266 4937
4606 4890 5219 5266 4937 4891 5220 5267 4938
4607 4891 5220 5267 4938 4892 5221 5268 4939
4608 4892 5221 5268 4939 4893 5222 5269 4940
4609 4893 5222 5269 4940 4894 5223 5270 4941
4610 4894 5223 5270 4941 4895 5224 5271 4942
4611 4895 5224 5271 4942 4896 5225 5272 4943
4612 4896 5225 5272 4943 4897 5226 5273 4944
4613 4897 5226 5273 4944 4898 5227 5274 4945
4614 4898 5227 5274 4945 4899 5228 5275 4946
4615 4899 5228 5275 4946 4900 5229 5276 4947
4616 4900 5229 5276 4947 4901 5230 5277 4948
4617 4901 5230 5277 4948 4902 5231 5278 4949
4618 4902 5231 5278 4949 4903 5232 5279 4950
4619 4903 5232 5279 4950 4904 5233 5280 4951
4620 4904 5233 5280 4951 4905 5234 5281 4952
4621 4905 5234 5281 4952 4906 5235 5282 4953
4622 4906 5235 5282 4953 4907 5236 5283 4954
4623 4907 5236 5283 4954 4908 5237 5284 4955
4624 4908 5237 5284 4955 4909 5238 5285 4956
4625 4909 5238 5285 4956 4910 5239 5286 4957
4626 4910 5239 5286 4957 4911 5240 5287 4958
4627 4911 5240 5287 4958 4912 5241 5288 4959
4628 4912 5241 5288 4959 4913 5242 5289 4960
4629 4913 5242 5289 4960 4914 5243 5290 4961
4630 4914 5243 5290 4961 4915 5244 5291 4962
4631 4915 5244 5291 4962 4916 5245 5292 4963
4632 4916 5245 5292 4963 4917 5246 5293 4964
4633 4917 5246 5293 4964 4918 5247 5294 4965
4634 4918 5247 5294 4965 4919 5248 5295 4966
4635 4919 5248 5295 4966 4920 5249 5296 4967
4636 4920 5249 5296 4967 4921 5250 5297 4968
4637 4921 5250 5297 4968 4922 5251 5298 4969
4638 4922 5251 5298 4969 4923 5252 5299 4970
4639 4923 5252 5299 4970 4924 5253 5300 4971
4640 4924 5253 5300 4971 4925 5254 5301 4972
4641 4925 5254 5301 4972 1925 1932 1933 1926
4642 491 498 499 492 4926 5255 5302 4973
4643 4926 5255 5302 4973 4927 5256 5303 4974
4644 4927 5256 5303 4974 4928 5257 5304 4975
4645 4928 5257 5304 4975 4929 5258 5305 4976
4646 4929 5258 5305 4976 4930 5259 5306 4977
4647 4930 5259 5306 4977 4931 5260 5307 4978
4648 4931 5260 5307 4978 4932 5261 5308 4979
4649 4932 5261 5308 4979 4933 5262 5309 4980
4650 4933 5262 5309 4980 4934 5263 5310 4981
4651 4934 5263 5310 4981 4935 5264 5311 4982
4652 4935 5264 5311 4982 4936 5265 5312 4983
4653 4936 5265 5312 4983 4937 5266 5313 4984
4654 4937 5266 5313 4984 4938 5267 5314 4985
4655 4938 5267 5314 4985 4939 5268 5315 4986
4656 4939 5268 5315 4986 4940 5269 5316 4987
4657 4940 5269 5316 4987 4941 5270 5317 4988
4658 4941 5270 5317 4988 4942 5271 5318 4989
4659 4942 5271 5318 4989 4943 5272 5319 4990
4660 4943 5272 5319 4990 4944 5273 5320 4991
4661 4944 5273 5320 4991 4945 5274 5321 4992
4662 4945 5274 5321 4992 4946 5275 5322 4993
4663 4946 5275 5322 4993 4947 5276 5323 4994
4664 4947 5276 5323 4994 4948 5277 5324 4995
4665 4948 5277 5324 4995 4949 5278 5325 4996
4666 4949 5278 5325 4996 4950 5279 5326 4997
4667 4950 5279 5326 4997 4951 5280 5327 4998
4668 4951 5280 5327 4998 4952 5281 5328 4999
4669 4952 5281 5328 4999 4953 5282 5329 5000
4670 4953 5282 5329 5000 4954 5283 5330 5001
4671 4954 5283 5330 5001 4955 5284 5331 5002
4672 4955 5284 5331 5002 4956 5285 5332 5003
4673 4956 5285 5332 5003 4957 5286 5333 5004
4674 4957 5286 5333 5004 4958 5287 5334 5005
4675 4958 5287 5334 5005 4959 5288 5335 5006
4676 4959 5288 5335 5006 4960 5289 5336 5007
4677 4960 5289 5336 5007 4961 5290 5337 5008
4678 4961 5290 5337 5008 4962 5291 5338 5009
4679 4962 5291 5338 5009 4963 5292 5339 5010
4680 4963 5292 5339 5010 4964 5293 5340 5011
4681 4964 5293 5340 5011 4965 5294 5341 5012
4682 4965 5294 5341 5012 4966 5295 5342 5013
4683 4966 5295 5342 5013 4967 5296 5343 5014
4684 4967 5296 5343 5014 4968 5297 5344 5015
4685 4968 5297 5344 5015 4969 5298 5345 5016
4686 4969 5298 5345 5016 4970 5299 5346 5017
4687 4970 5299 5346 5017 4971 5300 5347 5018
4688 4971 5300 5347 5018 4972 5301 5348 5019
4689 4972 5301 5348 5019 1926 1933 1934 1927
4690 492 499 30 31 4973 5302 1282 1329
4691 4973 5302 1282 1329 4974 5303 1283 1330
4692 4974 5303 1283 1330 4975 5304 1284 1331
4693 4975 5304 1284 1331 4976 5305 1285 1332
4694 4976 5305 1285 1332 4977 5306 1286 1333
4695 4977 5306 1286 1333 4978 5307 1287 1334
4696 4978 5307 1287 1334 4979 5308 1288 1335
4697 4979 5308 1288 1335 4980 5309 1289 1336
4698 4980 5309 1289 1336 4981 5310 1290 1337
4699 4981 5310 1290 1337 4982 5311 1291 1338
4700 4982 5311 1291 1338 4983 5312 1292 1339
4701 4983 5312 1292 1339 4984 5313 1293 1340
4702 4984 5313 1293 1340 4985 5314 1294 1341
4703 4985 5314 1294 1341 4986 5315 1295 1342
4704 4986 5315 1295 1342 4987 5316 1296 1343
4705 4987 5316 1296 1343 4988 5317 1297 1344
4706 4988 5317 1297 1344 4989 5318 1298 1345
4707 4989 5318 1298 1345 4990 5319 1299 1346
4708 4990 5319 1299 1346 4991 5320 1300 1347
4709 4991 5320 1300 1347 4992 5321 1301 1348
4710 4992 5321 1301 1348 4993 5322 1302 1349
4711 4993 5322 1302 1349 4994 5323 1303 1350
4712 4994 5323 1303 1350 4995 5324 1304 1351
4713 4995 5324 1304 1351 4996 5325 1305 1352
4714 4996 5325 1305 1352 4997 5326 1306 1353
4715 4997 5326 1306 1353 4998 5327 1307 1354
4716 4998 5327 1307 1354 4999 5328 1308 1355
4717 4999 5328 1308 1355 5000 5329 1309 1356
4718 5000 5329 1309 1356 5001 5330 1310 1357
4719 5001 5330 1310 1357 5002 5331 1311 1358
4720 5002 5331 1311 1358 5003 5332 1312 1359
4721 5003 5332 1312 1359 5004 5333 1313 1360
4722 5004 5333 1313 1360 5005 5334 1314 1361
4723 5005 5334 1314 1361 5006 5335 1315 1362
4724 5006 5335 1315 1362 5007 5336 1316 1363
4725 5007 5336 1316 1363 5008 5337 1317 1364
4726 5008 5337 1317 1364 5009 5338 1318 1365
4727 5009 5338 1318 1365 5010 5339 1319 1366
4728 5010 5339 1319 1366 5011 5340 1320 1367
4729 5011 5340 1320 1367 5012 5341 1321 1368
4730 5012 5341 1321 1368 5013 5342 1322 1369
4731 5013 5342 1322 1369 5014 5343 1323 1370
4732 5014 5343 1323 1370 5015 5344 1324 1371
4733 5015 5344 1324 1371 5016 5345 1325 1372
4734 5016 5345 1325 1372 5017 5346 1326 1373
4735 5017 5346 1326 1373 5018 5347 1327 1374
4736 5018 5347 1327 1374 5019 5348 1328 1375
4737 5019 5348 1328 1375 1927 1934 87 88
4738 20 21 500 493 812 859 5349 5020
4739 812 859 5349 5020 813 860 5350 5021
4740 813 860 5350 5021 814 861 5351 5022
4741 814 861 5351 5022 815 862 5352 5023
4742 815 862 5352 5023 816 863 5353 5024
4743 816 863 5353 5024 817 864 5354 5025
4744 817 864 5354 5025 818 865 5355 5026
4745 818 865 5355 5026 819 866 5356 5027
4746 819 866 5356 5027 820 867 5357 5028
4747 820 867 5357 5028 821 868 5358 5029
4748 821 868 5358 5029 822 869 5359 5030
4749 822 869 5359 5030 823 870 5360 5031
4750 823 870 5360 5031 824 871 5361 5032
4751 824 871 5361 5032 825 872 5362 5033
4752 825 872 5362 5033 826 873 5363 5034
4753 826 873 5363 5034 827 874 5364 5035
4754 827 874 5364 5035 828 875 5365 5036
4755 828 875 5365 5036 829 876 5366 5037
4756 829 876 5366 5037 830 877 5367 5038
4757 830 877 5367 5038 831 878 5368 5039
4758 831 878 5368 5039 832 879 5369 5040
4759 832 879 5369 5040 833 880 5370 5041
4760 833 880 5370 5041 834 881 5371 5042
4761 834 881 5371 5042 835 882 5372 5043
4762 835 882 5372 5043 836 883 5373 5044
4763 836 883 5373 5044 837 884 5374 5045
4764 837 884 5374 5045 838 885 5375 5046
4765 838 885 5375 5046 839 886 5376 5047
4766 839 886 5376 5047 840 887 5377 5048
4767 840 887 5377 5048 841 888 5378 5049
4768 841 888 5378 5049 842 889 5379 5050
4769 842 889 5379 5050 843 890 5380 5051
4770 843 890 5380 5051 844 891 5381 5052
4771 844 891 5381 5052 845 892 5382 5053
4772 845 892 5382 5053 846 893 5383 5054
4773 846 893 5383 5054 847 894 5384 5055
4774 847 894 5384 5055 848 895 5385 5056
4775 848 895 5385 5056 849 896 5386 5057
4776 849 896 5386 5057 850 897 5387 5058
4777 850 897 5387 5058 851 898 5388 5059
4778 851 898 5388 5059 852 899 5389 5060
4779 852 899 5389 5060 853 900 5390 5061
4780 853 900 5390 5061 854 901 5391 5062
4781 854 901 5391 5062 855 902 5392 5063
4782 855 902 5392 5063 856 903 5393 5064
4783 856 903 5393 5064 857 904 5394 5065
4784 857 904 5394 5065 858 905 5395 5066
4785 858 905 5395 5066 77 78 1935 1928
4786 493 500 501 494 5020 5349 5396 5067
4787 5020 5349 5396 5067 5021 5350 5397 5068
4788 5021 5350 5397 5068 5022 5351 5398 5069
4789 5022 5351 5398 5069 5023 5352 5399 5070
4790 5023 5352 5399 5070 5024 5353 5400 5071
4791 5024 5353 5400 5071 5025 5354 5401 5072
4792 5025 5354 5401 5072 5026 5355 5402 5073
4793 5026 5355 5402 5073 5027 5356 5403 5074
4794 5027 5356 5403 5074 5028 5357 5404 5075
4795 5028 5357 5404 5075 5029 5358 5405 5076
4796 5029 5358 5405 5076 5030 5359 5406 5077
4797 5030 5359 5406 5077 5031 5360 5407 5078
4798 5031 5360 5407 5078 5032 5361 5408 5079
4799 5032 5361 5408 5079 5033 5362 5409 5080
4800 5033 5362 5409 5080 5034 5363 5410 5081
4801 5034 5363 5410 5081 5035 5364 5411 5082
4802 5035 5364 5411 5082 5036 5365 5412 5083
4803 5036 5365 5412 5083 5037 5366 5413 5084
4804 5037 5366 5413 5084 5038 5367 5414 5085
4805 5038 5367 5414 5085 5039 5368 5415 5086
4806 5039 5368 5415 5086 5040 5369 5416 5087
4807 5040 5369 5416 5087 5041 5370 5417 5088
4808 5041 5370 5417 5088 5042 5371 5418 5089
4809 5042 5371 5418 5089 5043 5372 5419 5090
4810 5043 5372 5419 5090 5044 5373 5420 5091
4811 5044 5373 5420 5091 5045 5374 5421 5092
4812 5045 5374 5421 5092 5046 5375 5422 5093
4813 5046 5375 5422 5093 5047 5376 5423 5094
4814 5047 5376 5423 5094 5048 5377 5424 5095
4815 5048 5377 5424 5095 5049 5378 5425 5096
4816 5049 5378 5425 5096 5050 5379 5426 5097
4817 5050 5379 5426 5097 5051 5380 5427 5098
4818 5051 5380 5427 5098 5052 5381 5428 5099
4819 5052 5381 5428 5099 5053 5382 5429 5100
4820 5053 5382 5429 5100 5054 5383 5430 5101
4821 5054 5383 5430 5101 5055 5384 5431 5102
4822 5055 5384 5431 5102 5056 5385 5432 5103
4823 5056 5385 5432 5103 5057 5386 5433 5104
4824 5057 5386 5433 5104 5058 5387 5434 5105
4825 5058 5387 5434 5105 5059 5388 5435 5106
4826 5059 5388 5435 5106 5060 5389 5436 5107
4827 5060 5389 5436 5107 5061 5390 5437 5108
4828 5061 5390 5437 5108 5062 5391 5438 5109
4829 5062 5391 5438 5109 5063 5392 5439 5110
4830 5063 5392 5439 5110 5064 5393 5440 5111
4831 5064 5393 5440 5111 5065 5394 5441 5112
4832 5065 5394 5441 5112 5066 5395 5442 5113
4833 5066 5395 5442 5113 1928 1935 1936 1929
4834 494 501 502 495 5067 5396 5443 5114
4835 5067 5396 5443 5114 5068 5397 5444 5115
4836 5068 5397 5444 5115 5069 5398 5445 5116
4837 5069 5398 5445 5116 5070 5399 5446 5117
4838 5070 5399 5446 5117 5071 5400 5447 5118
4839 5071 5400 5447 5118 5072 5401 5448 5119
4840 5072 5401 5448 5119 5073 5402 5449 5120
4841 5073 5402 5449 5120 5074 5403 5450 5121
4842 5074 5403 5450 5121 5075 5404 5451 5122
4843 5075 5404 5451 5122 5076 5405 5452 5123
4844 5076 5405 5452 5123 5077 5406 5453 5124
4845 5077 5406 5453 5124 5078 5407 5454 5125
4846 5078 5407 5454 5125 5079 5408 5455 5126
4847 5079 5408 5455 5126 5080 5409 5456 5127
4848 5080 5409 5456 5127 5081 5410 5457 5128
4849 5081 5410 5457 5128 5082 5411 5458 5129
4850 5082 5411 5458 5129 5083 5412 5459 5130
4851 5083 5412 5459 5130 5084 5413 5460 5131
4852 5084 5413 5460 5131 5085 5414 5461 5132
4853 5085 5414 5461 5132 5086 5415 5462 5133
4854 5086 5415 5462 5133 5087 5416 5463 5134
4855 5087 5416 5463 5134 5088 5417 5464 5135
4856 5088 5417 5464 5135 5089 5418 5465 5136
4857 5089 5418 5465 5136 5090 5419 5466 5137
4858 5090 5419 5466 5137 5091 5420 5467 5138
4859 5091 5420 5467 5138 5092 5421 5468 5139
4860 5092 5421 5468 5139 5093 5422 5469 5140
4861 5093 5422 5469 5140 5094 5423 5470 5141
4862 5094 5423 5470 5141 5095 5424 5471 5142
4863 5095 5424 5471 5142 5096 5425 5472 5143
4864 5096 5425 5472 5143 5097 5426 5473 5144
4865 5097 5426 5473 5144 5098 5427 5474 5145
4866 5098 5427 5474 5145 5099 5428 5475 5146
4867 5099 5428 5475 5146 5100 5429 5476 5147
4868 5100 5429 5476 5147 5101 5430 5477 5148
4869 5101 5430 5477 5148 5102 5431 5478 5149
4870 5102 5431 5478 5149 5103 5432 5479 5150
4871 5103 5432 5479 5150 5104 5433 5480 5151
4872 5104 5433 5480 5151 5105 5434 5481 5152
4873 5105 5434 5481 5152 5106 5435 5482 5153
4874 5106 5435 5482 5153 5107 5436 5483 5154
4875 5107 5436 5483 5154 5108 5437 5484 5155
4876 5108 5437 5484 5155 5109 5438 5485 5156
4877 5109 5438 5485 5156 5110 5439 5486 5157
4878 5110 5439 5486 5157 5111 5440 5487 5158
4879 5111 5440 5487 5158 5112 5441 5488 5159
4880 5112 5441 5488 5159 5113 5442 5489 5160
4881 5113 5442 5489 5160 1929 1936 1937 1930
4882 495 502 503 496 5114 5443 5490 5161
4883 5114 5443 5490 5161 5115 5444 5491 5162
4884 5115 5444 5491 5162 5116 5445 5492 5163
4885 5116 5445 5492 5163 5117 5446 5493 5164
4886 5117 5446 5493 5164 5118 5447 5494 5165
4887 5118 5447 5494 5165 5119 5448 5495 5166
4888 5119 5448 5495 5166 5120 5449 5496 5167
4889 5120 5449 5496 5167 5121 5450 5497 5168
4890 5121 5450 5497 5168 5122 5451 5498 5169
4891 5122 5451 5498 5169 5123 5452 5499 5170
4892 5123 5452 5499 5170 5124 5453 5500 5171
4893 5124 5453 5500 5171 5125 5454 5501 5172
4894 5125 5454 5501 5172 5126 5455 5502 5173
4895 5126 5455 5502 5173 5127 5456 5503 5174
4896 5127 5456 5503 5174 5128 5457 5504 5175
4897 5128 5457 5504 5175 5129 5458 5505 5176
4898 5129 5458 5505 5176 5130 5459 5506 5177
4899 5130 5459 5506 5177 5131 5460 5507 5178
4900 5131 5460 5507 5178 5132 5461 5508 5179
4901 5132 5461 5508 5179 5133 5462 5509 5180
4902 5133 5462 5509 5180 5134 5463 5510 5181
4903 5134 5463 5510 5181 5135 5464 5511 5182
4904 5135 5464 5511 5182 5136 5465 5512 5183
4905 5136 5465 5512 5183 5137 5466 5513 5184
4906 5137 5466 5513 5184 5138 5467 5514 5185
4907 5138 5467 5514 5185 5139 5468 5515 5186
4908 5139 5468 5515 5186 5140 5469 5516 5187
4909 5140 5469 5516 5187 5141 5470 5517 5188
4910 5141 5470 5517 5188 5142 5471 5518 5189
4911 5142 5471 5518 5189 5143 5472 5519 5190
4912 5143 5472 5519 5190 5144 5473 5520 5191
4913 5144 5473 5520 5191 5145 5474 5521 5192
4914 5145 5474 5521 5192 5146 5475 5522 5193
4915 5146 5475 5522 5193 5147 5476 5523 5194
4916 5147 5476 5523 5194 5148 5477 5524 5195
4917 5148 5477 5524 5195 5149 5478 5525 5196
4918 5149 5478 5525 5196 5150 5479 5526 5197
4919 5150 5479 5526 5197 5151 5480 5527 5198
4920 5151 5480 5527 5198 5152 5481 5528 5199
4921 5152 5481 5528 5199 5153 5482 5529 5200
4922 5153 5482 5529 5200 5154 5483 5530 5201
4923 5154 5483 5530 5201 5155 5484 5531 5202
4924 5155 5484 5531 5202 5156 5485 5532 5203
4925 5156 5485 5532 5203 5157 5486 5533 5204
4926 5157 5486 5533 5204 5158 5487 5534 5205
4927 5158 5487 5534 5205 5159 5488 5535 5206
4928 5159 5488 5535 5206 5160 5489 5536 5207
4929 5160 5489 5536 5207 1930 1937 1938 1931
4930 496 503 504 497 5161 5490 5537 5208
4931 5161 5490 5537 5208 5162 5491 5538 5209
4932 5162 5491 5538 5209 5163 5492 5539 5210
4933 5163 5492 5539 5210 5164 5493 5540 5211
4934 5164 5493 5540 5211 5165 5494 5541 5212
4935 5165 5494 5541 5212 5166 5495 5542 5213
4936 5166 5495 5542 5213 5167 5496 5543 5214
4937 5167 5496 5543 5214 5168 5497 5544 5215
4938 5168 5497 5544 5215 5169 5498 5545 5216
4939 5169 5498 5545 5216 5170 5499 5546 5217
4940 5170 5499 5546 5217 5171 5500 5547 5218
4941 5171 5500 5547 5218 5172 5501 5548 5219
4942 5172 5501 5548 5219 5173 5502 5549 5220
4943 5173 5502 5549 5220 5174 5503 5550 5221
4944 5174 5503 5550 5221 5175 5504 5551 5222
4945 5175 5504 5551 5222 5176 5505 5552 5223
4946 5176 5505 5552 5223 5177 5506 5553 5224
4947 5177 5506 5553 5224 5178 5507 5554 5225
4948 5178 5507 5554 5225 5179 5508 5555 5226
4949 5179 5508 5555 5226 5180 5509 5556 5227
4950 5180 5509 5556 5227 5181 5510 5557 5228
4951 5181 5510 5557 5228 5182 5511 5558 5229
4952 5182 5511 5558 5229 5183 5512 5559 5230
4953 5183 5512 5559 5230 5184 5513 5560 5231
4954 5184 5513 5560 5231 5185 5514 5561 5232
4955 5185 5514 5561 5232 5186 5515 5562 5233
4956 5186 5515 5562 5233 5187 5516 5563 5234
4957 5187 5516 5563 5234 5188 5517 5564 5235
4958 5188 5517 5564 5235 5189 5518 5565 5236
4959 5189 5518 5565 5236 5190 5519 5566 5237
4960 5190 5519 5566 5237 5191 5520 5567 5238
4961 5191 5520 5567 5238 5192 5521 5568 5239
4962 5192 5521 5568 5239 5193 5522 5569 5240
4963 5193 5522 5569 5240 5194 5523 5570 5241
4964 5194 5523 5570 5241 5195 5524 5571 5242
4965 5195 5524 5571 5242 5196 5525 5572 5243
4966 5196 5525 5572 5243 5197 5526 5573 5244
4967 5197 5526 5573 5244 5198 5527 5574 5245
4968 5198 5527 5574 5245 5199 5528 5575 5246
4969 5199 5528 5575 5246 5200 5529 5576 5247
4970 5200 5529 5576 5247 5201 5530 5577 5248
4971 5201 5530 5577 5248 5202 5531 5578 5249
4972 5202 5531 5578 5249 5203 5532 5579 5250
4973 5203 5532 5579 5250 5204 5533 5580 5251
4974 5204 5533 5580 5251 5205 5534 5581 5252
4975 5205 5534 5581 5252 5206 5535 5582 5253
4976 5206 5535 5582 5253 5207 5536 5583 5254
4977 5207 5536 5583 5254 1931 1938 1939 1932
4978 497 504 505 498 5208 5537 5584 5255
4979 5208 5537 5584 5255 5209 5538 5585 5256
4980 5209 5538 5585 5256 5210 5539 5586 5257
4981 5210 5539 5586 5257 5211 5540 5587 5258
4982 5211 5540 5587 5258 5212 5541 5588 5259
4983 5212 5541 5588 5259 5213 5542 5589 5260
4984 5213 5542 5589 5260 5214 5543 5590 5261
4985 5214 5543 5590 5261 5215 5544 5591 5262
4986 5215 5544 5591 5262 5216 5545 5592 5263
4987 5216 5545 5592 5263 5217 5546 5593 5264
4988 5217 5546 5593 5264 5218 5547 5594 5265
4989 5218 5547 5594 5265 5219 5548 5595 5266
4990 5219 5548 5595 5266 5220 5549 5596 5267
4991 5220 5549 5596 5267 5221 5550 5597 5268
4992 5221 5550 5597 5268 5222 5551 5598 5269
4993 5222 5551 5598 5269 5223 5552 5599 5270
4994 5223 5552 5599 5270 5224 5553 5600 5271
4995 5224 5553 5600 5271 5225 5554 5601 5272
4996 5225 5554 5601 5272 5226 5555 5602 5273
4997 5226 5555 5602 5273 5227 5556 5603 5274
4998 5227 5556 5603 5274 5228 5557 5604 5275
4999 5228 5557 5604 5275 5229 5558 5605 5276
5000 5229 5558 5605 5276 5230 5559 5606 5277
5001 5230 5559 5606 5277 5231 5560 5607 5278
5002 5231 5560 5607 5278 5232 5561 5608 5279
5003 5232 5561 5608 5279 5233 5562 5609 5280
5004 5233 5562 5609 5280 5234 5563 5610 5281
5005 5234 5563 5610 5281 5235 5564 5611 5282
5006 5235 5564 5611 5282 5236 5565 5612 5283
5007 5236 5565 5612 5283 5237 5566 5613 5284
5008 5237 5566 5613 5284 5238 5567 5614 5285
5009 5238 5567 5614 5285 5239 5568 5615 5286
5010 5239 5568 5615 5286 5240 5569 5616 5287
5011 5240 5569 5616 5287 5241 5570 5617 5288
5012 5241 5570 5617 5288 5242 5571 5618 5289
5013 5242 5571 5618 5289 5243 5572 5619 5290
5014 5243 5572 5619 5290 5244 5573 5620 5291
5015 5244 5573 5620 5291 5245 5574 5621 5292
5016 5245 5574 5621 5292 5246 5575 5622 5293
5017 5246 5575 5622 5293 5247 5576 5623 5294
5018 5247 5576 5623 5294 5248 5577 5624 5295
5019 5248 5577 5624 5295 5249 5578 5625 5296
5020 5249 5578 5625 5296 5250 5579 5626 5297
5021 5250 5579 5626 5297 5251 5580 5627 5298
5022 5251 5580 5627 5298 5252 5581 5628 5299
5023 5252 5581 5628 5299 5253 5582 5629 5300
5024 5253 5582 5629 5300 5254 5583 5630 5301
5025 5254 5583 5630 5301 1932 1939 1940 1933
5026 498 505 506 499 5255 5584 5631 5302
5027 5255 5584 5631 5302 5256 5585 5632 5303
5028 5256 5585 5632 5303 5257 5586 5633 5304
5029 5257 5586 5633 5304 5258 5587 5634 5305
5030 5258 5587 5634 5305 5259 5588 5635 5306
5031 5259 5588 5635 5306 5260 5589 5636 5307
5032 5260 5589 5636 5307 5261 5590 5637 5308
5033 5261 5590 5637 5308 5262 5591 5638 5309
5034 5262 5591 5638 5309 5263 5592 5639 5310
5035 5263 5592 5639 5310 5264 5593 5640 5311
5036 5264 5593 5640 5311 5265 5594 5641 5312
5037 5265 5594 5641 5312 5266 5595 5642 5313
5038 5266 5595 5642 5313 5267 5596 5643 5314
5039 5267 5596 5643 5314 5268 5597 5644 5315
5040 5268 5597 5644 5315 5269 5598 5645 5316
5041 5269 5598 5645 5316 5270 5599 5646 5317
5042 5270 5599 5646 5317 5271 5600 5647 5318
5043 5271 5600 5647 5318 5272 5601 5648 5319
5044 5272 5601 5648 5319 5273 5602 5649 5320
5045 5273 5602 5649 5320 5274 5603 5650 5321
5046 5274 5603 5650 5321 5275 5604 5651 5322
5047 5275 5604 5651 5322 5276 5605 5652 5323
5048 5276 5605 5652 5323 5277 5606 5653 5324
5049 5277 5606 5653 5324 5278 5607 5654 5325
5050 5278 5607 5654 5325 5279 5608 5655 5326
5051 5279 5608 5655 5326 5280 5609 5656 5327
5052 5280 5609 5656 5327 5281 5610 5657 5328
5053 5281 5610 5657 5328 5282 5611 5658 5329
5054 5282 5611 5658 5329 5283 5612 5659 5330
5055 5283 5612 5659 5330 5284 5613 5660 5331
5056 5284 5613 5660 5331 5285 5614 5661 5332
5057 5285 5614 5661 5332 5286 5615 5662 5333
5058 5286 5615 5662 5333 5287 5616 5663 5334
5059 5287 5616 5663 5334 5288 5617 5664 5335
5060 5288 5617 5664 5335 5289 5618 5665 5336
5061 5289 5618 5665 5336 5290 5619 5666 5337
5062 5290 5619 5666 5337 5291 5620 5667 5338
5063 5291 5620 5667 5338 5292 5621 5668 5339
5064 5292 5621 5668 5339 5293 5622 5669 5340
5065 5293 5622 5669 5340 5294 5623 5670 5341
5066 5294 5623 5670 5341 5295 5624 5671 5342
5067 5295 5624 5671 5342 5296 5625 5672 5343
5068 5296 5625 5672 5343 5297 5626 5673 5344
5069 5297 5626 5673 5344 5298 5627 5674 5345
5070 5298 5627 5674 5345 5299 5628 5675 5346
5071 5299 5628 5675 5346 5300 5629 5676 5347
5072 5300 5629 5676 5347 5301 5630 5677 5348
5073 5301 5630 5677 5348 1933 1940 1941 1934
5074 499 506 29 30 5302 5631 1235 1282
5075 5302 5631 1235 1282 5303 5632 1236 1283
5076 5303 5632 1236 1283 5304 5633 1237 1284
5077 5304 5633 1237 1284 5305 5634 1238 1285
5078 5305 5634 1238 1285 5306 5635 1239 1286
5079 5306 5635 1239 1286 5307 5636 1240 1287
5080 5307 5636 1240 1287 5308 5637 1241 1288
5081 5308 5637 1241 1288 5309 5638 1242 1289
5082 5309 5638 1242 1289 5310 5639 1243 1290
5083 5310 5639 1243 1290 5311 5640 1244 1291
5084 5311 5640 1244 1291 5312 5641 1245 1292
5085 5312 5641 1245 1292 5313 5642 1246 1293
5086 5313 5642 1246 1293 5314 5643 1247 1294
5087 5314 5643 1247 1294 5315 5644 1248 1295
5088 5315 5644 1248 1295 5316 5645 1249 1296
5089 5316 5645 1249 1296 5317 5646 1250 1297
5090 5317 5646 1250 1297 5318 5647 1251 1298
5091 5318 5647 1251 1298 5319 5648 1252 1299
5092 5319 5648 1252 1299 5320 5649 1253 1300
5093 5320 5649 1253 1300 5321 5650 1254 1301
5094 5321 5650 1254 1301 5322 5651 1255 1302
5095 5322 5651 1255 1302 5323 5652 1256 1303
5096 5323 5652 1256 1303 5324 5653 1257 1304
5097 5324 5653 1257 1304 5325 5654 1258 1305
5098 5325 5654 1258 1305 5326 5655 1259 1306
5099 5326 5655 1259 1306 5327 5656 1260 1307
5100 5327 5656 1260 1307 5328 5657 1261 1308
5101 5328 5657 1261 1308 5329 5658 1262 1309
5102 5329 5658 1262 1309 5330 5659 1263 1310
5103 5330 5659 1263 1310 5331 5660 1264 1311
5104 5331 5660 1264 1311 5332 5661 1265 1312
5105 5332 5661 1265 1312 5333 5662 1266 1313
5106 5333 5662 1266 1313 5334 5663 1267 1314
5107 5334 5663 1267 1314 5335 5664 1268 1315
5108 5335 5664 1268 1315 5336 5665 1269 1316
5109 5336 5665 1269 1316 5337 5666 1270 1317
5110 5337 5666 1270 1317 5338 5667 1271 1318
5111 5338 5667 1271 1318 5339 5668 1272 1319
5112 5339 5668 1272 1319 5340 5669 1273 1320
5113 5340 5669 1273 1320 5341 5670 1274 1321
5114 5341 5670 1274 1321 5342 5671 1275 1322
5115 5342 5671 1275 1322 5343 5672 1276 1323
5116 5343 5672 1276 1323 5344 5673 1277 1324
5117 5344 5673 1277 1324 5345 5674 1278 1325
5118 5345 5674 1278 1325 5346 5675 1279 1326
5119 5346 5675 1279 1326 5347 5676 1280 1327
5120 5347 5676 1280 1327 5348 5677 1281 1328
5121 5348 5677 1281 1328 1934 1941 86 87
5122 21 2 22 500 859 147 906 5349
5123 859 147 906 5349 860 148 907 5350
5124 860 148 907 5350 861 149 908 5351
5125 861 149 908 5351 862 150 909 5352
5126 862 150 909 5352 863 151 910 5353
5127 863 151 910 5353 864 152 911 5354
5128 864 152 911 5354 865 153 912 5355
5129 865 153 912 5355 866 154 913 5356
5130 866 154 913 5356 867 155 914 5357
5131 867 155 914 5357 868 156 915 5358
5132 868 156 915 5358 869 157 916 5359
5133 869 157 916 5359 870 158 917 5360
5134 870 158 917 5360 871 159 918 5361
5135 871 159 918 5361 872 160 919 5362
5136 872 160 919 5362 873 161 920 5363
5137 873 161 920 5363 874 162 921 5364
5138 874 162 921 5364 875 163 922 5365
5139 875 163 922 5365 876 164 923 5366
5140 876 164 923 5366 877 165 924 5367
5141 877 165 924 5367 878 166 925 5368
5142 878 166 925 5368 879 167 926 5369
5143 879 167 926 5369 880 168 927 5370
5144 880 168 927 5370 881 169 928 5371
5145 881 169 928 5371 882 170 929 5372
5146 882 170 929 5372 883 171 930 5373
5147 883 171 930 5373 884 172 931 5374
5148 884 172 931 5374 885 173 932 5375
5149 885 173 932 5375 886 174 933 5376
5150 886 174 933 5376 887 175 934 5377
5151 887 175 934 5377 888 176 935 5378
5152 888 176 935 5378 889 177 936 5379
5153 889 177 936 5379 890 178 937 5380
5154 890 178 937 5380 891 179 938 5381
5155 891 179 938 5381 892 180 939 5382
5156 892 180 939 5382 893 181 940 5383
5157 893 181 940 5383 894 182 941 5384
5158 894 182 941 5384 895 183 942 5385
5159 895 183 942 5385 896 184 943 5386
5160 896 184 943 5386 897 185 944 5387
5161 897 185 944 5387 898 186 945 5388
5162 898 186 945 5388 899 187 946 5389
5163 899 187 946 5389 900 188 947 5390
5164 900 188 947 5390 901 189 948 5391
5165 901 189 948 5391 902 190 949 5392
5166 902 190 949 5392 903 191 950 5393
5167 903 191 950 5393 904 192 951 5394
5168 904 192 951 5394 905 193 952 5395
5169 905 193 952 5395 78 9 79 1935
5170 500 22 23 501 5349 906 953 5396
5171 5349 906 953 5396 5350 907 954 5397
5172 5350 907 954 5397 5351 908 955 5398
5173 5351 908 955 5398 5352 909 956 5399
5174 5352 909 956 5399 5353 910 957 5400
5175 5353 910 957 5400 5354 911 958 5401
5176 5354 911 958 5401 5355 912 959 5402
5177 5355 912 959 5402 5356 913 960 5403
5178 5356 913 960 5403 5357 914 961 5404
5179 5357 914 961 5404 5358 915 962 5405
5180 5358 915 962 5405 5359 916 963 5406
5181 5359 916 963 5406 5360 917 964 5407
5182 5360 917 964 5407 5361 918 965 5408
5183 5361 918 965 5408 5362 919 966 5409
5184 5362 919 966 5409 5363 920 967 5410
5185 5363 920 967 5410 5364 921 968 5411
5186 5364 921 968 5411 5365 922 969 5412
5187 5365 922 969 5412 5366 923 970 5413
5188 5366 923 970 5413 5367 924 971 5414
5189 5367 924 971 5414 5368 925 972 5415
5190 5368 925 972 5415 5369 926 973 5416
5191 5369 926 973 5416 5370 927 974 5417
5192 5370 927 974 5417 5371 928 975 5418
5193 5371 928 975 5418 5372 929 976 5419
5194 5372 929 976 5419 5373 930 977 5420
5195 5373 930 977 5420 5374 931 978 5421
5196 5374 931 978 5421 5375 932 979 5422
5197 5375 932 979 5422 5376 933 980 5423
5198 5376 933 980 5423 5377 934 981 5424
5199 5377 934 981 5424 5378 935 982 5425
5200 5378 935 982 5425 5379 936 983 5426
5201 5379 936 983 5426 5380 937 984 5427
5202 5380 937 984 5427 5381 938 985 5428
5203 5381 938 985 5428 5382 939 986 5429
5204 5382 939 986 5429 5383 940 987 5430
5205 5383 940 987 5430 5384 941 988 5431
5206 5384 941 988 5431 5385 942 989 5432
5207 5385 942 989 5432 5386 943 990 5433
5208 5386 943 990 5433 5387 944 991 5434
5209 5387 944 991 5434 5388 945 992 5435
5210 5388 945 992 5435 5389 946 993 5436
5211 5389 946 993 5436 5390 947 994 5437
5212 5390 947 994 5437 5391 948 995 5438
5213 5391 948 995 5438 5392 949 996 5439
5214 5392 949 996 5439 5393 950 997 5440
5215 5393 950 997 5440 5394 951 998 5441
5216 5394 951 998 5441 5395 952 999 5442
5217 5395 952 999 5442 1935 79 80 1936
5218 501 23 24 502 5396 953 1000 5443
5219 5396 953 1000 5443 5397 954 1001 5444
5220 5397 954 1001 5444 5398 955 1002 5445
5221 5398 955 1002 5445 5399 956 1003 5446
5222 5399 956 1003 5446 5400 957 1004 5447
5223 5400 957 1004 5447 5401 958 1005 5448
5224 5401 958 1005 5448 5402 959 1006 5449
5225 5402 959 1006 5449 5403 960 1007 5450
5226 5403 960 1007 5450 5404 961 1008 5451
5227 5404 961 1008 5451 5405 962 1009 5452
5228 5405 962 1009 5452 5406 963 1010 5453
5229 5406 963 1010 5453 5407 964 1011 5454
5230 5407 964 1011 5454 5408 965 1012 5455
5231 5408 965 1012 5455 5409 966 1013 5456
5232 5409 966 1013 5456 5410 967 1014 5457
5233 5410 967 1014 5457 5411 968 1015 5458
5234 5411 968 1015 5458 5412 969 1016 5459
5235 5412 969 1016 5459 5413 970 1017 5460
5236 5413 970 1017 5460 5414 971 1018 5461
5237 5414 971 1018 5461 5415 972 1019 5462
5238 5415 972 1019 5462 5416 973 1020 5463
5239 5416 973 1020 5463 5417 974 1021 5464
5240 5417 974 1021 5464 5418 975 1022 5465
5241 5418 975 1022 5465 5419 976 1023 5466
5242 5419 976 1023 5466 5420 977 1024 5467
5243 5420 977 1024 5467 5421 978 1025 5468
5244 5421 978 1025 5468 5422 979 1026 5469
5245 5422 979 1026 5469 5423 980 1027 5470
5246 5423 980 1027 5470 5424 981 1028 5471
5247 5424 981 1028 5471 5425 982 1029 5472
5248 5425 982 1029 5472 5426 983 1030 5473
5249 5426 983 1030 5473 5427 984 1031 5474
5250 5427 984 1031 5474 5428 985 1032 5475
5251 5428 985 1032 5475 5429 986 1033 5476
5252 5429 986 1033 5476 5430 987 1034 5477
5253 5430 987 1034 5477 5431 988 1035 5478
5254 5431 988 1035 5478 5432 989 1036 5479
5255 5432 989 1036 5479 5433 990 1037 5480
5256 5433 990 1037 5480 5434 991 1038 5481
5257 5434 991 1038 5481 5435 992 1039 5482
5258 5435 992 1039 5482 5436 993 1040 5483
5259 5436 993 1040 5483 5437 994 1041 5484
5260 5437 994 1041 5484 5438 995 1042 5485
5261 5438 995 1042 5485 5439 996 1043 5486
5262 5439 996 1043 5486 5440 997 1044 5487
5263 5440 997 1044 5487 5441 998 1045 5488
5264 5441 998 1045 5488 5442 999 1046 5489
5265 5442 999 1046 5489 1936 80 81 1937
5266 502 24 25 503 5443 1000 1047 5490
5267 5443 1000 1047 5490 5444 1001 1048 5491
5268 5444 1001 1048 5491 5445 1002 1049 5492
5269 5445 1002 1049 5492 5446 1003 1050 5493
5270 5446 1003 1050 5493 5447 1004 1051 5494
5271 5447 1004 1051 5494 5448 1005 1052 5495
5272 5448 1005 1052 5495 5449 1006 1053 5496
5273 5449 1006 1053 5496 5450 1007 1054 5497
5274 5450 1007 1054 5497 5451 1008 1055 5498
5275 5451 1008 1055 5498 5452 1009 1056 5499
5276 5452 1009 1056 5499 5453 1010 1057 5500
5277 5453 1010 1057 5500 5454 1011 1058 5501
5278 5454 1011 1058 5501 5455 1012 1059 5502
5279 5455 1012 1059 5502 5456 1013 1060 5503
5280 5456 1013 1060 5503 5457 1014 1061 5504
5281 5457 1014 1061 5504 5458 1015 1062 5505
5282 5458 1015 1062 5505 5459 1016 1063 5506
5283 5459 1016 1063 5506 5460 1017 1064 5507
5284 5460 1017 1064 5507 5461 1018 1065 5508
5285 5461 1018 1065 5508 5462 1019 1066 5509
5286 5462 1019 1066 5509 5463 1020 1067 5510
5287 5463 1020 1067 5510 5464 1021 1068 5511
5288 5464 1021 1068 5511 5465 1022 1069 5512
5289 5465 1022 1069 5512 5466 1023 1070 5513
5290 5466 1023 1070 5513 5467 1024 1071 5514
5291 5467 1024 1071 5514 5468 1025 1072 5515
5292 5468 1025 1072 5515 5469 1026 1073 5516
5293 5469 1026 1073 5516 5470 1027 1074 5517
5294 5470 1027 1074 5517 5471 1028 1075 5518
5295 5471 1028 1075 5518 5472 1029 1076 5519
5296 5472 1029 1076 5519 5473 1030 1077 5520
5297 5473 1030 1077 5520 5474 1031 1078 5521
5298 5474 1031 1078 5521 5475 1032 1079 5522
5299 5475 1032 1079 5522 5476 1033 1080 5523
5300 5476 1033 1080 5523 5477 1034 1081 5524
5301 5477 1034 1081 5524 5478 1035 1082 5525
5302 5478 1035 1082 5525 5479 1036 1083 5526
5303 5479 1036 1083 5526 5480 1037 1084 5527
5304 5480 1037 1084 5527 5481 1038 1085 5528
5305 5481 1038 1085 5528 5482 1039 1086 5529
5306 5482 1039 1086 5529 5483 1040 1087 5530
5307 5483 1040 1087 5530 5484 1041 1088 5531
5308 5484 1041 1088 5531 5485 1042 1089 5532
5309 5485 1042 1089 5532 5486 1043 1090 5533
5310 5486 1043 1090 5533 5487 1044 1091 5534
5311 5487 1044 1091 5534 5488 1045 1092 5535
5312 5488 1045 1092 5535 5489 1046 1093 5536
5313 5489 1046 1093 5536 1937 81 82 1938
5314 503 25 26 504 5490 1047 1094 5537
5315 5490 1047 1094 5537 5491 1048 1095 5538
5316 5491 1048 1095 5538 5492 1049 1096 5539
5317 5492 1049 1096 5539 5493 1050 1097 5540
5318 5493 1050 1097 5540 5494 1051 1098 5541
5319 5494 1051 1098 5541 5495 1052 1099 5542
5320 5495 1052 1099 5542 5496 1053 1100 5543
5321 5496 1053 1100 5543 5497 1054 1101 5544
5322 5497 1054 1101 5544 5498 1055 1102 5545
5323 5498 1055 1102 5545 5499 1056 1103 5546
5324 5499 1056 1103 5546 5500 1057 1104 5547
5325 5500 1057 1104 5547 5501 1058 1105 5548
5326 5501 1058 1105 5548 5502 1059 1106 5549
5327 5502 1059 1106 5549 5503 1060 1107 5550
5328 5503 1060 1107 5550 5504 1061 1108 5551
5329 5504 1061 1108 5551 5505 1062 1109 5552
5330 5505 1062 1109 5552 5506 1063 1110 5553
5331 5506 1063 1110 5553 5507 1064 1111 5554
5332 5507 1064 1111 5554 5508 1065 1112 5555
5333 5508 1065 1112 5555 5509 1066 1113 5556
5334 5509 1066 1113 5556 5510 1067 1114 5557
5335 5510 1067 1114 5557 5511 1068 1115 5558
5336 5511 1068 1115 5558 5512 1069 1116 5559
5337 5512 1069 1116 5559 5513 1070 1117 5560
5338 5513 1070 1117 5560 5514 1071 1118 5561
5339 5514 1071 1118 5561 5515 1072 1119 5562
5340 5515 1072 1119 5562 5516 1073 1120 5563
5341 5516 1073 1120 5563 5517 1074 1121 5564
5342 5517 1074 1121 5564 5518 1075 1122 5565
5343 5518 1075 1122 5565 5519 1076 1123 5566
5344 5519 1076 1123 5566 5520 1077 1124 5567
5345 5520 1077 1124 5567 5521 1078 1125 5568
5346 5521 1078 1125 5568 5522 1079 1126 5569
5347 5522 1079 1126 5569 5523 1080 1127 5570
5348 5523 1080 1127 5570 5524 1081 1128 5571
5349 5524 1081 1128 5571 5525 1082 1129 5572
5350 5525 1082 1129 5572 5526 1083 1130 5573
5351 5526 1083 1130 5573 5527 1084 1131 5574
5352 5527 1084 1131 5574 5528 1085 1132 5575
5353 5528 1085 1132 5575 5529 1086 1133 5576
5354 5529 1086 1133 5576 5530 1087 1134 5577
5355 5530 1087 1134 5577 5531 1088 1135 5578
5356 5531 1088 1135 5578 5532 1089 1136 5579
5357 5532 1089 1136 5579 5533 1090 1137 5580
5358 5533 1090 1137 5580 5534 1091 1138 5581
5359 5534 1091 1138 5581 5535 1092 1139 5582
5360 5535 1092 1139 5582 5536 1093 1140 5583
5361 5536 1093 1140 5583 1938 82 83 1939
5362 504 26 27 505 5537 1094 1141 5584
5363 5537 1094 1141 5584 5538 1095 1142 5585
5364 5538 1095 1142 5585 5539 1096 1143 5586
5365 5539 1096 1143 5586 5540 1097 1144 5587
5366 5540 1097 1144 5587 5541 1098 1145 5588
5367 5541 1098 1145 5588 5542 1099 1146 5589
5368 5542 1099 1146 5589 5543 1100 1147 5590
5369 5543 1100 1147 5590 5544 1101 1148 5591
5370 5544 1101 1148 5591 5545 1102 1149 5592
5371 5545 1102 1149 5592 5546 1103 1150 5593
5372 5546 1103 1150 5593 5547 1104 1151 5594
5373 5547 1104 1151 5594 5548 1105 1152 5595
5374 5548 1105 1152 5595 5549 1106 1153 5596
5375 5549 1106 1153 5596 5550 1107 1154 5597
5376 5550 1107 1154 5597 5551 1108 1155 5598
5377 5551 1108 1155 5598 5552 1109 1156 5599
5378 5552 1109 1156 5599 5553 1110 1157 5600
5379 5553 1110 1157 5600 5554 1111 1158 5601
5380 5554 1111 1158 5601 5555 1112 1159 5602
5381 5555 1112 1159 5602 5556 1113 1160 5603
5382 5556 1113 1160 5603 5557 1114 1161 5604
5383 5557 1114 1161 5604 5558 1115 1162 5605
5384 5558 1115 1162 5605 5559 1116 1163 5606
5385 5559 1116 1163 5606 5560 1117 1164 5607
5386 5560 1117 1164 5607 5561 1118 1165 5608
5387 5561 1118 1165 5608 5562 1119 1166 5609
5388 5562 1119 1166 5609 5563 1120 1167 5610
5389 5563 1120 1167 5610 5564 1121 1168 5611
5390 5564 1121 1168 5611 5565 1122 1169 5612
5391 5565 1122 1169 5612 5566 1123 1170 5613
5392 5566 1123 1170 5613 5567 1124 1171 5614
5393 5567 1124 1171 5614 5568 1125 1172 5615
5394 5568 1125 1172 5615 5569 1126 1173 5616
5395 5569 1126 1173 5616 5570 1127 1174 5617
5396 5570 1127 1174 5617 5571 1128 1175 5618
5397 5571 1128 1175 5618 5572 1129 1176 5619
5398 5572 1129 1176 5619 5573 1130 1177 5620
5399 5573 1130 1177 5620 5574 1131 1178 5621
5400 5574 1131 1178 5621 5575 1132 1179 5622
5401 5575 1132 1179 5622 5576 1133 1180 5623
5402 5576 1133 1180 5623 5577 1134 1181 5624
5403 5577 1134 1181 5624 5578 1135 1182 5625
5404 5578 1135 1182 5625 5579 1136 1183 5626
5405 5579 1136 1183 5626 5580 1137 1184 5627
5406 5580 1137 1184 5627 5581 1138 1185 5628
5407 5581 1138 1185 5628 5582 1139 1186 5629
5408 5582 1139 1186 5629 5583 1140 1187 5630
5409 5583 1140 1187 5630 1939 83 84 1940
5410 505 27 28 506 5584 1141 1188 5631
5411 5584 1141 1188 5631 5585 1142 1189 5632
5412 5585 1142 1189 5632 5586 1143 1190 5633
5413 5586 1143 1190 5633 5587 1144 1191 5634
5414 5587 1144 1191 5634 5588 1145 1192 5635
5415 5588 1145 1192 5635 5589 1146 1193 5636
5416 5589 1146 1193 5636 5590 1147 1194 5637
5417 5590 1147 1194 5637 5591 1148 1195 5638
5418 5591 1148 1195 5638 5592 1149 1196 5639
5419 5592 1149 1196 5639 5593 1150 1197 5640
5420 5593 1150 1197 5640 5594 1151 1198 5641
5421 5594 1151 1198 5641 5595 1152 1199 5642
5422 5595 1152 1199 5642 5596 1153 1200 5643
5423 5596 1153 1200 5643 5597 1154 1201 5644
5424 5597 1154 1201 5644 5598 1155 1202 5645
5425 5598 1155 1202 5645 5599 1156 1203 5646
5426 5599 1156 1203 5646 5600 1157 1204 5647
5427 5600 1157 1204 5647 5601 1158 1205 5648
5428 5601 1158 1205 5648 5602 1159 1206 5649
5429 5602 1159 1206 5649 5603 1160 1207 5650
5430 5603 1160 1207 5650 5604 1161 1208 5651
5431 5604 1161 1208 5651 5605 1162 1209 5652
5432 5605 1162 1209 5652 5606 1163 1210 5653
5433 5606 1163 1210 5653 5607 1164 1211 5654
5434 5607 1164 1211 5654 5608 1165 1212 5655
5435 5608 1165 1212 5655 5609 1166 1213 5656
5436 5609 1166 1213 5656 5610 1167 1214 5657
5437 5610 1167 1214 5657 5611 1168 1215 5658
5438 5611 1168 1215 5658 5612 1169 1216 5659
5439 5612 1169 1216 5659 5613 1170 1217 5660
5440 5613 1170 1217 5660 5614 1171 1218 5661
5441 5614 1171 1218 5661 5615 1172 1219 5662
5442 5615 1172 1219 5662 5616 1173 1220 5663
5443 5616 1173 1220 5663 5617 1174 1221 5664
5444 5617 1174 1221 5664 5618 1175 1222 5665
5445 5618 1175 1222 5665 5619 1176 1223 5666
5446 5619 1176 1223 5666 5620 1177 1224 5667
5447 5620 1177 1224 5667 5621 1178 1225 5668
5448 5621 1178 1225 5668 5622 1179 1226 5669
5449 5622 1179 1226 5669 5623 1180 1227 5670
5450 5623 1180 1227 5670 5624 1181 1228 5671
5451 5624 1181 1228 5671 5625 1182 1229 5672
5452 5625 1182 1229 5672 5626 1183 1230 5673
5453 5626 1183 1230 5673 5627 1184 1231 5674
5454 5627 1184 1231 5674 5628 1185 1232 5675
5455 5628 1185 1232 5675 5629 1186 1233 5676
5456 5629 1186 1233 5676 5630 1187 1234 5677
5457 5630 1187 1234 5677 1940 84 85 1941
5458 506 28 3 29 5631 1188 194 1235
5459 5631 1188 194 1235 5632 1189 195 1236
5460 5632 1189 195 1236 5633 1190 196 1237
5461 5633 1190 196 1237 5634 1191 197 1238
5462 5634 1191 197 1238 5635 1192 198 1239
5463 5635 1192 198 1239 5636 1193 199 1240
5464 5636 1193 199 1240 5637 1194 200 1241
5465 5637 1194 200 1241 5638 1195 201 1242
5466 5638 1195 201 1242 5639 1196 202 1243
5467 5639 1196 202 1243 5640 1197 203 1244
5468 5640 1197 203 1244 5641 1198 204 1245
5469 5641 1198 204 1245 5642 1199 205 1246
5470 5642 1199 205 1246 5643 1200 206 1247
5471 5643 1200 206 1247 5644 1201 207 1248
5472 5644 1201 207 1248 5645 1202 208 1249
5473 5645 1202 208 1249 5646 1203 209 1250
5474 5646 1203 209 1250 5647 1204 210 1251
5475 5647 1204 210 1251 5648 1205 211 1252
5476 5648 1205 211 1252 5649 1206 212 1253
5477 5649 1206 212 1253 5650 1207 213 1254
5478 5650 1207 213 1254 5651 1208 214 1255
5479 5651 1208 214 1255 5652 1209 215 1256
5480 5652 1209 215 1256 5653 1210 216 1257
5481 5653 1210 216 1257 5654 1211 217 1258
5482 5654 1211 217 1258 5655 1212 218 1259
5483 5655 1212 218 1259 5656 1213 219 1260
5484 5656 1213 219 1260 5657 1214 220 1261
5485 5657 1214 220 1261 5658 1215 221 1262
5486 5658 1215 221 1262 5659 1216 222 1263
5487 5659 1216 222 1263 5660 1217 223 1264
5488 5660 1217 223 1264 5661 1218 224 1265
5489 5661 1218 224 1265 5662 1219 225 1266
5490 5662 1219 225 1266 5663 1220 226 1267
5491 5663 1220 226 1267 5664 1221 227 1268
5492 5664 1221 227 1268 5665 1222 228 1269
5493 5665 1222 228 1269 5666 1223 229 1270
5494 5666 1223 229 1270 5667 1224 230 1271
5495 5667 1224 230 1271 5668 1225 231 1272
5496 5668 1225 231 1272 5669 1226 232 1273
5497 5669 1226 232 1273 5670 1227 233 1274
5498 5670 1227 233 1274 5671 1228 234 1275
5499 5671 1228 234 1275 5672 1229 235 1276
5500 5672 1229 235 1276 5673 1230 236 1277
5501 5673 1230 236 1277 5674 1231 237 1278
5502 5674 1231 237 1278 5675 1232 238 1279
5503 5675 1232 238 1279 5676 1233 239 1280
5504 5676 1233 239 1280 5677 1234 240 1281
5505 5677 1234 240 1281 1941 85 10 86
3 2 5 2304
5506 2 43 507 22 147 1942 5678 906
5507 147 1942 5678 906 148 1943 5679 907
5508 148 1943 5679 907 149 1944 5680 908
5509 149 1944 5680 908 150 1945 5681 909
5510 150 1945 5681 909 151 1946 5682 910
5511 151 1946 5682 910 152 1947 5683 911
5512 152 1947 5683 911 153 1948 5684 912
5513 153 1948 5684 912 154 1949 5685 913
5514 154 1949 5685 913 155 1950 5686 914
5515 155 1950 5686 914 156 1951 5687 915
5516 156 1951 5687 915 157 1952 5688 916
5517 157 1952 5688 916 158 1953 5689 917
5518 158 1953 5689 917 159 1954 5690 918
5519 159 1954 5690 918 160 1955 5691 919
5520 160 1955 5691 919 161 1956 5692 920
5521 161 1956 5692 920 162 1957 5693 921
5522 162 1957 5693 921 163 1958 5694 922
5523 163 1958 5694 922 164 1959 5695 923
5524 164 1959 5695 923 165 1960 5696 924
5525 165 1960 5696 924 166 1961 5697 925
5526 166 1961 5697 925 167 1962 5698 926
5527 167 1962 5698 926 168 1963 5699 927
5528 168 1963 5699 927 169 1964 5700 928
5529 169 1964 5700 928 170 1965 5701 929
5530 170 1965 5701 929 171 1966 5702 930
5531 171 1966 5702 930 172 1967 5703 931
5532 172 1967 5703 931 173 1968 5704 932
5533 173 1968 5704 932 174 1969 5705 933
5534 174 1969 5705 933 175 1970 5706 934
5535 175 1970 5706 934 176 1971 5707 935
5536 176 1971 5707 935 177 1972 5708 936
5537 177 1972 5708 936 178 1973 5709 937
5538 178 1973 5709 937 179 1974 5710 938
5539 179 1974 5710 938 180 1975 5711 939
5540 180 1975 5711 939 181 1976 5712 940
5541 181 1976 5712 940 182 1977 5713 941
5542 182 1977 5713 941 183 1978 5714 942
5543 183 1978 5714 942 184 1979 5715 943
5544 184 1979 5715 943 185 1980 5716 944
5545 185 1980 5716 944 186 1981 5717 945
5546 186 1981 5717 945 187 1982 5718 946
5547 187 1982 5718 946 188 1983 5719 947
5548 188 1983 5719 947 189 1984 5720 948
5549 189 1984 5720 948 190 1985 5721 949
5550 190 1985 5721 949 191 1986 5722 950
5551 191 1986 5722 950 192 1987 5723 951
5552 192 1987 5723 951 193 1988 5724 952
5553 193 1988 5724 952 9 288 2741 79
5554 22 507 508 23 906 5678 5725 953
5555 906 5678 5725 953 907 5679 5726 954
5556 907 5679 5726 954 908 5680 5727 955
5557 908 5680 5727 955 909 5681 5728 956
5558 909 5681 5728 956 910 5682 5729 957
5559 910 5682 5729 957 911 5683 5730 958
5560 911 5683 5730 958 912 5684 5731 959
5561 912 5684 5731 959 913 5685 5732 960
5562 913 5685 5732 960 914 5686 5733 961
5563 914 5686 5733 961 915 5687 5734 962
5564 915 5687 5734 962 916 5688 5735 963
5565 916 5688 5735 963 917 5689 5736 964
5566 917 5689 5736 964 918 5690 5737 965
5567 918 5690 5737 965 919 5691 5738 966
5568 919 5691 5738 966 920 5692 5739 967
5569 920 5692 5739 967 921 5693 5740 968
5570 921 5693 5740 968 922 5694 5741 969
5571 922 5694 5741 969 923 5695 5742 970
5572 923 5695 5742 970 924 5696 5743 971
5573 924 5696 5743 971 925 5697 5744 972
5574 925 5697 5744 972 926 5698 5745 973
5575 926 5698 5745 973 927 5699 5746 974
5576 927 5699 5746 974 928 5700 5747 975
5577 928 5700 5747 975 929 5701 5748 976
5578 929 5701 5748 976 930 5702 5749 977
5579 930 5702 5749 977 931 5703 5750 978
5580 931 5703 5750 978 932 5704 5751 979
5581 932 5704 5751 979 933 5705 5752 980
5582 933 5705 5752 980 934 5706 5753 981
5583 934 5706 5753 981 935 5707 5754 982
5584 935 5707 5754 982 936 5708 5755 983
5585 936 5708 5755 983 937 5709 5756 984
5586 937 5709 5756 984 938 5710 5757 985
5587 938 5710 5757 985 939 5711 5758 986
5588 939 5711 5758 986 940 5712 5759 987
5589 940 5712 5759 987 941 5713 5760 988
5590 941 5713 5760 988 942 5714 5761 989
5591 942 5714 5761 989 943 5715 5762 990
5592 943 5715 5762 990 944 5716 5763 991
5593 944 5716 5763 991 945 5717 5764 992
5594 945 5717 5764 992 946 5718 5765 993
5595 946 5718 5765 993 947 5719 5766 994
5596 947 5719 5766 994 948 5720 5767 995
5597 948 5720 5767 995 949 5721 5768 996
5598 949 5721 5768 996 950 5722 5769 997
5599 950 5722 5769 997 951 5723 5770 998
5600 951 5723 5770 998 952 5724 5771 999
5601 952 5724 5771 999 79 2741 2742 80
5602 23 508 509 24 953 5725 5772 1000
5603 953 5725 5772 1000 954 5726 5773 1001
5604 954 5726 5773 1001 955 5727 5774 1002
5605 955 5727 5774 1002 956 5728 5775 1003
5606 956 5728 5775 1003 957 5729 5776 1004
5607 957 5729 5776 1004 958 5730 5777 1005
5608 958 5730 5777 1005 959 5731 5778 1006
5609 959 5731 5778 1006 960 5732 5779 1007
5610 960 5732 5779 1007 961 5733 5780 1008
5611 961 5733 5780 1008 962 5734 5781 1009
5612 962 5734 5781 1009 963 5735 5782 1010
5613 963 5735 5782 1010 964 5736 5783 1011
5614 964 5736 5783 1011 965 5737 5784 1012
5615 965 5737 5784 1012 966 5738 5785 1013
5616 966 5738 5785 1013 967 5739 5786 1014
5617 967 5739 5786 1014 968 5740 5787 1015
5618 968 5740 5787 1015 969 5741 5788 1016
5619 969 5741 5788 1016 970 5742 5789 1017
5620 970 5742 5789 1017 971 5743 5790 1018
5621 971 5743 5790 1018 972 5744 5791 1019
5622 972 5744 5791 1019 973 5745 5792 1020
5623 973 5745 5792 1020 974 5746 5793 1021
5624 974 5746 5793 1021 975 5747 5794 1022
5625 975 5747 5794 1022 976 5748 5795 1023
5626 976 5748 5795 1023 977 5749 5796 1024
5627 977 5749 5796 1024 978 5750 5797 1025
5628 978 5750 5797 1025 979 5751 5798 1026
5629 979 5751 5798 1026 980 5752 5799 1027
5630 980 5752 5799 1027 981 5753 5800 1028
5631 981 5753 5800 1028 982 5754 5801 1029
5632 982 5754 5801 1029 983 5755 5802 1030
5633 983 5755 5802 1030 984 5756 5803 1031
5634 984 5756 5803 1031 985 5757 5804 1032
5635 985 5757 5804 1032 986 5758 5805 1033
5636 986 5758 5805 1033 987 5759 5806 1034
5637 987 5759 5806 1034 988 5760 5807 1035
5638 988 5760 5807 1035 989 5761 5808 1036
5639 989 5761 5808 1036 990 5762 5809 1037
5640 990 5762 5809 1037 991 5763 5810 1038
5641 991 5763 5810 1038 992 5764 5811 1039
5642 992 5764 5811 1039 993 5765 5812 1040
5643 993 5765 5812 1040 994 5766 5813 1041
5644 994 5766 5813 1041 995 5767 5814 1042
5645 995 5767 5814 1042 996 5768 5815 1043
5646 996 5768 5815 1043 997 5769 5816 1044
5647 997 5769 5816 1044 998 5770 5817 1045
5648 998 5770 5817 1045 999 5771 5818 1046
5649 999 5771 5818 1046 80 2742 2743 81
5650 24 509 510 25 1000 5772 5819 1047
5651 1000 5772 5819 1047 1001 5773 5820 1048
5652 1001 5773 5820 1048 1002 5774 5821 1049
5653 1002 5774 5821 1049 1003 5775 5822 1050
5654 1003 5775 5822 1050 1004 5776 5823 1051
5655 1004 5776 5823 1051 1005 5777 5824 1052
5656 1005 5777 5824 1052 1006 5778 5825 1053
5657 1006 5778 5825 1053 1007 5779 5826 1054
5658 1007 5779 5826 1054 1008 5780 5827 1055
5659 1008 5780 5827 1055 1009 5781 5828 1056
5660 1009 5781 5828 1056 1010 5782 5829 1057
5661 1010 5782 5829 1057 1011 5783 5830 1058
5662 1011 5783 5830 1058 1012 5784 5831 1059
5663 1012 5784 5831 1059 1013 5785 5832 1060
5664 1013 5785 5832 1060 1014 5786 5833 1061
5665 1014 5786 5833 1061 1015 5787 5834 1062
5666 1015 5787 5834 1062 1016 5788 5835 1063
5667 1016 5788 5835 1063 1017 5789 5836 1064
5668 1017 5789 5836 1064 1018 5790 5837 1065
5669 1018 5790 5837 1065 1019 5791 5838 1066
5670 1019 5791 5838 1066 1020 5792 5839 1067
5671 1020 5792 5839 1067 1021 5793 5840 1068
5672 1021 5793 5840 1068 1022 5794 5841 1069
5673 1022 5794 5841 1069 1023 5795 5842 1070
5674 1023 5795 5842 1070 1024 5796 5843 1071
5675 1024 5796 5843 1071 1025 5797 5844 1072
5676 1025 5797 5844 1072 1026 5798 5845 1073
5677 1026 5798 5845 1073 1027 5799 5846 1074
5678 1027 5799 5846 1074 1028 5800 5847 1075
5679 1028 5800 5847 1075 1029 5801 5848 1076
5680 1029 5801 5848 1076 1030 5802 5849 1077
5681 1030 5802 5849 1077 1031 5803 5850 1078
5682 1031 5803 5850 1078 1032 5804 5851 1079
5683 1032 5804 5851 1079 1033 5805 5852 1080
5684 1033 5805 5852 1080 1034 5806 5853 1081
5685 1034 5806 5853 1081 1035 5807 5854 1082
5686 1035 5807 5854 1082 1036 5808 5855 1083
5687 1036 5808 5855 1083 1037 5809 5856 1084
5688 1037 5809 5856 1084 1038 5810 5857 1085
5689 1038 5810 5857 1085 1039 5811 5858 1086
5690 1039 5811 5858 1086 1040 5812 5859 1087
5691 1040 5812 5859 1087 1041 5813 5860 1088
5692 1041 5813 5860 1088 1042 5814 5861 1089
5693 1042 5814 5861 1089 1043 5815 5862 1090
5694 1043 5815 5862 1090 1044 5816 5863 1091
5695 1044 5816 5863 1091 1045 5817 5864 1092
5696 1045 5817 5864 1092 1046 5818 5865 1093
5697 1046 5818 5865 1093 81 2743 2744 82
5698 25 510 511 26 1047 5819 5866 1094
5699 1047 5819 5866 1094 1048 5820 5867 1095
5700 1048 5820 5867 1095 1049 5821 5868 1096
5701 1049 5821 5868 1096 1050 5822 5869 1097
5702 1050 5822 5869 1097 1051 5823 5870 1098
5703 1051 5823 5870 1098 1052 5824 5871 1099
5704 1052 5824 5871 1099 1053 5825 5872 1100
5705 1053 5825 5872 1100 1054 5826 5873 1101
5706 1054 5826 5873 1101 1055 5827 5874 1102
5707 1055 5827 5874 1102 1056 5828 5875 1103
5708 1056 5828 5875 1103 1057 5829 5876 1104
5709 1057 5829 5876 1104 1058 5830 5877 1105
5710 1058 5830 5877 1105 1059 5831 5878 1106
5711 1059 5831 5878 1106 1060 5832 5879 1107
5712 1060 5832 5879 1107 1061 5833 5880 1108
5713 1061 5833 5880 1108 1062 5834 5881 1109
5714 1062 5834 5881 1109 1063 5835 5882 1110
5715 1063 5835 5882 1110 1064 5836 5883 1111
5716 1064 5836 5883 1111 1065 5837 5884 1112
5717 1065 5837 5884 1112 1066 5838 5885 1113
5718 1066 5838 5885 1113 1067 5839 5886 1114
5719 1067 5839 5886 1114 1068 5840 5887 1115
5720 1068 5840 5887 1115 1069 5841 5888 1116
5721 1069 5841 5888 1116 1070 5842 5889 1117
5722 1070 5842 5889 1117 1071 5843 5890 1118
5723 1071 5843 5890 1118 1072 5844 5891 1119
5724 1072 5844 5891 1119 1073 5845 5892 1120
5725 1073 5845 5892 1120 1074 5846 5893 1121
5726 1074 5846 5893 1121 1075 5847 5894 1122
5727 1075 5847 5894 1122 1076 5848 5895 1123
5728 1076 5848 5895 1123 1077 5849 5896 1124
5729 1077 5849 5896 1124 1078 5850 5897 1125
5730 1078 5850 5897 1125 1079 5851 5898 1126
5731 1079 5851 5898 1126 1080 5852 5899 1127
5732 1080 5852 5899 1127 1081 5853 5900 1128
5733 1081 5853 5900 1128 1082 5854 5901 1129
5734 1082 5854 5901 1129 1083 5855 5902 1130
5735 1083 5855 5902 1130 1084 5856 5903 1131
5736 1084 5856 5903 1131 1085 5857 5904 1132
5737 1085 5857 5904 1132 1086 5858 5905 1133
5738 1086 5858 5905 1133 1087 5859 5906 1134
5739 1087 5859 5906 1134 1088 5860 5907 1135
5740 1088 5860 5907 1135 1089 5861 5908 1136
5741 1089 5861 5908 1136 1090 5862 5909 1137
5742 1090 5862 5909 1137 1091 5863 5910 1138
5743 1091 5863 5910 1138 1092 5864 5911 1139
5744 1092 5864 5911 1139 1093 5865 5912 1140
5745 1093 5865 5912 1140 82 2744 2745 83
5746 26 511 512 27 1094 5866 5913 1141
5747 1094 5866 5913 1141 1095 5867 5914 1142
5748 1095 5867 5914 1142 1096 5868 5915 1143
5749 1096 5868 5915 1143 1097 5869 5916 1144
5750 1097 5869 5916 1144 1098 5870 5917 1145
5751 1098 5870 5917 1145 1099 5871 5918 1146
5752 1099 5871 5918 1146 1100 5872 5919 1147
5753 1100 5872 5919 1147 1101 5873 5920 1148
5754 1101 5873 5920 1148 1102 5874 5921 1149
5755 1102 5874 5921 1149 1103 5875 5922 1150
5756 1103 5875 5922 1150 1104 5876 5923 1151
5757 1104 5876 5923 1151 1105 5877 5924 1152
5758 1105 5877 5924 1152 1106 5878 5925 1153
5759 1106 5878 5925 1153 1107 5879 5926 1154
5760 1107 5879 5926 1154 1108 5880 5927 1155
5761 1108 5880 5927 1155 1109 5881 5928 1156
5762 1109 5881 5928 1156 1110 5882 5929 1157
5763 1110 5882 5929 1157 1111 5883 5930 1158
5764 1111 5883 5930 1158 1112 5884 5931 1159
5765 1112 5884 5931 1159 1113 5885 5932 1160
5766 1113 5885 5932 1160 1114 5886 5933 1161
5767 1114 5886 5933 1161 1115 5887 5934 1162
5768 1115 5887 5934 1162 1116 5888 5935 1163
5769 1116 5888 5935 1163 1117 5889 5936 1164
5770 1117 5889 5936 1164 1118 5890 5937 1165
5771 1118 5890 5937 1165 1119 5891 5938 1166
5772 1119 5891 5938 1166 1120 5892 5939 1167
5773 1120 5892 5939 1167 1121 5893 5940 1168
5774 1121 5893 5940 1168 1122 5894 5941 1169
5775 1122 5894 5941 1169 1123 5895 5942 1170
5776 1123 5895 5942 1170 1124 5896 5943 1171
5777 1124 5896 5943 1171 1125 5897 5944 1172
5778 1125 5897 5944 1172 1126 5898 5945 1173
5779 1126 5898 5945 1173 1127 5899 5946 1174
5780 1127 5899 5946 1174 1128 5900 5947 1175
5781 1128 5900 5947 1175 1129 5901 5948 1176
5782 1129 5901 5948 1176 1130 5902 5949 1177
5783 1130 5902 5949 1177 1131 5903 5950 1178
5784 1131 5903 5950 1178 1132 5904 5951 1179
5785 1132 5904 5951 1179 1133 5905 5952 1180
5786 1133 5905 5952 1180 1134 5906 5953 1181
5787 1134 5906 5953 1181 1135 5907 5954 1182
5788 1135 5907 5954 1182 1136 5908 5955 1183
5789 1136 5908 5955 1183 1137 5909 5956 1184
5790 1137 5909 5956 1184 1138 5910 5957 1185
5791 1138 5910 5957 1185 1139 5911 5958 1186
5792 1139 5911 5958 1186 1140 5912 5959 1187
5793 1140 5912 5959 1187 83 2745 2746 84
5794 27 512 513 28 1141 5913 5960 1188
5795 1141 5913 5960 1188 1142 5914 5961 1189
5796 1142 5914 5961 1189 1143 5915 5962 1190
5797 1143 5915 5962 1190 1144 5916 5963 1191
5798 1144 5916 5963 1191 1145 5917 5964 1192
5799 1145 5917 5964 1192 1146 5918 5965 1193
5800 1146 5918 5965 1193 1147 5919 5966 1194
5801 1147 5919 5966 1194 1148 5920 5967 1195
5802 1148 5920 5967 1195 1149 5921 5968 1196
5803 1149 5921 5968 1196 1150 5922 5969 1197
5804 1150 5922 5969 1197 1151 5923 5970 1198
5805 1151 5923 5970 1198 1152 5924 5971 1199
5806 1152 5924 5971 1199 1153 5925 5972 1200
5807 1153 5925 5972 1200 1154 5926 5973 1201
5808 1154 5926 5973 1201 1155 5927 5974 1202
5809 1155 5927 5974 1202 1156 5928 5975 1203
5810 1156 5928 5975 1203 1157 5929 5976 1204
5811 1157 5929 5976 1204 1158 5930 5977 1205
5812 1158 5930 5977 1205 1159 5931 5978 1206
5813 1159 5931 5978 1206 1160 5932 5979 1207
5814 1160 5932 5979 1207 1161 5933 5980 1208
5815 1161 5933 5980 1208 1162 5934 5981 1209
5816 1162 5934 5981 1209 1163 5935 5982 1210
5817 1163 5935 5982 1210 1164 5936 5983 1211
5818 1164 5936 5983 1211 1165 5937 5984 1212
5819 1165 5937 5984 1212 1166 5938 5985 1213
5820 1166 5938 5985 1213 1167 5939 5986 1214
5821 1167 5939 5986 1214 1168 5940 5987 1215
5822 1168 5940 5987 1215 1169 5941 5988 1216
5823 1169 5941 5988 1216 1170 5942 5989 1217
5824 1170 5942 5989 1217 1171 5943 5990 1218
5825 1171 5943 5990 1218 1172 5944 5991 1219
5826 1172 5944 5991 1219 1173 5945 5992 1220
5827 1173 5945 5992 1220 1174 5946 5993 1221
5828 1174 5946 5993 1221 1175 5947 5994 1222
5829 1175 5947 5994 1222 1176 5948 5995 1223
5830 1176 5948 5995 1223 1177 5949 5996 1224
5831 1177 5949 5996 1224 1178 5950 5997 1225
5832 1178 5950 5997 1225 1179 5951 5998 1226
5833 1179 5951 5998 1226 1180 5952 5999 1227
5834 1180 5952 5999 1227 1181 5953 6000 1228
5835 1181 5953 6000 1228 1182 5954 6001 1229
5836 1182 5954 6001 1229 1183 5955 6002 1230
5837 1183 5955 6002 1230 1184 5956 6003 1231
5838 1184 5956 6003 1231 1185 5957 6004 1232
5839 1185 5957 6004 1232 1186 5958 6005 1233
5840 1186 5958 6005 1233 1187 5959 6006 1234
5841 1187 5959 6006 1234 84 2746 2747 85
5842 28 513 59 3 1188 5960 2694 194
5843 1188 5960 2694 194 1189 5961 2695 195
5844 1189 5961 2695 195 1190 5962 2696 196
5845 1190 5962 2696 196 1191 5963 2697 197
5846 1191 5963 2697 197 1192 5964 2698 198
5847 1192 5964 2698 198 1193 5965 2699 199
5848 1193 5965 2699 199 1194 5966 2700 200
5849 1194 5966 2700 200 1195 5967 2701 201
5850 1195 5967 2701 201 1196 5968 2702 202
5851 1196 5968 2702 202 1197 5969 2703 203
5852 1197 5969 2703 203 1198 5970 2704 204
5853 1198 5970 2704 204 1199 5971 2705 205
5854 1199 5971 2705 205 1200 5972 2706 206
5855 1200 5972 2706 206 1201 5973 2707 207
5856 1201 5973 2707 207 1202 5974 2708 208
5857 1202 5974 2708 208 1203 5975 2709 209
5858 1203 5975 2709 209 1204 5976 2710 210
5859 1204 5976 2710 210 1205 5977 2711 211
5860 1205 5977 2711 211 1206 5978 2712 212
5861 1206 5978 2712 212 1207 5979 2713 213
5862 1207 5979 2713 213 1208 5980 2714 214
5863 1208 5980 2714 214 1209 5981 2715 215
5864 1209 5981 2715 215 1210 5982 2716 216
5865 1210 5982 2716 216 1211 5983 2717 217
5866 1211 5983 2717 217 1212 5984 2718 218
5867 1212 5984 2718 218 1213 5985 2719 219
5868 1213 5985 2719 219 1214 5986 2720 220
5869 1214 5986 2720 220 1215 5987 2721 221
5870 1215 5987 2721 221 1216 5988 2722 222
5871 1216 5988 2722 222 1217 5989 2723 223
5872 1217 5989 2723 223 1218 5990 2724 224
5873 1218 5990 2724 224 1219 5991 2725 225
5874 1219 5991 2725 225 1220 5992 2726 226
5875 1220 5992 2726 226 1221 5993 2727 227
5876 1221 5993 2727 227 1222 5994 2728 228
5877 1222 5994 2728 228 1223 5995 2729 229
5878 1223 5995 2729 229 1224 5996 2730 230
5879 1224 5996 2730 230 1225 5997 2731 231
5880 1225 5997 2731 231 1226 5998 2732 232
5881 1226 5998 2732 232 1227 5999 2733 233
5882 1227 5999 2733 233 1228 6000 2734 234
5883 1228 6000 2734 234 1229 6001 2735 235
5884 1229 6001 2735 235 1230 6002 2736 236
5885 1230 6002 2736 236 1231 6003 2737 237
5886 1231 6003 2737 237 1232 6004 2738 238
5887 1232 6004 2738 238 1233 6005 2739 239
5888 1233 6005 2739 239 1234 6006 2740 240
5889 1234 6006 2740 240 85 2747 304 10
5890 43 44 514 507 1942 1989 6007 5678
5891 1942 1989 6007 5678 1943 1990 6008 5679
5892 1943 1990 6008 5679 1944 1991 6009 5680
5893 1944 1991 6009 5680 1945 1992 6010 5681
5894 1945 1992 6010 5681 1946 1993 6011 5682
5895 1946 1993 6011 5682 1947 1994 6012 5683
5896 1947 1994 6012 5683 1948 1995 6013 5684
5897 1948 1995 6013 5684 1949 1996 6014 5685
5898 1949 1996 6014 5685 1950 1997 6015 5686
5899 1950 1997 6015 5686 1951 1998 6016 5687
5900 1951 1998 6016 5687 1952 1999 6017 5688
5901 1952 1999 6017 5688 1953 2000 6018 5689
5902 1953 2000 6018 5689 1954 2001 6019 5690
5903 1954 2001 6019 5690 1955 2002 6020 5691
5904 1955 2002 6020 5691 1956 2003 6021 5692
5905 1956 2003 6021 5692 1957 2004 6022 5693
5906 1957 2004 6022 5693 1958 2005 6023 5694
5907 1958 2005 6023 5694 1959 2006 6024 5695
5908 1959 2006 6024 5695 1960 2007 6025 5696
5909 1960 2007 6025 5696 1961 2008 6026 5697
5910 1961 2008 6026 5697 1962 2009 6027 5698
5911 1962 2009 6027 5698 1963 2010 6028 5699
5912 1963 2010 6028 5699 1964 2011 6029 5700
5913 1964 2011 6029 5700 1965 2012 6030 5701
5914 1965 2012 6030 5701 1966 2013 6031 5702
5915 1966 2013 6031 5702 1967 2014 6032 5703
5916 1967 2014 6032 5703 1968 2015 6033 5704
5917 1968 2015 6033 5704 1969 2016 6034 5705
5918 1969 2016 6034 5705 1970 2017 6035 5706
5919 1970 2017 6035 5706 1971 2018 6036 5707
5920 1971 2018 6036 5707 1972 2019 6037 5708
5921 1972 2019 6037 5708 1973 2020 6038 5709
5922 1973 2020 6038 5709 1974 2021 6039 5710
5923 1974 2021 6039 5710 1975 2022 6040 5711
5924 1975 2022 6040 5711 1976 2023 6041 5712
5925 1976 2023 6041 5712 1977 2024 6042 5713
5926 1977 2024 6042 5713 1978 2025 6043 5714
5927 1978 2025 6043 5714 1979 2026 6044 5715
5928 1979 2026 6044 5715 1980 2027 6045 5716
5929 1980 2027 6045 5716 1981 2028 6046 5717
5930 1981 2028 6046 5717 1982 2029 6047 5718
5931 1982 2029 6047 5718 1983 2030 6048 5719
5932 1983 2030 6048 5719 1984 2031 6049 5720
5933 1984 2031 6049 5720 1985 2032 6050 5721
5934 1985 2032 6050 5721 1986 2033 6051 5722
5935 1986 2033 6051 5722 1987 2034 6052 5723
5936 1987 2034 6052 5723 1988 2035 6053 5724
5937 1988 2035 6053 5724 288 289 2748 2741
5938 507 514 515 508 5678 6007 6054 5725
5939 5678 6007 6054 5725 5679 6008 6055 5726
5940 5679 6008 6055 5726 5680 6009 6056 5727
5941 5680 6009 6056 5727 5681 6010 6057 5728
5942 5681 6010 6057 5728 5682 6011 6058 5729
5943 5682 6011 6058 5729 5683 6012 6059 5730
5944 5683 6012 6059 5730 5684 6013 6060 5731
5945 5684 6013 6060 5731 5685 6014 6061 5732
5946 5685 6014 6061 5732 5686 6015 6062 5733
5947 5686 6015 6062 5733 5687 6016 6063 5734
5948 5687 6016 6063 5734 5688 6017 6064 5735
5949 5688 6017 6064 5735 5689 6018 6065 5736
5950 5689 6018 6065 5736 5690 6019 6066 5737
5951 5690 6019 6066 5737 5691 6020 6067 5738
5952 5691 6020 6067 5738 5692 6021 6068 5739
5953 5692 6021 6068 5739 5693 6022 6069 5740
5954 5693 6022 6069 5740 5694 6023 6070 5741
5955 5694 6023 6070 5741 5695 6024 6071 5742
5956 5695 6024 6071 5742 5696 6025 6072 5743
5957 5696 6025 6072 5743 5697 6026 6073 5744
5958 5697 6026 6073 5744 5698 6027 6074 5745
5959 5698 6027 6074 5745 5699 6028 6075 5746
5960 5699 6028 6075 5746 5700 6029 6076 5747
5961 5700 6029 6076 5747 5701 6030 6077 5748
5962 5701 6030 6077 5748 5702 6031 6078 5749
5963 5702 6031 6078 5749 5703 6032 6079 5750
5964 5703 6032 6079 5750 5704 6033 6080 5751
5965 5704 6033 6080 5751 5705 6034 6081 5752
5966 5705 6034 6081 5752 5706 6035 6082 5753
5967 5706 6035 6082 5753 5707 6036 6083 5754
5968 5707 6036 6083 5754 5708 6037 6084 5755
5969 5708 6037 6084 5755 5709 6038 6085 5756
5970 5709 6038 6085 5756 5710 6039 6086 5757
5971 5710 6039 6086 5757 5711 6040 6087 5758
5972 5711 6040 6087 5758 5712 6041 6088 5759
5973 5712 6041 6088 5759 5713 6042 6089 5760
5974 5713 6042 6089 5760 5714 6043 6090 5761
5975 5714 6043 6090 5761 5715 6044 6091 5762
5976 5715 6044 6091 5762 5716 6045 6092 5763
5977 5716 6045 6092 5763 5717 6046 6093 5764
5978 5717 6046 6093 5764 5718 6047 6094 5765
5979 5718 6047 6094 5765 5719 6048 6095 5766
5980 5719 6048 6095 5766 5720 6049 6096 5767
5981 5720 6049 6096 5767 5721 6050 6097 5768
5982 5721 6050 6097 5768 5722 6051 6098 5769
5983 5722 6051 6098 5769 5723 6052 6099 5770
5984 5723 6052 6099 5770 5724 6053 6100 5771
5985 5724 6053 6100 5771 2741 2748 2749 2742
5986 508 515 516 509 5725 6054 6101 5772
5987 5725 6054 6101 5772 5726 6055 6102 5773
5988 5726 6055 6102 5773 5727 6056 6103 5774
5989 5727 6056 6103 5774 5728 6057 6104 5775
5990 5728 6057 6104 5775 5729 6058 6105 5776
5991 5729 6058 6105 5776 5730 6059 6106 5777
5992 5730 6059 6106 5777 5731 6060 6107 5778
5993 5731 6060 6107 5778 5732 6061 6108 5779
5994 5732 6061 6108 5779 5733 6062 6109 5780
5995 5733 6062 6109 5780 5734 6063 6110 5781
5996 5734 6063 6110 5781 5735 6064 6111 5782
5997 5735 6064 6111 5782 5736 6065 6112 5783
5998 5736 6065 6112 5783 5737 6066 6113 5784
5999 5737 6066 6113 5784 5738 6067 6114 5785
6000 5738 6067 6114 5785 5739 6068 6115 5786
6001 5739 6068 6115 5786 5740 6069 6116 5787
6002 5740 6069 6116 5787 5741 6070 6117 5788
6003 5741 6070 6117 5788 5742 6071 6118 5789
6004 5742 6071 6118 5789 5743 6072 6119 5790
6005 5743 6072 6119 5790 5744 6073 6120 5791
6006 5744 6073 6120 5791 5745 6074 6121 5792
6007 5745 6074 6121 5792 5746 6075 6122 5793
6008 5746 6075 6122 5793 5747 6076 6123 5794
6009 5747 6076 6123 5794 5748 6077 6124 5795
6010 5748 6077 6124 5795 5749 6078 6125 5796
6011 5749 6078 6125 5796 5750 6079 6126 5797
6012 5750 6079 6126 5797 5751 6080 6127 5798
6013 5751 6080 6127 5798 5752 6081 6128 5799
6014 5752 6081 6128 5799 5753 6082 6129 5800
6015 5753 6082 6129 5800 5754 6083 6130 5801
6016 5754 6083 6130 5801 5755 6084 6131 5802
6017 5755 6084 6131 5802 5756 6085 6132 5803
6018 5756 6085 6132 5803 5757 6086 6133 5804
6019 5757 6086 6133 5804 5758 6087 6134 5805
6020 5758 6087 6134 5805 5759 6088 6135 5806
6021 5759 6088 6135 5806 5760 6089 6136 5807
6022 5760 6089 6136 5807 5761 6090 6137 5808
6023 5761 6090 6137 5808 5762 6091 6138 5809
6024 5762 6091 6138 5809 5763 6092 6139 5810
6025 5763 6092 6139 5810 5764 6093 6140 5811
6026 5764 6093 6140 5811 5765 6094 6141 5812
6027 5765 6094 6141 5812 5766 6095 6142 5813
6028 5766 6095 6142 5813 5767 6096 6143 5814
6029 5767 6096 6143 5814 5768 6097 6144 5815
6030 5768 6097 6144 5815 5769 6098 6145 5816
6031 5769 6098 6145 5816 5770 6099 6146 5817
6032 5770 6099 6146 5817 5771 6100 6147 5818
6033 5771 6100 6147 5818 2742 2749 2750 2743
6034 509 516 517 510 5772 6101 6148 5819
6035 5772 6101 6148 5819 5773 6102 6149 5820
6036 5773 6102 6149 5820 5774 6103 6150 5821
6037 5774 6103 6150 5821 5775 6104 6151 5822
6038 5775 6104 6151 5822 5776 6105 6152 5823
6039 5776 6105 6152 5823 5777 6106 6153 5824
6040 5777 6106 6153 5824 5778 6107 6154 5825
6041 5778 6107 6154 5825 5779 6108 6155 5826
6042 5779 6108 6155 5826 5780 6109 6156 5827
6043 5780 6109 6156 5827 5781 6110 6157 5828
6044 5781 6110 6157 5828 5782 6111 6158 5829
6045 5782 6111 6158 5829 5783 6112 6159 5830
6046 5783 6112 6159 5830 5784 6113 6160 5831
6047 5784 6113 6160 5831 5785 6114 6161 5832
6048 5785 6114 6161 5832 5786 6115 6162 5833
6049 5786 6115 6162 5833 5787 6116 6163 5834
6050 5787 6116 6163 5834 5788 6117 6164 5835
6051 5788 6117 6164 5835 5789 6118 6165 5836
6052 5789 6118 6165 5836 5790 6119 6166 5837
6053 5790 6119 6166 5837 5791 6120 6167 5838
6054 5791 6120 6167 5838 5792 6121 6168 5839
6055 5792 6121 6168 5839 5793 6122 6169 5840
6056 5793 6122 6169 5840 5794 6123 6170 5841
6057 5794 6123 6170 5841 5795 6124 6171 5842
6058 5795 6124 6171 5842 5796 6125 6172 5843
6059 5796 6125 6172 5843 5797 6126 6173 5844
6060 5797 6126 6173 5844 5798 6127 6174 5845
6061 5798 6127 6174 5845 5799 6128 6175 5846
6062 5799 6128 6175 5846 5800 6129 6176 5847
6063 5800 6129 6176 5847 5801 6130 6177 5848
6064 5801 6130 6177 5848 5802 6131 6178 5849
6065 5802 6131 6178 5849 5803 6132 6179 5850
6066 5803 6132 6179 5850 5804 6133 6180 5851
6067 5804 6133 6180 5851 5805 6134 6181 5852
6068 5805 6134 6181 5852 5806 6135 6182 5853
6069 5806 6135 6182 5853 5807 6136 6183 5854
6070 5807 6136 6183 5854 5808 6137 6184 5855
6071 5808 6137 6184 5855 5809 6138 6185 5856
6072 5809 6138 6185 5856 5810 6139 6186 5857
6073 5810 6139 6186 5857 5811 6140 6187 5858
6074 5811 6140 6187 5858 5812 6141 6188 5859
6075 5812 6141 6188 5859 5813 6142 6189 5860
6076 5813 6142 6189 5860 5814 6143 6190 5861
6077 5814 6143 6190 5861 5815 6144 6191 5862
6078 5815 6144 6191 5862 5816 6145 6192 5863
6079 5816 6145 6192 5863 5817 6146 6193 5864
6080 5817 6146 6193 5864 5818 6147 6194 5865
6081 5818 6147 6194 5865 2743 2750 2751 2744
6082 510 517 518 511 5819 6148 6195 5866
6083 5819 6148 6195 5866 5820 6149 6196 5867
6084 5820 6149 6196 5867 5821 6150 6197 5868
6085 5821 6150 6197 5868 5822 6151 6198 5869
6086 5822 6151 6198 5869 5823 6152 6199 5870
6087 5823 6152 6199 5870 5824 6153 6200 5871
6088 5824 6153 6200 5871 5825 6154 6201 5872
6089 5825 6154 6201 5872 5826 6155 6202 5873
6090 5826 6155 6202 5873 5827 6156 6203 5874
6091 5827 6156 6203 5874 5828 6157 6204 5875
6092 5828 6157 6204 5875 5829 6158 6205 5876
6093 5829 6158 6205 5876 5830 6159 6206 5877
6094 5830 6159 6206 5877 5831 6160 6207 5878
6095 5831 6160 6207 5878 5832 6161 6208 5879
6096 5832 6161 6208 5879 5833 6162 6209 5880
6097 5833 6162 6209 5880 5834 6163 6210 5881
6098 5834 6163 6210 5881 5835 6164 6211 5882
6099 5835 6164 6211 5882 5836 6165 6212 5883
6100 5836 6165 6212 5883 5837 6166 6213 5884
6101 5837 6166 6213 5884 5838 6167 6214 5885
6102 5838 6167 6214 5885 5839 6168 6215 5886
6103 5839 6168 6215 5886 5840 6169 6216 5887
6104 5840 6169 6216 5887 5841 6170 6217 5888
6105 5841 6170 6217 5888 5842 6171 6218 5889
6106 5842 6171 6218 5889 5843 6172 6219 5890
6107 5843 6172 6219 5890 5844 6173 6220 5891
6108 5844 6173 6220 5891 5845 6174 6221 5892
6109 5845 6174 6221 5892 5846 6175 6222 5893
6110 5846 6175 6222 5893 5847 6176 6223 5894
6111 5847 6176 6223 5894 5848 6177 6224 5895
6112 5848 6177 6224 5895 5849 6178 6225 5896
6113 5849 6178 6225 5896 5850 6179 6226 5897
6114 5850 6179 6226 5897 5851 6180 6227 5898
6115 5851 6180 6227 5898 5852 6181 6228 5899
6116 5852 6181 6228 5899 5853 6182 6229 5900
6117 5853 6182 6229 5900 5854 6183 6230 5901
6118 5854 6183 6230 5901 5855 6184 6231 5902
6119 5855 6184 6231 5902 5856 6185 6232 5903
6120 5856 6185 6232 5903 5857 6186 6233 5904
6121 5857 6186 6233 5904 5858 6187 6234 5905
6122 5858 6187 6234 5905 5859 6188 6235 5906
6123 5859 6188 6235 5906 5860 6189 6236 5907
6124 5860 6189 6236 5907 5861 6190 6237 5908
6125 5861 6190 6237 5908 5862 6191 6238 5909
6126 5862 6191 6238 5909 5863 6192 6239 5910
6127 5863 6192 6239 5910 5864 6193 6240 5911
6128 5864 6193 6240 5911 5865 6194 6241 5912
6129 5865 6194 6241 5912 2744 2751 2752 2745
6130 511 518 519 512 5866 6195 6242 5913
6131 5866 6195 6242 5913 5867 6196 6243 5914
6132 5867 6196 6243 5914 5868 6197 6244 5915
6133 5868 6197 6244 5915 5869 6198 6245 5916
6134 5869 6198 6245 5916 5870 6199 6246 5917
6135 5870 6199 6246 5917 5871 6200 6247 5918
6136 5871 6200 6247 5918 5872 6201 6248 5919
6137 5872 6201 6248 5919 5873 6202 6249 5920
6138 5873 6202 6249 5920 5874 6203 6250 5921
6139 5874 6203 6250 5921 5875 6204 6251 5922
6140 5875 6204 6251 5922 5876 6205 6252 5923
6141 5876 6205 6252 5923 5877 6206 6253 5924
6142 5877 6206 6253 5924 5878 6207 6254 5925
6143 5878 6207 6254 5925 5879 6208 6255 5926
6144 5879 6208 6255 5926 5880 6209 6256 5927
6145 5880 6209 6256 5927 5881 6210 6257 5928
6146 5881 6210 6257 5928 5882 6211 6258 5929
6147 5882 6211 6258 5929 5883 6212 6259 5930
6148 5883 6212 6259 5930 5884 6213 6260 5931
6149 5884 6213 6260 5931 5885 6214 6261 5932
6150 5885 6214 6261 5932 5886 6215 6262 5933
6151 5886 6215 6262 5933 5887 6216 6263 5934
6152 5887 6216 6263 5934 5888 6217 6264 5935
6153 5888 6217 6264 5935 5889 6218 6265 5936
6154 5889 6218 6265 5936 5890 6219 6266 5937
6155 5890 6219 6266 5937 5891 6220 6267 5938
6156 5891 6220 6267 5938 5892 6221 6268 5939
6157 5892 6221 6268 5939 5893 6222 6269 5940
6158 5893 6222 6269 5940 5894 6223 6270 5941
6159 5894 6223 6270 5941 5895 6224 6271 5942
6160 5895 6224 6271 5942 5896 6225 6272 5943
6161 5896 6225 6272 5943 5897 6226 6273 5944
6162 5897 6226 6273 5944 5898 6227 6274 5945
6163 5898 6227 6274 5945 5899 6228 6275 5946
6164 5899 6228 6275 5946 5900 6229 6276 5947
6165 5900 6229 6276 5947 5901 6230 6277 5948
6166 5901 6230 6277 5948 5902 6231 6278 5949
6167 5902 6231 6278 5949 5903 6232 6279 5950
6168 5903 6232 6279 5950 5904 6233 6280 5951
6169 5904 6233 6280 5951 5905 6234 6281 5952
6170 5905 6234 6281 5952 5906 6235 6282 5953
6171 5906 6235 6282 5953 5907 6236 6283 5954
6172 5907 6236 6283 5954 5908 6237 6284 5955
6173 5908 6237 6284 5955 5909 6238 6285 5956
6174 5909 6238 6285 5956 5910 6239 6286 5957
6175 5910 6239 6286 5957 5911 6240 6287 5958
6176 5911 6240 6287 5958 5912 6241 6288 5959
6177 5912 6241 6288 5959 2745 2752 2753 2746
6178 512 519 520 513 5913 6242 6289 5960
6179 5913 6242 6289 5960 5914 6243 6290 5961
6180 5914 6243 6290 5961 5915 6244 6291 5962
6181 5915 6244 6291 5962 5916 6245 6292 5963
6182 5916 6245 6292 5963 5917 6246 6293 5964
6183 5917 6246 6293 5964 5918 6247 6294 5965
6184 5918 6247 6294 5965 5919 6248 6295 5966
6185 5919 6248 6295 5966 5920 6249 6296 5967
6186 5920 6249 6296 5967 5921 6250 6297 5968
6187 5921 6250 6297 5968 5922 6251 6298 5969
6188 5922 6251 6298 5969 5923 6252 6299 5970
6189 5923 6252 6299 5970 5924 6253 6300 5971
6190 5924 6253 6300 5971 5925 6254 6301 5972
6191 5925 6254 6301 5972 5926 6255 6302 5973
6192 5926 6255 6302 5973 5927 6256 6303 5974
6193 5927 6256 6303 5974 5928 6257 6304 5975
6194 5928 6257 6304 5975 5929 6258 6305 5976
6195 5929 6258 6305 5976 5930 6259 6306 5977
6196 5930 6259 6306 5977 5931 6260 6307 5978
6197 5931 6260 6307 5978 5932 6261 6308 5979
6198 5932 6261 6308 5979 5933 6262 6309 5980
6199 5933 6262 6309 5980 5934 6263 6310 5981
6200 5934 6263 6310 5981 5935 6264 6311 5982
6201 5935 6264 6311 5982 5936 6265 6312 5983
6202 5936 6265 6312 5983 5937 6266 6313 5984
6203 5937 6266 6313 5984 5938 6267 6314 5985
6204 5938 6267 6314 5985 5939 6268 6315 5986
6205 5939 6268 6315 5986 5940 6269 6316 5987
6206 5940 6269 6316 5987 5941 6270 6317 5988
6207 5941 6270 6317 5988 5942 6271 6318 5989
6208 5942 6271 6318 5989 5943 6272 6319 5990
6209 5943 6272 6319 5990 5944 6273 6320 5991
6210 5944 6273 6320 5991 5945 6274 6321 5992
6211 5945 6274 6321 5992 5946 6275 6322 5993
6212 5946 6275 6322 5993 5947 6276 6323 5994
6213 5947 6276 6323 5994 5948 6277 6324 5995
6214 5948 6277 6324 5995 5949 6278 6325 5996
6215 5949 6278 6325 5996 5950 6279 6326 5997
6216 5950 6279 6326 5997 5951 6280 6327 5998
6217 5951 6280 6327 5998 5952 6281 6328 5999
6218 5952 6281 6328 5999 5953 6282 6329 6000
6219 5953 6282 6329 6000 5954 6283 6330 6001
6220 5954 6283 6330 6001 5955 6284 6331 6002
6221 5955 6284 6331 6002 5956 6285 6332 6003
6222 5956 6285 6332 6003 5957 6286 6333 6004
6223 5957 6286 6333 6004 5958 6287 6334 6005
6224 5958 6287 6334 6005 5959 6288 6335 6006
6225 5959 6288 6335 6006 2746 2753 2754 2747
6226 513 520 58 59 5960 6289 2647 2694
6227 5960 6289 2647 2694 5961 6290 2648 2695
6228 5961 6290 2648 2695 5962 6291 2649 2696
6229 5962 6291 2649 2696 5963 6292 2650 2697
6230 5963 6292 2650 2697 5964 6293 2651 2698
6231 5964 6293 2651 2698 5965 6294 2652 2699
6232 5965 6294 2652 2699 5966 6295 2653 2700
6233 5966 6295 2653 2700 5967 6296 2654 2701
6234 5967 6296 2654 2701 5968 6297 2655 2702
6235 5968 6297 2655 2702 5969 6298 2656 2703
6236 5969 6298 2656 2703 5970 6299 2657 2704
6237 5970 6299 2657 2704 5971 6300 2658 2705
6238 5971 6300 2658 2705 5972 6301 2659 2706
6239 5972 6301 2659 2706 5973 6302 2660 2707
6240 5973 6302 2660 2707 5974 6303 2661 2708
6241 5974 6303 2661 2708 5975 6304 2662 2709
6242 5975 6304 2662 2709 5976 6305 2663 2710
6243 5976 6305 2663 2710 5977 6306 2664 2711
6244 5977 6306 2664 2711 5978 6307 2665 2712
6245 5978 6307 2665 2712 5979 6308 2666 2713
6246 5979 6308 2666 2713 5980 6309 2667 2714
6247 5980 6309 2667 2714 5981 6310 2668 2715
6248 5981 6310 2668 2715 5982 6311 2669 2716
6249 5982 6311 2669 2716 5983 6312 2670 2717
6250 5983 6312 2670 2717 5984 6313 2671 2718
6251 5984 6313 2671 2718 5985 6314 2672 2719
6252 5985 6314 2672 2719 5986 6315 2673 2720
6253 5986 6315 2673 2720 5987 6316 2674 2721
6254 5987 6316 2674 2721 5988 6317 2675 2722
6255 5988 6317 2675 2722 5989 6318 2676 2723
6256 5989 6318 2676 2723 5990 6319 2677 2724
6257 5990 6319 2677 2724 5991 6320 2678 2725
6258 5991 6320 2678 2725 5992 6321 2679 2726
6259 5992 6321 2679 2726 5993 6322 2680 2727
6260 5993 6322 2680 2727 5994 6323 2681 2728
6261 5994 6323 2681 2728 5995 6324 2682 2729
6262 5995 6324 2682 2729 5996 6325 2683 2730
6263 5996 6325 2683 2730 5997 6326 2684 2731
6264 5997 6326 2684 2731 5998 6327 2685 2732
6265 5998 6327 2685 2732 5999 6328 2686 2733
6266 5999 6328 2686 2733 6000 6329 2687 2734
6267 6000 6329 2687 2734 6001 6330 2688 2735
6268 6001 6330 2688 2735 6002 6331 2689 2736
6269 6002 6331 2689 2736 6003 6332 2690 2737
6270 6003 6332 2690 2737 6004 6333 2691 2738
6271 6004 6333 2691 2738 6005 6334 2692 2739
6272 6005 6334 2692 2739 6006 6335 2693 2740
6273 6006 6335 2693 2740 2747 2754 303 304
6274 44 45 521 514 1989 2036 6336 6007
6275 1989 2036 6336 6007 1990 2037 6337 6008
6276 1990 2037 6337 6008 1991 2038 6338 6009
6277 1991 2038 6338 6009 1992 2039 6339 6010
6278 1992 2039 6339 6010 1993 2040 6340 6011
6279 1993 2040 6340 6011 1994 2041 6341 6012
6280 1994 2041 6341 6012 1995 2042 6342 6013
6281 1995 2042 6342 6013 1996 2043 6343 6014
6282 1996 2043 6343 6014 1997 2044 6344 6015
6283 1997 2044 6344 6015 1998 2045 6345 6016
6284 1998 2045 6345 6016 1999 2046 6346 6017
6285 1999 2046 6346 6017 2000 2047 6347 6018
6286 2000 2047 6347 6018 2001 2048 6348 6019
6287 2001 2048 6348 6019 2002 2049 6349 6020
6288 2002 2049 6349 6020 2003 2050 6350 6021
6289 2003 2050 6350 6021 2004 2051 6351 6022
6290 2004 2051 6351 6022 2005 2052 6352 6023
6291 2005 2052 6352 6023 2006 2053 6353 6024
6292 2006 2053 6353 6024 2007 2054 6354 6025
6293 2007 2054 6354 6025 2008 2055 6355 6026
6294 2008 2055 6355 6026 2009 2056 6356 6027
6295 2009 2056 6356 6027 2010 2057 6357 6028
6296 2010 2057 6357 6028 2011 2058 6358 6029
6297 2011 2058 6358 6029 2012 2059 6359 6030
6298 2012 2059 6359 6030 2013 2060 6360 6031
6299 2013 2060 6360 6031 2014 2061 6361 6032
6300 2014 2061 6361 6032 2015 2062 6362 6033
6301 2015 2062 6362 6033 2016 2063 6363 6034
6302 2016 2063 6363 6034 2017 2064 6364 6035
6303 2017 2064 6364 6035 2018 2065 6365 6036
6304 2018 2065 6365 6036 2019 2066 6366 6037
6305 2019 2066 6366 6037 2020 2067 6367 6038
6306 2020 2067 6367 6038 2021 2068 6368 6039
6307 2021 2068 6368 6039 2022 2069 6369 6040
6308 2022 2069 6369 6040 2023 2070 6370 6041
6309 2023 2070 6370 6041 2024 2071 6371 6042
6310 2024 2071 6371 6042 2025 2072 6372 6043
6311 2025 2072 6372 6043 2026 2073 6373 6044
6312 2026 2073 6373 6044 2027 2074 6374 6045
6313 2027 2074 6374 6045 2028 2075 6375 6046
6314 2028 2075 6375 6046 2029 2076 6376 6047
6315 2029 2076 6376 6047 2030 2077 6377 6048
6316 2030 2077 6377 6048 2031 2078 6378 6049
6317 2031 2078 6378 6049 2032 2079 6379 6050
6318 2032 2079 6379 6050 2033 2080 6380 6051
6319 2033 2080 6380 6051 2034 2081 6381 6052
6320 2034 2081 6381 6052 2035 2082 6382 6053
6321 2035 2082 6382 6053 289 290 2755 2748
6322 514 521 522 515 6007 6336 6383 6054
6323 6007 6336 6383 6054 6008 6337 6384 6055
6324 6008 6337 6384 6055 6009 6338 6385 6056
6325 6009 6338 6385 6056 6010 6339 6386 6057
6326 6010 6339 6386 6057 6011 6340 6387 6058
6327 6011 6340 6387 6058 6012 6341 6388 6059
6328 6012 6341 6388 6059 6013 6342 6389 6060
6329 6013 6342 6389 6060 6014 6343 6390 6061
6330 6014 6343 6390 6061 6015 6344 6391 6062
6331 6015 6344 6391 6062 6016 6345 6392 6063
6332 6016 6345 6392 6063 6017 6346 6393 6064
6333 6017 6346 6393 6064 6018 6347 6394 6065
6334 6018 6347 6394 6065 6019 6348 6395 6066
6335 6019 6348 6395 6066 6020 6349 6396 6067
6336 6020 6349 6396 6067 6021 6350 6397 6068
6337 6021 6350 6397 6068 6022 6351 6398 6069
6338 6022 6351 6398 6069 6023 6352 6399 6070
6339 6023 6352 6399 6070 6024 6353 6400 6071
6340 6024 6353 6400 6071 6025 6354 6401 6072
6341 6025 6354 6401 6072 6026 6355 6402 6073
6342 6026 6355 6402 6073 6027 6356 6403 6074
6343 6027 6356 6403 6074 6028 6357 6404 6075
6344 6028 6357 6404 6075 6029 6358 6405 6076
6345 6029 6358 6405 6076 6030 6359 6406 6077
6346 6030 6359 6406 6077 6031 6360 6407 6078
6347 6031 6360 6407 6078 6032 6361 6408 6079
6348 6032 6361 6408 6079 6033 6362 6409 6080
6349 6033 6362 6409 6080 6034 6363 6410 6081
6350 6034 6363 6410 6081 6035 6364 6411 6082
6351 6035 6364 6411 6082 6036 6365 6412 6083
6352 6036 6365 6412 6083 6037 6366 6413 6084
6353 6037 6366 6413 6084 6038 6367 6414 6085
6354 6038 6367 6414 6085 6039 6368 6415 6086
6355 6039 6368 6415 6086 6040 6369 6416 6087
6356 6040 6369 6416 6087 6041 6370 6417 6088
6357 6041 6370 6417 6088 6042 6371 6418 6089
6358 6042 6371 6418 6089 6043 6372 6419 6090
6359 6043 6372 6419 6090 6044 6373 6420 6091
6360 6044 6373 6420 6091 6045 6374 6421 6092
6361 6045 6374 6421 6092 6046 6375 6422 6093
6362 6046 6375 6422 6093 6047 6376 6423 6094
6363 6047 6376 6423 6094 6048 6377 6424 6095
6364 6048 6377 6424 6095 6049 6378 6425 6096
6365 6049 6378 6425 6096 6050 6379 6426 6097
6366 6050 6379 6426 6097 6051 6380 6427 6098
6367 6051 6380 6427 6098 6052 6381 6428 6099
6368 6052 6381 6428 6099 6053 6382 6429 6100
6369 6053 6382 6429 6100 2748 2755 2756 2749
6370 515 522 523 516 6054 6383 6430 6101
6371 6054 6383 6430 6101 6055 6384 6431 6102
6372 6055 6384 6431 6102 6056 6385 6432 6103
6373 6056 6385 6432 6103 6057 6386 6433 6104
6374 6057 6386 6433 6104 6058 6387 6434 6105
6375 6058 6387 6434 6105 6059 6388 6435 6106
6376 6059 6388 6435 6106 6060 6389 6436 6107
6377 6060 6389 6436 6107 6061 6390 6437 6108
6378 6061 6390 6437 6108 6062 6391 6438 6109
6379 6062 6391 6438 6109 6063 6392 6439 6110
6380 6063 6392 6439 6110 6064 6393 6440 6111
6381 6064 6393 6440 6111 6065 6394 6441 6112
6382 6065 6394 6441 6112 6066 6395 6442 6113
6383 6066 6395 6442 6113 6067 6396 6443 6114
6384 6067 6396 6443 6114 6068 6397 6444 6115
6385 6068 6397 6444 6115 6069 6398 6445 6116
6386 6069 6398 6445 6116 6070 6399 6446 6117
6387 6070 6399 6446 6117 6071 6400 6447 6118
6388 6071 6400 6447 6118 6072 6401 6448 6119
6389 6072 6401 6448 6119 6073 6402 6449 6120
6390 6073 6402 6449 6120 6074 6403 6450 6121
6391 6074 6403 6450 6121 6075 6404 6451 6122
6392 6075 6404 6451 6122 6076 6405 6452 6123
6393 6076 6405 6452 6123 6077 6406 6453 6124
6394 6077 6406 6453 6124 6078 6407 6454 6125
6395 6078 6407 6454 6125 6079 6408 6455 6126
6396 6079 6408 6455 6126 6080 6409 6456 6127
6397 6080 6409 6456 6127 6081 6410 6457 6128
6398 6081 6410 6457 6128 6082 6411 6458 6129
6399 6082 6411 6458 6129 6083 6412 6459 6130
6400 6083 6412 6459 6130 6084 6413 6460 6131
6401 6084 6413 6460 6131 6085 6414 6461 6132
6402 6085 6414 6461 6132 6086 6415 6462 6133
6403 6086 6415 6462 6133 6087 6416 6463 6134
6404 6087 6416 6463 6134 6088 6417 6464 6135
6405 6088 6417 6464 6135 6089 6418 6465 6136
6406 6089 6418 6465 6136 6090 6419 6466 6137
6407 6090 6419 6466 6137 6091 6420 6467 6138
6408 6091 6420 6467 6138 6092 6421 6468 6139
6409 6092 6421 6468 6139 6093 6422 6469 6140
6410 6093 6422 6469 6140 6094 6423 6470 6141
6411 6094 6423 6470 6141 6095 6424 6471 6142
6412 6095 6424 6471 6142 6096 6425 6472 6143
6413 6096 6425 6472 6143 6097 6426 6473 6144
6414 6097 6426 6473 6144 6098 6427 6474 6145
6415 6098 6427 6474 6145 6099 6428 6475 6146
6416 6099 6428 6475 6146 6100 6429 6476 6147
6417 6100 6429 6476 6147 2749 2756 2757 2750
6418 516 523 524 517 6101 6430 6477 6148
6419 6101 6430 6477 6148 6102 6431 6478 6149
6420 6102 6431 6478 6149 6103 6432 6479 6150
6421 6103 6432 6479 6150 6104 6433 6480 6151
6422 6104 6433 6480 6151 6105 6434 6481 6152
6423 6105 6434 6481 6152 6106 6435 6482 6153
6424 6106 6435 6482 6153 6107 6436 6483 6154
6425 6107 6436 6483 6154 6108 6437 6484 6155
6426 6108 6437 6484 6155 6109 6438 6485 6156
6427 6109 6438 6485 6156 6110 6439 6486 6157
6428 6110 6439 6486 6157 6111 6440 6487 6158
6429 6111 6440 6487 6158 6112 6441 6488 6159
6430 6112 6441 6488 6159 6113 6442 6489 6160
6431 6113 6442 6489 6160 6114 6443 6490 6161
6432 6114 6443 6490 6161 6115 6444 6491 6162
6433 6115 6444 6491 6162 6116 6445 6492 6163
6434 6116 6445 6492 6163 6117 6446 6493 6164
6435 6117 6446 6493 6164 6118 6447 6494 6165
6436 6118 6447 6494 6165 6119 6448 6495 6166
6437 6119 6448 6495 6166 6120 6449 6496 6167
6438 6120 6449 6496 6167 6121 6450 6497 6168
6439 6121 6450 6497 6168 6122 6451 6498 6169
6440 6122 6451 6498 6169 6123 6452 6499 6170
6441 6123 6452 6499 6170 6124 6453 6500 6171
6442 6124 6453 6500 6171 6125 6454 6501 6172
6443 6125 6454 6501 6172 6126 6455 6502 6173
6444 6126 6455 6502 6173 6127 6456 6503 6174
6445 6127 6456 6503 6174 6128 6457 6504 6175
6446 6128 6457 6504 6175 6129 6458 6505 6176
6447 6129 6458 6505 6176 6130 6459 6506 6177
6448 6130 6459 6506 6177 6131 6460 6507 6178
6449 6131 6460 6507 6178 6132 6461 6508 6179
6450 6132 6461 6508 6179 6133 6462 6509 6180
6451 6133 6462 6509 6180 6134 6463 6510 6181
6452 6134 6463 6510 6181 6135 6464 6511 6182
6453 6135 6464 6511 6182 6136 6465 6512 6183
6454 6136 6465 6512 6183 6137 6466 6513 6184
6455 6137 6466 6513 6184 6138 6467 6514 6185
6456 6138 6467 6514 6185 6139 6468 6515 6186
6457 6139 6468 6515 6186 6140 6469 6516 6187
6458 6140 6469 6516 6187 6141 6470 6517 6188
6459 6141 6470 6517 6188 6142 6471 6518 6189
6460 6142 6471 6518 6189 6143 6472 6519 6190
6461 6143 6472 6519 6190 6144 6473 6520 6191
6462 6144 6473 6520 6191 6145 6474 6521 6192
6463 6145 6474 6521 6192 6146 6475 6522 6193
6464 6146 6475 6522 6193 6147 6476 6523 6194
6465 6147 6476 6523 6194 2750 2757 2758 2751
6466 517 524 525 518 6148 6477 6524 6195
6467 6148 6477 6524 6195 6149 6478 6525 6196
6468 6149 6478 6525 6196 6150 6479 6526 6197
6469 6150 6479 6526 6197 6151 6480 6527 6198
6470 6151 6480 6527 6198 6152 6481 6528 6199
6471 6152 6481 6528 6199 6153 6482 6529 6200
6472 6153 6482 6529 6200 6154 6483 6530 6201
6473 6154 6483 6530 6201 6155 6484 6531 6202
6474 6155 6484 6531 6202 6156 6485 6532 6203
6475 6156 6485 6532 6203 6157 6486 6533 6204
6476 6157 6486 6533 6204 6158 6487 6534 6205
6477 6158 6487 6534 6205 6159 6488 6535 6206
6478 6159 6488 6535 6206 6160 6489 6536 6207
6479 6160 6489 6536 6207 6161 6490 6537 6208
6480 6161 6490 6537 6208 6162 6491 6538 6209
6481 6162 6491 6538 6209 6163 6492 6539 6210
6482 6163 6492 6539 6210 6164 6493 6540 6211
6483 6164 6493 6540 6211 6165 6494 6541 6212
6484 6165 6494 6541 6212 6166 6495 6542 6213
6485 6166 6495 6542 6213 6167 6496 6543 6214
6486 6167 6496 6543 6214 6168 6497 6544 6215
6487 6168 6497 6544 6215 6169 6498 6545 6216
6488 6169 6498 6545 6216 6170 6499 6546 6217
6489 6170 6499 6546 6217 6171 6500 6547 6218
6490 6171 6500 6547 6218 6172 6501 6548 6219
6491 6172 6501 6548 6219 6173 6502 6549 6220
6492 6173 6502 6549 6220 6174 6503 6550 6221
6493 6174 6503 6550 6221 6175 6504 6551 6222
6494 6175 6504 6551 6222 6176 6505 6552 6223
6495 6176 6505 6552 6223 6177 6506 6553 6224
6496 6177 6506 6553 6224 6178 6507 6554 6225
6497 6178 6507 6554 6225 6179 6508 6555 6226
6498 6179 6508 6555 6226 6180 6509 6556 6227
6499 6180 6509 6556 6227 6181 6510 6557 6228
6500 6181 6510 6557 6228 6182 6511 6558 6229
6501 6182 6511 6558 6229 6183 6512 6559 6230
6502 6183 6512 6559 6230 6184 6513 6560 6231
6503 6184 6513 6560 6231 6185 6514 6561 6232
6504 6185 6514 6561 6232 6186 6515 6562 6233
6505 6186 6515 6562 6233 6187 6516 6563 6234
6506 6187 6516 6563 6234 6188 6517 6564 6235
6507 6188 6517 6564 6235 6189 6518 6565 6236
6508 6189 6518 6565 6236 6190 6519 6566 6237
6509 6190 6519 6566 6237 6191 6520 6567 6238
6510 6191 6520 6567 6238 6192 6521 6568 6239
6511 6192 6521 6568 6239 6193 6522 6569 6240
6512 6193 6522 6569 6240 6194 6523 6570 6241
6513 6194 6523 6570 6241 2751 2758 2759 2752
6514 518 525 526 519 6195 6524 6571 6242
6515 6195 6524 6571 6242 6196 6525 6572 6243
6516 6196 6525 6572 6243 6197 6526 6573 6244
6517 6197 6526 6573 6244 6198 6527 6574 6245
6518 6198 6527 6574 6245 6199 6528 6575 6246
6519 6199 6528 6575 6246 6200 6529 6576 6247
6520 6200 6529 6576 6247 6201 6530 6577 6248
6521 6201 6530 6577 6248 6202 6531 6578 6249
6522 6202 6531 6578 6249 6203 6532 6579 6250
6523 6203 6532 6579 6250 6204 6533 6580 6251
6524 6204 6533 6580 6251 6205 6534 6581 6252
6525 6205 6534 6581 6252 6206 6535 6582 6253
6526 6206 6535 6582 6253 6207 6536 6583 6254
6527 6207 6536 6583 6254 6208 6537 6584 6255
6528 6208 6537 6584 6255 6209 6538 6585 6256
6529 6209 6538 6585 6256 6210 6539 6586 6257
6530 6210 6539 6586 6257 6211 6540 6587 6258
6531 6211 6540 6587 6258 6212 6541 6588 6259
6532 6212 6541 6588 6259 6213 6542 6589 6260
6533 6213 6542 6589 6260 6214 6543 6590 6261
6534 6214 6543 6590 6261 6215 6544 6591 6262
6535 6215 6544 6591 6262 6216 6545 6592 6263
6536 6216 6545 6592 6263 6217 6546 6593 6264
6537 6217 6546 6593 6264 6218 6547 6594 6265
6538 6218 6547 6594 6265 6219 6548 6595 6266
6539 6219 6548 6595 6266 6220 6549 6596 6267
6540 6220 6549 6596 6267 6221 6550 6597 6268
6541 6221 6550 6597 6268 6222 6551 6598 6269
6542 6222 6551 6598 6269 6223 6552 6599 6270
6543 6223 6552 6599 6270 6224 6553 6600 6271
6544 6224 6553 6600 6271 6225 6554 6601 6272
6545 6225 6554 6601 6272 6226 6555 6602 6273
6546 6226 6555 6602 6273 6227 6556 6603 6274
6547 6227 6556 6603 6274 6228 6557 6604 6275
6548 6228 6557 6604 6275 6229 6558 6605 6276
6549 6229 6558 6605 6276 6230 6559 6606 6277
6550 6230 6559 6606 6277 6231 6560 6607 6278
6551 6231 6560 6607 6278 6232 6561 6608 6279
6552 6232 6561 6608 6279 6233 6562 6609 6280
6553 6233 6562 6609 6280 6234 6563 6610 6281
6554 6234 6563 6610 6281 6235 6564 6611 6282
6555 6235 6564 6611 6282 6236 6565 6612 6283
6556 6236 6565 6612 6283 6237 6566 6613 6284
6557 6237 6566 6613 6284 6238 6567 6614 6285
6558 6238 6567 6614 6285 6239 6568 6615 6286
6559 6239 6568 6615 6286 6240 6569 6616 6287
6560 6240 6569 6616 6287 6241 6570 6617 6288
6561 6241 6570 6617 6288 2752 2759 2760 2753
6562 519 526 527 520 6242 6571 6618 6289
6563 6242 6571 6618 6289 6243 6572 6619 6290
6564 6243 6572 6619 6290 6244 6573 6620 6291
6565 6244 6573 6620 6291 6245 6574 6621 6292
6566 6245 6574 6621 6292 6246 6575 6622 6293
6567 6246 6575 6622 6293 6247 6576 6623 6294
6568 6247 6576 6623 6294 6248 6577 6624 6295
6569 6248 6577 6624 6295 6249 6578 6625 6296
6570 6249 6578 6625 6296 6250 6579 6626 6297
6571 6250 6579 6626 6297 6251 6580 6627 6298
6572 6251 6580 6627 6298 6252 6581 6628 6299
6573 6252 6581 6628 6299 6253 6582 6629 6300
6574 6253 6582 6629 6300 6254 6583 6630 6301
6575 6254 6583 6630 6301 6255 6584 6631 6302
6576 6255 6584 6631 6302 6256 6585 6632 6303
6577 6256 6585 6632 6303 6257 6586 6633 6304
6578 6257 6586 6633 6304 6258 6587 6634 6305
6579 6258 6587 6634 6305 6259 6588 6635 6306
6580 6259 6588 6635 6306 6260 6589 6636 6307
6581 6260 6589 6636 6307 6261 6590 6637 6308
6582 6261 6590 6637 6308 6262 6591 6638 6309
6583 6262 6591 6638 6309 6263 6592 6639 6310
6584 6263 6592 6639 6310 6264 6593 6640 6311
6585 6264 6593 6640 6311 6265 6594 6641 6312
6586 6265 6594 6641 6312 6266 6595 6642 6313
6587 6266 6595 6642 6313 6267 6596 6643 6314
6588 6267 6596 6643 6314 6268 6597 6644 6315
6589 6268 6597 6644 6315 6269 6598 6645 6316
6590 6269 6598 6645 6316 6270 6599 6646 6317
6591 6270 6599 6646 6317 6271 6600 6647 6318
6592 6271 6600 6647 6318 6272 6601 6648 6319
6593 6272 6601 6648 6319 6273 6602 6649 6320
6594 6273 6602 6649 6320 6274 6603 6650 6321
6595 6274 6603 6650 6321 6275 6604 6651 6322
6596 6275 6604 6651 6322 6276 6605 6652 6323
6597 6276 6605 6652 6323 6277 6606 6653 6324
6598 6277 6606 6653 6324 6278 6607 6654 6325
6599 6278 6607 6654 6325 6279 6608 6655 6326
6600 6279 6608 6655 6326 6280 6609 6656 6327
6601 6280 6609 6656 6327 6281 6610 6657 6328
6602 6281 6610 6657 6328 6282 6611 6658 6329
6603 6282 6611 6658 6329 6283 6612 6659 6330
6604 6283 6612 6659 6330 6284 6613 6660 6331
6605 6284 6613 6660 6331 6285 6614 6661 6332
6606 6285 6614 6661 6332 6286 6615 6662 6333
6607 6286 6615 6662 6333 6287 6616 6663 6334
6608 6287 6616 6663 6334 6288 6617 6664 6335
6609 6288 6617 6664 6335 2753 2760 2761 2754
6610 520 527 57 58 6289 6618 2600 2647
6611 6289 6618 2600 2647 6290 6619 2601 2648
6612 6290 6619 2601 2648 6291 6620 2602 2649
6613 6291 6620 2602 2649 6292 6621 2603 2650
6614 6292 6621 2603 2650 6293 6622 2604 2651
6615 6293 6622 2604 2651 6294 6623 2605 2652
6616 6294 6623 2605 2652 6295 6624 2606 2653
6617 6295 6624 2606 2653 6296 6625 2607 2654
6618 6296 6625 2607 2654 6297 6626 2608 2655
6619 6297 6626 2608 2655 6298 6627 2609 2656
6620 6298 6627 2609 2656 6299 6628 2610 2657
6621 6299 6628 2610 2657 6300 6629 2611 2658
6622 6300 6629 2611 2658 6301 6630 2612 2659
6623 6301 6630 2612 2659 6302 6631 2613 2660
6624 6302 6631 2613 2660 6303 6632 2614 2661
6625 6303 6632 2614 2661 6304 6633 2615 2662
6626 6304 6633 2615 2662 6305 6634 2616 2663
6627 6305 6634 2616 2663 6306 6635 2617 2664
6628 6306 6635 2617 2664 6307 6636 2618 2665
6629 6307 6636 2618 2665 6308 6637 2619 2666
6630 6308 6637 2619 2666 6309 6638 2620 2667
6631 6309 6638 2620 2667 6310 6639 2621 2668
6632 6310 6639 2621 2668 6311 6640 2622 2669
6633 6311 6640 2622 2669 6312 6641 2623 2670
6634 6312 6641 2623 2670 6313 6642 2624 2671
6635 6313 6642 2624 2671 6314 6643 2625 2672
6636 6314 6643 2625 2672 6315 6644 2626 2673
6637 6315 6644 2626 2673 6316 6645 2627 2674
6638 6316 6645 2627 2674 6317 6646 2628 2675
6639 6317 6646 2628 2675 6318 6647 2629 2676
6640 6318 6647 2629 2676 6319 6648 2630 2677
6641 6319 6648 2630 2677 6320 6649 2631 2678
6642 6320 6649 2631 2678 6321 6650 2632 2679
6643 6321 6650 2632 2679 6322 6651 2633 2680
6644 6322 6651 2633 2680 6323 6652 2634 2681
6645 6323 6652 2634 2681 6324 6653 2635 2682
6646 6324 6653 2635 2682 6325 6654 2636 2683
6647 6325 6654 2636 2683 6326 6655 2637 2684
6648 6326 6655 2637 2684 6327 6656 2638 2685
6649 6327 6656 2638 2685 6328 6657 2639 2686
6650 6328 6657 2639 2686 6329 6658 2640 2687
6651 6329 6658 2640 2687 6330 6659 2641 2688
6652 6330 6659 2641 2688 6331 6660 2642 2689
6653 6331 6660 2642 2689 6332 6661 2643 2690
6654 6332 6661 2643 2690 6333 6662 2644 2691
6655 6333 6662 2644 2691 6334 6663 2645 2692
6656 6334 6663 2645 2692 6335 6664 2646 2693
6657 6335 6664 2646 2693 2754 2761 302 303
6658 45 46 528 521 2036 2083 6665 6336
6659 2036 2083 6665 6336 2037 2084 6666 6337
6660 2037 2084 6666 6337 2038 2085 6667 6338
6661 2038 2085 6667 6338 2039 2086 6668 6339
6662 2039 2086 6668 6339 2040 2087 6669 6340
6663 2040 2087 6669 6340 2041 2088 6670 6341
6664 2041 2088 6670 6341 2042 2089 6671 6342
6665 2042 2089 6671 6342 2043 2090 6672 6343
6666 2043 2090 6672 6343 2044 2091 6673 6344
6667 2044 2091 6673 6344 2045 2092 6674 6345
6668 2045 2092 6674 6345 2046 2093 6675 6346
6669 2046 2093 6675 6346 2047 2094 6676 6347
6670 2047 2094 6676 6347 2048 2095 6677 6348
6671 2048 2095 6677 6348 2049 2096 6678 6349
6672 2049 2096 6678 6349 2050 2097 6679 6350
6673 2050 2097 6679 6350 2051 2098 6680 6351
6674 2051 2098 6680 6351 2052 2099 6681 6352
6675 2052 2099 6681 6352 2053 2100 6682 6353
6676 2053 2100 6682 6353 2054 2101 6683 6354
6677 2054 2101 6683 6354 2055 2102 6684 6355
6678 2055 2102 6684 6355 2056 2103 6685 6356
6679 2056 2103 6685 6356 2057 2104 6686 6357
6680 2057 2104 6686 6357 2058 2105 6687 6358
6681 2058 2105 6687 6358 2059 2106 6688 6359
6682 2059 2106 6688 6359 2060 2107 6689 6360
6683 2060 2107 6689 6360 2061 2108 6690 6361
6684 2061 2108 6690 6361 2062 2109 6691 6362
6685 2062 2109 6691 6362 2063 2110 6692 6363
6686 2063 2110 6692 6363 2064 2111 6693 6364
6687 2064 2111 6693 6364 2065 2112 6694 6365
6688 2065 2112 6694 6365 2066 2113 6695 6366
6689 2066 2113 6695 6366 2067 2114 6696 6367
6690 2067 2114 6696 6367 2068 2115 6697 6368
6691 2068 2115 6697 6368 2069 2116 6698 6369
6692 2069 2116 6698 6369 2070 2117 6699 6370
6693 2070 2117 6699 6370 2071 2118 6700 6371
6694 2071 2118 6700 6371 2072 2119 6701 6372
6695 2072 2119 6701 6372 2073 2120 6702 6373
6696 2073 2120 6702 6373 2074 2121 6703 6374
6697 2074 2121 6703 6374 2075 2122 6704 6375
6698 2075 2122 6704 6375 2076 2123 6705 6376
6699 2076 2123 6705 6376 2077 2124 6706 6377
6700 2077 2124 6706 6377 2078 2125 6707 6378
6701 2078 2125 6707 6378 2079 2126 6708 6379
6702 2079 2126 6708 6379 2080 2127 6709 6380
6703 2080 2127 6709 6380 2081 2128 6710 6381
6704 2081 2128 6710 6381 2082 2129 6711 6382
6705 2082 2129 6711 6382 290 291 2762 2755
6706 521 528 529 522 6336 6665 6712 6383
6707 6336 6665 6712 6383 6337 6666 6713 6384
6708 6337 6666 6713 6384 6338 6667 6714 6385
6709 6338 6667 6714 6385 6339 6668 6715 6386
6710 6339 6668 6715 6386 6340 6669 6716 6387
6711 6340 6669 6716 6387 6341 6670 6717 6388
6712 6341 6670 6717 6388 6342 6671 6718 6389
6713 6342 6671 6718 6389 6343 6672 6719 6390
6714 6343 6672 6719 6390 6344 6673 6720 6391
6715 6344 6673 6720 6391 6345 6674 6721 6392
6716 6345 6674 6721 6392 6346 6675 6722 6393
6717 6346 6675 6722 6393 6347 6676 6723 6394
6718 6347 6676 6723 6394 6348 6677 6724 6395
6719 6348 6677 6724 6395 6349 6678 6725 6396
6720 6349 6678 6725 6396 6350 6679 6726 6397
6721 6350 6679 6726 6397 6351 6680 6727 6398
6722 6351 6680 6727 6398 6352 6681 6728 6399
6723 6352 6681 6728 6399 6353 6682 6729 6400
6724 6353 6682 6729 6400 6354 6683 6730 6401
6725 6354 6683 6730 6401 6355 6684 6731 6402
6726 6355 6684 6731 6402 6356 6685 6732 6403
6727 6356 6685 6732 6403 6357 6686 6733 6404
6728 6357 6686 6733 6404 6358 6687 6734 6405
6729 6358 6687 6734 6405 6359 6688 6735 6406
6730 6359 6688 6735 6406 6360 6689 6736 6407
6731 6360 6689 6736 6407 6361 6690 6737 6408
6732 6361 6690 6737 6408 6362 6691 6738 6409
6733 6362 6691 6738 6409 6363 6692 6739 6410
6734 6363 6692 6739 6410 6364 6693 6740 6411
6735 6364 6693 6740 6411 6365 6694 6741 6412
6736 6365 6694 6741 6412 6366 6695 6742 6413
6737 6366 6695 6742 6413 6367 6696 6743 6414
6738 6367 6696 6743 6414 6368 6697 6744 6415
6739 6368 6697 6744 6415 6369 6698 6745 6416
6740 6369 6698 6745 6416 6370 6699 6746 6417
6741 6370 6699 6746 6417 6371 6700 6747 6418
6742 6371 6700 6747 6418 6372 6701 6748 6419
6743 6372 6701 6748 6419 6373 6702 6749 6420
6744 6373 6702 6749 6420 6374 6703 6750 6421
6745 6374 6703 6750 6421 6375 6704 6751 6422
6746 6375 6704 6751 6422 6376 6705 6752 6423
6747 6376 6705 6752 6423 6377 6706 6753 6424
6748 6377 6706 6753 6424 6378 6707 6754 6425
6749 6378 6707 6754 6425 6379 6708 6755 6426
6750 6379 6708 6755 6426 6380 6709 6756 6427
6751 6380 6709 6756 6427 6381 6710 6757 6428
6752 6381 6710 6757 6428 6382 6711 6758 6429
6753 6382 6711 6758 6429 2755 2762 2763 2756
6754 522 529 530 523 6383 6712 6759 6430
6755 6383 6712 6759 6430 6384 6713 6760 6431
6756 6384 6713 6760 6431 6385 6714 6761 6432
6757 6385 6714 6761 6432 6386 6715 6762 6433
6758 6386 6715 6762 6433 6387 6716 6763 6434
6759 6387 6716 6763 6434 6388 6717 6764 6435
6760 6388 6717 6764 6435 6389 6718 6765 6436
6761 6389 6718 6765 6436 6390 6719 6766 6437
6762 6390 6719 6766 6437 6391 6720 6767 6438
6763 6391 6720 6767 6438 6392 6721 6768 6439
6764 6392 6721 6768 6439 6393 6722 6769 6440
6765 6393 6722 6769 6440 6394 6723 6770 6441
6766 6394 6723 6770 6441 6395 6724 6771 6442
6767 6395 6724 6771 6442 6396 6725 6772 6443
6768 6396 6725 6772 6443 6397 6726 6773 6444
6769 6397 6726 6773 6444 6398 6727 6774 6445
6770 6398 6727 6774 6445 6399 6728 6775 6446
6771 6399 6728 6775 6446 6400 6729 6776 6447
6772 6400 6729 6776 6447 6401 6730 6777 6448
6773 6401 6730 6777 6448 6402 6731 6778 6449
6774 6402 6731 6778 6449 6403 6732 6779 6450
6775 6403 6732 6779 6450 6404 6733 6780 6451
6776 6404 6733 6780 6451 6405 6734 6781 6452
6777 6405 6734 6781 6452 6406 6735 6782 6453
6778 6406 6735 6782 6453 6407 6736 6783 6454
6779 6407 6736 6783 6454 6408 6737 6784 6455
6780 6408 6737 6784 6455 6409 6738 6785 6456
6781 6409 6738 6785 6456 6410 6739 6786 6457
6782 6410 6739 6786 6457 6411 6740 6787 6458
6783 6411 6740 6787 6458 6412 6741 6788 6459
6784 6412 6741 6788 6459 6413 6742 6789 6460
6785 6413 6742 6789 6460 6414 6743 6790 6461
6786 6414 6743 6790 6461 6415 6744 6791 6462
6787 6415 6744 6791 6462 6416 6745 6792 6463
6788 6416 6745 6792 6463 6417 6746 6793 6464
6789 6417 6746 6793 6464 6418 6747 6794 6465
6790 6418 6747 6794 6465 6419 6748 6795 6466
6791 6419 6748 6795 6466 6420 6749 6796 6467
6792 6420 6749 6796 6467 6421 6750 6797 6468
6793 6421 6750 6797 6468 6422 6751 6798 6469
6794 6422 6751 6798 6469 6423 6752 6799 6470
6795 6423 6752 6799 6470 6424 6753 6800 6471
6796 6424 6753 6800 6471 6425 6754 6801 6472
6797 6425 6754 6801 6472 6426 6755 6802 6473
6798 6426 6755 6802 6473 6427 6756 6803 6474
6799 6427 6756 6803 6474 6428 6757 6804 6475
6800 6428 6757 6804 6475 6429 6758 6805 6476
6801 6429 6758 6805 6476 2756 2763 2764 2757
6802 523 530 531 524 6430 6759 6806 6477
6803 6430 6759 6806 6477 6431 6760 6807 6478
6804 6431 6760 6807 6478 6432 6761 6808 6479
6805 6432 6761 6808 6479 6433 6762 6809 6480
6806 6433 6762 6809 6480 6434 6763 6810 6481
6807 6434 6763 6810 6481 6435 6764 6811 6482
6808 6435 6764 6811 6482 6436 6765 6812 6483
6809 6436 6765 6812 6483 6437 6766 6813 6484
6810 6437 6766 6813 6484 6438 6767 6814 6485
6811 6438 6767 6814 6485 6439 6768 6815 6486
6812 6439 6768 6815 6486 6440 6769 6816 6487
6813 6440 6769 6816 6487 6441 6770 6817 6488
6814 6441 6770 6817 6488 6442 6771 6818 6489
6815 6442 6771 6818 6489 6443 6772 6819 6490
6816 6443 6772 6819 6490 6444 6773 6820 6491
6817 6444 6773 6820 6491 6445 6774 6821 6492
6818 6445 6774 6821 6492 6446 6775 6822 6493
6819 6446 6775 6822 6493 6447 6776 6823 6494
6820 6447 6776 6823 6494 6448 6777 6824 6495
6821 6448 6777 6824 6495 6449 6778 6825 6496
6822 6449 6778 6825 6496 6450 6779 6826 6497
6823 6450 6779 6826 6497 6451 6780 6827 6498
6824 6451 6780 6827 6498 6452 6781 6828 6499
6825 6452 6781 6828 6499 6453 6782 6829 6500
6826 6453 6782 6829 6500 6454 6783 6830 6501
6827 6454 6783 6830 6501 6455 6784 6831 6502
6828 6455 6784 6831 6502 6456 6785 6832 6503
6829 6456 6785 6832 6503 6457 6786 6833 6504
6830 6457 6786 6833 6504 6458 6787 6834 6505
6831 6458 6787 6834 6505 6459 6788 6835 6506
6832 6459 6788 6835 6506 6460 6789 6836 6507
6833 6460 6789 6836 6507 6461 6790 6837 6508
6834 6461 6790 6837 6508 6462 6791 6838 6509
6835 6462 6791 6838 6509 6463 6792 6839 6510
6836 6463 6792 6839 6510 6464 6793 6840 6511
6837 6464 6793 6840 6511 6465 6794 6841 6512
6838 6465 6794 6841 6512 6466 6795 6842 6513
6839 6466 6795 6842 6513 6467 6796 6843 6514
6840 6467 6796 6843 6514 6468 6797 6844 6515
6841 6468 6797 6844 6515 6469 6798 6845 6516
6842 6469 6798 6845 6516 6470 6799 6846 6517
6843 6470 6799 6846 6517 6471 6800 6847 6518
6844 6471 6800 6847 6518 6472 6801 6848 6519
6845 6472 6801 6848 6519 6473 6802 6849 6520
6846 6473 6802 6849 6520 6474 6803 6850 6521
6847 6474 6803 6850 6521 6475 6804 6851 6522
6848 6475 6804 6851 6522 6476 6805 6852 6523
6849 6476 6805 6852 6523 2757 2764 2765 2758
6850 524 531 532 525 6477 6806 6853 6524
6851 6477 6806 6853 6524 6478 6807 6854 6525
6852 6478 6807 6854 6525 6479 6808 6855 6526
6853 6479 6808 6855 6526 6480 6809 6856 6527
6854 6480 6809 6856 6527 6481 6810 6857 6528
6855 6481 6810 6857 6528 6482 6811 6858 6529
6856 6482 6811 6858 6529 6483 6812 6859 6530
6857 6483 6812 6859 6530 6484 6813 6860 6531
6858 6484 6813 6860 6531 6485 6814 6861 6532
6859 6485 6814 6861 6532 6486 6815 6862 6533
6860 6486 6815 6862 6533 6487 6816 6863 6534
6861 6487 6816 6863 6534 6488 6817 6864 6535
6862 6488 6817 6864 6535 6489 6818 6865 6536
6863 6489 6818 6865 6536 6490 6819 6866 6537
6864 6490 6819 6866 6537 6491 6820 6867 6538
6865 6491 6820 6867 6538 6492 6821 6868 6539
6866 6492 6821 6868 6539 6493 6822 6869 6540
6867 6493 6822 6869 6540 6494 6823 6870 6541
6868 6494 6823 6870 6541 6495 6824 6871 6542
6869 6495 6824 6871 6542 6496 6825 6872 6543
6870 6496 6825 6872 6543 6497 6826 6873 6544
6871 6497 6826 6873 6544 6498 6827 6874 6545
6872 6498 6827 6874 6545 6499 6828 6875 6546
6873 6499 6828 6875 6546 6500 6829 6876 6547
6874 6500 6829 6876 6547 6501 6830 6877 6548
6875 6501 6830 6877 6548 6502 6831 6878 6549
6876 6502 6831 6878 6549 6503 6832 6879 6550
6877 6503 6832 6879 6550 6504 6833 6880 6551
6878 6504 6833 6880 6551 6505 6834 6881 6552
6879 6505 6834 6881 6552 6506 6835 6882 6553
6880 6506 6835 6882 6553 6507 6836 6883 6554
6881 6507 6836 6883 6554 6508 6837 6884 6555
6882 6508 6837 6884 6555 6509 6838 6885 6556
6883 6509 6838 6885 6556 6510 6839 6886 6557
6884 6510 6839 6886 6557 6511 6840 6887 6558
6885 6511 6840 6887 6558 6512 6841 6888 6559
6886 6512 6841 6888 6559 6513 6842 6889 6560
6887 6513 6842 6889 6560 6514 6843 6890 6561
6888 6514 6843 6890 6561 6515 6844 6891 6562
6889 6515 6844 6891 6562 6516 6845 6892 6563
6890 6516 6845 6892 6563 6517 6846 6893 6564
6891 6517 6846 6893 6564 6518 6847 6894 6565
6892 6518 6847 6894 6565 6519 6848 6895 6566
6893 6519 6848 6895 6566 6520 6849 6896 6567
6894 6520 6849 6896 6567 6521 6850 6897 6568
6895 6521 6850 6897 6568 6522 6851 6898 6569
6896 6522 6851 6898 6569 6523 6852 6899 6570
6897 6523 6852 6899 6570 2758 2765 2766 2759
6898 525 532 533 526 6524 6853 6900 6571
6899 6524 6853 6900 6571 6525 6854 6901 6572
6900 6525 6854 6901 6572 6526 6855 6902 6573
6901 6526 6855 6902 6573 6527 6856 6903 6574
6902 6527 6856 6903 6574 6528 6857 6904 6575
6903 6528 6857 6904 6575 6529 6858 6905 6576
6904 6529 6858 6905 6576 6530 6859 6906 6577
6905 6530 6859 6906 6577 6531 6860 6907 6578
6906 6531 6860 6907 6578 6532 6861 6908 6579
6907 6532 6861 6908 6579 6533 6862 6909 6580
6908 6533 6862 6909 6580 6534 6863 6910 6581
6909 6534 6863 6910 6581 6535 6864 6911 6582
6910 6535 6864 6911 6582 6536 6865 6912 6583
6911 6536 6865 6912 6583 6537 6866 6913 6584
6912 6537 6866 6913 6584 6538 6867 6914 6585
6913 6538 6867 6914 6585 6539 6868 6915 6586
6914 6539 6868 6915 6586 6540 6869 6916 6587
6915 6540 6869 6916 6587 6541 6870 6917 6588
6916 6541 6870 6917 6588 6542 6871 6918 6589
6917 6542 6871 6918 6589 6543 6872 6919 6590
6918 6543 6872 6919 6590 6544 6873 6920 6591
6919 6544 6873 6920 6591 6545 6874 6921 6592
6920 6545 6874 6921 6592 6546 6875 6922 6593
6921 6546 6875 6922 6593 6547 6876 6923 6594
6922 6547 6876 6923 6594 6548 6877 6924 6595
6923 6548 6877 6924 6595 6549 6878 6925 6596
6924 6549 6878 6925 6596 6550 6879 6926 6597
6925 6550 6879 6926 6597 6551 6880 6927 6598
6926 6551 6880 6927 6598 6552 6881 6928 6599
6927 6552 6881 6928 6599 6553 6882 6929 6600
6928 6553 6882 6929 6600 6554 6883 6930 6601
6929 6554 6883 6930 6601 6555 6884 6931 6602
6930 6555 6884 6931 6602 6556 6885 6932 6603
6931 6556 6885 6932 6603 6557 6886 6933 6604
6932 6557 6886 6933 6604 6558 6887 6934 6605
6933 6558 6887 6934 6605 6559 6888 6935 6606
6934 6559 6888 6935 6606 6560 6889 6936 6607
6935 6560 6889 6936 6607 6561 6890 6937 6608
6936 6561 6890 6937 6608 6562 6891 6938 6609
6937 6562 6891 6938 6609 6563 6892 6939 6610
6938 6563 6892 6939 6610 6564 6893 6940 6611
6939 6564 6893 6940 6611 6565 6894 6941 6612
6940 6565 6894 6941 6612 6566 6895 6942 6613
6941 6566 6895 6942 6613 6567 6896 6943 6614
6942 6567 6896 6943 6614 6568 6897 6944 6615
6943 6568 6897 6944 6615 6569 6898 6945 6616
6944 6569 6898 6945 6616 6570 6899 6946 6617
6945 6570 6899 6946 6617 2759 2766 2767 2760
6946 526 533 534 527 6571 6900 6947 6618
6947 6571 6900 6947 6618 6572 6901 6948 6619
6948 6572 6901 6948 6619 6573 6902 6949 6620
6949 6573 6902 6949 6620 6574 6903 6950 6621
6950 6574 6903 6950 6621 6575 6904 6951 6622
6951 6575 6904 6951 6622 6576 6905 6952 6623
6952 6576 6905 6952 6623 6577 6906 6953 6624
6953 6577 6906 6953 6624 6578 6907 6954 6625
6954 6578 6907 6954 6625 6579 6908 6955 6626
6955 6579 6908 6955 6626 6580 6909 6956 6627
6956 6580 6909 6956 6627 6581 6910 6957 6628
6957 6581 6910 6957 6628 6582 6911 6958 6629
6958 6582 6911 6958 6629 6583 6912 6959 6630
6959 6583 6912 6959 6630 6584 6913 6960 6631
6960 6584 6913 6960 6631 6585 6914 6961 6632
6961 6585 6914 6961 6632 6586 6915 6962 6633
6962 6586 6915 6962 6633 6587 6916 6963 6634
6963 6587 6916 6963 6634 6588 6917 6964 6635
6964 6588 6917 6964 6635 6589 6918 6965 6636
6965 6589 6918 6965 6636 6590 6919 6966 6637
6966 6590 6919 6966 6637 6591 6920 6967 6638
6967 6591 6920 6967 6638 6592 6921 6968 6639
6968 6592 6921 6968 6639 6593 6922 6969 6640
6969 6593 6922 6969 6640 6594 6923 6970 6641
6970 6594 6923 6970 6641 6595 6924 6971 6642
6971 6595 6924 6971 6642 6596 6925 6972 6643
6972 6596 6925 6972 6643 6597 6926 6973 6644
6973 6597 6926 6973 6644 6598 6927 6974 6645
6974 6598 6927 6974 6645 6599 6928 6975 6646
6975 6599 6928 6975 6646 6600 6929 6976 6647
6976 6600 6929 6976 6647 6601 6930 6977 6648
6977 6601 6930 6977 6648 6602 6931 6978 6649
6978 6602 6931 6978 6649 6603 6932 6979 6650
6979 6603 6932 6979 6650 6604 6933 6980 6651
6980 6604 6933 6980 6651 6605 6934 6981 6652
6981 6605 6934 6981 6652 6606 6935 6982 6653
6982 6606 6935 6982 6653 6607 6936 6983 6654
6983 6607 6936 6983 6654 6608 6937 6984 6655
6984 6608 6937 6984 6655 6609 6938 6985 6656
6985 6609 6938 6985 6656 6610 6939 6986 6657
6986 6610 6939 6986 6657 6611 6940 6987 6658
6987 6611 6940 6987 6658 6612 6941 6988 6659
6988 6612 6941 6988 6659 6613 6942 6989 6660
6989 6613 6942 6989 6660 6614 6943 6990 6661
6990 6614 6943 6990 6661 6615 6944 6991 6662
6991 6615 6944 6991 6662 6616 6945 6992 6663
6992 6616 6945 6992 6663 6617 6946 6993 6664
6993 6617 6946 6993 6664 2760 2767 2768 2761
6994 527 534 56 57 6618 6947 2553 2600
6995 6618 6947 2553 2600 6619 6948 2554 2601
6996 6619 6948 2554 2601 6620 6949 2555 2602
6997 6620 6949 2555 2602 6621 6950 2556 2603
6998 6621 6950 2556 2603 6622 6951 2557 2604
6999 6622 6951 2557 2604 6623 6952 2558 2605
7000 6623 6952 2558 2605 6624 6953 2559 2606
7001 6624 6953 2559 2606 6625 6954 2560 2607
7002 6625 6954 2560 2607 6626 6955 2561 2608
7003 6626 6955 2561 2608 6627 6956 2562 2609
7004 6627 6956 2562 2609 6628 6957 2563 2610
7005 6628 6957 2563 2610 6629 6958 2564 2611
7006 6629 6958 2564 2611 6630 6959 2565 2612
7007 6630 6959 2565 2612 6631 6960 2566 2613
7008 6631 6960 2566 2613 6632 6961 2567 2614
7009 6632 6961 2567 2614 6633 6962 2568 2615
7010 6633 6962 2568 2615 6634 6963 2569 2616
7011 6634 6963 2569 2616 6635 6964 2570 2617
7012 6635 6964 2570 2617 6636 6965 2571 2618
7013 6636 6965 2571 2618 6637 6966 2572 2619
7014 6637 6966 2572 2619 6638 6967 2573 2620
7015 6638 6967 2573 2620 6639 6968 2574 2621
7016 6639 6968 2574 2621 6640 6969 2575 2622
7017 6640 6969 2575 2622 6641 6970 2576 2623
7018 6641 6970 2576 2623 6642 6971 2577 2624
7019 6642 6971 2577 2624 6643 6972 2578 2625
7020 6643 6972 2578 2625 6644 6973 2579 2626
7021 6644 6973 2579 2626 6645 6974 2580 2627
7022 6645 6974 2580 2627 6646 6975 2581 2628
7023 6646 6975 2581 2628 6647 6976 2582 2629
7024 6647 6976 2582 2629 6648 6977 2583 2630
7025 6648 6977 2583 2630 6649 6978 2584 2631
7026 6649 6978 2584 2631 6650 6979 2585 2632
7027 6650 6979 2585 2632 6651 6980 2586 2633
7028 6651 6980 2586 2633 6652 6981 2587 2634
7029 6652 6981 2587 2634 6653 6982 2588 2635
7030 6653 6982 2588 2635 6654 6983 2589 2636
7031 6654 6983 2589 2636 6655 6984 2590 2637
7032 6655 6984 2590 2637 6656 6985 2591 2638
7033 6656 6985 2591 2638 6657 6986 2592 2639
7034 6657 6986 2592 2639 6658 6987 2593 2640
7035 6658 6987 2593 2640 6659 6988 2594 2641
7036 6659 6988 2594 2641 6660 6989 2595 2642
7037 6660 6989 2595 2642 6661 6990 2596 2643
7038 6661 6990 2596 2643 6662 6991 2597 2644
7039 6662 6991 2597 2644 6663 6992 2598 2645
7040 6663 6992 2598 2645 6664 6993 2599 2646
7041 6664 6993 2599 2646 2761 2768 301 302
7042 46 47 535 528 2083 2130 6994 6665
7043 2083 2130 6994 6665 2084 2131 6995 6666
7044 2084 2131 6995 6666 2085 2132 6996 6667
7045 2085 2132 6996 6667 2086 2133 6997 6668
7046 2086 2133 6997 6668 2087 2134 6998 6669
7047 2087 2134 6998 6669 2088 2135 6999 6670
7048 2088 2135 6999 6670 2089 2136 7000 6671
7049 2089 2136 7000 6671 2090 2137 7001 6672
7050 2090 2137 7001 6672 2091 2138 7002 6673
7051 2091 2138 7002 6673 2092 2139 7003 6674
7052 2092 2139 7003 6674 2093 2140 7004 6675
7053 2093 2140 7004 6675 2094 2141 7005 6676
7054 2094 2141 7005 6676 2095 2142 7006 6677
7055 2095 2142 7006 6677 2096 2143 7007 6678
7056 2096 2143 7007 6678 2097 2144 7008 6679
7057 2097 2144 7008 6679 2098 2145 7009 6680
7058 2098 2145 7009 6680 2099 2146 7010 6681
7059 2099 2146 7010 6681 2100 2147 7011 6682
7060 2100 2147 7011 6682 2101 2148 7012 6683
7061 2101 2148 7012 6683 2102 2149 7013 6684
7062 2102 2149 7013 6684 2103 2150 7014 6685
7063 2103 2150 7014 6685 2104 2151 7015 6686
7064 2104 2151 7015 6686 2105 2152 7016 6687
7065 2105 2152 7016 6687 2106 2153 7017 6688
7066 2106 2153 7017 6688 2107 2154 7018 6689
7067 2107 2154 7018 6689 2108 2155 7019 6690
7068 2108 2155 7019 6690 2109 2156 7020 6691
7069 2109 2156 7020 6691 2110 2157 7021 6692
7070 2110 2157 7021 6692 2111 2158 7022 6693
7071 2111 2158 7022 6693 2112 2159 7023 6694
7072 2112 2159 7023 6694 2113 2160 7024 6695
7073 2113 2160 7024 6695 2114 2161 7025 6696
7074 2114 2161 7025 6696 2115 2162 7026 6697
7075 2115 2162 7026 6697 2116 2163 7027 6698
7076 2116 2163 7027 6698 2117 2164 7028 6699
7077 2117 2164 7028 6699 2118 2165 7029 6700
7078 2118 2165 7029 6700 2119 2166 7030 6701
7079 2119 2166 7030 6701 2120 2167 7031 6702
7080 2120 2167 7031 6702 2121 2168 7032 6703
7081 2121 2168 7032 6703 2122 2169 7033 6704
7082 2122 2169 7033 6704 2123 2170 7034 6705
7083 2123 2170 7034 6705 2124 2171 7035 6706
7084 2124 2171 7035 6706 2125 2172 7036 6707
7085 2125 2172 7036 6707 2126 2173 7037 6708
7086 2126 2173 7037 6708 2127 2174 7038 6709
7087 2127 2174 7038 6709 2128 2175 7039 6710
7088 2128 2175 7039 6710 2129 2176 7040 6711
7089 2129 2176 7040 6711 291 292 2769 2762
7090 528 535 536 529 6665 6994 7041 6712
7091 6665 6994 7041 6712 6666 6995 7042 6713
7092 6666 6995 7042 6713 6667 6996 7043 6714
7093 6667 6996 7043 6714 6668 6997 7044 6715
7094 6668 6997 7044 6715 6669 6998 7045 6716
7095 6669 6998 7045 6716 6670 6999 7046 6717
7096 6670 6999 7046 6717 6671 7000 7047 6718
7097 6671 7000 7047 6718 6672 7001 7048 6719
7098 6672 7001 7048 6719 6673 7002 7049 6720
7099 6673 7002 7049 6720 6674 7003 7050 6721
7100 6674 7003 7050 6721 6675 7004 7051 6722
7101 6675 7004 7051 6722 6676 7005 7052 6723
7102 6676 7005 7052 6723 6677 7006 7053 6724
7103 6677 7006 7053 6724 6678 7007 7054 6725
7104 6678 7007 7054 6725 6679 7008 7055 6726
7105 6679 7008 7055 6726 6680 7009 7056 6727
7106 6680 7009 7056 6727 6681 7010 7057 6728
7107 6681 7010 7057 6728 6682 7011 7058 6729
7108 6682 7011 7058 6729 6683 7012 7059 6730
7109 6683 7012 7059 6730 6684 7013 7060 6731
7110 6684 7013 7060 6731 6685 7014 7061 6732
7111 6685 7014 7061 6732 6686 7015 7062 6733
7112 6686 7015 7062 6733 6687 7016 7063 6734
7113 6687 7016 7063 6734 6688 7017 7064 6735
7114 6688 7017 7064 6735 6689 7018 7065 6736
7115 6689 7018 7065 6736 6690 7019 7066 6737
7116 6690 7019 7066 6737 6691 7020 7067 6738
7117 6691 7020 7067 6738 6692 7021 7068 6739
7118 6692 7021 7068 6739 6693 7022 7069 6740
7119 6693 7022 7069 6740 6694 7023 7070 6741
7120 6694 7023 7070 6741 6695 7024 7071 6742
7121 6695 7024 7071 6742 6696 7025 7072 6743
7122 6696 7025 7072 6743 6697 7026 7073 6744
7123 6697 7026 7073 6744 6698 7027 7074 6745
7124 6698 7027 7074 6745 6699 7028 7075 6746
7125 6699 7028 7075 6746 6700 7029 7076 6747
7126 6700 7029 7076 6747 6701 7030 7077 6748
7127 6701 7030 7077 6748 6702 7031 7078 6749
7128 6702 7031 7078 6749 6703 7032 7079 6750
7129 6703 7032 7079 6750 6704 7033 7080 6751
7130 6704 7033 7080 6751 6705 7034 7081 6752
7131 6705 7034 7081 6752 6706 7035 7082 6753
7132 6706 7035 7082 6753 6707 7036 7083 6754
7133 6707 7036 7083 6754 6708 7037 7084 6755
7134 6708 7037 7084 6755 6709 7038 7085 6756
7135 6709 7038 7085 6756 6710 7039 7086 6757
7136 6710 7039 7086 6757 6711 7040 7087 6758
7137 6711 7040 7087 6758 2762 2769 2770 2763
7138 529 536 537 530 6712 7041 7088 6759
7139 6712 7041 7088 6759 6713 7042 7089 6760
7140 6713 7042 7089 6760 6714 7043 7090 6761
7141 6714 7043 7090 6761 6715 7044 7091 6762
7142 6715 7044 7091 6762 6716 7045 7092 6763
7143 6716 7045 7092 6763 6717 7046 7093 6764
7144 6717 7046 7093 6764 6718 7047 7094 6765
7145 6718 7047 7094 6765 6719 7048 7095 6766
7146 6719 7048 7095 6766 6720 7049 7096 6767
7147 6720 7049 7096 6767 6721 7050 7097 6768
7148 6721 7050 7097 6768 6722 7051 7098 6769
7149 6722 7051 7098 6769 6723 7052 7099 6770
7150 6723 7052 7099 6770 6724 7053 7100 6771
7151 6724 7053 7100 6771 6725 7054 7101 6772
7152 6725 7054 7101 6772 6726 7055 7102 6773
7153 6726 7055 7102 6773 6727 7056 7103 6774
7154 6727 7056 7103 6774 6728 7057 7104 6775
7155 6728 7057 7104 6775 6729 7058 7105 6776
7156 6729 7058 7105 6776 6730 7059 7106 6777
7157 6730 7059 7106 6777 6731 7060 7107 6778
7158 6731 7060 7107 6778 6732 7061 7108 6779
7159 6732 7061 7108 6779 6733 7062 7109 6780
7160 6733 7062 7109 6780 6734 7063 7110 6781
7161 6734 7063 7110 6781 6735 7064 7111 6782
7162 6735 7064 7111 6782 6736 7065 7112 6783
7163 6736 7065 7112 6783 6737 7066 7113 6784
7164 6737 7066 7113 6784 6738 7067 7114 6785
7165 6738 7067 7114 6785 6739 7068 7115 6786
7166 6739 7068 7115 6786 6740 7069 7116 6787
7167 6740 7069 7116 6787 6741 7070 7117 6788
7168 6741 7070 7117 6788 6742 7071 7118 6789
7169 6742 7071 7118 6789 6743 7072 7119 6790
7170 6743 7072 7119 6790 6744 7073 7120 6791
7171 6744 7073 7120 6791 6745 7074 7121 6792
7172 6745 7074 7121 6792 6746 7075 7122 6793
7173 6746 7075 7122 6793 6747 7076 7123 6794
7174 6747 7076 7123 6794 6748 7077 7124 6795
7175 6748 7077 7124 6795 6749 7078 7125 6796
7176 6749 7078 7125 6796 6750 7079 7126 6797
7177 6750 7079 7126 6797 6751 7080 7127 6798
7178 6751 7080 7127 6798 6752 7081 7128 6799
7179 6752 7081 7128 6799 6753 7082 7129 6800
7180 6753 7082 7129 6800 6754 7083 7130 6801
7181 6754 7083 7130 6801 6755 7084 7131 6802
7182 6755 7084 7131 6802 6756 7085 7132 6803
7183 6756 7085 7132 6803 6757 7086 7133 6804
7184 6757 7086 7133 6804 6758 7087 7134 6805
7185 6758 7087 7134 6805 2763 2770 2771 2764
7186 530 537 538 531 6759 7088 7135 6806
7187 6759 7088 7135 6806 6760 7089 7136 6807
7188 6760 7089 7136 6807 6761 7090 7137 6808
7189 6761 7090 7137 6808 6762 7091 7138 6809
7190 6762 7091 7138 6809 6763 7092 7139 6810
7191 6763 7092 7139 6810 6764 7093 7140 6811
7192 6764 7093 7140 6811 6765 7094 7141 6812
7193 6765 7094 7141 6812 6766 7095 7142 6813
7194 6766 7095 7142 6813 6767 7096 7143 6814
7195 6767 7096 7143 6814 6768 7097 7144 6815
7196 6768 7097 7144 6815 6769 7098 7145 6816
7197 6769 7098 7145 6816 6770 7099 7146 6817
7198 6770 7099 7146 6817 6771 7100 7147 6818
7199 6771 7100 7147 6818 6772 7101 7148 6819
7200 6772 7101 7148 6819 6773 7102 7149 6820
7201 6773 7102 7149 6820 6774 7103 7150 6821
7202 6774 7103 7150 6821 6775 7104 7151 6822
7203 6775 7104 7151 6822 6776 7105 7152 6823
7204 6776 7105 7152 6823 6777 7106 7153 6824
7205 6777 7106 7153 6824 6778 7107 7154 6825
7206 6778 7107 7154 6825 6779 7108 7155 6826
7207 6779 7108 7155 6826 6780 7109 7156 6827
7208 6780 7109 7156 6827 6781 7110 7157 6828
7209 6781 7110 7157 6828 6782 7111 7158 6829
7210 6782 7111 7158 6829 6783 7112 7159 6830
7211 6783 7112 7159 6830 6784 7113 7160 6831
7212 6784 7113 7160 6831 6785 7114 7161 6832
7213 6785 7114 7161 6832 6786 7115 7162 6833
7214 6786 7115 7162 6833 6787 7116 7163 6834
7215 6787 7116 7163 6834 6788 7117 7164 6835
7216 6788 7117 7164 6835 6789 7118 7165 6836
7217 6789 7118 7165 6836 6790 7119 7166 6837
7218 6790 7119 7166 6837 6791 7120 7167 6838
7219 6791 7120 7167 6838 6792 7121 7168 6839
7220 6792 7121 7168 6839 6793 7122 7169 6840
7221 6793 7122 7169 6840 6794 7123 7170 6841
7222 6794 7123 7170 6841 6795 7124 7171 6842
7223 6795 7124 7171 6842 6796 7125 7172 6843
7224 6796 7125 7172 6843 6797 7126 7173 6844
7225 6797 7126 7173 6844 6798 7127 7174 6845
7226 6798 7127 7174 6845 6799 7128 7175 6846
7227 6799 7128 7175 6846 6800 7129 7176 6847
7228 6800 7129 7176 6847 6801 7130 7177 6848
7229 6801 7130 7177 6848 6802 7131 7178 6849
7230 6802 7131 7178 6849 6803 7132 7179 6850
7231 6803 7132 7179 6850 6804 7133 7180 6851
7232 6804 7133 7180 6851 6805 7134 7181 6852
7233 6805 7134 7181 6852 2764 2771 2772 2765
7234 531 538 539 532 6806 7135 7182 6853
7235 6806 7135 7182 6853 6807 7136 7183 6854
7236 6807 7136 7183 6854 6808 7137 7184 6855
7237 6808 7137 7184 6855 6809 7138 7185 6856
7238 6809 7138 7185 6856 6810 7139 7186 6857
7239 6810 7139 7186 6857 6811 7140 7187 6858
7240 6811 7140 7187 6858 6812 7141 7188 6859
7241 6812 7141 7188 6859 6813 7142 7189 6860
7242 6813 7142 7189 6860 6814 7143 7190 6861
7243 6814 7143 7190 6861 6815 7144 7191 6862
7244 6815 7144 7191 6862 6816 7145 7192 6863
7245 6816 7145 7192 6863 6817 7146 7193 6864
7246 6817 7146 7193 6864 6818 7147 7194 6865
7247 6818 7147 7194 6865 6819 7148 7195 6866
7248 6819 7148 7195 6866 6820 7149 7196 6867
7249 6820 7149 7196 6867 6821 7150 7197 6868
7250 6821 7150 7197 6868 6822 7151 7198 6869
7251 6822 7151 7198 6869 6823 7152 7199 6870
7252 6823 7152 7199 6870 6824 7153 7200 6871
7253 6824 7153 7200 6871 6825 7154 7201 6872
7254 6825 7154 7201 6872 6826 7155 7202 6873
7255 6826 7155 7202 6873 6827 7156 7203 6874
7256 6827 7156 7203 6874 6828 7157 7204 6875
7257 6828 7157 7204 6875 6829 7158 7205 6876
7258 6829 7158 7205 6876 6830 7159 7206 6877
7259 6830 7159 7206 6877 6831 7160 7207 6878
7260 6831 7160 7207 6878 6832 7161 7208 6879
7261 6832 7161 7208 6879 6833 7162 7209 6880
7262 6833 7162 7209 6880 6834 7163 7210 6881
7263 6834 7163 7210 6881 6835 7164 7211 6882
7264 6835 7164 7211 6882 6836 7165 7212 6883
7265 6836 7165 7212 6883 6837 7166 7213 6884
7266 6837 7166 7213 6884 6838 7167 7214 6885
7267 6838 7167 7214 6885 6839 7168 7215 6886
7268 6839 7168 7215 6886 6840 7169 7216 6887
7269 6840 7169 7216 6887 6841 7170 7217 6888
7270 6841 7170 7217 6888 6842 7171 7218 6889
7271 6842 7171 7218 6889 6843 7172 7219 6890
7272 6843 7172 7219 6890 6844 7173 7220 6891
7273 6844 7173 7220 6891 6845 7174 7221 6892
7274 6845 7174 7221 6892 6846 7175 7222 6893
7275 6846 7175 7222 6893 6847 7176 7223 6894
7276 6847 7176 7223 6894 6848 7177 7224 6895
7277 6848 7177 7224 6895 6849 7178 7225 6896
7278 6849 7178 7225 6896 6850 7179 7226 6897
7279 6850 7179 7226 6897 6851 7180 7227 6898
7280 6851 7180 7227 6898 6852 7181 7228 6899
7281 6852 7181 7228 6899 2765 2772 2773 2766
7282 532 539 540 533 6853 7182 7229 6900
7283 6853 7182 7229 6900 6854 7183 7230 6901
7284 6854 7183 7230 6901 6855 7184 7231 6902
7285 6855 7184 7231 6902 6856 7185 7232 6903
7286 6856 7185 7232 6903 6857 7186 7233 6904
7287 6857 7186 7233 6904 6858 7187 7234 6905
7288 6858 7187 7234 6905 6859 7188 7235 6906
7289 6859 7188 7235 6906 6860 7189 7236 6907
7290 6860 7189 7236 6907 6861 7190 7237 6908
7291 6861 7190 7237 6908 6862 7191 7238 6909
7292 6862 7191 7238 6909 6863 7192 7239 6910
7293 6863 7192 7239 6910 6864 7193 7240 6911
7294 6864 7193 7240 6911 6865 7194 7241 6912
7295 6865 7194 7241 6912 6866 7195 7242 6913
7296 6866 7195 7242 6913 6867 7196 7243 6914
7297 6867 7196 7243 6914 6868 7197 7244 6915
7298 6868 7197 7244 6915 6869 7198 7245 6916
7299 6869 7198 7245 6916 6870 7199 7246 6917
7300 6870 7199 7246 6917 6871 7200 7247 6918
7301 6871 7200 7247 6918 6872 7201 7248 6919
7302 6872 7201 7248 6919 6873 7202 7249 6920
7303 6873 7202 7249 6920 6874 7203 7250 6921
7304 6874 7203 7250 6921 6875 7204 7251 6922
7305 6875 7204 7251 6922 6876 7205 7252 6923
7306 6876 7205 7252 6923 6877 7206 7253 6924
7307 6877 7206 7253 6924 6878 7207 7254 6925
7308 6878 7207 7254 6925 6879 7208 7255 6926
7309 6879 7208 7255 6926 6880 7209 7256 6927
7310 6880 7209 7256 6927 6881 7210 7257 6928
7311 6881 7210 7257 6928 6882 7211 7258 6929
7312 6882 7211 7258 6929 6883 7212 7259 6930
7313 6883 7212 7259 6930 6884 7213 7260 6931
7314 6884 7213 7260 6931 6885 7214 7261 6932
7315 6885 7214 7261 6932 6886 7215 7262 6933
7316 6886 7215 7262 6933 6887 7216 7263 6934
7317 6887 7216 7263 6934 6888 7217 7264 6935
7318 6888 7217 7264 6935 6889 7218 7265 6936
7319 6889 7218 7265 6936 6890 7219 7266 6937
7320 6890 7219 7266 6937 6891 7220 7267 6938
7321 6891 7220 7267 6938 6892 7221 7268 6939
7322 6892 7221 7268 6939 6893 7222 7269 6940
7323 6893 7222 7269 6940 6894 7223 7270 6941
7324 6894 7223 7270 6941 6895 7224 7271 6942
7325 6895 7224 7271 6942 6896 7225 7272 6943
7326 6896 7225 7272 6943 6897 7226 7273 6944
7327 6897 7226 7273 6944 6898 7227 7274 6945
7328 6898 7227 7274 6945 6899 7228 7275 6946
7329 6899 7228 7275 6946 2766 2773 2774 2767
7330 533 540 541 534 6900 7229 7276 6947
7331 6900 7229 7276 6947 6901 7230 7277 6948
7332 6901 7230 7277 6948 6902 7231 7278 6949
7333 6902 7231 7278 6949 6903 7232 7279 6950
7334 6903 7232 7279 6950 6904 7233 7280 6951
7335 6904 7233 7280 6951 6905 7234 7281 6952
7336 6905 7234 7281 6952 6906 7235 7282 6953
7337 6906 7235 7282 6953 6907 7236 7283 6954
7338 6907 7236 7283 6954 6908 7237 7284 6955
7339 6908 7237 7284 6955 6909 7238 7285 6956
7340 6909 7238 7285 6956 6910 7239 7286 6957
7341 6910 7239 7286 6957 6911 7240 7287 6958
7342 6911 7240 7287 6958 6912 7241 7288 6959
7343 6912 7241 7288 6959 6913 7242 7289 6960
7344 6913 7242 7289 6960 6914 7243 7290 6961
7345 6914 7243 7290 6961 6915 7244 7291 6962
7346 6915 7244 7291 6962 6916 7245 7292 6963
7347 6916 7245 7292 6963 6917 7246 7293 6964
7348 6917 7246 7293 6964 6918 7247 7294 6965
7349 6918 7247 7294 6965 6919 7248 7295 6966
7350 6919 7248 7295 6966 6920 7249 7296 6967
7351 6920 7249 7296 6967 6921 7250 7297 6968
7352 6921 7250 7297 6968 6922 7251 7298 6969
7353 6922 7251 7298 6969 6923 7252 7299 6970
7354 6923 7252 7299 6970 6924 7253 7300 6971
7355 6924 7253 7300 6971 6925 7254 7301 6972
7356 6925 7254 7301 6972 6926 7255 7302 6973
7357 6926 7255 7302 6973 6927 7256 7303 6974
7358 6927 7256 7303 6974 6928 7257 7304 6975
7359 6928 7257 7304 6975 6929 7258 7305 6976
7360 6929 7258 7305 6976 6930 7259 7306 6977
7361 6930 7259 7306 6977 6931 7260 7307 6978
7362 6931 7260 7307 6978 6932 7261 7308 6979
7363 6932 7261 7308 6979 6933 7262 7309 6980
7364 6933 7262 7309 6980 6934 7263 7310 6981
7365 6934 7263 7310 6981 6935 7264 7311 6982
7366 6935 7264 7311 6982 6936 7265 7312 6983
7367 6936 7265 7312 6983 6937 7266 7313 6984
7368 6937 7266 7313 6984 6938 7267 7314 6985
7369 6938 7267 7314 6985 6939 7268 7315 6986
7370 6939 7268 7315 6986 6940 7269 7316 6987
7371 6940 7269 7316 6987 6941 7270 7317 6988
7372 6941 7270 7317 6988 6942 7271 7318 6989
7373 6942 7271 7318 6989 6943 7272 7319 6990
7374 6943 7272 7319 6990 6944 7273 7320 6991
7375 6944 7273 7320 6991 6945 7274 7321 6992
7376 6945 7274 7321 6992 6946 7275 7322 6993
7377 6946 7275 7322 6993 2767 2774 2775 2768
7378 534 541 55 56 6947 7276 2506 2553
7379 6947 7276 2506 2553 6948 7277 2507 2554
7380 6948 7277 2507 2554 6949 7278 2508 2555
7381 6949 7278 2508 2555 6950 7279 2509 2556
7382 6950 7279 2509 2556 6951 7280 2510 2557
7383 6951 7280 2510 2557 6952 7281 2511 2558
7384 6952 7281 2511 2558 6953 7282 2512 2559
7385 6953 7282 2512 2559 6954 7283 2513 2560
7386 6954 7283 2513 2560 6955 7284 2514 2561
7387 6955 7284 2514 2561 6956 7285 2515 2562
7388 6956 7285 2515 2562 6957 7286 2516 2563
7389 6957 7286 2516 2563 6958 7287 2517 2564
7390 6958 7287 2517 2564 6959 7288 2518 2565
7391 6959 7288 2518 2565 6960 7289 2519 2566
7392 6960 7289 2519 2566 6961 7290 2520 2567
7393 6961 7290 2520 2567 6962 7291 2521 2568
7394 6962 7291 2521 2568 6963 7292 2522 2569
7395 6963 7292 2522 2569 6964 7293 2523 2570
7396 6964 7293 2523 2570 6965 7294 2524 2571
7397 6965 7294 2524 2571 6966 7295 2525 2572
7398 6966 7295 2525 2572 6967 7296 2526 2573
7399 6967 7296 2526 2573 6968 7297 2527 2574
7400 6968 7297 2527 2574 6969 7298 2528 2575
7401 6969 7298 2528 2575 6970 7299 2529 2576
7402 6970 7299 2529 2576 6971 7300 2530 2577
7403 6971 7300 2530 2577 6972 7301 2531 2578
7404 6972 7301 2531 2578 6973 7302 2532 2579
7405 6973 7302 2532 2579 6974 7303 2533 2580
7406 6974 7303 2533 2580 6975 7304 2534 2581
7407 6975 7304 2534 2581 6976 7305 2535 2582
7408 6976 7305 2535 2582 6977 7306 2536 2583
7409 6977 7306 2536 2583 6978 7307 2537 2584
7410 6978 7307 2537 2584 6979 7308 2538 2585
7411 6979 7308 2538 2585 6980 7309 2539 2586
7412 6980 7309 2539 2586 6981 7310 2540 2587
7413 6981 7310 2540 2587 6982 7311 2541 2588
7414 6982 7311 2541 2588 6983 7312 2542 2589
7415 6983 7312 2542 2589 6984 7313 2543 2590
7416 6984 7313 2543 2590 6985 7314 2544 2591
7417 6985 7314 2544 2591 6986 7315 2545 2592
7418 6986 7315 2545 2592 6987 7316 2546 2593
7419 6987 7316 2546 2593 6988 7317 2547 2594
7420 6988 7317 2547 2594 6989 7318 2548 2595
7421 6989 7318 2548 2595 6990 7319 2549 2596
7422 6990 7319 2549 2596 6991 7320 2550 2597
7423 6991 7320 2550 2597 6992 7321 2551 2598
7424 6992 7321 2551 2598 6993 7322 2552 2599
7425 6993 7322 2552 2599 2768 2775 300 301
7426 47 5 48 535 2130 305 2177 6994
7427 2130 305 2177 6994 2131 306 2178 6995
7428 2131 306 2178 6995 2132 307 2179 6996
7429 2132 307 2179 6996 2133 308 2180 6997
7430 2133 308 2180 6997 2134 309 2181 6998
7431 2134 309 2181 6998 2135 310 2182 6999
7432 2135 310 2182 6999 2136 311 2183 7000
7433 2136 311 2183 7000 2137 312 2184 7001
7434 2137 312 2184 7001 2138 313 2185 7002
7435 2138 313 2185 7002 2139 314 2186 7003
7436 2139 314 2186 7003 2140 315 2187 7004
7437 2140 315 2187 7004 2141 316 2188 7005
7438 2141 316 2188 7005 2142 317 2189 7006
7439 2142 317 2189 7006 2143 318 2190 7007
7440 2143 318 2190 7007 2144 319 2191 7008
7441 2144 319 2191 7008 2145 320 2192 7009
7442 2145 320 2192 7009 2146 321 2193 7010
7443 2146 321 2193 7010 2147 322 2194 7011
7444 2147 322 2194 7011 2148 323 2195 7012
7445 2148 323 2195 7012 2149 324 2196 7013
7446 2149 324 2196 7013 2150 325 2197 7014
7447 2150 325 2197 7014 2151 326 2198 7015
7448 2151 326 2198 7015 2152 327 2199 7016
7449 2152 327 2199 7016 2153 328 2200 7017
7450 2153 328 2200 7017 2154 329 2201 7018
7451 2154 329 2201 7018 2155 330 2202 7019
7452 2155 330 2202 7019 2156 331 2203 7020
7453 2156 331 2203 7020 2157 332 2204 7021
7454 2157 332 2204 7021 2158 333 2205 7022
7455 2158 333 2205 7022 2159 334 2206 7023
7456 2159 334 2206 7023 2160 335 2207 7024
7457 2160 335 2207 7024 2161 336 2208 7025
7458 2161 336 2208 7025 2162 337 2209 7026
7459 2162 337 2209 7026 2163 338 2210 7027
7460 2163 338 2210 7027 2164 339 2211 7028
7461 2164 339 2211 7028 2165 340 2212 7029
7462 2165 340 2212 7029 2166 341 2213 7030
7463 2166 341 2213 7030 2167 342 2214 7031
7464 2167 342 2214 7031 2168 343 2215 7032
7465 2168 343 2215 7032 2169 344 2216 7033
7466 2169 344 2216 7033 2170 345 2217 7034
7467 2170 345 2217 7034 2171 346 2218 7035
7468 2171 346 2218 7035 2172 347 2219 7036
7469 2172 347 2219 7036 2173 348 2220 7037
7470 2173 348 2220 7037 2174 349 2221 7038
7471 2174 349 2221 7038 2175 350 2222 7039
7472 2175 350 2222 7039 2176 351 2223 7040
7473 2176 351 2223 7040 292 12 293 2769
7474 535 48 49 536 6994 2177 2224 7041
7475 6994 2177 2224 7041 6995 2178 2225 7042
7476 6995 2178 2225 7042 6996 2179 2226 7043
7477 6996 2179 2226 7043 6997 2180 2227 7044
7478 6997 2180 2227 7044 6998 2181 2228 7045
7479 6998 2181 2228 7045 6999 2182 2229 7046
7480 6999 2182 2229 7046 7000 2183 2230 7047
7481 7000 2183 2230 7047 7001 2184 2231 7048
7482 7001 2184 2231 7048 7002 2185 2232 7049
7483 7002 2185 2232 7049 7003 2186 2233 7050
7484 7003 2186 2233 7050 7004 2187 2234 7051
7485 7004 2187 2234 7051 7005 2188 2235 7052
7486 7005 2188 2235 7052 7006 2189 2236 7053
7487 7006 2189 2236 7053 7007 2190 2237 7054
7488 7007 2190 2237 7054 7008 2191 2238 7055
7489 7008 2191 2238 7055 7009 2192 2239 7056
7490 7009 2192 2239 7056 7010 2193 2240 7057
7491 7010 2193 2240 7057 7011 2194 2241 7058
7492 7011 2194 2241 7058 7012 2195 2242 7059
7493 7012 2195 2242 7059 7013 2196 2243 7060
7494 7013 2196 2243 7060 7014 2197 2244 7061
7495 7014 2197 2244 7061 7015 2198 2245 7062
7496 7015 2198 2245 7062 7016 2199 2246 7063
7497 7016 2199 2246 7063 7017 2200 2247 7064
7498 7017 2200 2247 7064 7018 2201 2248 7065
7499 7018 2201 2248 7065 7019 2202 2249 7066
7500 7019 2202 2249 7066 7020 2203 2250 7067
7501 7020 2203 2250 7067 7021 2204 2251 7068
7502 7021 2204 2251 7068 7022 2205 2252 7069
7503 7022 2205 2252 7069 7023 2206 2253 7070
7504 7023 2206 2253 7070 7024 2207 2254 7071
7505 7024 2207 2254 7071 7025 2208 2255 7072
7506 7025 2208 2255 7072 7026 2209 2256 7073
7507 7026 2209 2256 7073 7027 2210 2257 7074
7508 7027 2210 2257 7074 7028 2211 2258 7075
7509 7028 2211 2258 7075 7029 2212 2259 7076
7510 7029 2212 2259 7076 7030 2213 2260 7077
7511 7030 2213 2260 7077 7031 2214 2261 7078
7512 7031 2214 2261 7078 7032 2215 2262 7079
7513 7032 2215 2262 7079 7033 2216 2263 7080
7514 7033 2216 2263 7080 7034 2217 2264 7081
7515 7034 2217 2264 7081 7035 2218 2265 7082
7516 7035 2218 2265 7082 7036 2219 2266 7083
7517 7036 2219 2266 7083 7037 2220 2267 7084
7518 7037 2220 2267 7084 7038 2221 2268 7085
7519 7038 2221 2268 7085 7039 2222 2269 7086
7520 7039 2222 2269 7086 7040 2223 2270 7087
7521 7040 2223 2270 7087 2769 293 294 2770
7522 536 49 50 537 7041 2224 2271 7088
7523 7041 2224 2271 7088 7042 2225 2272 7089
7524 7042 2225 2272 7089 7043 2226 2273 7090
7525 7043 2226 2273 7090 7044 2227 2274 7091
7526 7044 2227 2274 7091 7045 2228 2275 7092
7527 7045 2228 2275 7092 7046 2229 2276 7093
7528 7046 2229 2276 7093 7047 2230 2277 7094
7529 7047 2230 2277 7094 7048 2231 2278 7095
7530 7048 2231 2278 7095 7049 2232 2279 7096
7531 7049 2232 2279 7096 7050 2233 2280 7097
7532 7050 2233 2280 7097 7051 2234 2281 7098
7533 7051 2234 2281 7098 7052 2235 2282 7099
7534 7052 2235 2282 7099 7053 2236 2283 7100
7535 7053 2236 2283 7100 7054 2237 2284 7101
7536 7054 2237 2284 7101 7055 2238 2285 7102
7537 7055 2238 2285 7102 7056 2239 2286 7103
7538 7056 2239 2286 7103 7057 2240 2287 7104
7539 7057 2240 2287 7104 7058 2241 2288 7105
7540 7058 2241 2288 7105 7059 2242 2289 7106
7541 7059 2242 2289 7106 7060 2243 2290 7107
7542 7060 2243 2290 7107 7061 2244 2291 7108
7543 7061 2244 2291 7108 7062 2245 2292 7109
7544 7062 2245 2292 7109 7063 2246 2293 7110
7545 7063 2246 2293 7110 7064 2247 2294 7111
7546 7064 2247 2294 7111 7065 2248 2295 7112
7547 7065 2248 2295 7112 7066 2249 2296 7113
7548 7066 2249 2296 7113 7067 2250 2297 7114
7549 7067 2250 2297 7114 7068 2251 2298 7115
7550 7068 2251 2298 7115 7069 2252 2299 7116
7551 7069 2252 2299 7116 7070 2253 2300 7117
7552 7070 2253 2300 7117 7071 2254 2301 7118
7553 7071 2254 2301 7118 7072 2255 2302 7119
7554 7072 2255 2302 7119 7073 2256 2303 7120
7555 7073 2256 2303 7120 7074 2257 2304 7121
7556 7074 2257 2304 7121 7075 2258 2305 7122
7557 7075 2258 2305 7122 7076 2259 2306 7123
7558 7076 2259 2306 7123 7077 2260 2307 7124
7559 7077 2260 2307 7124 7078 2261 2308 7125
7560 7078 2261 2308 7125 7079 2262 2309 7126
7561 7079 2262 2309 7126 7080 2263 2310 7127
7562 7080 2263 2310 7127 7081 2264 2311 7128
7563 7081 2264 2311 7128 7082 2265 2312 7129
7564 7082 2265 2312 7129 7083 2266 2313 7130
7565 7083 2266 2313 7130 7084 2267 2314 7131
7566 7084 2267 2314 7131 7085 2268 2315 7132
7567 7085 2268 2315 7132 7086 2269 2316 7133
7568 7086 2269 2316 7133 7087 2270 2317 7134
7569 7087 2270 2317 7134 2770 294 295 2771
7570 537 50 51 538 7088 2271 2318 7135
7571 7088 2271 2318 7135 7089 2272 2319 7136
7572 7089 2272 2319 7136 7090 2273 2320 7137
7573 7090 2273 2320 7137 7091 2274 2321 7138
7574 7091 2274 2321 7138 7092 2275 2322 7139
7575 7092 2275 2322 7139 7093 2276 2323 7140
7576 7093 2276 2323 7140 7094 2277 2324 7141
7577 7094 2277 2324 7141 7095 2278 2325 7142
7578 7095 2278 2325 7142 7096 2279 2326 7143
7579 7096 2279 2326 7143 7097 2280 2327 7144
7580 7097 2280 2327 7144 7098 2281 2328 7145
7581 7098 2281 2328 7145 7099 2282 2329 7146
7582 7099 2282 2329 7146 7100 2283 2330 7147
7583 7100 2283 2330 7147 7101 2284 2331 7148
7584 7101 2284 2331 7148 7102 2285 2332 7149
7585 7102 2285 2332 7149 7103 2286 2333 7150
7586 7103 2286 2333 7150 7104 2287 2334 7151
7587 7104 2287 2334 7151 7105 2288 2335 7152
7588 7105 2288 2335 7152 7106 2289 2336 7153
7589 7106 2289 2336 7153 7107 2290 2337 7154
7590 7107 2290 2337 7154 7108 2291 2338 7155
7591 7108 2291 2338 7155 7109 2292 2339 7156
7592 7109 2292 2339 7156 7110 2293 2340 7157
7593 7110 2293 2340 7157 7111 2294 2341 7158
7594 7111 2294 2341 7158 7112 2295 2342 7159
7595 7112 2295 2342 7159 7113 2296 2343 7160
7596 7113 2296 2343 7160 7114 2297 2344 7161
7597 7114 2297 2344 7161 7115 2298 2345 7162
7598 7115 2298 2345 7162 7116 2299 2346 7163
7599 7116 2299 2346 7163 7117 2300 2347 7164
7600 7117 2300 2347 7164 7118 2301 2348 7165
7601 7118 2301 2348 7165 7119 2302 2349 7166
7602 7119 2302 2349 7166 7120 2303 2350 7167
7603 7120 2303 2350 7167 7121 2304 2351 7168
7604 7121 2304 2351 7168 7122 2305 2352 7169
7605 7122 2305 2352 7169 7123 2306 2353 7170
7606 7123 2306 2353 7170 7124 2307 2354 7171
7607 7124 2307 2354 7171 7125 2308 2355 7172
7608 7125 2308 2355 7172 7126 2309 2356 7173
7609 7126 2309 2356 7173 7127 2310 2357 7174
7610 7127 2310 2357 7174 7128 2311 2358 7175
7611 7128 2311 2358 7175 7129 2312 2359 7176
7612 7129 2312 2359 7176 7130 2313 2360 7177
7613 7130 2313 2360 7177 7131 2314 2361 7178
7614 7131 2314 2361 7178 7132 2315 2362 7179
7615 7132 2315 2362 7179 7133 2316 2363 7180
7616 7133 2316 2363 7180 7134 2317 2364 7181
7617 7134 2317 2364 7181 2771 295 296 2772
7618 538 51 52 539 7135 2318 2365 7182
7619 7135 2318 2365 7182 7136 2319 2366 7183
7620 7136 2319 2366 7183 7137 2320 2367 7184
7621 7137 2320 2367 7184 7138 2321 2368 7185
7622 7138 2321 2368 7185 7139 2322 2369 7186
7623 7139 2322 2369 7186 7140 2323 2370 7187
7624 7140 2323 2370 7187 7141 2324 2371 7188
7625 7141 2324 2371 7188 7142 2325 2372 7189
7626 7142 2325 2372 7189 7143 2326 2373 7190
7627 7143 2326 2373 7190 7144 2327 2374 7191
7628 7144 2327 2374 7191 7145 2328 2375 7192
7629 7145 2328 2375 7192 7146 2329 2376 7193
7630 7146 2329 2376 7193 7147 2330 2377 7194
7631 7147 2330 2377 7194 7148 2331 2378 7195
7632 7148 2331 2378 7195 7149 2332 2379 7196
7633 7149 2332 2379 7196 7150 2333 2380 7197
7634 7150 2333 2380 7197 7151 2334 2381 7198
7635 7151 2334 2381 7198 7152 2335 2382 7199
7636 7152 2335 2382 7199 7153 2336 2383 7200
7637 7153 2336 2383 7200 7154 2337 2384 7201
7638 7154 2337 2384 7201 7155 2338 2385 7202
7639 7155 2338 2385 7202 7156 2339 2386 7203
7640 7156 2339 2386 7203 7157 2340 2387 7204
7641 7157 2340 2387 7204 7158 2341 2388 7205
7642 7158 2341 2388 7205 7159 2342 2389 7206
7643 7159 2342 2389 7206 7160 2343 2390 7207
7644 7160 2343 2390 7207 7161 2344 2391 7208
7645 7161 2344 2391 7208 7162 2345 2392 7209
7646 7162 2345 2392 7209 7163 2346 2393 7210
7647 7163 2346 2393 7210 7164 2347 2394 7211
7648 7164 2347 2394 7211 7165 2348 2395 7212
7649 7165 2348 2395 7212 7166 2349 2396 7213
7650 7166 2349 2396 7213 7167 2350 2397 7214
7651 7167 2350 2397 7214 7168 2351 2398 7215
7652 7168 2351 2398 7215 7169 2352 2399 7216
7653 7169 2352 2399 7216 7170 2353 2400 7217
7654 7170 2353 2400 7217 7171 2354 2401 7218
7655 7171 2354 2401 7218 7172 2355 2402 7219
7656 7172 2355 2402 7219 7173 2356 2403 7220
7657 7173 2356 2403 7220 7174 2357 2404 7221
7658 7174 2357 2404 7221 7175 2358 2405 7222
7659 7175 2358 2405 7222 7176 2359 2406 7223
7660 7176 2359 2406 7223 7177 2360 2407 7224
7661 7177 2360 2407 7224 7178 2361 2408 7225
7662 7178 2361 2408 7225 7179 2362 2409 7226
7663 7179 2362 2409 7226 7180 2363 2410 7227
7664 7180 2363 2410 7227 7181 2364 2411 7228
7665 7181 2364 2411 7228 2772 296 297 2773
7666 539 52 53 540 7182 2365 2412 7229
7667 7182 2365 2412 7229 7183 2366 2413 7230
7668 7183 2366 2413 7230 7184 2367 2414 7231
7669 7184 2367 2414 7231 7185 2368 2415 7232
7670 7185 2368 2415 7232 7186 2369 2416 7233
7671 7186 2369 2416 7233 7187 2370 2417 7234
7672 7187 2370 2417 7234 7188 2371 2418 7235
7673 7188 2371 2418 7235 7189 2372 2419 7236
7674 7189 2372 2419 7236 7190 2373 2420 7237
7675 7190 2373 2420 7237 7191 2374 2421 7238
7676 7191 2374 2421 7238 7192 2375 2422 7239
7677 7192 2375 2422 7239 7193 2376 2423 7240
7678 7193 2376 2423 7240 7194 2377 2424 7241
7679 7194 2377 2424 7241 7195 2378 2425 7242
7680 7195 2378 2425 7242 7196 2379 2426 7243
7681 7196 2379 2426 7243 7197 2380 2427 7244
7682 7197 2380 2427 7244 7198 2381 2428 7245
7683 7198 2381 2428 7245 7199 2382 2429 7246
7684 7199 2382 2429 7246 7200 2383 2430 7247
7685 7200 2383 2430 7247 7201 2384 2431 7248
7686 7201 2384 2431 7248 7202 2385 2432 7249
7687 7202 2385 2432 7249 7203 2386 2433 7250
7688 7203 2386 2433 7250 7204 2387 2434 7251
7689 7204 2387 2434 7251 7205 2388 2435 7252
7690 7205 2388 2435 7252 7206 2389 2436 7253
7691 7206 2389 2436 7253 7207 2390 2437 7254
7692 7207 2390 2437 7254 7208 2391 2438 7255
7693 7208 2391 2438 7255 7209 2392 2439 7256
7694 7209 2392 2439 7256 7210 2393 2440 7257
7695 7210 2393 2440 7257 7211 2394 2441 7258
7696 7211 2394 2441 7258 7212 2395 2442 7259
7697 7212 2395 2442 7259 7213 2396 2443 7260
7698 7213 2396 2443 7260 7214 2397 2444 7261
7699 7214 2397 2444 7261 7215 2398 2445 7262
7700 7215 2398 2445 7262 7216 2399 2446 7263
7701 7216 2399 2446 7263 7217 2400 2447 7264
7702 7217 2400 2447 7264 7218 2401 2448 7265
7703 7218 2401 2448 7265 7219 2402 2449 7266
7704 7219 2402 2449 7266 7220 2403 2450 7267
7705 7220 2403 2450 7267 7221 2404 2451 7268
7706 7221 2404 2451 7268 7222 2405 2452 7269
7707 7222 2405 2452 7269 7223 2406 2453 7270
7708 7223 2406 2453 7270 7224 2407 2454 7271
7709 7224 2407 2454 7271 7225 2408 2455 7272
7710 7225 2408 2455 7272 7226 2409 2456 7273
7711 7226 2409 2456 7273 7227 2410 2457 7274
7712 7227 2410 2457 7274 7228 2411 2458 7275
7713 7228 2411 2458 7275 2773 297 298 2774
7714 540 53 54 541 7229 2412 2459 7276
7715 7229 2412 2459 7276 7230 2413 2460 7277
7716 7230 2413 2460 7277 7231 2414 2461 7278
7717 7231 2414 2461 7278 7232 2415 2462 7279
7718 7232 2415 2462 7279 7233 2416 2463 7280
7719 7233 2416 2463 7280 7234 2417 2464 7281
7720 7234 2417 2464 7281 7235 2418 2465 7282
7721 7235 2418 2465 7282 7236 2419 2466 7283
7722 7236 2419 2466 7283 7237 2420 2467 7284
7723 7237 2420 2467 7284 7238 2421 2468 7285
7724 7238 2421 2468 7285 7239 2422 2469 7286
7725 7239 2422 2469 7286 7240 2423 2470 7287
7726 7240 2423 2470 7287 7241 2424 2471 7288
7727 7241 2424 2471 7288 7242 2425 2472 7289
7728 7242 2425 2472 7289 7243 2426 2473 7290
7729 7243 2426 2473 7290 7244 2427 2474 7291
7730 7244 2427 2474 7291 7245 2428 2475 7292
7731 7245 2428 2475 7292 7246 2429 2476 7293
7732 7246 2429 2476 7293 7247 2430 2477 7294
7733 7247 2430 2477 7294 7248 2431 2478 7295
7734 7248 2431 2478 7295 7249 2432 2479 7296
7735 7249 2432 2479 7296 7250 2433 2480 7297
7736 7250 2433 2480 7297 7251 2434 2481 7298
7737 7251 2434 2481 7298 7252 2435 2482 7299
7738 7252 2435 2482 7299 7253 2436 2483 7300
7739 7253 2436 2483 7300 7254 2437 2484 7301
7740 7254 2437 2484 7301 7255 2438 2485 7302
7741 7255 2438 2485 7302 7256 2439 2486 7303
7742 7256 2439 2486 7303 7257 2440 2487 7304
7743 7257 2440 2487 7304 7258 2441 2488 7305
7744 7258 2441 2488 7305 7259 2442 2489 7306
7745 7259 2442 2489 7306 7260 2443 2490 7307
7746 7260 2443 2490 7307 7261 2444 2491 7308
7747 7261 2444 2491 7308 7262 2445 2492 7309
7748 7262 2445 2492 7309 7263 2446 2493 7310
7749 7263 2446 2493 7310 7264 2447 2494 7311
7750 7264 2447 2494 7311 7265 2448 2495 7312
7751 7265 2448 2495 7312 7266 2449 2496 7313
7752 7266 2449 2496 7313 7267 2450 2497 7314
7753 7267 2450 2497 7314 7268 2451 2498 7315
7754 7268 2451 2498 7315 7269 2452 2499 7316
7755 7269 2452 2499 7316 7270 2453 2500 7317
7756 7270 2453 2500 7317 7271 2454 2501 7318
7757 7271 2454 2501 7318 7272 2455 2502 7319
7758 7272 2455 2502 7319 7273 2456 2503 7320
7759 7273 2456 2503 7320 7274 2457 2504 7321
7760 7274 2457 2504 7321 7275 2458 2505 7322
7761 7275 2458 2505 7322 2774 298 299 2775
7762 541 54 6 55 7276 2459 352 2506
7763 7276 2459 352 2506 7277 2460 353 2507
7764 7277 2460 353 2507 7278 2461 354 2508
7765 7278 2461 354 2508 7279 2462 355 2509
7766 7279 2462 355 2509 7280 2463 356 2510
7767 7280 2463 356 2510 7281 2464 357 2511
7768 7281 2464 357 2511 7282 2465 358 2512
7769 7282 2465 358 2512 7283 2466 359 2513
7770 7283 2466 359 2513 7284 2467 360 2514
7771 7284 2467 360 2514 7285 2468 361 2515
7772 7285 2468 361 2515 7286 2469 362 2516
7773 7286 2469 362 2516 7287 2470 363 2517
7774 7287 2470 363 2517 7288 2471 364 2518
7775 7288 2471 364 2518 7289 2472 365 2519
7776 7289 2472 365 2519 7290 2473 366 2520
7777 7290 2473 366 2520 7291 2474 367 2521
7778 7291 2474 367 2521 7292 2475 368 2522
7779 7292 2475 368 2522 7293 2476 369 2523
7780 7293 2476 369 2523 7294 2477 370 2524
7781 7294 2477 370 2524 7295 2478 371 2525
7782 7295 2478 371 2525 7296 2479 372 2526
7783 7296 2479 372 2526 7297 2480 373 2527
7784 7297 2480 373 2527 7298 2481 374 2528
7785 7298 2481 374 2528 7299 2482 375 2529
7786 7299 2482 375 2529 7300 2483 376 2530
7787 7300 2483 376 2530 7301 2484 377 2531
7788 7301 2484 377 2531 7302 2485 378 2532
7789 7302 2485 378 2532 7303 2486 379 2533
7790 7303 2486 379 2533 7304 2487 380 2534
7791 7304 2487 380 2534 7305 2488 381 2535
7792 7305 2488 381 2535 7306 2489 382 2536
7793 7306 2489 382 2536 7307 2490 383 2537
7794 7307 2490 383 2537 7308 2491 384 2538
7795 7308 2491 384 2538 7309 2492 385 2539
7796 7309 2492 385 2539 7310 2493 386 2540
7797 7310 2493 386 2540 7311 2494 387 2541
7798 7311 2494 387 2541 7312 2495 388 2542
7799 7312 2495 388 2542 7313 2496 389 2543
7800 7313 2496 389 2543 7314 2497 390 2544
7801 7314 2497 390 2544 7315 2498 391 2545
7802 7315 2498 391 2545 7316 2499 392 2546
7803 7316 2499 392 2546 7317 2500 393 2547
7804 7317 2500 393 2547 7318 2501 394 2548
7805 7318 2501 394 2548 7319 2502 395 2549
7806 7319 2502 395 2549 7320 2503 396 2550
7807 7320 2503 396 2550 7321 2504 397 2551
7808 7321 2504 397 2551 7322 2505 398 2552
7809 7322 2505 398 2552 2775 299 13 300
3 3 5 2304
7810 542 29 3 59 7323 1235 194 2694
7811 7323 1235 194 2694 7324 1236 195 2695
7812 7324 1236 195 2695 7325 1237 196 2696
7813 7325 1237 196 2696 7326 1238 197 2697
7814 7326 1238 197 2697 7327 1239 198 2698
7815 7327 1239 198 2698 7328 1240 199 2699
7816 7328 1240 199 2699 7329 1241 200 2700
7817 7329 1241 200 2700 7330 1242 201 2701
7818 7330 1242 201 2701 7331 1243 202 2702
7819 7331 1243 202 2702 7332 1244 203 2703
7820 7332 1244 203 2703 7333 1245 204 2704
7821 7333 1245 204 2704 7334 1246 205 2705
7822 7334 1246 205 2705 7335 1247 206 2706
7823 7335 1247 206 2706 7336 1248 207 2707
7824 7336 1248 207 2707 7337 1249 208 2708
7825 7337 1249 208 2708 7338 1250 209 2709
7826 7338 1250 209 2709 7339 1251 210 2710
7827 7339 1251 210 2710 7340 1252 211 2711
7828 7340 1252 211 2711 7341 1253 212 2712
7829 7341 1253 212 2712 7342 1254 213 2713
7830 7342 1254 213 2713 7343 1255 214 2714
7831 7343 1255 214 2714 7344 1256 215 2715
7832 7344 1256 215 2715 7345 1257 216 2716
7833 7345 1257 216 2716 7346 1258 217 2717
7834 7346 1258 217 2717 7347 1259 218 2718
7835 7347 1259 218 2718 7348 1260 219 2719
7836 7348 1260 219 2719 7349 1261 220 2720
7837 7349 1261 220 2720 7350 1262 221 2721
7838 7350 1262 221 2721 7351 1263 222 2722
7839 7351 1263 222 2722 7352 1264 223 2723
7840 7352 1264 223 2723 7353 1265 224 2724
7841 7353 1265 224 2724 7354 1266 225 2725
7842 7354 1266 225 2725 7355 1267 226 2726
7843 7355 1267 226 2726 7356 1268 227 2727
7844 7356 1268 227 2727 7357 1269 228 2728
7845 7357 1269 228 2728 7358 1270 229 2729
7846 7358 1270 229 2729 7359 1271 230 2730
7847 7359 1271 230 2730 7360 1272 231 2731
7848 7360 1272 231 2731 7361 1273 232 2732
7849 7361 1273 232 2732 7362 1274 233 2733
7850 7362 1274 233 2733 7363 1275 234 2734
7851 7363 1275 234 2734 7364 1276 235 2735
7852 7364 1276 235 2735 7365 1277 236 2736
7853 7365 1277 236 2736 7366 1278 237 2737
7854 7366 1278 237 2737 7367 1279 238 2738
7855 7367 1279 238 2738 7368 1280 239 2739
7856 7368 1280 239 2739 7369 1281 240 2740
7857 7369 1281 240 2740 3340 86 10 304
7858 543 542 59 58 7370 7323 2694 2647
7859 7370 7323 2694 2647 7371 7324 2695 2648
7860 7371 7324 2695 2648 7372 7325 2696 2649
7861 7372 7325 2696 2649 7373 7326 2697 2650
7862 7373 7326 2697 2650 7374 7327 2698 2651
7863 7374 7327 2698 2651 7375 7328 2699 2652
7864 7375 7328 2699 2652 7376 7329 2700 2653
7865 7376 7329 2700 2653 7377 7330 2701 2654
7866 7377 7330 2701 2654 7378 7331 2702 2655
7867 7378 7331 2702 2655 7379 7332 2703 2656
7868 7379 7332 2703 2656 7380 7333 2704 2657
7869 7380 7333 2704 2657 7381 7334 2705 2658
7870 7381 7334 2705 2658 7382 7335 2706 2659
7871 7382 7335 2706 2659 7383 7336 2707 2660
7872 7383 7336 2707 2660 7384 7337 2708 2661
7873 7384 7337 2708 2661 7385 7338 2709 2662
7874 7385 7338 2709 2662 7386 7339 2710 2663
7875 7386 7339 2710 2663 7387 7340 2711 2664
7876 7387 7340 2711 2664 7388 7341 2712 2665
7877 7388 7341 2712 2665 7389 7342 2713 2666
7878 7389 7342 2713 2666 7390 7343 2714 2667
7879 7390 7343 2714 2667 7391 7344 2715 2668
7880 7391 7344 2715 2668 7392 7345 2716 2669
7881 7392 7345 2716 2669 7393 7346 2717 2670
7882 7393 7346 2717 2670 7394 7347 2718 2671
7883 7394 7347 2718 2671 7395 7348 2719 2672
7884 7395 7348 2719 2672 7396 7349 2720 2673
7885 7396 7349 2720 2673 7397 7350 2721 2674
7886 7397 7350 2721 2674 7398 7351 2722 2675
7887 7398 7351 2722 2675 7399 7352 2723 2676
7888 7399 7352 2723 2676 7400 7353 2724 2677
7889 7400 7353 2724 2677 7401 7354 2725 2678
7890 7401 7354 2725 2678 7402 7355 2726 2679
7891 7402 7355 2726 2679 7403 7356 2727 2680
7892 7403 7356 2727 2680 7404 7357 2728 2681
7893 7404 7357 2728 2681 7405 7358 2729 2682
7894 7405 7358 2729 2682 7406 7359 2730 2683
7895 7406 7359 2730 2683 7407 7360 2731 2684
7896 7407 7360 2731 2684 7408 7361 2732 2685
7897 7408 7361 2732 2685 7409 7362 2733 2686
7898 7409 7362 2733 2686 7410 7363 2734 2687
7899 7410 7363 2734 2687 7411 7364 2735 2688
7900 7411 7364 2735 2688 7412 7365 2736 2689
7901 7412 7365 2736 2689 7413 7366 2737 2690
7902 7413 7366 2737 2690 7414 7367 2738 2691
7903 7414 7367 2738 2691 7415 7368 2739 2692
7904 7415 7368 2739 2692 7416 7369 2740 2693
7905 7416 7369 2740 2693 3341 3340 304 303
7906 544 543 58 57 7417 7370 2647 2600
7907 7417 7370 2647 2600 7418 7371 2648 2601
7908 7418 7371 2648 2601 7419 7372 2649 2602
7909 7419 7372 2649 2602 7420 7373 2650 2603
7910 7420 7373 2650 2603 7421 7374 2651 2604
7911 7421 7374 2651 2604 7422 7375 2652 2605
7912 7422 7375 2652 2605 7423 7376 2653 2606
7913 7423 7376 2653 2606 7424 7377 2654 2607
7914 7424 7377 2654 2607 7425 7378 2655 2608
7915 7425 7378 2655 2608 7426 7379 2656 2609
7916 7426 7379 2656 2609 7427 7380 2657 2610
7917 7427 7380 2657 2610 7428 7381 2658 2611
7918 7428 7381 2658 2611 7429 7382 2659 2612
7919 7429 7382 2659 2612 7430 7383 2660 2613
7920 7430 7383 2660 2613 7431 7384 2661 2614
7921 7431 7384 2661 2614 7432 7385 2662 2615
7922 7432 7385 2662 2615 7433 7386 2663 2616
7923 7433 7386 2663 2616 7434 7387 2664 2617
7924 7434 7387 2664 2617 7435 7388 2665 2618
7925 7435 7388 2665 2618 7436 7389 2666 2619
7926 7436 7389 2666 2619 7437 7390 2667 2620
7927 7437 7390 2667 2620 7438 7391 2668 2621
7928 7438 7391 2668 2621 7439 7392 2669 2622
7929 7439 7392 2669 2622 7440 7393 2670 2623
7930 7440 7393 2670 2623 7441 7394 2671 2624
7931 7441 7394 2671 2624 7442 7395 2672 2625
7932 7442 7395 2672 2625 7443 7396 2673 2626
7933 7443 7396 2673 2626 7444 7397 2674 2627
7934 7444 7397 2674 2627 7445 7398 2675 2628
7935 7445 7398 2675 2628 7446 7399 2676 2629
7936 7446 7399 2676 2629 7447 7400 2677 2630
7937 7447 7400 2677 2630 7448 7401 2678 2631
7938 7448 7401 2678 2631 7449 7402 2679 2632
7939 7449 7402 2679 2632 7450 7403 2680 2633
7940 7450 7403 2680 2633 7451 7404 2681 2634
7941 7451 7404 2681 2634 7452 7405 2682 2635
7942 7452 7405 2682 2635 7453 7406 2683 2636
7943 7453 7406 2683 2636 7454 7407 2684 2637
7944 7454 7407 2684 2637 7455 7408 2685 2638
7945 7455 7408 2685 2638 7456 7409 2686 2639
7946 7456 7409 2686 2639 7457 7410 2687 2640
7947 7457 7410 2687 2640 7458 7411 2688 2641
7948 7458 7411 2688 2641 7459 7412 2689 2642
7949 7459 7412 2689 2642 7460 7413 2690 2643
7950 7460 7413 2690 2643 7461 7414 2691 2644
7951 7461 7414 2691 2644 7462 7415 2692 2645
7952 7462 7415 2692 2645 7463 7416 2693 2646
7953 7463 7416 2693 2646 3342 3341 303 302
7954 545 544 57 56 7464 7417 2600 2553
7955 7464 7417 2600 2553 7465 7418 2601 2554
7956 7465 7418 2601 2554 7466 7419 2602 2555
7957 7466 7419 2602 2555 7467 7420 2603 2556
7958 7467 7420 2603 2556 7468 7421 2604 2557
7959 7468 7421 2604 2557 7469 7422 2605 2558
7960 7469 7422 2605 2558 7470 7423 2606 2559
7961 7470 7423 2606 2559 7471 7424 2607 2560
7962 7471 7424 2607 2560 7472 7425 2608 2561
7963 7472 7425 2608 2561 7473 7426 2609 2562
7964 7473 7426 2609 2562 7474 7427 2610 2563
7965 7474 7427 2610 2563 7475 7428 2611 2564
7966 7475 7428 2611 2564 7476 7429 2612 2565
7967 7476 7429 2612 2565 7477 7430 2613 2566
7968 7477 7430 2613 2566 7478 7431 2614 2567
7969 7478 7431 2614 2567 7479 7432 2615 2568
7970 7479 7432 2615 2568 7480 7433 2616 2569
7971 7480 7433 2616 2569 7481 7434 2617 2570
7972 7481 7434 2617 2570 7482 7435 2618 2571
7973 7482 7435 2618 2571 7483 7436 2619 2572
7974 7483 7436 2619 2572 7484 7437 2620 2573
7975 7484 7437 2620 2573 7485 7438 2621 2574
7976 7485 7438 2621 2574 7486 7439 2622 2575
7977 7486 7439 2622 2575 7487 7440 2623 2576
7978 7487 7440 2623 2576 7488 7441 2624 2577
7979 7488 7441 2624 2577 7489 7442 2625 2578
7980 7489 7442 2625 2578 7490 7443 2626 2579
7981 7490 7443 2626 2579 7491 7444 2627 2580
7982 7491 7444 2627 2580 7492 7445 2628 2581
7983 7492 7445 2628 2581 7493 7446 2629 2582
7984 7493 7446 2629 2582 7494 7447 2630 2583
7985 7494 7447 2630 2583 7495 7448 2631 2584
7986 7495 7448 2631 2584 7496 7449 2632 2585
7987 7496 7449 2632 2585 7497 7450 2633 2586
7988 7497 7450 2633 2586 7498 7451 2634 2587
7989 7498 7451 2634 2587 7499 7452 2635 2588
7990 7499 7452 2635 2588 7500 7453 2636 2589
7991 7500 7453 2636 2589 7501 7454 2637 2590
7992 7501 7454 2637 2590 7502 7455 2638 2591
7993 7502 7455 2638 2591 7503 7456 2639 2592
7994 7503 7456 2639 2592 7504 7457 2640 2593
7995 7504 7457 2640 2593 7505 7458 2641 2594
7996 7505 7458 2641 2594 7506 7459 2642 2595
7997 7506 7459 2642 2595 7507 7460 2643 2596
7998 7507 7460 2643 2596 7508 7461 2644 2597
7999 7508 7461 2644 2597 7509 7462 2645 2598
8000 7509 7462 2645 2598 7510 7463 2646 2599
8001 7510 7463 2646 2599 3343 3342 302 301
8002 546 545 56 55 7511 7464 2553 2506
8003 7511 7464 2553 2506 7512 7465 2554 2507
8004 7512 7465 2554 2507 7513 7466 2555 2508
8005 7513 7466 2555 2508 7514 7467 2556 2509
8006 7514 7467 2556 2509 7515 7468 2557 2510
8007 7515 7468 2557 2510 7516 7469 2558 2511
8008 7516 7469 2558 2511 7517 7470 2559 2512
8009 7517 7470 2559 2512 7518 7471 2560 2513
8010 7518 7471 2560 2513 7519 7472 2561 2514
8011 7519 7472 2561 2514 7520 7473 2562 2515
8012 7520 7473 2562 2515 7521 7474 2563 2516
8013 7521 7474 2563 2516 7522 7475 2564 2517
8014 7522 7475 2564 2517 7523 7476 2565 2518
8015 7523 7476 2565 2518 7524 7477 2566 2519
8016 7524 7477 2566 2519 7525 7478 2567 2520
8017 7525 7478 2567 2520 7526 7479 2568 2521
8018 7526 7479 2568 2521 7527 7480 2569 2522
8019 7527 7480 2569 2522 7528 7481 2570 2523
8020 7528 7481 2570 2523 7529 7482 2571 2524
8021 7529 7482 2571 2524 7530 7483 2572 2525
8022 7530 7483 2572 2525 7531 7484 2573 2526
8023 7531 7484 2573 2526 7532 7485 2574 2527
8024 7532 7485 2574 2527 7533 7486 2575 2528
8025 7533 7486 2575 2528 7534 7487 2576 2529
8026 7534 7487 2576 2529 7535 7488 2577 2530
8027 7535 7488 2577 2530 7536 7489 2578 2531
8028 7536 7489 2578 2531 7537 7490 2579 2532
8029 7537 7490 2579 2532 7538 7491 2580 2533
8030 7538 7491 2580 2533 7539 7492 2581 2534
8031 7539 7492 2581 2534 7540 7493 2582 2535
8032 7540 7493 2582 2535 7541 7494 2583 2536
8033 7541 7494 2583 2536 7542 7495 2584 2537
8034 7542 7495 2584 2537 7543 7496 2585 2538
8035 7543 7496 2585 2538 7544 7497 2586 2539
8036 7544 7497 2586 2539 7545 7498 2587 2540
8037 7545 7498 2587 2540 7546 7499 2588 2541
8038 7546 7499 2588 2541 7547 7500 2589 2542
8039 7547 7500 2589 2542 7548 7501 2590 2543
8040 7548 7501 2590 2543 7549 7502 2591 2544
8041 7549 7502 2591 2544 7550 7503 2592 2545
8042 7550 7503 2592 2545 7551 7504 2593 2546
8043 7551 7504 2593 2546 7552 7505 2594 2547
8044 7552 7505 2594 2547 7553 7506 2595 2548
8045 7553 7506 2595 2548 7554 7507 2596 2549
8046 7554 7507 2596 2549 7555 7508 2597 2550
8047 7555 7508 2597 2550 7556 7509 2598 2551
8048 7556 7509 2598 2551 7557 7510 2599 2552
8049 7557 7510 2599 2552 3344 3343 301 300
8050 60 546 55 6 2776 7511 2506 352
8051 2776 7511 2506 352 2777 7512 2507 353
8052 2777 7512 2507 353 2778 7513 2508 354
8053 2778 7513 2508 354 2779 7514 2509 355
8054 2779 7514 2509 355 2780 7515 2510 356
8055 2780 7515 2510 356 2781 7516 2511 357
8056 2781 7516 2511 357 2782 7517 2512 358
8057 2782 7517 2512 358 2783 7518 2513 359
8058 2783 7518 2513 359 2784 7519 2514 360
8059 2784 7519 2514 360 2785 7520 2515 361
8060 2785 7520 2515 361 2786 7521 2516 362
8061 2786 7521 2516 362 2787 7522 2517 363
8062 2787 7522 2517 363 2788 7523 2518 364
8063 2788 7523 2518 364 2789 7524 2519 365
8064 2789 7524 2519 365 2790 7525 2520 366
8065 2790 7525 2520 366 2791 7526 2521 367
8066 2791 7526 2521 367 2792 7527 2522 368
8067 2792 7527 2522 368 2793 7528 2523 369
8068 2793 7528 2523 369 2794 7529 2524 370
8069 2794 7529 2524 370 2795 7530 2525 371
8070 2795 7530 2525 371 2796 7531 2526 372
8071 2796 7531 2526 372 2797 7532 2527 373
8072 2797 7532 2527 373 2798 7533 2528 374
8073 2798 7533 2528 374 2799 7534 2529 375
8074 2799 7534 2529 375 2800 7535 2530 376
8075 2800 7535 2530 376 2801 7536 2531 377
8076 2801 7536 2531 377 2802 7537 2532 378
8077 2802 7537 2532 378 2803 7538 2533 379
8078 2803 7538 2533 379 2804 7539 2534 380
8079 2804 7539 2534 380 2805 7540 2535 381
8080 2805 7540 2535 381 2806 7541 2536 382
8081 2806 7541 2536 382 2807 7542 2537 383
8082 2807 7542 2537 383 2808 7543 2538 384
8083 2808 7543 2538 384 2809 7544 2539 385
8084 2809 7544 2539 385 2810 7545 2540 386
8085 2810 7545 2540 386 2811 7546 2541 387
8086 2811 7546 2541 387 2812 7547 2542 388
8087 2812 7547 2542 388 2813 7548 2543 389
8088 2813 7548 2543 389 2814 7549 2544 390
8089 2814 7549 2544 390 2815 7550 2545 391
8090 2815 7550 2545 391 2816 7551 2546 392
8091 2816 7551 2546 392 2817 7552 2547 393
8092 2817 7552 2547 393 2818 7553 2548 394
8093 2818 7553 2548 394 2819 7554 2549 395
8094 2819 7554 2549 395 2820 7555 2550 396
8095 2820 7555 2550 396 2821 7556 2551 397
8096 2821 7556 2551 397 2822 7557 2552 398
8097 2822 7557 2552 398 399 3344 300 13
8098 547 30 29 542 7558 1282 1235 7323
8099 7558 1282 1235 7323 7559 1283 1236 7324
8100 7559 1283 1236 7324 7560 1284 1237 7325
8101 7560 1284 1237 7325 7561 1285 1238 7326
8102 7561 1285 1238 7326 7562 1286 1239 7327
8103 7562 1286 1239 7327 7563 1287 1240 7328
8104 7563 1287 1240 7328 7564 1288 1241 7329
8105 7564 1288 1241 7329 7565 1289 1242 7330
8106 7565 1289 1242 7330 7566 1290 1243 7331
8107 7566 1290 1243 7331 7567 1291 1244 7332
8108 7567 1291 1244 7332 7568 1292 1245 7333
8109 7568 1292 1245 7333 7569 1293 1246 7334
8110 7569 1293 1246 7334 7570 1294 1247 7335
8111 7570 1294 1247 7335 7571 1295 1248 7336
8112 7571 1295 1248 7336 7572 1296 1249 7337
8113 7572 1296 1249 7337 7573 1297 1250 7338
8114 7573 1297 1250 7338 7574 1298 1251 7339
8115 7574 1298 1251 7339 7575 1299 1252 7340
8116 7575 1299 1252 7340 7576 1300 1253 7341
8117 7576 1300 1253 7341 7577 1301 1254 7342
8118 7577 1301 1254 7342 7578 1302 1255 7343
8119 7578 1302 1255 7343 7579 1303 1256 7344
8120 7579 1303 1256 7344 7580 1304 1257 7345
8121 7580 1304 1257 7345 7581 1305 1258 7346
8122 7581 1305 1258 7346 7582 1306 1259 7347
8123 7582 1306 1259 7347 7583 1307 1260 7348
8124 7583 1307 1260 7348 7584 1308 1261 7349
8125 7584 1308 1261 7349 7585 1309 1262 7350
8126 7585 1309 1262 7350 7586 1310 1263 7351
8127 7586 1310 1263 7351 7587 1311 1264 7352
8128 7587 1311 1264 7352 7588 1312 1265 7353
8129 7588 1312 1265 7353 7589 1313 1266 7354
8130 7589 1313 1266 7354 7590 1314 1267 7355
8131 7590 1314 1267 7355 7591 1315 1268 7356
8132 7591 1315 1268 7356 7592 1316 1269 7357
8133 7592 1316 1269 7357 7593 1317 1270 7358
8134 7593 1317 1270 7358 7594 1318 1271 7359
8135 7594 1318 1271 7359 7595 1319 1272 7360
8136 7595 1319 1272 7360 7596 1320 1273 7361
8137 7596 1320 1273 7361 7597 1321 1274 7362
8138 7597 1321 1274 7362 7598 1322 1275 7363
8139 7598 1322 1275 7363 7599 1323 1276 7364
8140 7599 1323 1276 7364 7600 1324 1277 7365
8141 7600 1324 1277 7365 7601 1325 1278 7366
8142 7601 1325 1278 7366 7602 1326 1279 7367
8143 7602 1326 1279 7367 7603 1327 1280 7368
8144 7603 1327 1280 7368 7604 1328 1281 7369
8145 7604 1328 1281 7369 3345 87 86 3340
8146 548 547 542 543 7605 7558 7323 7370
8147 7605 7558 7323 7370 7606 7559 7324 7371
8148 7606 7559 7324 7371 7607 7560 7325 7372
8149 7607 7560 7325 7372 7608 7561 7326 7373
8150 7608 7561 7326 7373 7609 7562 7327 7374
8151 7609 7562 7327 7374 7610 7563 7328 7375
8152 7610 7563 7328 7375 7611 7564 7329 7376
8153 7611 7564 7329 7376 7612 7565 7330 7377
8154 7612 7565 7330 7377 7613 7566 7331 7378
8155 7613 7566 7331 7378 7614 7567 7332 7379
8156 7614 7567 7332 7379 7615 7568 7333 7380
8157 7615 7568 7333 7380 7616 7569 7334 7381
8158 7616 7569 7334 7381 7617 7570 7335 7382
8159 7617 7570 7335 7382 7618 7571 7336 7383
8160 7618 7571 7336 7383 7619 7572 7337 7384
8161 7619 7572 7337 7384 7620 7573 7338 7385
8162 7620 7573 7338 7385 7621 7574 7339 7386
8163 7621 7574 7339 7386 7622 7575 7340 7387
8164 7622 7575 7340 7387 7623 7576 7341 7388
8165 7623 7576 7341 7388 7624 7577 7342 7389
8166 7624 7577 7342 7389 7625 7578 7343 7390
8167 7625 7578 7343 7390 7626 7579 7344 7391
8168 7626 7579 7344 7391 7627 7580 7345 7392
8169 7627 7580 7345 7392 7628 7581 7346 7393
8170 7628 7581 7346 7393 7629 7582 7347 7394
8171 7629 7582 7347 7394 7630 7583 7348 7395
8172 7630 7583 7348 7395 7631 7584 7349 7396
8173 7631 7584 7349 7396 7632 7585 7350 7397
8174 7632 7585 7350 7397 7633 7586 7351 7398
8175 7633 7586 7351 7398 7634 7587 7352 7399
8176 7634 7587 7352 7399 7635 7588 7353 7400
8177 7635 7588 7353 7400 7636 7589 7354 7401
8178 7636 7589 7354 7401 7637 7590 7355 7402
8179 7637 7590 7355 7402 7638 7591 7356 7403
8180 7638 7591 7356 7403 7639 7592 7357 7404
8181 7639 7592 7357 7404 7640 7593 7358 7405
8182 7640 7593 7358 7405 7641 7594 7359 7406
8183 7641 7594 7359 7406 7642 7595 7360 7407
8184 7642 7595 7360 7407 7643 7596 7361 7408
8185 7643 7596 7361 7408 7644 7597 7362 7409
8186 7644 7597 7362 7409 7645 7598 7363 7410
8187 7645 7598 7363 7410 7646 7599 7364 7411
8188 7646 7599 7364 7411 7647 7600 7365 7412
8189 7647 7600 7365 7412 7648 7601 7366 7413
8190 7648 7601 7366 7413 7649 7602 7367 7414
8191 7649 7602 7367 7414 7650 7603 7368 7415
8192 7650 7603 7368 7415 7651 7604 7369 7416
8193 7651 7604 7369 7416 3346 3345 3340 3341
8194 549 548 543 544 7652 7605 7370 7417
8195 7652 7605 7370 7417 7653 7606 7371 7418
8196 7653 7606 7371 7418 7654 7607 7372 7419
8197 7654 7607 7372 7419 7655 7608 7373 7420
8198 7655 7608 7373 7420 7656 7609 7374 7421
8199 7656 7609 7374 7421 7657 7610 7375 7422
8200 7657 7610 7375 7422 7658 7611 7376 7423
8201 7658 7611 7376 7423 7659 7612 7377 7424
8202 7659 7612 7377 7424 7660 7613 7378 7425
8203 7660 7613 7378 7425 7661 7614 7379 7426
8204 7661 7614 7379 7426 7662 7615 7380 7427
8205 7662 7615 7380 7427 7663 7616 7381 7428
8206 7663 7616 7381 7428 7664 7617 7382 7429
8207 7664 7617 7382 7429 7665 7618 7383 7430
8208 7665 7618 7383 7430 7666 7619 7384 7431
8209 7666 7619 7384 7431 7667 7620 7385 7432
8210 7667 7620 7385 7432 7668 7621 7386 7433
8211 7668 7621 7386 7433 7669 7622 7387 7434
8212 7669 7622 7387 7434 7670 7623 7388 7435
8213 7670 7623 7388 7435 7671 7624 7389 7436
8214 7671 7624 7389 7436 7672 7625 7390 7437
8215 7672 7625 7390 7437 7673 7626 7391 7438
8216 7673 7626 7391 7438 7674 7627 7392 7439
8217 7674 7627 7392 7439 7675 7628 7393 7440
8218 7675 7628 7393 7440 7676 7629 7394 7441
8219 7676 7629 7394 7441 7677 7630 7395 7442
8220 7677 7630 7395 7442 7678 7631 7396 7443
8221 7678 7631 7396 7443 7679 7632 7397 7444
8222 7679 7632 7397 7444 7680 7633 7398 7445
8223 7680 7633 7398 7445 7681 7634 7399 7446
8224 7681 7634 7399 7446 7682 7635 7400 7447
8225 7682 7635 7400 7447 7683 7636 7401 7448
8226 7683 7636 7401 7448 7684 7637 7402 7449
8227 7684 7637 7402 7449 7685 7638 7403 7450
8228 7685 7638 7403 7450 7686 7639 7404 7451
8229 7686 7639 7404 7451 7687 7640 7405 7452
8230 7687 7640 7405 7452 7688 7641 7406 7453
8231 7688 7641 7406 7453 7689 7642 7407 7454
8232 7689 7642 7407 7454 7690 7643 7408 7455
8233 7690 7643 7408 7455 7691 7644 7409 7456
8234 7691 7644 7409 7456 7692 7645 7410 7457
8235 7692 7645 7410 7457 7693 7646 7411 7458
8236 7693 7646 7411 7458 7694 7647 7412 7459
8237 7694 7647 7412 7459 7695 7648 7413 7460
8238 7695 7648 7413 7460 7696 7649 7414 7461
8239 7696 7649 7414 7461 7697 7650 7415 7462
8240 7697 7650 7415 7462 7698 7651 7416 7463
8241 7698 7651 7416 7463 3347 3346 3341 3342
8242 550 549 544 545 7699 7652 7417 7464
8243 7699 7652 7417 7464 7700 7653 7418 7465
8244 7700 7653 7418 7465 7701 7654 7419 7466
8245 7701 7654 7419 7466 7702 7655 7420 7467
8246 7702 7655 7420 7467 7703 7656 7421 7468
8247 7703 7656 7421 7468 7704 7657 7422 7469
8248 7704 7657 7422 7469 7705 7658 7423 7470
8249 7705 7658 7423 7470 7706 7659 7424 7471
8250 7706 7659 7424 7471 7707 7660 7425 7472
8251 7707 7660 7425 7472 7708 7661 7426 7473
8252 7708 7661 7426 7473 7709 7662 7427 7474
8253 7709 7662 7427 7474 7710 7663 7428 7475
8254 7710 7663 7428 7475 7711 7664 7429 7476
8255 7711 7664 7429 7476 7712 7665 7430 7477
8256 7712 7665 7430 7477 7713 7666 7431 7478
8257 7713 7666 7431 7478 7714 7667 7432 7479
8258 7714 7667 7432 7479 7715 7668 7433 7480
8259 7715 7668 7433 7480 7716 7669 7434 7481
8260 7716 7669 7434 7481 7717 7670 7435 7482
8261 7717 7670 7435 7482 7718 7671 7436 7483
8262 7718 7671 7436 7483 7719 7672 7437 7484
8263 7719 7672 7437 7484 7720 7673 7438 7485
8264 7720 7673 7438 7485 7721 7674 7439 7486
8265 7721 7674 7439 7486 7722 7675 7440 7487
8266 7722 7675 7440 7487 7723 7676 7441 7488
8267 7723 7676 7441 7488 7724 7677 7442 7489
8268 7724 7677 7442 7489 7725 7678 7443 7490
8269 7725 7678 7443 7490 7726 7679 7444 7491
8270 7726 7679 7444 7491 7727 7680 7445 7492
8271 7727 7680 7445 7492 7728 7681 7446 7493
8272 7728 7681 7446 7493 7729 7682 7447 7494
8273 7729 7682 7447 7494 7730 7683 7448 7495
8274 7730 7683 7448 7495 7731 7684 7449 7496
8275 7731 7684 7449 7496 7732 7685 7450 7497
8276 7732 7685 7450 7497 7733 7686 7451 7498
8277 7733 7686 7451 7498 7734 7687 7452 7499
8278 7734 7687 7452 7499 7735 7688 7453 7500
8279 7735 7688 7453 7500 7736 7689 7454 7501
8280 7736 7689 7454 7501 7737 7690 7455 7502
8281 7737 7690 7455 7502 7738 7691 7456 7503
8282 7738 7691 7456 7503 7739 7692 7457 7504
8283 7739 7692 7457 7504 7740 7693 7458 7505
8284 7740 7693 7458 7505 7741 7694 7459 7506
8285 7741 7694 7459 7506 7742 7695 7460 7507
8286 7742 7695 7460 7507 7743 7696 7461 7508
8287 7743 7696 7461 7508 7744 7697 7462 7509
8288 7744 7697 7462 7509 7745 7698 7463 7510
8289 7745 7698 7463 7510 3348 3347 3342 3343
8290 551 550 545 546 7746 7699 7464 7511
8291 7746 7699 7464 7511 7747 7700 7465 7512
8292 7747 7700 7465 7512 7748 7701 7466 7513
8293 7748 7701 7466 7513 7749 7702 7467 7514
8294 7749 7702 7467 7514 7750 7703 7468 7515
8295 7750 7703 7468 7515 7751 7704 7469 7516
8296 7751 7704 7469 7516 7752 7705 7470 7517
8297 7752 7705 7470 7517 7753 7706 7471 7518
8298 7753 7706 7471 7518 7754 7707 7472 7519
8299 7754 7707 7472 7519 7755 7708 7473 7520
8300 7755 7708 7473 7520 7756 7709 7474 7521
8301 7756 7709 7474 7521 7757 7710 7475 7522
8302 7757 7710 7475 7522 7758 7711 7476 7523
8303 7758 7711 7476 7523 7759 7712 7477 7524
8304 7759 7712 7477 7524 7760 7713 7478 7525
8305 7760 7713 7478 7525 7761 7714 7479 7526
8306 7761 7714 7479 7526 7762 7715 7480 7527
8307 7762 7715 7480 7527 7763 7716 7481 7528
8308 7763 7716 7481 7528 7764 7717 7482 7529
8309 7764 7717 7482 7529 7765 7718 7483 7530
8310 7765 7718 7483 7530 7766 7719 7484 7531
8311 7766 7719 7484 7531 7767 7720 7485 7532
8312 7767 7720 7485 7532 7768 7721 7486 7533
8313 7768 7721 7486 7533 7769 7722 7487 7534
8314 7769 7722 7487 7534 7770 7723 7488 7535
8315 7770 7723 7488 7535 7771 7724 7489 7536
8316 7771 7724 7489 7536 7772 7725 7490 7537
8317 7772 7725 7490 7537 7773 7726 7491 7538
8318 7773 7726 7491 7538 7774 7727 7492 7539
8319 7774 7727 7492 7539 7775 7728 7493 7540
8320 7775 7728 7493 7540 7776 7729 7494 7541
8321 7776 7729 7494 7541 7777 7730 7495 7542
8322 7777 7730 7495 7542 7778 7731 7496 7543
8323 7778 7731 7496 7543 7779 7732 7497 7544
8324 7779 7732 7497 7544 7780 7733 7498 7545
8325 7780 7733 7498 7545 7781 7734 7499 7546
8326 7781 7734 7499 7546 7782 7735 7500 7547
8327 7782 7735 7500 7547 7783 7736 7501 7548
8328 7783 7736 7501 7548 7784 7737 7502 7549
8329 7784 7737 7502 7549 7785 7738 7503 7550
8330 7785 7738 7503 7550 7786 7739 7504 7551
8331 7786 7739 7504 7551 7787 7740 7505 7552
8332 7787 7740 7505 7552 7788 7741 7506 7553
8333 7788 7741 7506 7553 7789 7742 7507 7554
8334 7789 7742 7507 7554 7790 7743 7508 7555
8335 7790 7743 7508 7555 7791 7744 7509 7556
8336 7791 7744 7509 7556 7792 7745 7510 7557
8337 7792 7745 7510 7557 3349 3348 3343 3344
8338 61 551 546 60 2823 7746 7511 2776
8339 2823 7746 7511 2776 2824 7747 7512 2777
8340 2824 7747 7512 2777 2825 7748 7513 2778
8341 2825 7748 7513 2778 2826 7749 7514 2779
8342 2826 7749 7514 2779 2827 7750 7515 2780
8343 2827 7750 7515 2780 2828 7751 7516 2781
8344 2828 7751 7516 2781 2829 7752 7517 2782
8345 2829 7752 7517 2782 2830 7753 7518 2783
8346 2830 7753 7518 2783 2831 7754 7519 2784
8347 2831 7754 7519 2784 2832 7755 7520 2785
8348 2832 7755 7520 2785 2833 7756 7521 2786
8349 2833 7756 7521 2786 2834 7757 7522 2787
8350 2834 7757 7522 2787 2835 7758 7523 2788
8351 2835 7758 7523 2788 2836 7759 7524 2789
8352 2836 7759 7524 2789 2837 7760 7525 2790
8353 2837 7760 7525 2790 2838 7761 7526 2791
8354 2838 7761 7526 2791 2839 7762 7527 2792
8355 2839 7762 7527 2792 2840 7763 7528 2793
8356 2840 7763 7528 2793 2841 7764 7529 2794
8357 2841 7764 7529 2794 2842 7765 7530 2795
8358 2842 7765 7530 2795 2843 7766 7531 2796
8359 2843 7766 7531 2796 2844 7767 7532 2797
8360 2844 7767 7532 2797 2845 7768 7533 2798
8361 2845 7768 7533 2798 2846 7769 7534 2799
8362 2846 7769 7534 2799 2847 7770 7535 2800
8363 2847 7770 7535 2800 2848 7771 7536 2801
8364 2848 7771 7536 2801 2849 7772 7537 2802
8365 2849 7772 7537 2802 2850 7773 7538 2803
8366 2850 7773 7538 2803 2851 7774 7539 2804
8367 2851 7774 7539 2804 2852 7775 7540 2805
8368 2852 7775 7540 2805 2853 7776 7541 2806
8369 2853 7776 7541 2806 2854 7777 7542 2807
8370 2854 7777 7542 2807 2855 7778 7543 2808
8371 2855 7778 7543 2808 2856 7779 7544 2809
8372 2856 7779 7544 2809 2857 7780 7545 2810
8373 2857 7780 7545 2810 2858 7781 7546 2811
8374 2858 7781 7546 2811 2859 7782 7547 2812
8375 2859 7782 7547 2812 2860 7783 7548 2813
8376 2860 7783 7548 2813 2861 7784 7549 2814
8377 2861 7784 7549 2814 2862 7785 7550 2815
8378 2862 7785 7550 2815 2863 7786 7551 2816
8379 2863 7786 7551 2816 2864 7787 7552 2817
8380 2864 7787 7552 2817 2865 7788 7553 2818
8381 2865 7788 7553 2818 2866 7789 7554 2819
8382 2866 7789 7554 2819 2867 7790 7555 2820
8383 2867 7790 7555 2820 2868 7791 7556 2821
8384 2868 7791 7556 2821 2869 7792 7557 2822
8385 2869 7792 7557 2822 400 3349 3344 399
8386 552 31 30 547 7793 1329 1282 7558
8387 7793 1329 1282 7558 7794 1330 1283 7559
8388 7794 1330 1283 7559 7795 1331 1284 7560
8389 7795 1331 1284 7560 7796 1332 1285 7561
8390 7796 1332 1285 7561 7797 1333 1286 7562
8391 7797 1333 1286 7562 7798 1334 1287 7563
8392 7798 1334 1287 7563 7799 1335 1288 7564
8393 7799 1335 1288 7564 7800 1336 1289 7565
8394 7800 1336 1289 7565 7801 1337 1290 7566
8395 7801 1337 1290 7566 7802 1338 1291 7567
8396 7802 1338 1291 7567 7803 1339 1292 7568
8397 7803 1339 1292 7568 7804 1340 1293 7569
8398 7804 1340 1293 7569 7805 1341 1294 7570
8399 7805 1341 1294 7570 7806 1342 1295 7571
8400 7806 1342 1295 7571 7807 1343 1296 7572
8401 7807 1343 1296 7572 7808 1344 1297 7573
8402 7808 1344 1297 7573 7809 1345 1298 7574
8403 7809 1345 1298 7574 7810 1346 1299 7575
8404 7810 1346 1299 7575 7811 1347 1300 7576
8405 7811 1347 1300 7576 7812 1348 1301 7577
8406 7812 1348 1301 7577 7813 1349 1302 7578
8407 7813 1349 1302 7578 7814 1350 1303 7579
8408 7814 1350 1303 7579 7815 1351 1304 7580
8409 7815 1351 1304 7580 7816 1352 1305 7581
8410 7816 1352 1305 7581 7817 1353 1306 7582
8411 7817 1353 1306 7582 7818 1354 1307 7583
8412 7818 1354 1307 7583 7819 1355 1308 7584
8413 7819 1355 1308 7584 7820 1356 1309 7585
8414 7820 1356 1309 7585 7821 1357 1310 7586
8415 7821 1357 1310 7586 7822 1358 1311 7587
8416 7822 1358 1311 7587 7823 1359 1312 7588
8417 7823 1359 1312 7588 7824 1360 1313 7589
8418 7824 1360 1313 7589 7825 1361 1314 7590
8419 7825 1361 1314 7590 7826 1362 1315 7591
8420 7826 1362 1315 7591 7827 1363 1316 7592
8421 7827 1363 1316 7592 7828 1364 1317 7593
8422 7828 1364 1317 7593 7829 1365 1318 7594
8423 7829 1365 1318 7594 7830 1366 1319 7595
8424 7830 1366 1319 7595 7831 1367 1320 7596
8425 7831 1367 1320 7596 7832 1368 1321 7597
8426 7832 1368 1321 7597 7833 1369 1322 7598
8427 7833 1369 1322 7598 7834 1370 1323 7599
8428 7834 1370 1323 7599 7835 1371 1324 7600
8429 7835 1371 1324 7600 7836 1372 1325 7601
8430 7836 1372 1325 7601 7837 1373 1326 7602
8431 7837 1373 1326 7602 7838 1374 1327 7603
8432 7838 1374 1327 7603 7839 1375 1328 7604
8433 7839 1375 1328 7604 3350 88 87 3345
8434 553 552 547 548 7840 7793 7558 7605
8435 7840 7793 7558 7605 7841 7794 7559 7606
8436 7841 7794 7559 7606 7842 7795 7560 7607
8437 7842 7795 7560 7607 7843 7796 7561 7608
8438 7843 7796 7561 7608 7844 7797 7562 7609
8439 7844 7797 7562 7609 7845 7798 7563 7610
8440 7845 7798 7563 7610 7846 7799 7564 7611
8441 7846 7799 7564 7611 7847 7800 7565 7612
8442 7847 7800 7565 7612 7848 7801 7566 7613
8443 7848 7801 7566 7613 7849 7802 7567 7614
8444 7849 7802 7567 7614 7850 7803 7568 7615
8445 7850 7803 7568 7615 7851 7804 7569 7616
8446 7851 7804 7569 7616 7852 7805 7570 7617
8447 7852 7805 7570 7617 7853 7806 7571 7618
8448 7853 7806 7571 7618 7854 7807 7572 7619
8449 7854 7807 7572 7619 7855 7808 7573 7620
8450 7855 7808 7573 7620 7856 7809 7574 7621
8451 7856 7809 7574 7621 7857 7810 7575 7622
8452 7857 7810 7575 7622 7858 7811 7576 7623
8453 7858 7811 7576 7623 7859 7812 7577 7624
8454 7859 7812 7577 7624 7860 7813 7578 7625
8455 7860 7813 7578 7625 7861 7814 7579 7626
8456 7861 7814 7579 7626 7862 7815 7580 7627
8457 7862 7815 7580 7627 7863 7816 7581 7628
8458 7863 7816 7581 7628 7864 7817 7582 7629
8459 7864 7817 7582 7629 7865 7818 7583 7630
8460 7865 7818 7583 7630 7866 7819 7584 7631
8461 7866 7819 7584 7631 7867 7820 7585 7632
8462 7867 7820 7585 7632 7868 7821 7586 7633
8463 7868 7821 7586 7633 7869 7822 7587 7634
8464 7869 7822 7587 7634 7870 7823 7588 7635
8465 7870 7823 7588 7635 7871 7824 7589 7636
8466 7871 7824 7589 7636 7872 7825 7590 7637
8467 7872 7825 7590 7637 7873 7826 7591 7638
8468 7873 7826 7591 7638 7874 7827 7592 7639
8469 7874 7827 7592 7639 7875 7828 7593 7640
8470 7875 7828 7593 7640 7876 7829 7594 7641
8471 7876 7829 7594 7641 7877 7830 7595 7642
8472 7877 7830 7595 7642 7878 7831 7596 7643
8473 7878 7831 7596 7643 7879 7832 7597 7644
8474 7879 7832 7597 7644 7880 7833 7598 7645
8475 7880 7833 7598 7645 7881 7834 7599 7646
8476 7881 7834 7599 7646 7882 7835 7600 7647
8477 7882 7835 7600 7647 7883 7836 7601 7648
8478 7883 7836 7601 7648 7884 7837 7602 7649
8479 7884 7837 7602 7649 7885 7838 7603 7650
8480 7885 7838 7603 7650 7886 7839 7604 7651
8481 7886 7839 7604 7651 3351 3350 3345 3346
8482 554 553 548 549 7887 7840 7605 7652
8483 7887 7840 7605 7652 7888 7841 7606 7653
8484 7888 7841 7606 7653 7889 7842 7607 7654
8485 7889 7842 7607 7654 7890 7843 7608 7655
8486 7890 7843 7608 7655 7891 7844 7609 7656
8487 7891 7844 7609 7656 7892 7845 7610 7657
8488 7892 7845 7610 7657 7893 7846 7611 7658
8489 7893 7846 7611 7658 7894 7847 7612 7659
8490 7894 7847 7612 7659 7895 7848 7613 7660
8491 7895 7848 7613 7660 7896 7849 7614 7661
8492 7896 7849 7614 7661 7897 7850 7615 7662
8493 7897 7850 7615 7662 7898 7851 7616 7663
8494 7898 7851 7616 7663 7899 7852 7617 7664
8495 7899 7852 7617 7664 7900 7853 7618 7665
8496 7900 7853 7618 7665 7901 7854 7619 7666
8497 7901 7854 7619 7666 7902 7855 7620 7667
8498 7902 7855 7620 7667 7903 7856 7621 7668
8499 7903 7856 7621 7668 7904 7857 7622 7669
8500 7904 7857 7622 7669 7905 7858 7623 7670
8501 7905 7858 7623 7670 7906 7859 7624 7671
8502 7906 7859 7624 7671 7907 7860 7625 7672
8503 7907 7860 7625 7672 7908 7861 7626 7673
8504 7908 7861 7626 7673 7909 7862 7627 7674
8505 7909 7862 7627 7674 7910 7863 7628 7675
8506 7910 7863 7628 7675 7911 7864 7629 7676
8507 7911 7864 7629 7676 7912 7865 7630 7677
8508 7912 7865 7630 7677 7913 7866 7631 7678
8509 7913 7866 7631 7678 7914 7867 7632 7679
8510 7914 7867 7632 7679 7915 7868 7633 7680
8511 7915 7868 7633 7680 7916 7869 7634 7681
8512 7916 7869 7634 7681 7917 7870 7635 7682
8513 7917 7870 7635 7682 7918 7871 7636 7683
8514 7918 7871 7636 7683 7919 7872 7637 7684
8515 7919 7872 7637 7684 7920 7873 7638 7685
8516 7920 7873 7638 7685 7921 7874 7639 7686
8517 7921 7874 7639 7686 7922 7875 7640 7687
8518 7922 7875 7640 7687 7923 7876 7641 7688
8519 7923 7876 7641 7688 7924 7877 7642 7689
8520 7924 7877 7642 7689 7925 7878 7643 7690
8521 7925 7878 7643 7690 7926 7879 7644 7691
8522 7926 7879 7644 7691 7927 7880 7645 7692
8523 7927 7880 7645 7692 7928 7881 7646 7693
8524 7928 7881 7646 7693 7929 7882 7647 7694
8525 7929 7882 7647 7694 7930 7883 7648 7695
8526 7930 7883 7648 7695 7931 7884 7649 7696
8527 7931 7884 7649 7696 7932 7885 7650 7697
8528 7932 7885 7650 7697 7933 7886 7651 7698
8529 7933 7886 7651 7698 3352 3351 3346 3347
8530 555 554 549 550 7934 7887 7652 7699
8531 7934 7887 7652 7699 7935 7888 7653 7700
8532 7935 7888 7653 7700 7936 7889 7654 7701
8533 7936 7889 7654 7701 7937 7890 7655 7702
8534 7937 7890 7655 7702 7938 7891 7656 7703
8535 7938 7891 7656 7703 7939 7892 7657 7704
8536 7939 7892 7657 7704 7940 7893 7658 7705
8537 7940 7893 7658 7705 7941 7894 7659 7706
8538 7941 7894 7659 7706 7942 7895 7660 7707
8539 7942 7895 7660 7707 7943 7896 7661 7708
8540 7943 7896 7661 7708 7944 7897 7662 7709
8541 7944 7897 7662 7709 7945 7898 7663 7710
8542 7945 7898 7663 7710 7946 7899 7664 7711
8543 7946 7899 7664 7711 7947 7900 7665 7712
8544 7947 7900 7665 7712 7948 7901 7666 7713
8545 7948 7901 7666 7713 7949 7902 7667 7714
8546 7949 7902 7667 7714 7950 7903 7668 7715
8547 7950 7903 7668 7715 7951 7904 7669 7716
8548 7951 7904 7669 7716 7952 7905 7670 7717
8549 7952 7905 7670 7717 7953 7906 7671 7718
8550 7953 7906 7671 7718 7954 7907 7672 7719
8551 7954 7907 7672 7719 7955 7908 7673 7720
8552 7955 7908 7673 7720 7956 7909 7674 7721
8553 7956 7909 7674 7721 7957 7910 7675 7722
8554 7957 7910 7675 7722 7958 7911 7676 7723
8555 7958 7911 7676 7723 7959 7912 7677 7724
8556 7959 7912 7677 7724 7960 7913 7678 7725
8557 7960 7913 7678 7725 7961 7914 7679 7726
8558 7961 7914 7679 7726 7962 7915 7680 7727
8559 7962 7915 7680 7727 7963 7916 7681 7728
8560 7963 7916 7681 7728 7964 7917 7682 7729
8561 7964 7917 7682 7729 7965 7918 7683 7730
8562 7965 7918 7683 7730 7966 7919 7684 7731
8563 7966 7919 7684 7731 7967 7920 7685 7732
8564 7967 7920 7685 7732 7968 7921 7686 7733
8565 7968 7921 7686 7733 7969 7922 7687 7734
8566 7969 7922 7687 7734 7970 7923 7688 7735
8567 7970 7923 7688 7735 7971 7924 7689 7736
8568 7971 7924 7689 7736 7972 7925 7690 7737
8569 7972 7925 7690 7737 7973 7926 7691 7738
8570 7973 7926 7691 7738 7974 7927 7692 7739
8571 7974 7927 7692 7739 7975 7928 7693 7740
8572 7975 7928 7693 7740 7976 7929 7694 7741
8573 7976 7929 7694 7741 7977 7930 7695 7742
8574 7977 7930 7695 7742 7978 7931 7696 7743
8575 7978 7931 7696 7743 7979 7932 7697 7744
8576 7979 7932 7697 7744 7980 7933 7698 7745
8577 7980 7933 7698 7745 3353 3352 3347 3348
8578 556 555 550 551 7981 7934 7699 7746
8579 7981 7934 7699 7746 7982 7935 7700 7747
8580 7982 7935 7700 7747 7983 7936 7701 7748
8581 7983 7936 7701 7748 7984 7937 7702 7749
8582 7984 7937 7702 7749 7985 7938 7703 7750
8583 7985 7938 7703 7750 7986 7939 7704 7751
8584 7986 7939 7704 7751 7987 7940 7705 7752
8585 7987 7940 7705 7752 7988 7941 7706 7753
8586 7988 7941 7706 7753 7989 7942 7707 7754
8587 7989 7942 7707 7754 7990 7943 7708 7755
8588 7990 7943 7708 7755 7991 7944 7709 7756
8589 7991 7944 7709 7756 7992 7945 7710 7757
8590 7992 7945 7710 7757 7993 7946 7711 7758
8591 7993 7946 7711 7758 7994 7947 7712 7759
8592 7994 7947 7712 7759 7995 7948 7713 7760
8593 7995 7948 7713 7760 7996 7949 7714 7761
8594 7996 7949 7714 7761 7997 7950 7715 7762
8595 7997 7950 7715 7762 7998 7951 7716 7763
8596 7998 7951 7716 7763 7999 7952 7717 7764
8597 7999 7952 7717 7764 8000 7953 7718 7765
8598 8000 7953 7718 7765 8001 7954 7719 7766
8599 8001 7954 7719 7766 8002 7955 7720 7767
8600 8002 7955 7720 7767 8003 7956 7721 7768
8601 8003 7956 7721 7768 8004 7957 7722 7769
8602 8004 7957 7722 7769 8005 7958 7723 7770
8603 8005 7958 7723 7770 8006 7959 7724 7771
8604 8006 7959 7724 7771 8007 7960 7725 7772
8605 8007 7960 7725 7772 8008 7961 7726 7773
8606 8008 7961 7726 7773 8009 7962 7727 7774
8607 8009 7962 7727 7774 8010 7963 7728 7775
8608 8010 7963 7728 7775 8011 7964 7729 7776
8609 8011 7964 7729 7776 8012 7965 7730 7777
8610 8012 7965 7730 7777 8013 7966 7731 7778
8611 8013 7966 7731 7778 8014 7967 7732 7779
8612 8014 7967 7732 7779 8015 7968 7733 7780
8613 8015 7968 7733 7780 8016 7969 7734 7781
8614 8016 7969 7734 7781 8017 7970 7735 7782
8615 8017 7970 7735 7782 8018 7971 7736 7783
8616 8018 7971 7736 7783 8019 7972 7737 7784
8617 8019 7972 7737 7784 8020 7973 7738 7785
8618 8020 7973 7738 7785 8021 7974 7739 7786
8619 8021 7974 7739 7786 8022 7975 7740 7787
8620 8022 7975 7740 7787 8023 7976 7741 7788
8621 8023 7976 7741 7788 8024 7977 7742 7789
8622 8024 7977 7742 7789 8025 7978 7743 7790
8623 8025 7978 7743 7790 8026 7979 7744 7791
8624 8026 7979 7744 7791 8027 7980 7745 7792
8625 8027 7980 7745 7792 3354 3353 3348 3349
8626 62 556 551 61 2870 7981 7746 2823
8627 2870 7981 7746 2823 2871 7982 7747 2824
8628 2871 7982 7747 2824 2872 7983 7748 2825
8629 2872 7983 7748 2825 2873 7984 7749 2826
8630 2873 7984 7749 2826 2874 7985 7750 2827
8631 2874 7985 7750 2827 2875 7986 7751 2828
8632 2875 7986 7751 2828 2876 7987 7752 2829
8633 2876 7987 7752 2829 2877 7988 7753 2830
8634 2877 7988 7753 2830 2878 7989 7754 2831
8635 2878 7989 7754 2831 2879 7990 7755 2832
8636 2879 7990 7755 2832 2880 7991 7756 2833
8637 2880 7991 7756 2833 2881 7992 7757 2834
8638 2881 7992 7757 2834 2882 7993 7758 2835
8639 2882 7993 7758 2835 2883 7994 7759 2836
8640 2883 7994 7759 2836 2884 7995 7760 2837
8641 2884 7995 7760 2837 2885 7996 7761 2838
8642 2885 7996 7761 2838 2886 7997 7762 2839
8643 2886 7997 7762 2839 2887 7998 7763 2840
8644 2887 7998 7763 2840 2888 7999 7764 2841
8645 2888 7999 7764 2841 2889 8000 7765 2842
8646 2889 8000 7765 2842 2890 8001 7766 2843
8647 2890 8001 7766 2843 2891 8002 7767 2844
8648 2891 8002 7767 2844 2892 8003 7768 2845
8649 2892 8003 7768 2845 2893 8004 7769 2846
8650 2893 8004 7769 2846 2894 8005 7770 2847
8651 2894 8005 7770 2847 2895 8006 7771 2848
8652 2895 8006 7771 2848 2896 8007 7772 2849
8653 2896 8007 7772 2849 2897 8008 7773 2850
8654 2897 8008 7773 2850 2898 8009 7774 2851
8655 2898 8009 7774 2851 2899 8010 7775 2852
8656 2899 8010 7775 2852 2900 8011 7776 2853
8657 2900 8011 7776 2853 2901 8012 7777 2854
8658 2901 8012 7777 2854 2902 8013 7778 2855
8659 2902 8013 7778 2855 2903 8014 7779 2856
8660 2903 8014 7779 2856 2904 8015 7780 2857
8661 2904 8015 7780 2857 2905 8016 7781 2858
8662 2905 8016 7781 2858 2906 8017 7782 2859
8663 2906 8017 7782 2859 2907 8018 7783 2860
8664 2907 8018 7783 2860 2908 8019 7784 2861
8665 2908 8019 7784 2861 2909 8020 7785 2862
8666 2909 8020 7785 2862 2910 8021 7786 2863
8667 2910 8021 7786 2863 2911 8022 7787 2864
8668 2911 8022 7787 2864 2912 8023 7788 2865
8669 2912 8023 7788 2865 2913 8024 7789 2866
8670 2913 8024 7789 2866 2914 8025 7790 2867
8671 2914 8025 7790 2867 2915 8026 7791 2868
8672 2915 8026 7791 2868 2916 8027 7792 2869
8673 2916 8027 7792 2869 401 3354 3349 400
8674 557 32 31 552 8028 1376 1329 7793
8675 8028 1376 1329 7793 8029 1377 1330 7794
8676 8029 1377 1330 7794 8030 1378 1331 7795
8677 8030 1378 1331 7795 8031 1379 1332 7796
8678 8031 1379 1332 7796 8032 1380 1333 7797
8679 8032 1380 1333 7797 8033 1381 1334 7798
8680 8033 1381 1334 7798 8034 1382 1335 7799
8681 8034 1382 1335 7799 8035 1383 1336 7800
8682 8035 1383 1336 7800 8036 1384 1337 7801
8683 8036 1384 1337 7801 8037 1385 1338 7802
8684 8037 1385 1338 7802 8038 1386 1339 7803
8685 8038 1386 1339 7803 8039 1387 1340 7804
8686 8039 1387 1340 7804 8040 1388 1341 7805
8687 8040 1388 1341 7805 8041 1389 1342 7806
8688 8041 1389 1342 7806 8042 1390 1343 7807
8689 8042 1390 1343 7807 8043 1391 1344 7808
8690 8043 1391 1344 7808 8044 1392 1345 7809
8691 8044 1392 1345 7809 8045 1393 1346 7810
8692 8045 1393 1346 7810 8046 1394 1347 7811
8693 8046 1394 1347 7811 8047 1395 1348 7812
8694 8047 1395 1348 7812 8048 1396 1349 7813
8695 8048 1396 1349 7813 8049 1397 1350 7814
8696 8049 1397 1350 7814 8050 1398 1351 7815
8697 8050 1398 1351 7815 8051 1399 1352 7816
8698 8051 1399 1352 7816 8052 1400 1353 7817
8699 8052 1400 1353 7817 8053 1401 1354 7818
8700 8053 1401 1354 7818 8054 1402 1355 7819
8701 8054 1402 1355 7819 8055 1403 1356 7820
8702 8055 1403 1356 7820 8056 1404 1357 7821
8703 8056 1404 1357 7821 8057 1405 1358 7822
8704 8057 1405 1358 7822 8058 1406 1359 7823
8705 8058 1406 1359 7823 8059 1407 1360 7824
8706 8059 1407 1360 7824 8060 1408 1361 7825
8707 8060 1408 1361 7825 8061 1409 1362 7826
8708 8061 1409 1362 7826 8062 1410 1363 7827
8709 8062 1410 1363 7827 8063 1411 1364 7828
8710 8063 1411 1364 7828 8064 1412 1365 7829
8711 8064 1412 1365 7829 8065 1413 1366 7830
8712 8065 1413 1366 7830 8066 1414 1367 7831
8713 8066 1414 1367 7831 8067 1415 1368 7832
8714 8067 1415 1368 7832 8068 1416 1369 7833
8715 8068 1416 1369 7833 8069 1417 1370 7834
8716 8069 1417 1370 7834 8070 1418 1371 7835
8717 8070 1418 1371 7835 8071 1419 1372 7836
8718 8071 1419 1372 7836 8072 1420 1373 7837
8719 8072 1420 1373 7837 8073 1421 1374 7838
8720 8073 1421 1374 7838 8074 1422 1375 7839
8721 8074 1422 1375 7839 3355 89 88 3350
8722 558 557 552 553 8075 8028 7793 7840
8723 8075 8028 7793 7840 8076 8029 7794 7841
8724 8076 8029 7794 7841 8077 8030 7795 7842
8725 8077 8030 7795 7842 8078 8031 7796 7843
8726 8078 8031 7796 7843 8079 8032 7797 7844
8727 8079 8032 7797 7844 8080 8033 7798 7845
8728 8080 8033 7798 7845 8081 8034 7799 7846
8729 8081 8034 7799 7846 8082 8035 7800 7847
8730 8082 8035 7800 7847 8083 8036 7801 7848
8731 8083 8036 7801 7848 8084 8037 7802 7849
8732 8084 8037 7802 7849 8085 8038 7803 7850
8733 8085 8038 7803 7850 8086 8039 7804 7851
8734 8086 8039 7804 7851 8087 8040 7805 7852
8735 8087 8040 7805 7852 8088 8041 7806 7853
8736 8088 8041 7806 7853 8089 8042 7807 7854
8737 8089 8042 7807 7854 8090 8043 7808 7855
8738 8090 8043 7808 7855 8091 8044 7809 7856
8739 8091 8044 7809 7856 8092 8045 7810 7857
8740 8092 8045 7810 7857 8093 8046 7811 7858
8741 8093 8046 7811 7858 8094 8047 7812 7859
8742 8094 8047 7812 7859 8095 8048 7813 7860
8743 8095 8048 7813 7860 8096 8049 7814 7861
8744 8096 8049 7814 7861 8097 8050 7815 7862
8745 8097 8050 7815 7862 8098 8051 7816 7863
8746 8098 8051 7816 7863 8099 8052 7817 7864
8747 8099 8052 7817 7864 8100 8053 7818 7865
8748 8100 8053 7818 7865 8101 8054 7819 7866
8749 8101 8054 7819 7866 8102 8055 7820 7867
8750 8102 8055 7820 7867 8103 8056 7821 7868
8751 8103 8056 7821 7868 8104 8057 7822 7869
8752 8104 8057 7822 7869 8105 8058 7823 7870
8753 8105 8058 7823 7870 8106 8059 7824 7871
8754 8106 8059 7824 7871 8107 8060 7825 7872
8755 8107 8060 7825 7872 8108 8061 7826 7873
8756 8108 8061 7826 7873 8109 8062 7827 7874
8757 8109 8062 7827 7874 8110 8063 7828 7875
8758 8110 8063 7828 7875 8111 8064 7829 7876
8759 8111 8064 7829 7876 8112 8065 7830 7877
8760 8112 8065 7830 7877 8113 8066 7831 7878
8761 8113 8066 7831 7878 8114 8067 7832 7879
8762 8114 8067 7832 7879 8115 8068 7833 7880
8763 8115 8068 7833 7880 8116 8069 7834 7881
8764 8116 8069 7834 7881 8117 8070 7835 7882
8765 8117 8070 7835 7882 8118 8071 7836 7883
8766 8118 8071 7836 7883 8119 8072 7837 7884
8767 8119 8072 7837 7884 8120 8073 7838 7885
8768 8120 8073 7838 7885 8121 8074 7839 7886
8769 8121 8074 7839 7886 3356 3355 3350 3351
8770 559 558 553 554 8122 8075 7840 7887
8771 8122 8075 7840 7887 8123 8076 7841 7888
8772 8123 8076 7841 7888 8124 8077 7842 7889
8773 8124 8077 7842 7889 8125 8078 7843 7890
8774 8125 8078 7843 7890 8126 8079 7844 7891
8775 8126 8079 7844 7891 8127 8080 7845 7892
8776 8127 8080 7845 7892 8128 8081 7846 7893
8777 8128 8081 7846 7893 8129 8082 7847 7894
8778 8129 8082 7847 7894 8130 8083 7848 7895
8779 8130 8083 7848 7895 8131 8084 7849 7896
8780 8131 8084 7849 7896 8132 8085 7850 7897
8781 8132 8085 7850 7897 8133 8086 7851 7898
8782 8133 8086 7851 7898 8134 8087 7852 7899
8783 8134 8087 7852 7899 8135 8088 7853 7900
8784 8135 8088 7853 7900 8136 8089 7854 7901
8785 8136 8089 7854 7901 8137 8090 7855 7902
8786 8137 8090 7855 7902 8138 8091 7856 7903
8787 8138 8091 7856 7903 8139 8092 7857 7904
8788 8139 8092 7857 7904 8140 8093 7858 7905
8789 8140 8093 7858 7905 8141 8094 7859 7906
8790 8141 8094 7859 7906 8142 8095 7860 7907
8791 8142 8095 7860 7907 8143 8096 7861 7908
8792 8143 8096 7861 7908 8144 8097 7862 7909
8793 8144 8097 7862 7909 8145 8098 7863 7910
8794 8145 8098 7863 7910 8146 8099 7864 7911
8795 8146 8099 7864 7911 8147 8100 7865 7912
8796 8147 8100 7865 7912 8148 8101 7866 7913
8797 8148 8101 7866 7913 8149 8102 7867 7914
8798 8149 8102 7867 7914 8150 8103 7868 7915
8799 8150 8103 7868 7915 8151 8104 7869 7916
8800 8151 8104 7869 7916 8152 8105 7870 7917
8801 8152 8105 7870 7917 8153 8106 7871 7918
8802 8153 8106 7871 7918 8154 8107 7872 7919
8803 8154 8107 7872 7919 8155 8108 7873 7920
8804 8155 8108 7873 7920 8156 8109 7874 7921
8805 8156 8109 7874 7921 8157 8110 7875 7922
8806 8157 8110 7875 7922 8158 8111 7876 7923
8807 8158 8111 7876 7923 8159 8112 7877 7924
8808 8159 8112 7877 7924 8160 8113 7878 7925
8809 8160 8113 7878 7925 8161 8114 7879 7926
8810 8161 8114 7879 7926 8162 8115 7880 7927
8811 8162 8115 7880 7927 8163 8116 7881 7928
8812 8163 8116 7881 7928 8164 8117 7882 7929
8813 8164 8117 7882 7929 8165 8118 7883 7930
8814 8165 8118 7883 7930 8166 8119 7884 7931
8815 8166 8119 7884 7931 8167 8120 7885 7932
8816 8167 8120 7885 7932 8168 8121 7886 7933
8817 8168 8121 7886 7933 3357 3356 3351 3352
8818 560 559 554 555 8169 8122 7887 7934
8819 8169 8122 7887 7934 8170 8123 7888 7935
8820 8170 8123 7888 7935 8171 8124 7889 7936
8821 8171 8124 7889 7936 8172 8125 7890 7937
8822 8172 8125 7890 7937 8173 8126 7891 7938
8823 8173 8126 7891 7938 8174 8127 7892 7939
8824 8174 8127 7892 7939 8175 8128 7893 7940
8825 8175 8128 7893 7940 8176 8129 7894 7941
8826 8176 8129 7894 7941 8177 8130 7895 7942
8827 8177 8130 7895 7942 8178 8131 7896 7943
8828 8178 8131 7896 7943 8179 8132 7897 7944
8829 8179 8132 7897 7944 8180 8133 7898 7945
8830 8180 8133 7898 7945 8181 8134 7899 7946
8831 8181 8134 7899 7946 8182 8135 7900 7947
8832 8182 8135 7900 7947 8183 8136 7901 7948
8833 8183 8136 7901 7948 8184 8137 7902 7949
8834 8184 8137 7902 7949 8185 8138 7903 7950
8835 8185 8138 7903 7950 8186 8139 7904 7951
8836 8186 8139 7904 7951 8187 8140 7905 7952
8837 8187 8140 7905 7952 8188 8141 7906 7953
8838 8188 8141 7906 7953 8189 8142 7907 7954
8839 8189 8142 7907 7954 8190 8143 7908 7955
8840 8190 8143 7908 7955 8191 8144 7909 7956
8841 8191 8144 7909 7956 8192 8145 7910 7957
8842 8192 8145 7910 7957 8193 8146 7911 7958
8843 8193 8146 7911 7958 8194 8147 7912 7959
8844 8194 8147 7912 7959 8195 8148 7913 7960
8845 8195 8148 7913 7960 8196 8149 7914 7961
8846 8196 8149 7914 7961 8197 8150 7915 7962
8847 8197 8150 7915 7962 8198 8151 7916 7963
8848 8198 8151 7916 7963 8199 8152 7917 7964
8849 8199 8152 7917 7964 8200 8153 7918 7965
8850 8200 8153 7918 7965 8201 8154 7919 7966
8851 8201 8154 7919 7966 8202 8155 7920 7967
8852 8202 8155 7920 7967 8203 8156 7921 7968
8853 8203 8156 7921 7968 8204 8157 7922 7969
8854 8204 8157 7922 7969 8205 8158 7923 7970
8855 8205 8158 7923 7970 8206 8159 7924 7971
8856 8206 8159 7924 7971 8207 8160 7925 7972
8857 8207 8160 7925 7972 8208 8161 7926 7973
8858 8208 8161 7926 7973 8209 8162 7927 7974
8859 8209 8162 7927 7974 8210 8163 7928 7975
8860 8210 8163 7928 7975 8211 8164 7929 7976
8861 8211 8164 7929 7976 8212 8165 7930 7977
8862 8212 8165 7930 7977 8213 8166 7931 7978
8863 8213 8166 7931 7978 8214 8167 7932 7979
8864 8214 8167 7932 7979 8215 8168 7933 7980
8865 8215 8168 7933 7980 3358 3357 3352 3353
8866 561 560 555 556 8216 8169 7934 7981
8867 8216 8169 7934 7981 8217 8170 7935 7982
8868 8217 8170 7935 7982 8218 8171 7936 7983
8869 8218 8171 7936 7983 8219 8172 7937 7984
8870 8219 8172 7937 7984 8220 8173 7938 7985
8871 8220 8173 7938 7985 8221 8174 7939 7986
8872 8221 8174 7939 7986 8222 8175 7940 7987
8873 8222 8175 7940 7987 8223 8176 7941 7988
8874 8223 8176 7941 7988 8224 8177 7942 7989
8875 8224 8177 7942 7989 8225 8178 7943 7990
8876 8225 8178 7943 7990 8226 8179 7944 7991
8877 8226 8179 7944 7991 8227 8180 7945 7992
8878 8227 8180 7945 7992 8228 8181 7946 7993
8879 8228 8181 7946 7993 8229 8182 7947 7994
8880 8229 8182 7947 7994 8230 8183 7948 7995
8881 8230 8183 7948 7995 8231 8184 7949 7996
8882 8231 8184 7949 7996 8232 8185 7950 7997
8883 8232 8185 7950 7997 8233 8186 7951 7998
8884 8233 8186 7951 7998 8234 8187 7952 7999
8885 8234 8187 7952 7999 8235 8188 7953 8000
8886 8235 8188 7953 8000 8236 8189 7954 8001
8887 8236 8189 7954 8001 8237 8190 7955 8002
8888 8237 8190 7955 8002 8238 8191 7956 8003
8889 8238 8191 7956 8003 8239 8192 7957 8004
8890 8239 8192 7957 8004 8240 8193 7958 8005
8891 8240 8193 7958 8005 8241 8194 7959 8006
8892 8241 8194 7959 8006 8242 8195 7960 8007
8893 8242 8195 7960 8007 8243 8196 7961 8008
8894 8243 8196 7961 8008 8244 8197 7962 8009
8895 8244 8197 7962 8009 8245 8198 7963 8010
8896 8245 8198 7963 8010 8246 8199 7964 8011
8897 8246 8199 7964 8011 8247 8200 7965 8012
8898 8247 8200 7965 8012 8248 8201 7966 8013
8899 8248 8201 7966 8013 8249 8202 7967 8014
8900 8249 8202 7967 8014 8250 8203 7968 8015
8901 8250 8203 7968 8015 8251 8204 7969 8016
8902 8251 8204 7969 8016 8252 8205 7970 8017
8903 8252 8205 7970 8017 8253 8206 7971 8018
8904 8253 8206 7971 8018 8254 8207 7972 8019
8905 8254 8207 7972 8019 8255 8208 7973 8020
8906 8255 8208 7973 8020 8256 8209 7974 8021
8907 8256 8209 7974 8021 8257 8210 7975 8022
8908 8257 8210 7975 8022 8258 8211 7976 8023
8909 8258 8211 7976 8023 8259 8212 7977 8024
8910 8259 8212 7977 8024 8260 8213 7978 8025
8911 8260 8213 7978 8025 8261 8214 7979 8026
8912 8261 8214 7979 8026 8262 8215 7980 8027
8913 8262 8215 7980 8027 3359 3358 3353 3354
8914 63 561 556 62 2917 8216 7981 2870
8915 2917 8216 7981 2870 2918 8217 7982 2871
8916 2918 8217 7982 2871 2919 8218 7983 2872
8917 2919 8218 7983 2872 2920 8219 7984 2873
8918 2920 8219 7984 2873 2921 8220 7985 2874
8919 2921 8220 7985 2874 2922 8221 7986 2875
8920 2922 8221 7986 2875 2923 8222 7987 2876
8921 2923 8222 7987 2876 2924 8223 7988 2877
8922 2924 8223 7988 2877 2925 8224 7989 2878
8923 2925 8224 7989 2878 2926 8225 7990 2879
8924 2926 8225 7990 2879 2927 8226 7991 2880
8925 2927 8226 7991 2880 2928 8227 7992 2881
8926 2928 8227 7992 2881 2929 8228 7993 2882
8927 2929 8228 7993 2882 2930 8229 7994 2883
8928 2930 8229 7994 2883 2931 8230 7995 2884
8929 2931 8230 7995 2884 2932 8231 7996 2885
8930 2932 8231 7996 2885 2933 8232 7997 2886
8931 2933 8232 7997 2886 2934 8233 7998 2887
8932 2934 8233 7998 2887 2935 8234 7999 2888
8933 2935 8234 7999 2888 2936 8235 8000 2889
8934 2936 8235 8000 2889 2937 8236 8001 2890
8935 2937 8236 8001 2890 2938 8237 8002 2891
8936 2938 8237 8002 2891 2939 8238 8003 2892
8937 2939 8238 8003 2892 2940 8239 8004 2893
8938 2940 8239 8004 2893 2941 8240 8005 2894
8939 2941 8240 8005 2894 2942 8241 8006 2895
8940 2942 8241 8006 2895 2943 8242 8007 2896
8941 2943 8242 8007 2896 2944 8243 8008 2897
8942 2944 8243 8008 2897 2945 8244 8009 2898
8943 2945 8244 8009 2898 2946 8245 8010 2899
8944 2946 8245 8010 2899 2947 8246 8011 2900
8945 2947 8246 8011 2900 2948 8247 8012 2901
8946 2948 8247 8012 2901 2949 8248 8013 2902
8947 2949 8248 8013 2902 2950 8249 8014 2903
8948 2950 8249 8014 2903 2951 8250 8015 2904
8949 2951 8250 8015 2904 2952 8251 8016 2905
8950 2952 8251 8016 2905 2953 8252 8017 2906
8951 2953 8252 8017 2906 2954 8253 8018 2907
8952 2954 8253 8018 2907 2955 8254 8019 2908
8953 2955 8254 8019 2908 2956 8255 8020 2909
8954 2956 8255 8020 2909 2957 8256 8021 2910
8955 2957 8256 8021 2910 2958 8257 8022 2911
8956 2958 8257 8022 2911 2959 8258 8023 2912
8957 2959 8258 8023 2912 2960 8259 8024 2913
8958 2960 8259 8024 2913 2961 8260 8025 2914
8959 2961 8260 8025 2914 2962 8261 8026 2915
8960 2962 8261 8026 2915 2963 8262 8027 2916
8961 2963 8262 8027 2916 402 3359 3354 401
8962 562 33 32 557 8263 1423 1376 8028
8963 8263 1423 1376 8028 8264 1424 1377 8029
8964 8264 1424 1377 8029 8265 1425 1378 8030
8965 8265 1425 1378 8030 8266 1426 1379 8031
8966 8266 1426 1379 8031 8267 1427 1380 8032
8967 8267 1427 1380 8032 8268 1428 1381 8033
8968 8268 1428 1381 8033 8269 1429 1382 8034
8969 8269 1429 1382 8034 8270 1430 1383 8035
8970 8270 1430 1383 8035 8271 1431 1384 8036
8971 8271 1431 1384 8036 8272 1432 1385 8037
8972 8272 1432 1385 8037 8273 1433 1386 8038
8973 8273 1433 1386 8038 8274 1434 1387 8039
8974 8274 1434 1387 8039 8275 1435 1388 8040
8975 8275 1435 1388 8040 8276 1436 1389 8041
8976 8276 1436 1389 8041 8277 1437 1390 8042
8977 8277 1437 1390 8042 8278 1438 1391 8043
8978 8278 1438 1391 8043 8279 1439 1392 8044
8979 8279 1439 1392 8044 8280 1440 1393 8045
8980 8280 1440 1393 8045 8281 1441 1394 8046
8981 8281 1441 1394 8046 8282 1442 1395 8047
8982 8282 1442 1395 8047 8283 1443 1396 8048
8983 8283 1443 1396 8048 8284 1444 1397 8049
8984 8284 1444 1397 8049 8285 1445 1398 8050
8985 8285 1445 1398 8050 8286 1446 1399 8051
8986 8286 1446 1399 8051 8287 1447 1400 8052
8987 8287 1447 1400 8052 8288 1448 1401 8053
8988 8288 1448 1401 8053 8289 1449 1402 8054
8989 8289 1449 1402 8054 8290 1450 1403 8055
8990 8290 1450 1403 8055 8291 1451 1404 8056
8991 8291 1451 1404 8056 8292 1452 1405 8057
8992 8292 1452 1405 8057 8293 1453 1406 8058
8993 8293 1453 1406 8058 8294 1454 1407 8059
8994 8294 1454 1407 8059 8295 1455 1408 8060
8995 8295 1455 1408 8060 8296 1456 1409 8061
8996 8296 1456 1409 8061 8297 1457 1410 8062
8997 8297 1457 1410 8062 8298 1458 1411 8063
8998 8298 1458 1411 8063 8299 1459 1412 8064
8999 8299 1459 1412 8064 8300 1460 1413 8065
9000 8300 1460 1413 8065 8301 1461 1414 8066
9001 8301 1461 1414 8066 8302 1462 1415 8067
9002 8302 1462 1415 8067 8303 1463 1416 8068
9003 8303 1463 1416 8068 8304 1464 1417 8069
9004 8304 1464 1417 8069 8305 1465 1418 8070
9005 8305 1465 1418 8070 8306 1466 1419 8071
9006 8306 1466 1419 8071 8307 1467 1420 8072
9007 8307 1467 1420 8072 8308 1468 1421 8073
9008 8308 1468 1421 8073 8309 1469 1422 8074
9009 8309 1469 1422 8074 3360 90 89 3355
9010 563 562 557 558 8310 8263 8028 8075
9011 8310 8263 8028 8075 8311 8264 8029 8076
9012 8311 8264 8029 8076 8312 8265 8030 8077
9013 8312 8265 8030 8077 8313 8266 8031 8078
9014 8313 8266 8031 8078 8314 8267 8032 8079
9015 8314 8267 8032 8079 8315 8268 8033 8080
9016 8315 8268 8033 8080 8316 8269 8034 8081
9017 8316 8269 8034 8081 8317 8270 8035 8082
9018 8317 8270 8035 8082 8318 8271 8036 8083
9019 8318 8271 8036 8083 8319 8272 8037 8084
9020 8319 8272 8037 8084 8320 8273 8038 8085
9021 8320 8273 8038 8085 8321 8274 8039 8086
9022 8321 8274 8039 8086 8322 8275 8040 8087
9023 8322 8275 8040 8087 8323 8276 8041 8088
9024 8323 8276 8041 8088 8324 8277 8042 8089
9025 8324 8277 8042 8089 8325 8278 8043 8090
9026 8325 8278 8043 8090 8326 8279 8044 8091
9027 8326 8279 8044 8091 8327 8280 8045 8092
9028 8327 8280 8045 8092 8328 8281 8046 8093
9029 8328 8281 8046 8093 8329 8282 8047 8094
9030 8329 8282 8047 8094 8330 8283 8048 8095
9031 8330 8283 8048 8095 8331 8284 8049 8096
9032 8331 8284 8049 8096 8332 8285 8050 8097
9033 8332 8285 8050 8097 8333 8286 8051 8098
9034 8333 8286 8051 8098 8334 8287 8052 8099
9035 8334 8287 8052 8099 8335 8288 8053 8100
9036 8335 8288 8053 8100 8336 8289 8054 8101
9037 8336 8289 8054 8101 8337 8290 8055 8102
9038 8337 8290 8055 8102 8338 8291 8056 8103
9039 8338 8291 8056 8103 8339 8292 8057 8104
9040 8339 8292 8057 8104 8340 8293 8058 8105
9041 8340 8293 8058 8105 8341 8294 8059 8106
9042 8341 8294 8059 8106 8342 8295 8060 8107
9043 8342 8295 8060 8107 8343 8296 8061 8108
9044 8343 8296 8061 8108 8344 8297 8062 8109
9045 8344 8297 8062 8109 8345 8298 8063 8110
9046 8345 8298 8063 8110 8346 8299 8064 8111
9047 8346 8299 8064 8111 8347 8300 8065 8112
9048 8347 8300 8065 8112 8348 8301 8066 8113
9049 8348 8301 8066 8113 8349 8302 8067 8114
9050 8349 8302 8067 8114 8350 8303 8068 8115
9051 8350 8303 8068 8115 8351 8304 8069 8116
9052 8351 8304 8069 8116 8352 8305 8070 8117
9053 8352 8305 8070 8117 8353 8306 8071 8118
9054 8353 8306 8071 8118 8354 8307 8072 8119
9055 8354 8307 8072 8119 8355 8308 8073 8120
9056 8355 8308 8073 8120 8356 8309 8074 8121
9057 8356 8309 8074 8121 3361 3360 3355 3356
9058 564 563 558 559 8357 8310 8075 8122
9059 8357 8310 8075 8122 8358 8311 8076 8123
9060 8358 8311 8076 8123 8359 8312 8077 8124
9061 8359 8312 8077 8124 8360 8313 8078 8125
9062 8360 8313 8078 8125 8361 8314 8079 8126
9063 8361 8314 8079 8126 8362 8315 8080 8127
9064 8362 8315 8080 8127 8363 8316 8081 8128
9065 8363 8316 8081 8128 8364 8317 8082 8129
9066 8364 8317 8082 8129 8365 8318 8083 8130
9067 8365 8318 8083 8130 8366 8319 8084 8131
9068 8366 8319 8084 8131 8367 8320 8085 8132
9069 8367 8320 8085 8132 8368 8321 8086 8133
9070 8368 8321 8086 8133 8369 8322 8087 8134
9071 8369 8322 8087 8134 8370 8323 8088 8135
9072 8370 8323 8088 8135 8371 8324 8089 8136
9073 8371 8324 8089 8136 8372 8325 8090 8137
9074 8372 8325 8090 8137 8373 8326 8091 8138
9075 8373 8326 8091 8138 8374 8327 8092 8139
9076 8374 8327 8092 8139 8375 8328 8093 8140
9077 8375 8328 8093 8140 8376 8329 8094 8141
9078 8376 8329 8094 8141 8377 8330 8095 8142
9079 8377 8330 8095 8142 8378 8331 8096 8143
9080 8378 8331 8096 8143 8379 8332 8097 8144
9081 8379 8332 8097 8144 8380 8333 8098 8145
9082 8380 8333 8098 8145 8381 8334 8099 8146
9083 8381 8334 8099 8146 8382 8335 8100 8147
9084 8382 8335 8100 8147 8383 8336 8101 8148
9085 8383 8336 8101 8148 8384 8337 8102 8149
9086 8384 8337 8102 8149 8385 8338 8103 8150
9087 8385 8338 8103 8150 8386 8339 8104 8151
9088 8386 8339 8104 8151 8387 8340 8105 8152
9089 8387 8340 8105 8152 8388 8341 8106 8153
9090 8388 8341 8106 8153 8389 8342 8107 8154
9091 8389 8342 8107 8154 8390 8343 8108 8155
9092 8390 8343 8108 8155 8391 8344 8109 8156
9093 8391 8344 8109 8156 8392 8345 8110 8157
9094 8392 8345 8110 8157 8393 8346 8111 8158
9095 8393 8346 8111 8158 8394 8347 8112 8159
9096 8394 8347 8112 8159 8395 8348 8113 8160
9097 8395 8348 8113 8160 8396 8349 8114 8161
9098 8396 8349 8114 8161 8397 8350 8115 8162
9099 8397 8350 8115 8162 8398 8351 8116 8163
9100 8398 8351 8116 8163 8399 8352 8117 8164
9101 8399 8352 8117 8164 8400 8353 8118 8165
9102 8400 8353 8118 8165 8401 8354 8119 8166
9103 8401 8354 8119 8166 8402 8355 8120 8167
9104 8402 8355 8120 8167 8403 8356 8121 8168
9105 8403 8356 8121 8168 3362 3361 3356 3357
9106 565 564 559 560 8404 8357 8122 8169
9107 8404 8357 8122 8169 8405 8358 8123 8170
9108 8405 8358 8123 8170 8406 8359 8124 8171
9109 8406 8359 8124 8171 8407 8360 8125 8172
9110 8407 8360 8125 8172 8408 8361 8126 8173
9111 8408 8361 8126 8173 8409 8362 8127 8174
9112 8409 8362 8127 8174 8410 8363 8128 8175
9113 8410 8363 8128 8175 8411 8364 8129 8176
9114 8411 8364 8129 8176 8412 8365 8130 8177
9115 8412 8365 8130 8177 8413 8366 8131 8178
9116 8413 8366 8131 8178 8414 8367 8132 8179
9117 8414 8367 8132 8179 8415 8368 8133 8180
9118 8415 8368 8133 8180 8416 8369 8134 8181
9119 8416 8369 8134 8181 8417 8370 8135 8182
9120 8417 8370 8135 8182 8418 8371 8136 8183
9121 8418 8371 8136 8183 8419 8372 8137 8184
9122 8419 8372 8137 8184 8420 8373 8138 8185
9123 8420 8373 8138 8185 8421 8374 8139 8186
9124 8421 8374 8139 8186 8422 8375 8140 8187
9125 8422 8375 8140 8187 8423 8376 8141 8188
9126 8423 8376 8141 8188 8424 8377 8142 8189
9127 8424 8377 8142 8189 8425 8378 8143 8190
9128 8425 8378 8143 8190 8426 8379 8144 8191
9129 8426 8379 8144 8191 8427 8380 8145 8192
9130 8427 8380 8145 8192 8428 8381 8146 8193
9131 8428 8381 8146 8193 8429 8382 8147 8194
9132 8429 8382 8147 8194 8430 8383 8148 8195
9133 8430 8383 8148 8195 8431 8384 8149 8196
9134 8431 8384 8149 8196 8432 8385 8150 8197
9135 8432 8385 8150 8197 8433 8386 8151 8198
9136 8433 8386 8151 8198 8434 8387 8152 8199
9137 8434 8387 8152 8199 8435 8388 8153 8200
9138 8435 8388 8153 8200 8436 8389 8154 8201
9139 8436 8389 8154 8201 8437 8390 8155 8202
9140 8437 8390 8155 8202 8438 8391 8156 8203
9141 8438 8391 8156 8203 8439 8392 8157 8204
9142 8439 8392 8157 8204 8440 8393 8158 8205
9143 8440 8393 8158 8205 8441 8394 8159 8206
9144 8441 8394 8159 8206 8442 8395 8160 8207
9145 8442 8395 8160 8207 8443 8396 8161 8208
9146 8443 8396 8161 8208 8444 8397 8162 8209
9147 8444 8397 8162 8209 8445 8398 8163 8210
9148 8445 8398 8163 8210 8446 8399 8164 8211
9149 8446 8399 8164 8211 8447 8400 8165 8212
9150 8447 8400 8165 8212 8448 8401 8166 8213
9151 8448 8401 8166 8213 8449 8402 8167 8214
9152 8449 8402 8167 8214 8450 8403 8168 8215
9153 8450 8403 8168 8215 3363 3362 3357 3358
9154 566 565 560 561 8451 8404 8169 8216
9155 8451 8404 8169 8216 8452 8405 8170 8217
9156 8452 8405 8170 8217 8453 8406 8171 8218
9157 8453 8406 8171 8218 8454 8407 8172 8219
9158 8454 8407 8172 8219 8455 8408 8173 8220
9159 8455 8408 8173 8220 8456 8409 8174 8221
9160 8456 8409 8174 8221 8457 8410 8175 8222
9161 8457 8410 8175 8222 8458 8411 8176 8223
9162 8458 8411 8176 8223 8459 8412 8177 8224
9163 8459 8412 8177 8224 8460 8413 8178 8225
9164 8460 8413 8178 8225 8461 8414 8179 8226
9165 8461 8414 8179 8226 8462 8415 8180 8227
9166 8462 8415 8180 8227 8463 8416 8181 8228
9167 8463 8416 8181 8228 8464 8417 8182 8229
9168 8464 8417 8182 8229 8465 8418 8183 8230
9169 8465 8418 8183 8230 8466 8419 8184 8231
9170 8466 8419 8184 8231 8467 8420 8185 8232
9171 8467 8420 8185 8232 8468 8421 8186 8233
9172 8468 8421 8186 8233 8469 8422 8187 8234
9173 8469 8422 8187 8234 8470 8423 8188 8235
9174 8470 8423 8188 8235 8471 8424 8189 8236
9175 8471 8424 8189 8236 8472 8425 8190 8237
9176 8472 8425 8190 8237 8473 8426 8191 8238
9177 8473 8426 8191 8238 8474 8427 8192 8239
9178 8474 8427 8192 8239 8475 8428 8193 8240
9179 8475 8428 8193 8240 8476 8429 8194 8241
9180 8476 8429 8194 8241 8477 8430 8195 8242
9181 8477 8430 8195 8242 8478 8431 8196 8243
9182 8478 8431 8196 8243 8479 8432 8197 8244
9183 8479 8432 8197 8244 8480 8433 8198 8245
9184 8480 8433 8198 8245 8481 8434 8199 8246
9185 8481 8434 8199 8246 8482 8435 8200 8247
9186 8482 8435 8200 8247 8483 8436 8201 8248
9187 8483 8436 8201 8248 8484 8437 8202 8249
9188 8484 8437 8202 8249 8485 8438 8203 8250
9189 8485 8438 8203 8250 8486 8439 8204 8251
9190 8486 8439 8204 8251 8487 8440 8205 8252
9191 8487 8440 8205 8252 8488 8441 8206 8253
9192 8488 8441 8206 8253 8489 8442 8207 8254
9193 8489 8442 8207 8254 8490 8443 8208 8255
9194 8490 8443 8208 8255 8491 8444 8209 8256
9195 8491 8444 8209 8256 8492 8445 8210 8257
9196 8492 8445 8210 8257 8493 8446 8211 8258
9197 8493 8446 8211 8258 8494 8447 8212 8259
9198 8494 8447 8212 8259 8495 8448 8213 8260
9199 8495 8448 8213 8260 8496 8449 8214 8261
9200 8496 8449 8214 8261 8497 8450 8215 8262
9201 8497 8450 8215 8262 3364 3363 3358 3359
9202 64 566 561 63 2964 8451 8216 2917
9203 2964 8451 8216 2917 2965 8452 8217 2918
9204 2965 8452 8217 2918 2966 8453 8218 2919
9205 2966 8453 8218 2919 2967 8454 8219 2920
9206 2967 8454 8219 2920 2968 8455 8220 2921
9207 2968 8455 8220 2921 2969 8456 8221 2922
9208 2969 8456 8221 2922 2970 8457 8222 2923
9209 2970 8457 8222 2923 2971 8458 8223 2924
9210 2971 8458 8223 2924 2972 8459 8224 2925
9211 2972 8459 8224 2925 2973 8460 8225 2926
9212 2973 8460 8225 2926 2974 8461 8226 2927
9213 2974 8461 8226 2927 2975 8462 8227 2928
9214 2975 8462 8227 2928 2976 8463 8228 2929
9215 2976 8463 8228 2929 2977 8464 8229 2930
9216 2977 8464 8229 2930 2978 8465 8230 2931
9217 2978 8465 8230 2931 2979 8466 8231 2932
9218 2979 8466 8231 2932 2980 8467 8232 2933
9219 2980 8467 8232 2933 2981 8468 8233 2934
9220 2981 8468 8233 2934 2982 8469 8234 2935
9221 2982 8469 8234 2935 2983 8470 8235 2936
9222 2983 8470 8235 2936 2984 8471 8236 2937
9223 2984 8471 8236 2937 2985 8472 8237 2938
9224 2985 8472 8237 2938 2986 8473 8238 2939
9225 2986 8473 8238 2939 2987 8474 8239 2940
9226 2987 8474 8239 2940 2988 8475 8240 2941
9227 2988 8475 8240 2941 2989 8476 8241 2942
9228 2989 8476 8241 2942 2990 8477 8242 2943
9229 2990 8477 8242 2943 2991 8478 8243 2944
9230 2991 8478 8243 2944 2992 8479 8244 2945
9231 2992 8479 8244 2945 2993 8480 8245 2946
9232 2993 8480 8245 2946 2994 8481 8246 2947
9233 2994 8481 8246 2947 2995 8482 8247 2948
9234 2995 8482 8247 2948 2996 8483 8248 2949
9235 2996 8483 8248 2949 2997 8484 8249 2950
9236 2997 8484 8249 2950 2998 8485 8250 2951
9237 2998 8485 8250 2951 2999 8486 8251 2952
9238 2999 8486 8251 2952 3000 8487 8252 2953
9239 3000 8487 8252 2953 3001 8488 8253 2954
9240 3001 8488 8253 2954 3002 8489 8254 2955
9241 3002 8489 8254 2955 3003 8490 8255 2956
9242 3003 8490 8255 2956 3004 8491 8256 2957
9243 3004 8491 8256 2957 3005 8492 8257 2958
9244 3005 8492 8257 2958 3006 8493 8258 2959
9245 3006 8493 8258 2959 3007 8494 8259 2960
9246 3007 8494 8259 2960 3008 8495 8260 2961
9247 3008 8495 8260 2961 3009 8496 8261 2962
9248 3009 8496 8261 2962 3010 8497 8262 2963
9249 3010 8497 8262 2963 403 3364 3359 402
9250 567 34 33 562 8498 1470 1423 8263
9251 8498 1470 1423 8263 8499 1471 1424 8264
9252 8499 1471 1424 8264 8500 1472 1425 8265
9253 8500 1472 1425 8265 8501 1473 1426 8266
9254 8501 1473 1426 8266 8502 1474 1427 8267
9255 8502 1474 1427 8267 8503 1475 1428 8268
9256 8503 1475 1428 8268 8504 1476 1429 8269
9257 8504 1476 1429 8269 8505 1477 1430 8270
9258 8505 1477 1430 8270 8506 1478 1431 8271
9259 8506 1478 1431 8271 8507 1479 1432 8272
9260 8507 1479 1432 8272 8508 1480 1433 8273
9261 8508 1480 1433 8273 8509 1481 1434 8274
9262 8509 1481 1434 8274 8510 1482 1435 8275
9263 8510 1482 1435 8275 8511 1483 1436 8276
9264 8511 1483 1436 8276 8512 1484 1437 8277
9265 8512 1484 1437 8277 8513 1485 1438 8278
9266 8513 1485 1438 8278 8514 1486 1439 8279
9267 8514 1486 1439 8279 8515 1487 1440 8280
9268 8515 1487 1440 8280 8516 1488 1441 8281
9269 8516 1488 1441 8281 8517 1489 1442 8282
9270 8517 1489 1442 8282 8518 1490 1443 8283
9271 8518 1490 1443 8283 8519 1491 1444 8284
9272 8519 1491 1444 8284 8520 1492 1445 8285
9273 8520 1492 1445 8285 8521 1493 1446 8286
9274 8521 1493 1446 8286 8522 1494 1447 8287
9275 8522 1494 1447 8287 8523 1495 1448 8288
9276 8523 1495 1448 8288 8524 1496 1449 8289
9277 8524 1496 1449 8289 8525 1497 1450 8290
9278 8525 1497 1450 8290 8526 1498 1451 8291
9279 8526 1498 1451 8291 8527 1499 1452 8292
9280 8527 1499 1452 8292 8528 1500 1453 8293
9281 8528 1500 1453 8293 8529 1501 1454 8294
9282 8529 1501 1454 8294 8530 1502 1455 8295
9283 8530 1502 1455 8295 8531 1503 1456 8296
9284 8531 1503 1456 8296 8532 1504 1457 8297
9285 8532 1504 1457 8297 8533 1505 1458 8298
9286 8533 1505 1458 8298 8534 1506 1459 8299
9287 8534 1506 1459 8299 8535 1507 1460 8300
9288 8535 1507 1460 8300 8536 1508 1461 8301
9289 8536 1508 1461 8301 8537 1509 1462 8302
9290 8537 1509 1462 8302 8538 1510 1463 8303
9291 8538 1510 1463 8303 8539 1511 1464 8304
9292 8539 1511 1464 8304 8540 1512 1465 8305
9293 8540 1512 1465 8305 8541 1513 1466 8306
9294 8541 1513 1466 8306 8542 1514 1467 8307
9295 8542 1514 1467 8307 8543 1515 1468 8308
9296 8543 1515 1468 8308 8544 1516 1469 8309
9297 8544 1516 1469 8309 3365 91 90 3360
9298 568 567 562 563 8545 8498 8263 8310
9299 8545 8498 8263 8310 8546 8499 8264 8311
9300 8546 8499 8264 8311 8547 8500 8265 8312
9301 8547 8500 8265 8312 8548 8501 8266 8313
9302 8548 8501 8266 8313 8549 8502 8267 8314
9303 8549 8502 8267 8314 8550 8503 8268 8315
9304 8550 8503 8268 8315 8551 8504 8269 8316
9305 8551 8504 8269 8316 8552 8505 8270 8317
9306 8552 8505 8270 8317 8553 8506 8271 8318
9307 8553 8506 8271 8318 8554 8507 8272 8319
9308 8554 8507 8272 8319 8555 8508 8273 8320
9309 8555 8508 8273 8320 8556 8509 8274 8321
9310 8556 8509 8274 8321 8557 8510 8275 8322
9311 8557 8510 8275 8322 8558 8511 8276 8323
9312 8558 8511 8276 8323 8559 8512 8277 8324
9313 8559 8512 8277 8324 8560 8513 8278 8325
9314 8560 8513 8278 8325 8561 8514 8279 8326
9315 8561 8514 8279 8326 8562 8515 8280 8327
9316 8562 8515 8280 8327 8563 8516 8281 8328
9317 8563 8516 8281 8328 8564 8517 8282 8329
9318 8564 8517 8282 8329 8565 8518 8283 8330
9319 8565 8518 8283 8330 8566 8519 8284 8331
9320 8566 8519 8284 8331 8567 8520 8285 8332
9321 8567 8520 8285 8332 8568 8521 8286 8333
9322 8568 8521 8286 8333 8569 8522 8287 8334
9323 8569 8522 8287 8334 8570 8523 8288 8335
9324 8570 8523 8288 8335 8571 8524 8289 8336
9325 8571 8524 8289 8336 8572 8525 8290 8337
9326 8572 8525 8290 8337 8573 8526 8291 8338
9327 8573 8526 8291 8338 8574 8527 8292 8339
9328 8574 8527 8292 8339 8575 8528 8293 8340
9329 8575 8528 8293 8340 8576 8529 8294 8341
9330 8576 8529 8294 8341 8577 8530 8295 8342
9331 8577 8530 8295 8342 8578 8531 8296 8343
9332 8578 8531 8296 8343 8579 8532 8297 8344
9333 8579 8532 8297 8344 8580 8533 8298 8345
9334 8580 8533 8298 8345 8581 8534 8299 8346
9335 8581 8534 8299 8346 8582 8535 8300 8347
9336 8582 8535 8300 8347 8583 8536 8301 8348
9337 8583 8536 8301 8348 8584 8537 8302 8349
9338 8584 8537 8302 8349 8585 8538 8303 8350
9339 8585 8538 8303 8350 8586 8539 8304 8351
9340 8586 8539 8304 8351 8587 8540 8305 8352
9341 8587 8540 8305 8352 8588 8541 8306 8353
9342 8588 8541 8306 8353 8589 8542 8307 8354
9343 8589 8542 8307 8354 8590 8543 8308 8355
9344 8590 8543 8308 8355 8591 8544 8309 8356
9345 8591 8544 8309 8356 3366 3365 3360 3361
9346 569 568 563 564 8592 8545 8310 8357
9347 8592 8545 8310 8357 8593 8546 8311 8358
9348 8593 8546 8311 8358 8594 8547 8312 8359
9349 8594 8547 8312 8359 8595 8548 8313 8360
9350 8595 8548 8313 8360 8596 8549 8314 8361
9351 8596 8549 8314 8361 8597 8550 8315 8362
9352 8597 8550 8315 8362 8598 8551 8316 8363
9353 8598 8551 8316 8363 8599 8552 8317 8364
9354 8599 8552 8317 8364 8600 8553 8318 8365
9355 8600 8553 8318 8365 8601 8554 8319 8366
9356 8601 8554 8319 8366 8602 8555 8320 8367
9357 8602 8555 8320 8367 8603 8556 8321 8368
9358 8603 8556 8321 8368 8604 8557 8322 8369
9359 8604 8557 8322 8369 8605 8558 8323 8370
9360 8605 8558 8323 8370 8606 8559 8324 8371
9361 8606 8559 8324 8371 8607 8560 8325 8372
9362 8607 8560 8325 8372 8608 8561 8326 8373
9363 8608 8561 8326 8373 8609 8562 8327 8374
9364 8609 8562 8327 8374 8610 8563 8328 8375
9365 8610 8563 8328 8375 8611 8564 8329 8376
9366 8611 8564 8329 8376 8612 8565 8330 8377
9367 8612 8565 8330 8377 8613 8566 8331 8378
9368 8613 8566 8331 8378 8614 8567 8332 8379
9369 8614 8567 8332 8379 8615 8568 8333 8380
9370 8615 8568 8333 8380 8616 8569 8334 8381
9371 8616 8569 8334 8381 8617 8570 8335 8382
9372 8617 8570 8335 8382 8618 8571 8336 8383
9373 8618 8571 8336 8383 8619 8572 8337 8384
9374 8619 8572 8337 8384 8620 8573 8338 8385
9375 8620 8573 8338 8385 8621 8574 8339 8386
9376 8621 8574 8339 8386 8622 8575 8340 8387
9377 8622 8575 8340 8387 8623 8576 8341 8388
9378 8623 8576 8341 8388 8624 8577 8342 8389
9379 8624 8577 8342 8389 8625 8578 8343 8390
9380 8625 8578 8343 8390 8626 8579 8344 8391
9381 8626 8579 8344 8391 8627 8580 8345 8392
9382 8627 8580 8345 8392 8628 8581 8346 8393
9383 8628 8581 8346 8393 8629 8582 8347 8394
9384 8629 8582 8347 8394 8630 8583 8348 8395
9385 8630 8583 8348 8395 8631 8584 8349 8396
9386 8631 8584 8349 8396 8632 8585 8350 8397
9387 8632 8585 8350 8397 8633 8586 8351 8398
9388 8633 8586 8351 8398 8634 8587 8352 8399
9389 8634 8587 8352 8399 8635 8588 8353 8400
9390 8635 8588 8353 8400 8636 8589 8354 8401
9391 8636 8589 8354 8401 8637 8590 8355 8402
9392 8637 8590 8355 8402 8638 8591 8356 8403
9393 8638 8591 8356 8403 3367 3366 3361 3362
9394 570 569 564 565 8639 8592 8357 8404
9395 8639 8592 8357 8404 8640 8593 8358 8405
9396 8640 8593 8358 8405 8641 8594 8359 8406
9397 8641 8594 8359 8406 8642 8595 8360 8407
9398 8642 8595 8360 8407 8643 8596 8361 8408
9399 8643 8596 8361 8408 8644 8597 8362 8409
9400 8644 8597 8362 8409 8645 8598 8363 8410
9401 8645 8598 8363 8410 8646 8599 8364 8411
9402 8646 8599 8364 8411 8647 8600 8365 8412
9403 8647 8600 8365 8412 8648 8601 8366 8413
9404 8648 8601 8366 8413 8649 8602 8367 8414
9405 8649 8602 8367 8414 8650 8603 8368 8415
9406 8650 8603 8368 8415 8651 8604 8369 8416
9407 8651 8604 8369 8416 8652 8605 8370 8417
9408 8652 8605 8370 8417 8653 8606 8371 8418
9409 8653 8606 8371 8418 8654 8607 8372 8419
9410 8654 8607 8372 8419 8655 8608 8373 8420
9411 8655 8608 8373 8420 8656 8609 8374 8421
9412 8656 8609 8374 8421 8657 8610 8375 8422
9413 8657 8610 8375 8422 8658 8611 8376 8423
9414 8658 8611 8376 8423 8659 8612 8377 8424
9415 8659 8612 8377 8424 8660 8613 8378 8425
9416 8660 8613 8378 8425 8661 8614 8379 8426
9417 8661 8614 8379 8426 8662 8615 8380 8427
9418 8662 8615 8380 8427 8663 8616 8381 8428
9419 8663 8616 8381 8428 8664 8617 8382 8429
9420 8664 8617 8382 8429 8665 8618 8383 8430
9421 8665 8618 8383 8430 8666 8619 8384 8431
9422 8666 8619 8384 8431 8667 8620 8385 8432
9423 8667 8620 8385 8432 8668 8621 8386 8433
9424 8668 8621 8386 8433 8669 8622 8387 8434
9425 8669 8622 8387 8434 8670 8623 8388 8435
9426 8670 8623 8388 8435 8671 8624 8389 8436
9427 8671 8624 8389 8436 8672 8625 8390 8437
9428 8672 8625 8390 8437 8673 8626 8391 8438
9429 8673 8626 8391 8438 8674 8627 8392 8439
9430 8674 8627 8392 8439 8675 8628 8393 8440
9431 8675 8628 8393 8440 8676 8629 8394 8441
9432 8676 8629 8394 8441 8677 8630 8395 8442
9433 8677 8630 8395 8442 8678 8631 8396 8443
9434 8678 8631 8396 8443 8679 8632 8397 8444
9435 8679 8632 8397 8444 8680 8633 8398 8445
9436 8680 8633 8398 8445 8681 8634 8399 8446
9437 8681 8634 8399 8446 8682 8635 8400 8447
9438 8682 8635 8400 8447 8683 8636 8401 8448
9439 8683 8636 8401 8448 8684 8637 8402 8449
9440 8684 8637 8402 8449 8685 8638 8403 8450
9441 8685 8638 8403 8450 3368 3367 3362 3363
9442 571 570 565 566 8686 8639 8404 8451
9443 8686 8639 8404 8451 8687 8640 8405 8452
9444 8687 8640 8405 8452 8688 8641 8406 8453
9445 8688 8641 8406 8453 8689 8642 8407 8454
9446 8689 8642 8407 8454 8690 8643 8408 8455
9447 8690 8643 8408 8455 8691 8644 8409 8456
9448 8691 8644 8409 8456 8692 8645 8410 8457
9449 8692 8645 8410 8457 8693 8646 8411 8458
9450 8693 8646 8411 8458 8694 8647 8412 8459
9451 8694 8647 8412 8459 8695 8648 8413 8460
9452 8695 8648 8413 8460 8696 8649 8414 8461
9453 8696 8649 8414 8461 8697 8650 8415 8462
9454 8697 8650 8415 8462 8698 8651 8416 8463
9455 8698 8651 8416 8463 8699 8652 8417 8464
9456 8699 8652 8417 8464 8700 8653 8418 8465
9457 8700 8653 8418 8465 8701 8654 8419 8466
9458 8701 8654 8419 8466 8702 8655 8420 8467
9459 8702 8655 8420 8467 8703 8656 8421 8468
9460 8703 8656 8421 8468 8704 8657 8422 8469
9461 8704 8657 8422 8469 8705 8658 8423 8470
9462 8705 8658 8423 8470 8706 8659 8424 8471
9463 8706 8659 8424 8471 8707 8660 8425 8472
9464 8707 8660 8425 8472 8708 8661 8426 8473
9465 8708 8661 8426 8473 8709 8662 8427 8474
9466 8709 8662 8427 8474 8710 8663 8428 8475
9467 8710 8663 8428 8475 8711 8664 8429 8476
9468 8711 8664 8429 8476 8712 8665 8430 8477
9469 8712 8665 8430 8477 8713 8666 8431 8478
9470 8713 8666 8431 8478 8714 8667 8432 8479
9471 8714 8667 8432 8479 8715 8668 8433 8480
9472 8715 8668 8433 8480 8716 8669 8434 8481
9473 8716 8669 8434 8481 8717 8670 8435 8482
9474 8717 8670 8435 8482 8718 8671 8436 8483
9475 8718 8671 8436 8483 8719 8672 8437 8484
9476 8719 8672 8437 8484 8720 8673 8438 8485
9477 8720 8673 8438 8485 8721 8674 8439 8486
9478 8721 8674 8439 8486 8722 8675 8440 8487
9479 8722 8675 8440 8487 8723 8676 8441 8488
9480 8723 8676 8441 8488 8724 8677 8442 8489
9481 8724 8677 8442 8489 8725 8678 8443 8490
9482 8725 8678 8443 8490 8726 8679 8444 8491
9483 8726 8679 8444 8491 8727 8680 8445 8492
9484 8727 8680 8445 8492 8728 8681 8446 8493
9485 8728 8681 8446 8493 8729 8682 8447 8494
9486 8729 8682 8447 8494 8730 8683 8448 8495
9487 8730 8683 8448 8495 8731 8684 8449 8496
9488 8731 8684 8449 8496 8732 8685 8450 8497
9489 8732 8685 8450 8497 3369 3368 3363 3364
9490 65 571 566 64 3011 8686 8451 2964
9491 3011 8686 8451 2964 3012 8687 8452 2965
9492 3012 8687 8452 2965 3013 8688 8453 2966
9493 3013 8688 8453 2966 3014 8689 8454 2967
9494 3014 8689 8454 2967 3015 8690 8455 2968
9495 3015 8690 8455 2968 3016 8691 8456 2969
9496 3016 8691 8456 2969 3017 8692 8457 2970
9497 3017 8692 8457 2970 3018 8693 8458 2971
9498 3018 8693 8458 2971 3019 8694 8459 2972
9499 3019 8694 8459 2972 3020 8695 8460 2973
9500 3020 8695 8460 2973 3021 8696 8461 2974
9501 3021 8696 8461 2974 3022 8697 8462 2975
9502 3022 8697 8462 2975 3023 8698 8463 2976
9503 3023 8698 8463 2976 3024 8699 8464 2977
9504 3024 8699 8464 2977 3025 8700 8465 2978
9505 3025 8700 8465 2978 3026 8701 8466 2979
9506 3026 8701 8466 2979 3027 8702 8467 2980
9507 3027 8702 8467 2980 3028 8703 8468 2981
9508 3028 8703 8468 2981 3029 8704 8469 2982
9509 3029 8704 8469 2982 3030 8705 8470 2983
9510 3030 8705 8470 2983 3031 8706 8471 2984
9511 3031 8706 8471 2984 3032 8707 8472 2985
9512 3032 8707 8472 2985 3033 8708 8473 2986
9513 3033 8708 8473 2986 3034 8709 8474 2987
9514 3034 8709 8474 2987 3035 8710 8475 2988
9515 3035 8710 8475 2988 3036 8711 8476 2989
9516 3036 8711 8476 2989 3037 8712 8477 2990
9517 3037 8712 8477 2990 3038 8713 8478 2991
9518 3038 8713 8478 2991 3039 8714 8479 2992
9519 3039 8714 8479 2992 3040 8715 8480 2993
9520 3040 8715 8480 2993 3041 8716 8481 2994
9521 3041 8716 8481 2994 3042 8717 8482 2995
9522 3042 8717 8482 2995 3043 8718 8483 2996
9523 3043 8718 8483 2996 3044 8719 8484 2997
9524 3044 8719 8484 2997 3045 8720 8485 2998
9525 3045 8720 8485 2998 3046 8721 8486 2999
9526 3046 8721 8486 2999 3047 8722 8487 3000
9527 3047 8722 8487 3000 3048 8723 8488 3001
9528 3048 8723 8488 3001 3049 8724 8489 3002
9529 3049 8724 8489 3002 3050 8725 8490 3003
9530 3050 8725 8490 3003 3051 8726 8491 3004
9531 3051 8726 8491 3004 3052 8727 8492 3005
9532 3052 8727 8492 3005 3053 8728 8493 3006
9533 3053 8728 8493 3006 3054 8729 8494 3007
9534 3054 8729 8494 3007 3055 8730 8495 3008
9535 3055 8730 8495 3008 3056 8731 8496 3009
9536 3056 8731 8496 3009 3057 8732 8497 3010
9537 3057 8732 8497 3010 404 3369 3364 403
9538 572 35 34 567 8733 1517 1470 8498
9539 8733 1517 1470 8498 8734 1518 1471 8499
9540 8734 1518 1471 8499 8735 1519 1472 8500
9541 8735 1519 1472 8500 8736 1520 1473 8501
9542 8736 1520 1473 8501 8737 1521 1474 8502
9543 8737 1521 1474 8502 8738 1522 1475 8503
9544 8738 1522 1475 8503 8739 1523 1476 8504
9545 8739 1523 1476 8504 8740 1524 1477 8505
9546 8740 1524 1477 8505 8741 1525 1478 8506
9547 8741 1525 1478 8506 8742 1526 1479 8507
9548 8742 1526 1479 8507 8743 1527 1480 8508
9549 8743 1527 1480 8508 8744 1528 1481 8509
9550 8744 1528 1481 8509 8745 1529 1482 8510
9551 8745 1529 1482 8510 8746 1530 1483 8511
9552 8746 1530 1483 8511 8747 1531 1484 8512
9553 8747 1531 1484 8512 8748 1532 1485 8513
9554 8748 1532 1485 8513 8749 1533 1486 8514
9555 8749 1533 1486 8514 8750 1534 1487 8515
9556 8750 1534 1487 8515 8751 1535 1488 8516
9557 8751 1535 1488 8516 8752 1536 1489 8517
9558 8752 1536 1489 8517 8753 1537 1490 8518
9559 8753 1537 1490 8518 8754 1538 1491 8519
9560 8754 1538 1491 8519 8755 1539 1492 8520
9561 8755 1539 1492 8520 8756 1540 1493 8521
9562 8756 1540 1493 8521 8757 1541 1494 8522
9563 8757 1541 1494 8522 8758 1542 1495 8523
9564 8758 1542 1495 8523 8759 1543 1496 8524
9565 8759 1543 1496 8524 8760 1544 1497 8525
9566 8760 1544 1497 8525 8761 1545 1498 8526
9567 8761 1545 1498 8526 8762 1546 1499 8527
9568 8762 1546 1499 8527 8763 1547 1500 8528
9569 8763 1547 1500 8528 8764 1548 1501 8529
9570 8764 1548 1501 8529 8765 1549 1502 8530
9571 8765 1549 1502 8530 8766 1550 1503 8531
9572 8766 1550 1503 8531 8767 1551 1504 8532
9573 8767 1551 1504 8532 8768 1552 1505 8533
9574 8768 1552 1505 8533 8769 1553 1506 8534
9575 8769 1553 1506 8534 8770 1554 1507 8535
9576 8770 1554 1507 8535 8771 1555 1508 8536
9577 8771 1555 1508 8536 8772 1556 1509 8537
9578 8772 1556 1509 8537 8773 1557 1510 8538
9579 8773 1557 1510 8538 8774 1558 1511 8539
9580 8774 1558 1511 8539 8775 1559 1512 8540
9581 8775 1559 1512 8540 8776 1560 1513 8541
9582 8776 1560 1513 8541 8777 1561 1514 8542
9583 8777 1561 1514 8542 8778 1562 1515 8543
9584 8778 1562 1515 8543 8779 1563 1516 8544
9585 8779 1563 1516 8544 3370 92 91 3365
9586 573 572 567 568 8780 8733 8498 8545
9587 8780 8733 8498 8545 8781 8734 8499 8546
9588 8781 8734 8499 8546 8782 8735 8500 8547
9589 8782 8735 8500 8547 8783 8736 8501 8548
9590 8783 8736 8501 8548 8784 8737 8502 8549
9591 8784 8737 8502 8549 8785 8738 8503 8550
9592 8785 8738 8503 8550 8786 8739 8504 8551
9593 8786 8739 8504 8551 8787 8740 8505 8552
9594 8787 8740 8505 8552 8788 8741 8506 8553
9595 8788 8741 8506 8553 8789 8742 8507 8554
9596 8789 8742 8507 8554 8790 8743 8508 8555
9597 8790 8743 8508 8555 8791 8744 8509 8556
9598 8791 8744 8509 8556 8792 8745 8510 8557
9599 8792 8745 8510 8557 8793 8746 8511 8558
9600 8793 8746 8511 8558 8794 8747 8512 8559
9601 8794 8747 8512 8559 8795 8748 8513 8560
9602 8795 8748 8513 8560 8796 8749 8514 8561
9603 8796 8749 8514 8561 8797 8750 8515 8562
9604 8797 8750 8515 8562 8798 8751 8516 8563
9605 8798 8751 8516 8563 8799 8752 8517 8564
9606 8799 8752 8517 8564 8800 8753 8518 8565
9607 8800 8753 8518 8565 8801 8754 8519 8566
9608 8801 8754 8519 8566 8802 8755 8520 8567
9609 8802 8755 8520 8567 8803 8756 8521 8568
9610 8803 8756 8521 8568 8804 8757 8522 8569
9611 8804 8757 8522 8569 8805 8758 8523 8570
9612 8805 8758 8523 8570 8806 8759 8524 8571
9613 8806 8759 8524 8571 8807 8760 8525 8572
9614 8807 8760 8525 8572 8808 8761 8526 8573
9615 8808 8761 8526 8573 8809 8762 8527 8574
9616 8809 8762 8527 8574 8810 8763 8528 8575
9617 8810 8763 8528 8575 8811 8764 8529 8576
9618 8811 8764 8529 8576 8812 8765 8530 8577
9619 8812 8765 8530 8577 8813 8766 8531 8578
9620 8813 8766 8531 8578 8814 8767 8532 8579
9621 8814 8767 8532 8579 8815 8768 8533 8580
9622 8815 8768 8533 8580 8816 8769 8534 8581
9623 8816 8769 8534 8581 8817 8770 8535 8582
9624 8817 8770 8535 8582 8818 8771 8536 8583
9625 8818 8771 8536 8583 8819 8772 8537 8584
9626 8819 8772 8537 8584 8820 8773 8538 8585
9627 8820 8773 8538 8585 8821 8774 8539 8586
9628 8821 8774 8539 8586 8822 8775 8540 8587
9629 8822 8775 8540 8587 8823 8776 8541 8588
9630 8823 8776 8541 8588 8824 8777 8542 8589
9631 8824 8777 8542 8589 8825 8778 8543 8590
9632 8825 8778 8543 8590 8826 8779 8544 8591
9633 8826 8779 8544 8591 3371 3370 3365 3366
9634 574 573 568 569 8827 8780 8545 8592
9635 8827 8780 8545 8592 8828 8781 8546 8593
9636 8828 8781 8546 8593 8829 8782 8547 8594
9637 8829 8782 8547 8594 8830 8783 8548 8595
9638 8830 8783 8548 8595 8831 8784 8549 8596
9639 8831 8784 8549 8596 8832 8785 8550 8597
9640 8832 8785 8550 8597 8833 8786 8551 8598
9641 8833 8786 8551 8598 8834 8787 8552 8599
9642 8834 8787 8552 8599 8835 8788 8553 8600
9643 8835 8788 8553 8600 8836 8789 8554 8601
9644 8836 8789 8554 8601 8837 8790 8555 8602
9645 8837 8790 8555 8602 8838 8791 8556 8603
9646 8838 8791 8556 8603 8839 8792 8557 8604
9647 8839 8792 8557 8604 8840 8793 8558 8605
9648 8840 8793 8558 8605 8841 8794 8559 8606
9649 8841 8794 8559 8606 8842 8795 8560 8607
9650 8842 8795 8560 8607 8843 8796 8561 8608
9651 8843 8796 8561 8608 8844 8797 8562 8609
9652 8844 8797 8562 8609 8845 8798 8563 8610
9653 8845 8798 8563 8610 8846 8799 8564 8611
9654 8846 8799 8564 8611 8847 8800 8565 8612
9655 8847 8800 8565 8612 8848 8801 8566 8613
9656 8848 8801 8566 8613 8849 8802 8567 8614
9657 8849 8802 8567 8614 8850 8803 8568 8615
9658 8850 8803 8568 8615 8851 8804 8569 8616
9659 8851 8804 8569 8616 8852 8805 8570 8617
9660 8852 8805 8570 8617 8853 8806 8571 8618
9661 8853 8806 8571 8618 8854 8807 8572 8619
9662 8854 8807 8572 8619 8855 8808 8573 8620
9663 8855 8808 8573 8620 8856 8809 8574 8621
9664 8856 8809 8574 8621 8857 8810 8575 8622
9665 8857 8810 8575 8622 8858 8811 8576 8623
9666 8858 8811 8576 8623 8859 8812 8577 8624
9667 8859 8812 8577 8624 8860 8813 8578 8625
9668 8860 8813 8578 8625 8861 8814 8579 8626
9669 8861 8814 8579 8626 8862 8815 8580 8627
9670 8862 8815 8580 8627 8863 8816 8581 8628
9671 8863 8816 8581 8628 8864 8817 8582 8629
9672 8864 8817 8582 8629 8865 8818 8583 8630
9673 8865 8818 8583 8630 8866 8819 8584 8631
9674 8866 8819 8584 8631 8867 8820 8585 8632
9675 8867 8820 8585 8632 8868 8821 8586 8633
9676 8868 8821 8586 8633 8869 8822 8587 8634
9677 8869 8822 8587 8634 8870 8823 8588 8635
9678 8870 8823 8588 8635 8871 8824 8589 8636
9679 8871 8824 8589 8636 8872 8825 8590 8637
9680 8872 8825 8590 8637 8873 8826 8591 8638
9681 8873 8826 8591 8638 3372 3371 3366 3367
9682 575 574 569 570 8874 8827 8592 8639
9683 8874 8827 8592 8639 8875 8828 8593 8640
9684 8875 8828 8593 8640 8876 8829 8594 8641
9685 8876 8829 8594 8641 8877 8830 8595 8642
9686 8877 8830 8595 8642 8878 8831 8596 8643
9687 8878 8831 8596 8643 8879 8832 8597 8644
9688 8879 8832 8597 8644 8880 8833 8598 8645
9689 8880 8833 8598 8645 8881 8834 8599 8646
9690 8881 8834 8599 8646 8882 8835 8600 8647
9691 8882 8835 8600 8647 8883 8836 8601 8648
9692 8883 8836 8601 8648 8884 8837 8602 8649
9693 8884 8837 8602 8649 8885 8838 8603 8650
9694 8885 8838 8603 8650 8886 8839 8604 8651
9695 8886 8839 8604 8651 8887 8840 8605 8652
9696 8887 8840 8605 8652 8888 8841 8606 8653
9697 8888 8841 8606 8653 8889 8842 8607 8654
9698 8889 8842 8607 8654 8890 8843 8608 8655
9699 8890 8843 8608 8655 8891 8844 8609 8656
9700 8891 8844 8609 8656 8892 8845 8610 8657
9701 8892 8845 8610 8657 8893 8846 8611 8658
9702 8893 8846 8611 8658 8894 8847 8612 8659
9703 8894 8847 8612 8659 8895 8848 8613 8660
9704 8895 8848 8613 8660 8896 8849 8614 8661
9705 8896 8849 8614 8661 8897 8850 8615 8662
9706 8897 8850 8615 8662 8898 8851 8616 8663
9707 8898 8851 8616 8663 8899 8852 8617 8664
9708 8899 8852 8617 8664 8900 8853 8618 8665
9709 8900 8853 8618 8665 8901 8854 8619 8666
9710 8901 8854 8619 8666 8902 8855 8620 8667
9711 8902 8855 8620 8667 8903 8856 8621 8668
9712 8903 8856 8621 8668 8904 8857 8622 8669
9713 8904 8857 8622 8669 8905 8858 8623 8670
9714 8905 8858 8623 8670 8906 8859 8624 8671
9715 8906 8859 8624 8671 8907 8860 8625 8672
9716 8907 8860 8625 8672 8908 8861 8626 8673
9717 8908 8861 8626 8673 8909 8862 8627 8674
9718 8909 8862 8627 8674 8910 8863 8628 8675
9719 8910 8863 8628 8675 8911 8864 8629 8676
9720 8911 8864 8629 8676 8912 8865 8630 8677
9721 8912 8865 8630 8677 8913 8866 8631 8678
9722 8913 8866 8631 8678 8914 8867 8632 8679
9723 8914 8867 8632 8679 8915 8868 8633 8680
9724 8915 8868 8633 8680 8916 8869 8634 8681
9725 8916 8869 8634 8681 8917 8870 8635 8682
9726 8917 8870 8635 8682 8918 8871 8636 8683
9727 8918 8871 8636 8683 8919 8872 8637 8684
9728 8919 8872 8637 8684 8920 8873 8638 8685
9729 8920 8873 8638 8685 3373 3372 3367 3368
9730 576 575 570 571 8921 8874 8639 8686
9731 8921 8874 8639 8686 8922 8875 8640 8687
9732 8922 8875 8640 8687 8923 8876 8641 8688
9733 8923 8876 8641 8688 8924 8877 8642 8689
9734 8924 8877 8642 8689 8925 8878 8643 8690
9735 8925 8878 8643 8690 8926 8879 8644 8691
9736 8926 8879 8644 8691 8927 8880 8645 8692
9737 8927 8880 8645 8692 8928 8881 8646 8693
9738 8928 8881 8646 8693 8929 8882 8647 8694
9739 8929 8882 8647 8694 8930 8883 8648 8695
9740 8930 8883 8648 8695 8931 8884 8649 8696
9741 8931 8884 8649 8696 8932 8885 8650 8697
9742 8932 8885 8650 8697 8933 8886 8651 8698
9743 8933 8886 8651 8698 8934 8887 8652 8699
9744 8934 8887 8652 8699 8935 8888 8653 8700
9745 8935 8888 8653 8700 8936 8889 8654 8701
9746 8936 8889 8654 8701 8937 8890 8655 8702
9747 8937 8890 8655 8702 8938 8891 8656 8703
9748 8938 8891 8656 8703 8939 8892 8657 8704
9749 8939 8892 8657 8704 8940 8893 8658 8705
9750 8940 8893 8658 8705 8941 8894 8659 8706
9751 8941 8894 8659 8706 8942 8895 8660 8707
9752 8942 8895 8660 8707 8943 8896 8661 8708
9753 8943 8896 8661 8708 8944 8897 8662 8709
9754 8944 8897 8662 8709 8945 8898 8663 8710
9755 8945 8898 8663 8710 8946 8899 8664 8711
9756 8946 8899 8664 8711 8947 8900 8665 8712
9757 8947 8900 8665 8712 8948 8901 8666 8713
9758 8948 8901 8666 8713 8949 8902 8667 8714
9759 8949 8902 8667 8714 8950 8903 8668 8715
9760 8950 8903 8668 8715 8951 8904 8669 8716
9761 8951 8904 8669 8716 8952 8905 8670 8717
9762 8952 8905 8670 8717 8953 8906 8671 8718
9763 8953 8906 8671 8718 8954 8907 8672 8719
9764 8954 8907 8672 8719 8955 8908 8673 8720
9765 8955 8908 8673 8720 8956 8909 8674 8721
9766 8956 8909 8674 8721 8957 8910 8675 8722
9767 8957 8910 8675 8722 8958 8911 8676 8723
9768 8958 8911 8676 8723 8959 8912 8677 8724
9769 8959 8912 8677 8724 8960 8913 8678 8725
9770 8960 8913 8678 8725 8961 8914 8679 8726
9771 8961 8914 8679 8726 8962 8915 8680 8727
9772 8962 8915 8680 8727 8963 8916 8681 8728
9773 8963 8916 8681 8728 8964 8917 8682 8729
9774 8964 8917 8682 8729 8965 8918 8683 8730
9775 8965 8918 8683 8730 8966 8919 8684 8731
9776 8966 8919 8684 8731 8967 8920 8685 8732
9777 8967 8920 8685 8732 3374 3373 3368 3369
9778 66 576 571 65 3058 8921 8686 3011
9779 3058 8921 8686 3011 3059 8922 8687 3012
9780 3059 8922 8687 3012 3060 8923 8688 3013
9781 3060 8923 8688 3013 3061 8924 8689 3014
9782 3061 8924 8689 3014 3062 8925 8690 3015
9783 3062 8925 8690 3015 3063 8926 8691 3016
9784 3063 8926 8691 3016 3064 8927 8692 3017
9785 3064 8927 8692 3017 3065 8928 8693 3018
9786 3065 8928 8693 3018 3066 8929 8694 3019
9787 3066 8929 8694 3019 3067 8930 8695 3020
9788 3067 8930 8695 3020 3068 8931 8696 3021
9789 3068 8931 8696 3021 3069 8932 8697 3022
9790 3069 8932 8697 3022 3070 8933 8698 3023
9791 3070 8933 8698 3023 3071 8934 8699 3024
9792 3071 8934 8699 3024 3072 8935 8700 3025
9793 3072 8935 8700 3025 3073 8936 8701 3026
9794 3073 8936 8701 3026 3074 8937 8702 3027
9795 3074 8937 8702 3027 3075 8938 8703 3028
9796 3075 8938 8703 3028 3076 8939 8704 3029
9797 3076 8939 8704 3029 3077 8940 8705 3030
9798 3077 8940 8705 3030 3078 8941 8706 3031
9799 3078 8941 8706 3031 3079 8942 8707 3032
9800 3079 8942 8707 3032 3080 8943 8708 3033
9801 3080 8943 8708 3033 3081 8944 8709 3034
9802 3081 8944 8709 3034 3082 8945 8710 3035
9803 3082 8945 8710 3035 3083 8946 8711 3036
9804 3083 8946 8711 3036 3084 8947 8712 3037
9805 3084 8947 8712 3037 3085 8948 8713 3038
9806 3085 8948 8713 3038 3086 8949 8714 3039
9807 3086 8949 8714 3039 3087 8950 8715 3040
9808 3087 8950 8715 3040 3088 8951 8716 3041
9809 3088 8951 8716 3041 3089 8952 8717 3042
9810 3089 8952 8717 3042 3090 8953 8718 3043
9811 3090 8953 8718 3043 3091 8954 8719 3044
9812 3091 8954 8719 3044 3092 8955 8720 3045
9813 3092 8955 8720 3045 3093 8956 8721 3046
9814 3093 8956 8721 3046 3094 8957 8722 3047
9815 3094 8957 8722 3047 3095 8958 8723 3048
9816 3095 8958 8723 3048 3096 8959 8724 3049
9817 3096 8959 8724 3049 3097 8960 8725 3050
9818 3097 8960 8725 3050 3098 8961 8726 3051
9819 3098 8961 8726 3051 3099 8962 8727 3052
9820 3099 8962 8727 3052 3100 8963 8728 3053
9821 3100 8963 8728 3053 3101 8964 8729 3054
9822 3101 8964 8729 3054 3102 8965 8730 3055
9823 3102 8965 8730 3055 3103 8966 8731 3056
9824 3103 8966 8731 3056 3104 8967 8732 3057
9825 3104 8967 8732 3057 405 3374 3369 404
9826 71 4 35 572 3293 241 1517 8733
9827 3293 241 1517 8733 3294 242 1518 8734
9828 3294 242 1518 8734 3295 243 1519 8735
9829 3295 243 1519 8735 3296 244 1520 8736
9830 3296 244 1520 8736 3297 245 1521 8737
9831 3297 245 1521 8737 3298 246 1522 8738
9832 3298 246 1522 8738 3299 247 1523 8739
9833 3299 247 1523 8739 3300 248 1524 8740
9834 3300 248 1524 8740 3301 249 1525 8741
9835 3301 249 1525 8741 3302 250 1526 8742
9836 3302 250 1526 8742 3303 251 1527 8743
9837 3303 251 1527 8743 3304 252 1528 8744
9838 3304 252 1528 8744 3305 253 1529 8745
9839 3305 253 1529 8745 3306 254 1530 8746
9840 3306 254 1530 8746 3307 255 1531 8747
9841 3307 255 1531 8747 3308 256 1532 8748
9842 3308 256 1532 8748 3309 257 1533 8749
9843 3309 257 1533 8749 3310 258 1534 8750
9844 3310 258 1534 8750 3311 259 1535 8751
9845 3311 259 1535 8751 3312 260 1536 8752
9846 3312 260 1536 8752 3313 261 1537 8753
9847 3313 261 1537 8753 3314 262 1538 8754
9848 3314 262 1538 8754 3315 263 1539 8755
9849 3315 263 1539 8755 3316 264 1540 8756
9850 3316 264 1540 8756 3317 265 1541 8757
9851 3317 265 1541 8757 3318 266 1542 8758
9852 3318 266 1542 8758 3319 267 1543 8759
9853 3319 267 1543 8759 3320 268 1544 8760
9854 3320 268 1544 8760 3321 269 1545 8761
9855 3321 269 1545 8761 3322 270 1546 8762
9856 3322 270 1546 8762 3323 271 1547 8763
9857 3323 271 1547 8763 3324 272 1548 8764
9858 3324 272 1548 8764 3325 273 1549 8765
9859 3325 273 1549 8765 3326 274 1550 8766
9860 3326 274 1550 8766 3327 275 1551 8767
9861 3327 275 1551 8767 3328 276 1552 8768
9862 3328 276 1552 8768 3329 277 1553 8769
9863 3329 277 1553 8769 3330 278 1554 8770
9864 3330 278 1554 8770 3331 279 1555 8771
9865 3331 279 1555 8771 3332 280 1556 8772
9866 3332 280 1556 8772 3333 281 1557 8773
9867 3333 281 1557 8773 3334 282 1558 8774
9868 3334 282 1558 8774 3335 283 1559 8775
9869 3335 283 1559 8775 3336 284 1560 8776
9870 3336 284 1560 8776 3337 285 1561 8777
9871 3337 285 1561 8777 3338 286 1562 8778
9872 3338 286 1562 8778 3339 287 1563 8779
9873 3339 287 1563 8779 410 11 92 3370
9874 70 71 572 573 3246 3293 8733 8780
9875 3246 3293 8733 8780 3247 3294 8734 8781
9876 3247 3294 8734 8781 3248 3295 8735 8782
9877 3248 3295 8735 8782 3249 3296 8736 8783
9878 3249 3296 8736 8783 3250 3297 8737 8784
9879 3250 3297 8737 8784 3251 3298 8738 8785
9880 3251 3298 8738 8785 3252 3299 8739 8786
9881 3252 3299 8739 8786 3253 3300 8740 8787
9882 3253 3300 8740 8787 3254 3301 8741 8788
9883 3254 3301 8741 8788 3255 3302 8742 8789
9884 3255 3302 8742 8789 3256 3303 8743 8790
9885 3256 3303 8743 8790 3257 3304 8744 8791
9886 3257 3304 8744 8791 3258 3305 8745 8792
9887 3258 3305 8745 8792 3259 3306 8746 8793
9888 3259 3306 8746 8793 3260 3307 8747 8794
9889 3260 3307 8747 8794 3261 3308 8748 8795
9890 3261 3308 8748 8795 3262 3309 8749 8796
9891 3262 3309 8749 8796 3263 3310 8750 8797
9892 3263 3310 8750 8797 3264 3311 8751 8798
9893 3264 3311 8751 8798 3265 3312 8752 8799
9894 3265 3312 8752 8799 3266 3313 8753 8800
9895 3266 3313 8753 8800 3267 3314 8754 8801
9896 3267 3314 8754 8801 3268 3315 8755 8802
9897 3268 3315 8755 8802 3269 3316 8756 8803
9898 3269 3316 8756 8803 3270 3317 8757 8804
9899 3270 3317 8757 8804 3271 3318 8758 8805
9900 3271 3318 8758 8805 3272 3319 8759 8806
9901 3272 3319 8759 8806 3273 3320 8760 8807
9902 3273 3320 8760 8807 3274 3321 8761 8808
9903 3274 3321 8761 8808 3275 3322 8762 8809
9904 3275 3322 8762 8809 3276 3323 8763 8810
9905 3276 3323 8763 8810 3277 3324 8764 8811
9906 3277 3324 8764 8811 3278 3325 8765 8812
9907 3278 3325 8765 8812 3279 3326 8766 8813
9908 3279 3326 8766 8813 3280 3327 8767 8814
9909 3280 3327 8767 8814 3281 3328 8768 8815
9910 3281 3328 8768 8815 3282 3329 8769 8816
9911 3282 3329 8769 8816 3283 3330 8770 8817
9912 3283 3330 8770 8817 3284 3331 8771 8818
9913 3284 3331 8771 8818 3285 3332 8772 8819
9914 3285 3332 8772 8819 3286 3333 8773 8820
9915 3286 3333 8773 8820 3287 3334 8774 8821
9916 3287 3334 8774 8821 3288 3335 8775 8822
9917 3288 3335 8775 8822 3289 3336 8776 8823
9918 3289 3336 8776 8823 3290 3337 8777 8824
9919 3290 3337 8777 8824 3291 3338 8778 8825
9920 3291 3338 8778 8825 3292 3339 8779 8826
9921 3292 3339 8779 8826 409 410 3370 3371
9922 69 70 573 574 3199 3246 8780 8827
9923 3199 3246 8780 8827 3200 3247 8781 8828
9924 3200 3247 8781 8828 3201 3248 8782 8829
9925 3201 3248 8782 8829 3202 3249 8783 8830
9926 3202 3249 8783 8830 3203 3250 8784 8831
9927 3203 3250 8784 8831 3204 3251 8785 8832
9928 3204 3251 8785 8832 3205 3252 8786 8833
9929 3205 3252 8786 8833 3206 3253 8787 8834
9930 3206 3253 8787 8834 3207 3254 8788 8835
9931 3207 3254 8788 8835 3208 3255 8789 8836
9932 3208 3255 8789 8836 3209 3256 8790 8837
9933 3209 3256 8790 8837 3210 3257 8791 8838
9934 3210 3257 8791 8838 3211 3258 8792 8839
9935 3211 3258 8792 8839 3212 3259 8793 8840
9936 3212 3259 8793 8840 3213 3260 8794 8841
9937 3213 3260 8794 8841 3214 3261 8795 8842
9938 3214 3261 8795 8842 3215 3262 8796 8843
9939 3215 3262 8796 8843 3216 3263 8797 8844
9940 3216 3263 8797 8844 3217 3264 8798 8845
9941 3217 3264 8798 8845 3218 3265 8799 8846
9942 3218 3265 8799 8846 3219 3266 8800 8847
9943 3219 3266 8800 8847 3220 3267 8801 8848
9944 3220 3267 8801 8848 3221 3268 8802 8849
9945 3221 3268 8802 8849 3222 3269 8803 8850
9946 3222 3269 8803 8850 3223 3270 8804 8851
9947 3223 3270 8804 8851 3224 3271 8805 8852
9948 3224 3271 8805 8852 3225 3272 8806 8853
9949 3225 3272 8806 8853 3226 3273 8807 8854
9950 3226 3273 8807 8854 3227 3274 8808 8855
9951 3227 3274 8808 8855 3228 3275 8809 8856
9952 3228 3275 8809 8856 3229 3276 8810 8857
9953 3229 3276 8810 8857 3230 3277 8811 8858
9954 3230 3277 8811 8858 3231 3278 8812 8859
9955 3231 3278 8812 8859 3232 3279 8813 8860
9956 3232 3279 8813 8860 3233 3280 8814 8861
9957 3233 3280 8814 8861 3234 3281 8815 8862
9958 3234 3281 8815 8862 3235 3282 8816 8863
9959 3235 3282 8816 8863 3236 3283 8817 8864
9960 3236 3283 8817 8864 3237 3284 8818 8865
9961 3237 3284 8818 8865 3238 3285 8819 8866
9962 3238 3285 8819 8866 3239 3286 8820 8867
9963 3239 3286 8820 8867 3240 3287 8821 8868
9964 3240 3287 8821 8868 3241 3288 8822 8869
9965 3241 3288 8822 8869 3242 3289 8823 8870
9966 3242 3289 8823 8870 3243 3290 8824 8871
9967 3243 3290 8824 8871 3244 3291 8825 8872
9968 3244 3291 8825 8872 3245 3292 8826 8873
9969 3245 3292 8826 8873 408 409 3371 3372
9970 68 69 574 575 3152 3199 8827 8874
9971 3152 3199 8827 8874 3153 3200 8828 8875
9972 3153 3200 8828 8875 3154 3201 8829 8876
9973 3154 3201 8829 8876 3155 3202 8830 8877
9974 3155 3202 8830 8877 3156 3203 8831 8878
9975 3156 3203 8831 8878 3157 3204 8832 8879
9976 3157 3204 8832 8879 3158 3205 8833 8880
9977 3158 3205 8833 8880 3159 3206 8834 8881
9978 3159 3206 8834 8881 3160 3207 8835 8882
9979 3160 3207 8835 8882 3161 3208 8836 8883
9980 3161 3208 8836 8883 3162 3209 8837 8884
9981 3162 3209 8837 8884 3163 3210 8838 8885
9982 3163 3210 8838 8885 3164 3211 8839 8886
9983 3164 3211 8839 8886 3165 3212 8840 8887
9984 3165 3212 8840 8887 3166 3213 8841 8888
9985 3166 3213 8841 8888 3167 3214 8842 8889
9986 3167 3214 8842 8889 3168 3215 8843 8890
9987 3168 3215 8843 8890 3169 3216 8844 8891
9988 3169 3216 8844 8891 3170 3217 8845 8892
9989 3170 3217 8845 8892 3171 3218 8846 8893
9990 3171 3218 8846 8893 3172 3219 8847 8894
9991 3172 3219 8847 8894 3173 3220 8848 8895
9992 3173 3220 8848 8895 3174 3221 8849 8896
9993 3174 3221 8849 8896 3175 3222 8850 8897
9994 3175 3222 8850 8897 3176 3223 8851 8898
9995 3176 3223 8851 8898 3177 3224 8852 8899
9996 3177 3224 8852 8899 3178 3225 8853 8900
9997 3178 3225 8853 8900 3179 3226 8854 8901
9998 3179 3226 8854 8901 3180 3227 8855 8902
9999 3180 3227 8855 8902 3181 3228 8856 8903
10000 3181 3228 8856 8903 3182 3229 8857 8904
10001 3182 3229 8857 8904 3183 3230 8858 8905
10002 3183 3230 8858 8905 3184 3231 8859 8906
10003 3184 3231 8859 8906 3185 3232 8860 8907
10004 3185 3232 8860 8907 3186 3233 8861 8908
10005 3186 3233 8861 8908 3187 3234 8862 8909
10006 3187 3234 8862 8909 3188 3235 8863 8910
10007 3188 3235 8863 8910 3189 3236 8864 8911
10008 3189 3236 8864 8911 3190 3237 8865 8912
10009 3190 3237 8865 8912 3191 3238 8866 8913
10010 3191 3238 8866 8913 3192 3239 8867 8914
10011 3192 3239 8867 8914 3193 3240 8868 8915
10012 3193 3240 8868 8915 3194 3241 8869 8916
10013 3194 3241 8869 8916 3195 3242 8870 8917
10014 3195 3242 8870 8917 3196 3243 8871 8918
10015 3196 3243 8871 8918 3197 3244 8872 8919
10016 3197 3244 8872 8919 3198 3245 8873 8920
10017 3198 3245 8873 8920 407 408 3372 3373
10018 67 68 575 576 3105 3152 8874 8921
10019 3105 3152 8874 8921 3106 3153 8875 8922
10020 3106 3153 8875 8922 3107 3154 8876 8923
10021 3107 3154 8876 8923 3108 3155 8877 8924
10022 3108 3155 8877 8924 3109 3156 8878 8925
10023 3109 3156 8878 8925 3110 3157 8879 8926
10024 3110 3157 8879 8926 3111 3158 8880 8927
10025 3111 3158 8880 8927 3112 3159 8881 8928
10026 3112 3159 8881 8928 3113 3160 8882 8929
10027 3113 3160 8882 8929 3114 3161 8883 8930
10028 3114 3161 8883 8930 3115 3162 8884 8931
10029 3115 3162 8884 8931 3116 3163 8885 8932
10030 3116 3163 8885 8932 3117 3164 8886 8933
10031 3117 3164 8886 8933 3118 3165 8887 8934
10032 3118 3165 8887 8934 3119 3166 8888 8935
10033 3119 3166 8888 8935 3120 3167 8889 8936
10034 3120 3167 8889 8936 3121 3168 8890 8937
10035 3121 3168 8890 8937 3122 3169 8891 8938
10036 3122 3169 8891 8938 3123 3170 8892 8939
10037 3123 3170 8892 8939 3124 3171 8893 8940
10038 3124 3171 8893 8940 3125 3172 8894 8941
10039 3125 3172 8894 8941 3126 3173 8895 8942
10040 3126 3173 8895 8942 3127 3174 8896 8943
10041 3127 3174 8896 8943 3128 3175 8897 8944
10042 3128 3175 8897 8944 3129 3176 8898 8945
10043 3129 3176 8898 8945 3130 3177 8899 8946
10044 3130 3177 8899 8946 3131 3178 8900 8947
10045 3131 3178 8900 8947 3132 3179 8901 8948
10046 3132 3179 8901 8948 3133 3180 8902 8949
10047 3133 3180 8902 8949 3134 3181 8903 8950
10048 3134 3181 8903 8950 3135 3182 8904 8951
10049 3135 3182 8904 8951 3136 3183 8905 8952
10050 3136 3183 8905 8952 3137 3184 8906 8953
10051 3137 3184 8906 8953 3138 3185 8907 8954
10052 3138 3185 8907 8954 3139 3186 8908 8955
10053 3139 3186 8908 8955 3140 3187 8909 8956
10054 3140 3187 8909 8956 3141 3188 8910 8957
10055 3141 3188 8910 8957 3142 3189 8911 8958
10056 3142 3189 8911 8958 3143 3190 8912 8959
10057 3143 3190 8912 8959 3144 3191 8913 8960
10058 3144 3191 8913 8960 3145 3192 8914 8961
10059 3145 3192 8914 8961 3146 3193 8915 8962
10060 3146 3193 8915 8962 3147 3194 8916 8963
10061 3147 3194 8916 8963 3148 3195 8917 8964
10062 3148 3195 8917 8964 3149 3196 8918 8965
10063 3149 3196 8918 8965 3150 3197 8919 8966
10064 3150 3197 8919 8966 3151 3198 8920 8967
10065 3151 3198 8920 8967 406 407 3373 3374
10066 7 67 576 66 411 3105 8921 3058
10067 411 3105 8921 3058 412 3106 8922 3059
10068 412 3106 8922 3059 413 3107 8923 3060
10069 413 3107 8923 3060 414 3108 8924 3061
10070 414 3108 8924 3061 415 3109 8925 3062
10071 415 3109 8925 3062 416 3110 8926 3063
10072 416 3110 8926 3063 417 3111 8927 3064
10073 417 3111 8927 3064 418 3112 8928 3065
10074 418 3112 8928 3065 419 3113 8929 3066
10075 419 3113 8929 3066 420 3114 8930 3067
10076 420 3114 8930 3067 421 3115 8931 3068
10077 421 3115 8931 3068 422 3116 8932 3069
10078 422 3116 8932 3069 423 3117 8933 3070
10079 423 3117 8933 3070 424 3118 8934 3071
10080 424 3118 8934 3071 425 3119 8935 3072
10081 425 3119 8935 3072 426 3120 8936 3073
10082 426 3120 8936 3073 427 3121 8937 3074
10083 427 3121 8937 3074 428 3122 8938 3075
10084 428 3122 8938 3075 429 3123 8939 3076
10085 429 3123 8939 3076 430 3124 8940 3077
10086 430 3124 8940 3077 431 3125 8941 3078
10087 431 3125 8941 3078 432 3126 8942 3079
10088 432 3126 8942 3079 433 3127 8943 3080
10089 433 3127 8943 3080 434 3128 8944 3081
10090 434 3128 8944 3081 435 3129 8945 3082
10091 435 3129 8945 3082 436 3130 8946 3083
10092 436 3130 8946 3083 437 3131 8947 3084
10093 437 3131 8947 3084 438 3132 8948 3085
10094 438 3132 8948 3085 439 3133 8949 3086
10095 439 3133 8949 3086 440 3134 8950 3087
10096 440 3134 8950 3087 441 3135 8951 3088
10097 441 3135 8951 3088 442 3136 8952 3089
10098 442 3136 8952 3089 443 3137 8953 3090
10099 443 3137 8953 3090 444 3138 8954 3091
10100 444 3138 8954 3091 445 3139 8955 3092
10101 445 3139 8955 3092 446 3140 8956 3093
10102 446 3140 8956 3093 447 3141 8957 3094
10103 447 3141 8957 3094 448 3142 8958 3095
10104 448 3142 8958 3095 449 3143 8959 3096
10105 449 3143 8959 3096 450 3144 8960 3097
10106 450 3144 8960 3097 451 3145 8961 3098
10107 451 3145 8961 3098 452 3146 8962 3099
10108 452 3146 8962 3099 453 3147 8963 3100
10109 453 3147 8963 3100 454 3148 8964 3101
10110 454 3148 8964 3101 455 3149 8965 3102
10111 455 3149 8965 3102 456 3150 8966 3103
10112 456 3150 8966 3103 457 3151 8967 3104
10113 457 3151 8967 3104 14 406 3374 405
$EndElements
