step,time,loading,path_conjugate_stress,cauchy_11,cauchy_22,cauchy_33,cauchy_12,cauchy_23,cauchy_13,kirchhoff_11,kirchhoff_22,kirchhoff_33,kirchhoff_12,kirchhoff_23,kirchhoff_13,green_lagrange_11,green_lagrange_22,green_lagrange_33,green_lagrange_12,green_lagrange_23,green_lagrange_13,euler_almansi_11,euler_almansi_22,euler_almansi_33,euler_almansi_12,euler_almansi_23,euler_almansi_13,material_log_11,material_log_22,material_log_33,material_log_12,material_log_23,material_log_13,spatial_log_11,spatial_log_22,spatial_log_33,spatial_log_12,spatial_log_23,spatial_log_13,equivalent_plastic_strain,yield_residual,A_1111,A_1122,A_1212,D_1111,D_1122,D_1212
0,0.0,0.0,0.0,0.0,0.0,0.0,0.0,0.0,0.0,0.0,0.0,0.0,0.0,0.0,0.0,0.0,0.0,0.0,0.0,0.0,0.0,0.0,0.0,0.0,0.0,0.0,0.0,0.0,0.0,0.0,0.0,0.0,0.0,0.0,0.0,0.0,0.0,0.0,0.0,0.0,-367.4234614174767,271135.06666666665,110747.46666666666,80193.8,271135.06666666665,110747.46666666666,80193.8
1,0.0025,0.00025,20.048450000000003,0.003341408342703689,-0.0016707041624485443,-0.0016707041624485443,20.048450000000003,0.0,0.0,0.003341408342703689,-0.0016707041624485443,-0.0016707041624485443,20.048450000000003,0.0,0.0,0.0,3.125000003212364e-08,0.0,0.000125,0.0,0.0,0.0,-3.125000003212364e-08,0.0,0.000125,0.0,0.0,-1.5624999837223924e-08,1.5624999869365215e-08,0.0,0.00012499999869789257,0.0,0.0,1.5624999869365215e-08,-1.5624999837223924e-08,0.0,0.00012499999869789257,0.0,0.0,0.0,-339.07067122757627,271135.0694511736,110747.46778046944,80193.8,271135.0644390611,110747.4644390611,80193.80167070415
2,0.005,0.0005,40.096900000000005,0.013365633335201554,-0.006682816667600777,-0.006682816667600777,40.096900000000005,0.0,0.0,0.013365633335201554,-0.006682816667600777,-0.006682816667600777,40.096900000000005,0.0,0.0,0.0,1.2500000001747225e-07,0.0,0.00025,0.0,0.0,0.0,-1.2500000001747225e-07,0.0,0.00025,0.0,0.0,-6.249999739589403e-08,6.249999741330553e-08,0.0,0.0002499999895833903,0.0,0.0,6.249999741330553e-08,-6.249999739589403e-08,0.0,0.0002499999895833903,0.0,0.0,0.0,-310.7178792656265,271135.0778046944,110747.47112187777,80193.8,271135.05775624444,110747.45775624443,80193.80668281666
3,0.0075,0.00075,60.14535,0.030072674995300197,-0.015036337497650099,-0.015036337497650099,60.14535,0.0,0.0,0.030072674995300197,-0.015036337497650099,-0.015036337497650099,60.14535,0.0,0.0,0.0,2.812499999560458e-07,0.0,0.000375,0.0,0.0,0.0,-2.812499999560458e-07,0.0,0.000375,0.0,0.0,-1.4062498681630059e-07,1.4062498677244707e-07,0.0,0.00037499996484371224,0.0,0.0,1.4062498677244707e-07,-1.4062498681630059e-07,0.0,0.00037499996484371224,0.0,0.0,0.0,-282.3650837595783,271135.0917272292,110747.47669089166,80193.8,271135.0466182167,110747.44661821667,80193.8150363375
4,0.01,0.001,80.19380000000001,0.05346253332299962,-0.026731266670403108,-0.026731266670403108,80.19380000000001,0.0,0.0,0.05346253332299962,-0.026731266670403108,-0.026731266670403108,80.19380000000001,0.0,0.0,0.0,4.999999999588667e-07,0.0,0.0005,0.0,0.0,0.0,-4.999999999588667e-07,0.0,0.0005,0.0,0.0,-2.4999995833330444e-07,2.499999582921724e-07,0.0,0.000499999916666693,0.0,0.0,2.499999582921724e-07,-2.4999995833330444e-07,0.0,0.000499999916666693,0.0,0.0,0.0,-254.0122829373828,271135.11121877783,110747.4844875111,80193.8,271135.03102497786,110747.43102497776,80193.82673126667
5,0.0125,0.0012500000000000002,100.24225000000003,0.08353520833610642,-0.04176760416805321,-0.04176760416805321,100.24225000000003,0.0,0.0,0.08353520833610642,-0.04176760416805321,-0.04176760416805321,100.24225000000003,0.0,0.0,0.0,7.812500000259348e-07,0.0,0.0006250000000000001,0.0,0.0,0.0,-7.812500000259348e-07,0.0,0.0006250000000000001,0.0,0.0,-3.90624898274995e-07,3.9062489830078084e-07,0.0,0.000624999837239674,0.0,0.0,3.9062489830078084e-07,-3.90624898274995e-07,0.0,0.000624999837239674,0.0,0.0,0.0,-225.6594750269919,271135.13627934025,110747.49451173612,80193.8,271135.01097652776,110747.41097652778,80193.84176760416
6,0.015,0.0015,120.2907,0.12029069999900739,-0.060145350008407,-0.060145350008407,120.2907,0.0,0.0,0.12029069999900739,-0.060145350008407,-0.060145350008407,120.2907,0.0,0.0,0.0,1.125000000046228e-06,0.0,0.00075,0.0,0.0,0.0,-1.125000000046228e-06,0.0,0.00075,0.0,0.0,-5.624997890626139e-07,5.624997891086392e-07,0.0,0.0007499997187501743,0.0,0.0,5.624997891086392e-07,-5.624997890626139e-07,0.0,0.0007499997187501743,0.0,0.0,0.0,-197.3066582563581,271135.16690891667,110747.50676356666,80193.8,271134.9864728667,110747.38647286667,80193.86014535
7,0.0175,0.0017500000000000003,140.33915000000002,0.16372900832950915,-0.08186450417365787,-0.08186450417365787,140.33915000000002,0.0,0.0,0.16372900832950915,-0.08186450417365787,-0.08186450417365787,140.33915000000002,0.0,0.0,0.0,1.531250000019746e-06,0.0,0.0008750000000000001,0.0,0.0,0.0,-1.531250000019746e-06,0.0,0.0008750000000000001,0.0,0.0,-7.656246091850467e-07,7.656246092600677e-07,0.0,0.0008749995533857512,0.0,0.0,7.656246092600677e-07,-7.656246091850467e-07,0.0,0.0008749995533857512,0.0,0.0,0.0,-168.95383085343482,271135.2031075069,110747.52124300276,80193.8,271134.9575139944,110747.35751399443,80193.88186450418
8,0.02,0.002,160.38760000000002,0.21385013332761169,-0.10692506666380584,-0.10692506666380584,160.38760000000002,0.0,0.0,0.21385013332761169,-0.10692506666380584,-0.10692506666380584,160.38760000000002,0.0,0.0,0.0,1.999999999946489e-06,0.0,0.001,0.0,0.0,0.0,-1.999999999946489e-06,0.0,0.001,0.0,0.0,-9.999993333336011e-07,9.999993332806955e-07,0.0,0.0009999993333337563,0.0,0.0,9.999993332806955e-07,-9.999993333336011e-07,0.0,0.0009999993333337563,0.0,0.0,0.0,-140.6009910461766,271135.24487511115,110747.53795004445,80193.8,271134.9240999111,110747.32409991111,80193.90692506667
9,0.0225,0.00225,180.43605,0.2706540750111216,-0.1353270374966575,-0.1353270374966575,180.43605,0.0,0.0,0.2706540750111216,-0.1353270374966575,-0.1353270374966575,180.43605,0.0,0.0,0.0,2.5312500000485016e-06,0.0,0.001125,0.0,0.0,0.0,-2.5312500000485016e-06,0.0,0.001125,0.0,0.0,-1.265623932129986e-06,1.2656239321786308e-06,0.0,0.0011249990507821667,0.0,0.0,1.2656239321786308e-06,-1.265623932129986e-06,0.0,0.0011249990507821665,0.0,0.0,0.0,-112.24813706253937,271135.29221172916,110747.55688469166,80193.8,271134.88623061666,110747.28623061666,80193.9353270375
10,0.025,0.0025000000000000005,200.48450000000005,0.3341408333266191,-0.16707041667221284,-0.16707041667221284,200.48450000000005,0.0,0.0,0.3341408333266191,-0.16707041667221284,-0.16707041667221284,200.48450000000005,0.0,0.0,0.0,3.124999999992717e-06,0.0,0.0012500000000000002,0.0,0.0,0.0,-3.124999999992717e-06,0.0,0.0012500000000000002,0.0,0.0,-1.562498372398137e-06,1.562498372390625e-06,0.0,0.0012499986979183687,0.0,0.0,1.562498372390625e-06,-1.562498372398137e-06,0.0,0.001249998697918369,0.0,0.0,0.0,-83.8952671304803,271135.3451173611,110747.57804694444,80193.8,271134.8439061111,110747.2439061111,80193.96707041666
11,0.0275,0.0027500000000000003,220.53295000000003,0.4043104083275239,-0.20215520417266528,-0.20215520417266528,220.53295000000003,0.0,0.0,0.4043104083275239,-0.20215520417266528,-0.20215520417266528,220.53295000000003,0.0,0.0,0.0,3.7812500000011795e-06,0.0,0.0013750000000000001,0.0,0.0,0.0,-3.7812500000011795e-06,0.0,0.0013750000000000001,0.0,0.0,-1.8906226170284854e-06,1.890622617029584e-06,0.0,0.0013749982669296883,0.0,0.0,1.890622617029584e-06,-1.8906226170284854e-06,0.0,0.0013749982669296885,0.0,0.0,0.0,-55.54237947795849,271135.403592007,110747.60143680275,80193.8,271134.7971263945,110747.19712639441,80194.00215520417
12,0.03,0.003,240.5814,0.48116279999602957,-0.24058139999801478,-0.24058139999801478,240.5814,0.0,0.0,0.48116279999602957,-0.24058139999801478,-0.24058139999801478,240.5814,0.0,0.0,0.0,4.499999999962867e-06,0.0,0.0015,0.0,0.0,0.0,-4.499999999962867e-06,0.0,0.0015,0.0,0.0,-2.249996625006293e-06,2.2499966249689037e-06,0.0,0.0014999977500040856,0.0,0.0,2.2499966249689037e-06,-2.249996625006293e-06,0.0,0.0014999977500040856,0.0,0.0,0.0,-27.189472332934827,271135.46763566666,110747.62705426668,80193.8,271134.7458914667,110747.14589146667,80194.04058140001
13,0.0325,0.0032500000000000003,259.82264956820006,0.5629490740632398,-0.2814745370316199,-0.2814745370316199,259.82264956820006,0.0,0.0,0.5629490740632398,-0.2814745370316199,-0.2814745370316199,259.82264956820006,0.0,0.0,0.0,5.281249999988802e-06,0.0,0.0016250000000000001,0.0,0.0,0.0,-5.281249999988802e-06,0.0,0.0016250000000000001,0.0,0.0,-2.6406203514098157e-06,2.6406203513985184e-06,0.0,0.0016249971393289906,0.0,0.0,2.6406203513985184e-06,-2.6406203514098157e-06,0.0,0.0016249971393289908,0.0,0.0,5.811379011493132e-06,3.8539837987627834e-10,270804.37663873914,110913.23389146359,1509.1777418196289,270802.9798951253,110912.67094433426,1509.45921635665
14,0.035,0.0035000000000000005,260.1995102405614,0.6070071136748585,-0.30350355684570673,-0.30350355684570673,260.1995102405614,0.0,0.0,0.6070071136748585,-0.30350355684570673,-0.30350355684570673,260.1995102405614,0.0,0.0,0.0,6.124999999967962e-06,0.0,0.0017500000000000003,0.0,0.0,0.0,-6.124999999967962e-06,0.0,0.0017500000000000003,0.0,0.0,-3.0624937474121093e-06,3.0624937473791508e-06,0.0,0.0017499964270921975,0.0,0.0,3.0624937473791508e-06,-3.0624937474121093e-06,0.0,0.0017499964270921973,0.0,0.0,0.00014743547385087956,5.684341886080802e-14,263620.0211558208,114505.44571676022,1505.7080212864967,263618.51247543626,114504.83938339887,1506.0115248433558
15,0.0375,0.00375,260.5755100432654,0.6481489486706167,-0.32407447434358666,-0.32407447434358666,260.5755100432654,0.0,0.0,0.6481489486706167,-0.32407447434358666,-0.32407447434358666,260.5755100432654,0.0,0.0,0.0,7.031250000011369e-06,0.0,0.001875,0.0,0.0,0.0,-7.031250000011369e-06,0.0,0.001875,0.0,0.0,-3.515616760276816e-06,3.515616760288485e-06,0.0,0.0018749956054810856,0.0,0.0,3.515616760288485e-06,-3.515616760276816e-06,0.0,0.0018749956054810856,0.0,0.0,0.0002890657662816117,0.0,263629.87070287496,114500.57879461454,1502.2682670830836,263628.1707150897,114499.94895100404,1502.592341557444
16,0.04,0.004,260.9506515346758,0.6865865012666829,-0.34329325064162053,-0.34329325064162053,260.9506515346758,0.0,0.0,0.6865865012666829,-0.34329325064162053,-0.34329325064162053,260.9506515346758,0.0,0.0,0.0,8.000000000008e-06,0.0,0.002,0.0,0.0,0.0,-8.000000000008e-06,0.0,0.002,0.0,0.0,-3.999989333367766e-06,3.999989333375446e-06,0.0,0.001999994666683736,0.0,0.0,3.999989333375446e-06,-3.999989333367766e-06,0.0,0.001999994666683736,0.0,0.0,0.00043070224002456076,1.1368683772161603e-13,263639.6794129023,114495.73646549892,1498.8384849524155,263637.7856805752,114495.08418301062,1499.1817782030575
17,0.0425,0.00425,261.32493713979727,0.7225160066269465,-0.3612580032969133,-0.3612580032969133,261.32493713979727,0.0,0.0,0.7225160066269465,-0.3612580032969133,-0.3612580032969133,261.32493713979727,0.0,0.0,0.0,9.031249999957858e-06,0.0,0.002125,0.0,0.0,0.0,-9.031249999957858e-06,0.0,0.002125,0.0,0.0,-4.515611406136132e-06,4.5156114060938145e-06,0.0,0.0021249936028876547,0.0,0.0,4.5156114060938145e-06,-4.515611406136132e-06,0.0,0.0021249936028876547,0.0,0.0,0.0005723448793098335,0.0,263649.44713847316,114490.91843646961,1495.4181959474226,263647.35771506006,114490.24461564833,1495.7794539507295
18,0.045,0.0045,261.6983691715234,0.7561191944344458,-0.37805959722550364,-0.37805959722550364,261.6983691715234,0.0,0.0,0.7561191944344458,-0.37805959722550364,-0.37805959722550364,261.6983691715234,0.0,0.0,0.0,1.0124999999971962e-05,0.0,0.00225,0.0,0.0,0.0,-1.0124999999971962e-05,0.0,0.00225,0.0,0.0,-5.062482914131862e-06,5.062482914103619e-06,0.0,0.0022499924062807752,0.0,0.0,5.062482914103619e-06,-5.062482914131862e-06,0.0,0.0022499924062807752,0.0,0.0,0.0007139936687984329,0.0,263659.17373630893,114486.12444604226,1492.0069978221582,263656.8871036035,114485.42983579458,1492.3850574193832
19,0.0475,0.004750000000000001,262.07094984885117,0.7875643800544966,-0.39378219001896675,-0.39378219001896675,262.07094984885117,0.0,0.0,0.7875643800544966,-0.39378219001896675,-0.39378219001896675,262.07094984885117,0.0,0.0,0.0,1.1281250000050314e-05,0.0,0.0023750000000000004,0.0,0.0,0.0,-1.1281250000050314e-05,0.0,0.0023750000000000004,0.0,0.0,-5.640603788995237e-06,5.64060378904586e-06,0.0,0.002374991069050682,0.0,0.0,5.64060378904586e-06,-5.640603788995237e-06,0.0,0.002374991069050682,0.0,0.0,0.0008556485935143188,0.0,263668.8590725495,114481.3542585459,1488.6045532841235,263666.37408506864,114480.63947339455,1488.9983354741557
20,0.05,0.005000000000000001,262.4426813122876,0.8170074718497258,-0.40850373593314526,-0.40850373593314526,262.4426813122876,0.0,0.0,0.8170074718497258,-0.40850373593314526,-0.40850373593314526,262.4426813122876,0.0,0.0,0.0,1.2499999999970868e-05,0.0,0.0025000000000000005,0.0,0.0,0.0,-1.2499999999970868e-05,0.0,0.0025000000000000005,0.0,0.0,-6.2499739584637735e-06,6.249973958434289e-06,0.0,0.0024999895833854482,0.0,0.0,6.249973958434289e-06,-6.2499739584637735e-06,0.0,0.0024999895833854482,0.0,0.0,0.0009973096387869485,0.0,263678.50302659656,114476.6076594567,1485.2105799947458,263675.81886195333,114475.87319504638,1485.6190837306592
21,0.0525,0.00525,262.8135656368673,0.8445929018846554,-0.4222964509423277,-0.4222964509423277,262.8135656368673,0.0,0.0,0.8445929018846554,-0.4222964509423277,-0.4222964509423277,262.8135656368673,0.0,0.0,0.0,1.378124999995567e-05,0.0,0.002625,0.0,0.0,0.0,-1.378124999995567e-05,0.0,0.002625,0.0,0.0,-6.8905933463653515e-06,6.890593346322095e-06,0.0,0.002624987941472639,0.0,0.0,6.890593346322095e-06,-6.8905933463653515e-06,0.0,0.002624987941472639,0.0,0.0,0.001138976790202743,0.0,263688.1054938753,114471.88445151733,1481.8248420604068,263685.2216085415,114471.13069854036,1482.2471385113456
22,0.055,0.0055000000000000005,263.183604843137,0.8704544853252223,-0.4352272426708951,-0.4352272426708951,263.183604843137,0.0,0.0,0.8704544853252223,-0.4352272426708951,-0.4352272426708951,263.183604843137,0.0,0.0,0.0,1.5125000000004718e-05,0.0,0.0027500000000000003,0.0,0.0,0.0,-1.5125000000004718e-05,0.0,0.0027500000000000003,0.0,0.0,-7.562461872626125e-06,7.562461872630818e-06,0.0,0.0027499861355005303,0.0,0.0,7.562461872630818e-06,-7.562461872626125e-06,0.0,0.0027499861355005303,0.0,0.0,0.001280650033564143,0.0,263697.66638771887,114467.18445151686,1478.4471427945537,263694.58247764176,114466.4117082107,1478.8823700372093
23,0.0575,0.005750000000000001,263.5528009064142,0.894716214506552,-0.4473581072449913,-0.4473581072449913,263.5528009064142,0.0,0.0,0.894716214506552,-0.4473581072449913,-0.4473581072449913,263.5528009064142,0.0,0.0,0.0,1.6531250000006992e-05,0.0,0.0028750000000000004,0.0,0.0,0.0,-1.6531250000006992e-05,0.0,0.0028750000000000004,0.0,0.0,-8.265579453263195e-06,8.265579453270712e-06,0.0,0.002874984157656841,0.0,0.0,8.265579453270712e-06,-8.265579453263195e-06,0.0,0.002874984157656841,0.0,0.0,0.0014223293548551006,-1.1368683772161603e-13,263707.18564054987,114462.50748762538,1475.0773185625585,263703.90160613315,114461.71597098015,1475.5246766698065
24,0.06,0.006,263.92115576457667,0.9174929924050385,-0.45874649621909014,-0.45874649621909014,263.92115576457667,0.0,0.0,0.9174929924050385,-0.45874649621909014,-0.45874649621909014,263.92115576457667,0.0,0.0,0.0,1.799999999996249e-05,0.0,0.003,0.0,0.0,0.0,-1.799999999996249e-05,0.0,0.003,0.0,0.0,-8.999946000387422e-06,8.999946000350923e-06,0.0,0.002999982000129508,0.0,0.0,8.999946000350923e-06,-8.999946000387422e-06,0.0,0.0029999820001295084,0.0,0.0,0.0015640147402120569,-5.684341886080802e-14,263716.6632044989,114457.8533971947,1471.7152335506253,263713.17911951087,114457.04325299604,1472.1739800468347
25,0.0625,0.00625,264.288671324606,0.9388913106365095,-0.4694456553182548,-0.4694456553182548,264.288671324606,0.0,0.0,0.9388913106365095,-0.4694456553182548,-0.4694456553182548,264.288671324606,0.0,0.0,0.0,1.9531249999982236e-05,0.0,0.003125,0.0,0.0,0.0,-1.9531249999982236e-05,0.0,0.003125,0.0,0.0,-9.765561422209666e-06,9.76556142219128e-06,0.0,0.0031249796551069135,0.0,0.0,9.76556142219128e-06,-9.765561422209666e-06,0.0,0.0031249796551069135,0.0,0.0,0.0017057061758995696,-1.1368683772161603e-13,263726.0990515785,114453.22202494984,1468.360775322246,263722.4151355872,114452.39333677007,1468.8302209775613
26,0.065,0.006500000000000001,264.6553494680729,0.9590098756816208,-0.47950493785738435,-0.47950493785738435,264.6553494680729,0.0,0.0,0.9590098756816208,-0.47950493785738435,-0.47950493785738435,264.6553494680729,0.0,0.0,0.0,2.1124999999955207e-05,0.0,0.0032500000000000003,0.0,0.0,0.0,-2.1124999999955207e-05,0.0,0.0032500000000000003,0.0,0.0,-1.0562425623024428e-05,1.0562425622979333e-05,0.0,0.00324997711477672,0.0,0.0,1.0562425622979333e-05,-1.0562425623024428e-05,0.0,0.0032499771147767196,0.0,0.0,0.0018474036482898865,-5.684341886080802e-14,263735.4931735119,114448.6132215067,1465.0138510451507,263731.6097674904,114447.76601874726,1465.4933559830042
27,0.0675,0.006750000000000001,265.02119205572507,0.9779401879880129,-0.4889700939940064,-0.4889700939940064,265.02119205572507,0.0,0.0,0.9779401879880129,-0.4889700939940064,-0.4889700939940064,265.02119205572507,0.0,0.0,0.0,2.2781249999992426e-05,0.0,0.0033750000000000004,0.0,0.0,0.0,-2.2781249999992426e-05,0.0,0.0033750000000000004,0.0,0.0,-1.1390538503229658e-05,1.1390538503221686e-05,0.0,0.0033749743713273155,0.0,0.0,1.1390538503221686e-05,-1.1390538503229658e-05,0.0,0.0033749743713273155,0.0,0.0,0.0019891071438458635,5.684341886080802e-14,263744.8455812931,114444.02684216345,1461.6743842903525,263740.7631260682,114443.16110724137,1462.1633543843525
28,0.07,0.007000000000000001,265.3862009313139,0.9957670769784445,-0.4978835384809337,-0.4978835384809337,265.3862009313139,0.0,0.0,0.9957670769784445,-0.4978835384809337,-0.4978835384809337,265.3862009313139,0.0,0.0,0.0,2.449999999998287e-05,0.0,0.0035000000000000005,0.0,0.0,0.0,-2.449999999998287e-05,0.0,0.0035000000000000005,0.0,0.0,-1.2249899959312596e-05,1.2249899959296244e-05,0.0,0.003499971416946708,0.0,0.0,1.2249899959296244e-05,-1.2249899959312596e-05,0.0,0.003499971416946708,0.0,0.0,0.0021308166491067256,-1.1368683772161603e-13,263754.1563045493,114439.46274591923,1458.3423123184912,263749.87532180286,114438.57842068194,1458.8401958569652
29,0.0725,0.0072499999999999995,265.7503779247783,1.0125691958094074,-0.5062845978964143,-0.5062845978964143,265.7503779247783,0.0,0.0,1.0125691958094074,-0.5062845978964143,-0.5062845978964143,265.7503779247783,0.0,0.0,0.0,2.628125000003756e-05,0.0,0.0036249999999999998,0.0,0.0,0.0,-2.628125000003756e-05,0.0,0.0036249999999999998,0.0,0.0,-1.3140509883860238e-05,1.3140509883898391e-05,0.0,0.0036249682438234125,0.0,0.0,1.3140509883898391e-05,-1.3140509883860238e-05,0.0,0.0036249682438234125,0.0,0.0,0.0022725321506762187,0.0,263763.4253907539,114434.9207946826,1455.0175837812421,263758.94646631036,114434.01778612731,1455.5238683791433
30,0.075,0.0075,266.1137248548818,1.028419478749967,-0.5142097393666933,-0.5142097393666933,266.1137248548818,0.0,0.0,1.028419478749967,-0.5142097393666933,-0.5142097393666933,266.1137248548818,0.0,0.0,0.0,2.8125000000045475e-05,0.0,0.00375,0.0,0.0,0.0,-2.8125000000045475e-05,0.0,0.00375,0.0,0.0,-1.4062368165545256e-05,1.4062368165591958e-05,0.0,0.0037499648441454603,0.0,0.0,1.4062368165591958e-05,-1.4062368165545256e-05,0.0,0.0037499648441454603,0.0,0.0,0.002414253635212804,0.0,263772.6529043377,114430.40085263764,1451.700156775827,263767.97667350096,114429.47903800406,1452.2143665151814
31,0.0775,0.00775,266.4762435313906,1.0433855641030518,-0.5216927820515259,-0.5216927820515259,266.4762435313906,0.0,0.0,1.0433855641030518,-0.5216927820515259,-0.5216927820515259,266.4762435313906,0.0,0.0,0.0,3.0031250000006615e-05,0.0,0.003875,0.0,0.0,0.0,-3.0031250000006615e-05,0.0,0.003875,0.0,0.0,-1.5015474689143979e-05,1.501547468914939e-05,0.0,0.0038749612101014485,0.0,0.0,1.501547468914939e-05,-1.5015474689143979e-05,0.0,0.0038749612101014485,0.0,0.0,0.002555981089421559,0.0,263781.8389257321,114425.90278573976,1448.3899972007202,263776.96606045536,114424.96201703895,1448.9116899827823
32,0.08,0.008,266.8379357568619,1.0575301853287191,-0.5287650926643596,-0.5287650926643596,266.8379357568619,0.0,0.0,1.0575301853287191,-0.5287650926643596,-0.5287650926643596,266.8379357568619,0.0,0.0,0.0,3.2000000000032e-05,0.0,0.004,0.0,0.0,0.0,-3.2000000000032e-05,0.0,0.004,0.0,0.0,-1.5999829335518636e-05,1.5999829335550576e-05,0.0,0.0039999573338794355,0.0,0.0,1.5999829335550576e-05,-1.5999829335518636e-05,0.0,0.0039999573338794355,0.0,0.0,0.0026977145000475285,-5.684341886080802e-14,263790.9835503737,114421.42646131974,1445.087077367658,263785.91474806826,114420.46656935527,1445.6158424603202
33,0.0825,0.00825,267.1988033281058,1.0709115327162941,-0.5354557663664394,-0.5354557663664394,267.1988033281058,0.0,0.0,1.0709115327162941,-0.5354557663664394,-0.5354557663664394,267.1988033281058,0.0,0.0,0.0,3.4031250000010616e-05,0.0,0.004125,0.0,0.0,0.0,-3.4031250000010616e-05,0.0,0.004125,0.0,0.0,-1.701543198163112e-05,1.701543198164163e-05,0.0,0.004124953207668226,0.0,0.0,1.701543198164163e-05,-1.701543198163112e-05,0.0,0.004124953207668226,0.0,0.0,0.0028394538538702965,0.0,263800.08688769024,114416.97174777606,1441.7913748308201,263794.8228614991,114415.99254570859,1442.326830597181
34,0.085,0.0085,267.5588480373699,1.0835835880373381,-0.5417917940186691,-0.5417917940186691,267.5588480373699,0.0,0.0,1.0835835880373381,-0.5417917940186691,-0.5417917940186691,267.5588480373699,0.0,0.0,0.0,3.6125000000053475e-05,0.0,0.00425,0.0,0.0,0.0,-3.6125000000053475e-05,0.0,0.00425,0.0,0.0,-1.8062282500538937e-05,1.8062282500592544e-05,0.0,0.004249948823656138,0.0,0.0,1.8062282500592544e-05,-1.8062282500538937e-05,0.0,0.004249948823656139,0.0,0.0,0.0029811991376995865,0.0,263809.1490600892,114412.53851433982,1438.5028714018263,263803.69053046685,114411.53980084155,1439.0446631958453
35,0.08750000000000001,0.00875,267.91807167329426,1.09559643398328,-0.5477982170165213,-0.5477982170165213,267.91807167329426,0.0,0.0,1.09559643398328,-0.5477982170165213,-0.5477982170165213,267.91807167329426,0.0,0.0,0.0,3.828125000004956e-05,0.0,0.004375,0.0,0.0,0.0,-3.828125000004956e-05,0.0,0.004375,0.0,0.0,-1.9140380761391278e-05,1.9140380761438868e-05,0.0,0.004374944174032023,0.0,0.0,1.9140380761438868e-05,-1.9140380761391278e-05,0.0,0.004374944174032023,0.0,0.0,0.003122950338371713,0.0,263818.1702019602,114408.12663089893,1435.2215523220948,263812.51788941724,114407.10819293934,1435.7693505391155
36,0.09,0.009,268.27647602167065,1.1069965407074456,-0.5534982703537228,-0.5534982703537228,268.27647602167065,0.0,0.0,1.1069965407074456,-0.5534982703537228,-0.5534982703537228,268.27647602167065,0.0,0.0,0.0,4.049999999999887e-05,0.0,0.0045,0.0,0.0,0.0,-4.049999999999887e-05,0.0,0.0045,0.0,0.0,-2.0249726629429005e-05,2.0249726629428518e-05,0.0,0.004499939250984086,0.0,0.0,2.0249726629428518e-05,-2.0249726629429005e-05,0.0,0.004499939250984086,0.0,0.0,0.003264707442746766,-5.684341886080802e-14,263827.15045870264,114403.73596787023,1431.9474055684695,263821.3050775868,114402.6975831711,1432.5009038388193
37,0.0925,0.00925,268.63406286604106,1.1178270304992224,-0.5589135152579066,-0.5589135152579066,268.63406286604106,0.0,0.0,1.1178270304992224,-0.5589135152579066,-0.5589135152579066,268.63406286604106,0.0,0.0,0.0,4.278125000001243e-05,0.0,0.004625,0.0,0.0,0.0,-4.278125000001243e-05,0.0,0.004625,0.0,0.0,-2.1390319965992964e-05,2.1390319966007178e-05,0.0,0.004624934046701449,0.0,0.0,2.1390319966007178e-05,-2.1390319965992964e-05,0.0,0.004624934046701449,0.0,0.0,0.003406470437706392,0.0,263836.08998578636,114399.36639611056,1428.6804212727875,263830.0522389866,114398.30783530421,1429.2393347880366
38,0.095,0.009500000000000001,268.9908339881592,1.1281279233114876,-0.5640639616557438,-0.5640639616557438,268.9908339881592,0.0,0.0,1.1281279233114876,-0.5640639616557438,-0.5640639616557438,268.9908339881592,0.0,0.0,0.0,4.512499999997921e-05,0.0,0.004750000000000001,0.0,0.0,0.0,-4.512499999997921e-05,0.0,0.004750000000000001,0.0,0.0,-2.2562160628522502e-05,2.2562160628500788e-05,0.0,0.004749928553372992,0.0,0.0,2.2562160628500788e-05,-2.2562160628522502e-05,0.0,0.004749928553372992,0.0,0.0,0.0035482393101520806,5.684341886080802e-14,263844.9889478511,114395.01778685862,1425.4205912372854,263838.7595223185,114393.9388153803,1425.9846551989458
39,0.0975,0.009750000000000002,269.34679116834116,1.137936363491834,-0.5689681817376204,-0.5689681817376204,269.34679116834116,0.0,0.0,1.137936363491834,-0.5689681817376204,-0.5689681817376204,269.34679116834116,0.0,0.0,0.0,4.753125000001024e-05,0.0,0.004875000000000001,0.0,0.0,0.0,-4.753125000001024e-05,0.0,0.004875000000000001,0.0,0.0,-2.3765248470536986e-05,2.376524847054933e-05,0.0,0.004874922763187127,0.0,0.0,2.376524847054933e-05,-2.3765248470536986e-05,0.0,0.004874922763187127,0.0,0.0,0.003690014047003862,5.684341886080802e-14,263853.8475178485,114390.69001170142,1422.1679085322394,263847.42708084383,114389.59039144359,1422.7368767139842
40,0.1,0.010000000000000002,269.7019361857218,1.1472868299438366,-0.573643414988513,-0.573643414988513,269.7019361857218,0.0,0.0,1.1472868299438366,-0.573643414988513,-0.573643414988513,269.7019361857218,0.0,0.0,0.0,4.999999999999449e-05,0.0,0.005000000000000001,0.0,0.0,0.0,-4.999999999999449e-05,0.0,0.005000000000000001,0.0,0.0,-2.499958334166611e-05,2.4999583341661687e-05,0.0,0.004999916668333243,0.0,0.0,2.4999583341661687e-05,-2.499958334166611e-05,0.0,0.004999916668333243,0.0,0.0,0.00383179463519936,1.7053025658242404e-13,263862.6658762286,114386.38294256036,1418.9223671615327,263856.055072211,114385.26243331397,1419.496010576533
41,0.10250000000000001,0.010250000000000002,270.05627081843505,1.1562113305357564,-0.5781056652678782,-0.5781056652678782,270.05627081843505,0.0,0.0,1.1562113305357564,-0.5781056652678782,-0.5781056652678782,270.05627081843505,0.0,0.0,0.0,5.2531250000042995e-05,0.0,0.005125000000000001,0.0,0.0,0.0,-5.2531250000042995e-05,0.0,0.005125000000000001,0.0,0.0,-2.626516508762751e-05,2.6265165087669894e-05,0.0,0.0051249102610002725,0.0,0.0,2.6265165087669894e-05,-2.626516508762751e-05,0.0,0.005124910261000272,0.0,0.0,0.003973581061693121,-5.684341886080802e-14,263871.4442101734,114382.0964516919,1415.6839617875376,263864.64365825674,114380.95481239716,1416.262067452807
42,0.105,0.0105,270.4097968437307,1.1647395820893962,-0.5823697910446981,-0.5823697910446981,270.4097968437307,0.0,0.0,1.1647395820893962,-0.5823697910446981,-0.5823697910446981,270.4097968437307,0.0,0.0,0.0,5.512500000004472e-05,0.0,0.00525,0.0,0.0,0.0,-5.512500000004472e-05,0.0,0.00525,0.0,0.0,-2.756199355023083e-05,2.756199355027481e-05,0.0,0.005249903533377132,0.0,0.0,2.756199355027481e-05,-2.756199355023083e-05,0.0,0.005249903533377132,0.0,0.0,0.004115373313456182,-5.684341886080802e-14,263880.1827128763,114377.83041169956,1412.4526875048032,263873.19300478545,114376.66740152695,1413.0350572958464
43,0.1075,0.010750000000000001,270.76251603803985,1.172899177150166,-0.5864495885999816,-0.5864495885999816,270.76251603803985,0.0,0.0,1.172899177150166,-0.5864495885999816,-0.5864495885999816,270.76251603803985,0.0,0.0,0.0,5.778124999999967e-05,0.0,0.0053750000000000004,0.0,0.0,0.0,-5.778124999999967e-05,0.0,0.0053750000000000004,0.0,0.0,-2.8890068567385097e-05,2.8890068567383802e-05,0.0,0.005374896477653113,0.0,0.0,2.8890068567383802e-05,-2.8890068567385097e-05,0.0,0.005374896477653113,0.0,0.0,0.004257171377475826,-5.684341886080802e-14,263888.88158286863,114373.58469555447,1409.228539655407,263881.70328133454,114372.4000748341,1409.8149892440047
44,0.11,0.011000000000000001,271.11443017699884,1.1807157383420481,-0.5903578691627238,-0.5903578691627238,271.11443017699884,0.0,0.0,1.1807157383420481,-0.5903578691627238,-0.5903578691627238,271.11443017699884,0.0,0.0,0.0,6.050000000001887e-05,0.0,0.0055000000000000005,0.0,0.0,0.0,-6.050000000001887e-05,0.0,0.0055000000000000005,0.0,0.0,-3.0249389973095853e-05,3.0249389973114417e-05,0.0,0.00549988908601744,0.0,0.0,3.0249389973114417e-05,-3.0249389973095853e-05,0.0,0.00549988908601744,0.0,0.0,0.004398975240755489,5.684341886080802e-14,263897.5410233916,114369.35917662183,1406.011513679332,263890.1746609322,114368.15270763784,1406.6018715484981
45,0.1125,0.011250000000000001,271.4655410354398,1.1882130611450528,-0.5941065305642254,-0.5941065305642254,271.4655410354398,0.0,0.0,1.1882130611450528,-0.5941065305642254,-0.5941065305642254,271.4655410354398,0.0,0.0,0.0,6.32812499999913e-05,0.0,0.005625000000000001,0.0,0.0,0.0,-6.32812499999913e-05,0.0,0.005625000000000001,0.0,0.0,-3.1639957597459335e-05,3.163995759745076e-05,0.0,0.005624881350659559,0.0,0.0,3.163995759745076e-05,-3.1639957597459335e-05,0.0,0.005624881350659559,0.0,0.0,0.004540784890314792,5.684341886080802e-14,263906.16124181193,114365.15372869153,1402.801604994238,263898.6073198508,114363.92517635638,1403.3957115247988
46,0.115,0.011500000000000002,271.8158503873543,1.195413246581064,-0.5977066232822303,-0.5977066232822303,271.8158503873543,0.0,0.0,1.195413246581064,-0.5977066232822303,-0.5977066232822303,271.8158503873543,0.0,0.0,0.0,6.612500000002797e-05,0.0,0.005750000000000001,0.0,0.0,0.0,-6.612500000002797e-05,0.0,0.005750000000000001,0.0,0.0,-3.3061771266668947e-05,3.3061771266698627e-05,0.0,0.005749873263768788,0.0,0.0,3.3061771266698627e-05,-3.3061771266668947e-05,0.0,0.005749873263768789,0.0,0.0,0.0046826003131896785,1.1368683772161603e-13,263914.74244908075,114360.96822601107,1399.5988088997256,263907.0014373589,114359.71735843344,1400.1965155230228
47,0.11750000000000001,0.011750000000000002,272.165360005837,1.2023368236346386,-0.6011684118090169,-0.6011684118090169,272.165360005837,0.0,0.0,1.2023368236346386,-0.6011684118090169,-0.6011684118090169,272.165360005837,0.0,0.0,0.0,6.903125000001786e-05,0.0,0.005875000000000001,0.0,0.0,0.0,-6.903125000001786e-05,0.0,0.005875000000000001,0.0,0.0,-3.451483080301668e-05,3.45148308030352e-05,0.0,0.005874864817534795,0.0,0.0,3.45148308030352e-05,-3.451483080301668e-05,0.0,0.005874864817534795,0.0,0.0,0.004824421496432612,5.684341886080802e-14,263923.2848592332,114356.80254332021,1396.4031205024658,263915.3571954768,114355.52913227808,1397.004288914287
48,0.12,0.012,272.51407166301215,1.2090028629457783,-0.6045014314728893,-0.6045014314728893,272.51407166301215,0.0,0.0,1.2090028629457783,-0.6045014314728893,-0.6045014314728893,272.51407166301215,0.0,0.0,0.0,7.199999999996098e-05,0.0,0.006,0.0,0.0,0.0,-7.199999999996098e-05,0.0,0.006,0.0,0.0,-3.59991360248814e-05,3.5999136024843555e-05,0.0,0.005999856004147058,0.0,0.0,3.5999136024843555e-05,-3.59991360248814e-05,0.0,0.005999856004147058,0.0,0.0,0.004966248427112842,-5.684341886080802e-14,263931.7886889274,114352.65655588522,1393.2145346582256,263923.6747787371,114351.36037721555,1393.8190360896967
49,0.1225,0.01225,272.86198712994957,1.2154290821503395,-0.6077145410585623,-0.6077145410585623,272.86198712994957,0.0,0.0,1.2154290821503395,-0.6077145410585623,-0.6077145410585623,272.86198712994957,0.0,0.0,0.0,7.503124999996835e-05,0.0,0.006125,0.0,0.0,0.0,-7.503124999996835e-05,0.0,0.006125,0.0,0.0,-3.751468674674732e-05,3.7514686746715186e-05,0.0,0.006124846815795353,0.0,0.0,3.7514686746715186e-05,-3.751468674674732e-05,0.0,0.006124846815795353,0.0,0.0,0.005108081092316719,-5.684341886080802e-14,263940.25415701896,114348.53013953369,1390.0330459285178,263931.9543739476,114347.21097344812,1390.6407604695735
50,0.125,0.0125,273.20910817657017,1.22163194329395,-0.610815971630366,-0.610815971630366,273.20910817657017,0.0,0.0,1.22163194329395,-0.610815971630366,-0.610815971630366,273.20910817657017,0.0,0.0,0.0,7.812500000003997e-05,0.0,0.00625,0.0,0.0,0.0,-7.812500000003997e-05,0.0,0.00625,0.0,0.0,-3.906148277918295e-05,3.906148277922349e-05,0.0,0.006249837244669396,0.0,0.0,3.906148277922349e-05,-3.906148277918295e-05,0.0,0.006249837244669395,0.0,0.0,0.0052499194791480255,0.0,263948.6814841725,114344.42317068721,1386.858648548965,263940.1961699681,114343.08080202264,1387.4694645206073
51,0.1275,0.012750000000000001,273.55543657154743,1.2276267432938035,-0.6138133716469018,-0.6138133716469018,273.55543657154743,0.0,0.0,1.2276267432938035,-0.6138133716469018,-0.6138133716469018,273.55543657154743,0.0,0.0,0.0,8.128124999995379e-05,0.0,0.0063750000000000005,0.0,0.0,0.0,-8.128124999995379e-05,0.0,0.0063750000000000005,0.0,0.0,-4.063952392886644e-05,4.063952392881856e-05,0.0,0.006374827282959248,0.0,0.0,4.063952392881856e-05,-4.063952392886644e-05,0.0,0.006374827282959247,0.0,0.0,0.00539176357472834,5.684341886080802e-14,263957.0708925033,114340.33552639364,1383.6913364072825,263948.40035748953,114338.96974480544,1384.3051497789195
52,0.13,0.013000000000000001,273.90097408220316,1.233427697808854,-0.6167138488961212,-0.6167138488961212,273.90097408220316,0.0,0.0,1.233427697808854,-0.6167138488961212,-0.6167138488961212,273.90097408220316,0.0,0.0,0.0,8.450000000004287e-05,0.0,0.006500000000000001,0.0,0.0,0.0,-8.450000000004287e-05,0.0,0.006500000000000001,0.0,0.0,-4.224880999855692e-05,4.224880999859864e-05,0.0,0.006499816922854694,0.0,0.0,4.224880999859864e-05,-4.224880999855692e-05,0.0,0.006499816922854694,0.0,0.0,0.005533613366197415,-5.684341886080802e-14,263965.4226052521,114336.26708435689,1380.5311030295125,263956.56712882564,114334.8776844621,1381.147816878421
53,0.1325,0.013250000000000001,274.2457224744033,1.2390480187131205,-0.6195240093482538,-0.6195240093482538,274.2457224744033,0.0,0.0,1.2390480187131205,-0.6195240093482538,-0.6195240093482538,274.2457224744033,0.0,0.0,0.0,8.778124999997416e-05,0.0,0.006625000000000001,0.0,0.0,0.0,-8.778124999997416e-05,0.0,0.006625000000000001,0.0,0.0,-4.388934078711613e-05,4.388934078709047e-05,0.0,0.0066248061565458765,0.0,0.0,4.388934078709047e-05,-4.388934078711613e-05,0.0,0.0066248061565458765,0.0,0.0,0.005675468840713548,-5.684341886080802e-14,263973.7368464871,114332.21772296498,1377.377941572835,263964.69667771365,114330.80450444148,1377.9974655821939
54,0.135,0.013500000000000002,274.5896835124518,1.2444999862309452,-0.6222499930988582,-0.6222499930988582,274.5896835124518,0.0,0.0,1.2444999862309452,-0.6222499930988582,-0.6222499930988582,274.5896835124518,0.0,0.0,0.0,9.11249999999697e-05,0.0,0.006750000000000001,0.0,0.0,0.0,-9.11249999999697e-05,0.0,0.006750000000000001,0.0,0.0,-4.556111608950764e-05,4.556111608947763e-05,0.0,0.006749794976223106,0.0,0.0,4.556111608947763e-05,-4.556111608950764e-05,0.0,0.006749794976223107,0.0,0.0,0.005817329985453969,0.0,263982.01384083275,114328.18732131629,1374.2318448233418,263972.78919912403,114326.75008896364,1374.8540948164487
55,0.1375,0.013750000000000002,274.9328589589858,1.2497950155975412,-0.6248975077987707,-0.6248975077987707,274.9328589589858,0.0,0.0,1.2497950155975412,-0.6248975077987707,-0.6248975077987707,274.9328589589858,0.0,0.0,0.0,9.453125000002949e-05,0.0,0.006875000000000001,0.0,0.0,0.0,-9.453125000002949e-05,0.0,0.006875000000000001,0.0,0.0,-4.726413569677706e-05,4.72641356968054e-05,0.0,0.006874783374076607,0.0,0.0,4.72641356968054e-05,-4.726413569677706e-05,0.0,0.006874783374076607,0.0,0.0,0.005959196787615219,-5.684341886080802e-14,263990.253813224,114324.17575924308,1371.0928051983792,263980.84488908044,114322.71432301031,1371.7177027061855
56,0.14,0.014000000000000002,275.27525057487253,1.254943718988807,-0.6274718594860953,-0.6274718594860953,275.27525057487253,0.0,0.0,1.254943718988807,-0.6274718594860953,-0.6274718594860953,275.27525057487253,0.0,0.0,0.0,9.80000000000425e-05,0.0,0.007000000000000001,0.0,0.0,0.0,-9.80000000000425e-05,0.0,0.007000000000000001,0.0,0.0,-4.899839939607761e-05,4.899839939612019e-05,0.0,0.006999771342296681,0.0,0.0,4.899839939612019e-05,-4.899839939607761e-05,0.0,0.006999771342296681,0.0,0.0,0.0061010692344135135,0.0,263998.45698868274,114320.18291733328,1367.9608147522522,263988.8639444896,114318.69709231782,1368.5882866117324
57,0.14250000000000002,0.014250000000000002,275.61686011910865,1.2599559628500634,-0.62997798144165,-0.62997798144165,275.61686011910865,0.0,0.0,1.2599559628500634,-0.62997798144165,-0.62997798144165,275.61686011910865,0.0,0.0,0.0,0.00010153125000000873,0.0,0.007125000000000001,0.0,0.0,0.0,-0.00010153125000000873,0.0,0.007125000000000001,0.0,0.0,-5.076390697065111e-05,5.076390697066142e-05,0.0,0.007124758873073914,0.0,0.0,5.076390697066142e-05,-5.076390697065111e-05,0.0,0.007124758873073913,0.0,0.0,0.0062429473130851095,1.1368683772161603e-13,264006.623592117,114316.20867694983,1364.8358651843446,263996.84656298195,114314.69828337186,1365.4658431657876
58,0.145,0.014499999999999999,275.9576893487221,1.2648409211856377,-0.6324204606011287,-0.6324204606011287,275.9576893487221,0.0,0.0,1.2648409211856377,-0.6324204606011287,-0.6324204606011287,275.9576893487221,0.0,0.0,0.0,0.00010512500000003921,0.0,0.0072499999999999995,0.0,0.0,0.0,-0.00010512500000003921,0.0,0.0072499999999999995,0.0,0.0,-5.256065819984366e-05,5.256065819988306e-05,0.0,0.007249745958599101,0.0,0.0,5.256065819988306e-05,-5.256065819984366e-05,0.0,0.007249745958599101,0.0,0.0,0.006384831010886652,-5.684341886080802e-14,264014.7538481373,114312.2529202481,1361.71794784964,264004.79294275877,114310.7177834037,1362.3503683102415
59,0.1475,0.01475,276.2977400186782,1.2696071248231404,-0.6348035624032596,-0.6348035624032596,276.2977400186782,0.0,0.0,1.2696071248231404,-0.6348035624032596,-0.6348035624032596,276.2977400186782,0.0,0.0,0.0,0.00010878125000002292,0.0,0.007375,0.0,0.0,0.0,-0.00010878125000002292,0.0,0.007375,0.0,0.0,-5.438865285908862e-05,5.4388652859109427e-05,0.0,0.007374732591062713,0.0,0.0,5.4388652859109427e-05,-5.438865285908862e-05,0.0,0.007374732591062713,0.0,0.0,0.0065267203150955145,5.684341886080802e-14,264022.84798089386,114308.31553019097,1358.60705377032,264012.7032824522,114306.75548038741,1359.2418573327313
60,0.15,0.015,276.63701388178816,1.2742625071982374,-0.637131253615741,-0.637131253615741,276.63701388178816,0.0,0.0,1.2742625071982374,-0.637131253615741,-0.637131253615741,276.63701388178816,0.0,0.0,0.0,0.00011249999999995985,0.0,0.0075,0.0,0.0,0.0,-0.00011249999999995985,0.0,0.0075,0.0,0.0,-5.6247890719917574e-05,5.624789071987692e-05,0.0,0.007499718762655655,0.0,0.0,5.624789071987692e-05,-5.6247890719917574e-05,0.0,0.0074997187626556555,0.0,0.0,0.006668615213010112,-5.684341886080802e-14,264030.9062139292,114304.39639056209,1355.5031736488454,264020.5777809926,114302.81126303793,1356.140304902468
61,0.1525,0.01525,276.97551268862316,1.278814446956773,-0.6394072234866983,-0.6394072234866983,276.97551268862316,0.0,0.0,1.278814446956773,-0.6394072234866983,-0.6394072234866983,276.97551268862316,0.0,0.0,0.0,0.00011628124999996103,0.0,0.007625,0.0,0.0,0.0,-0.00011628124999996103,0.0,0.007625,0.0,0.0,-5.8138371549961606e-05,5.813837154992322e-05,0.0,0.00762470446556891,0.0,0.0,5.813837154992322e-05,-5.8138371549961606e-05,0.0,0.007624704465568909,0.0,0.0,0.006810515691950214,0.0,264038.9287700455,114300.49538597732,1352.4062978815346,264028.4166374833,114298.88502081006,1353.0457051050237
62,0.155,0.0155,277.31323818743056,1.283269807189216,-0.6416349035862955,-0.6416349035862955,277.31323818743056,0.0,0.0,1.283269807189216,-0.6416349035862955,-0.6416349035862955,277.31323818743056,0.0,0.0,0.0,0.00012012500000002646,0.0,0.00775,0.0,0.0,0.0,-0.00012012500000002646,0.0,0.00775,0.0,0.0,-6.0060095112948676e-05,6.0060095112976276e-05,0.0,0.007749689691993542,0.0,0.0,6.0060095112976276e-05,-6.0060095112948676e-05,0.0,0.007749689691993542,0.0,0.0,0.006952421739257234,5.684341886080802e-14,264046.91587118746,114296.61240189424,1349.3164165729395,264036.22005108604,114294.97664389746,1349.9580514765148
63,0.1575,0.01575,277.65019212405576,1.2876349720267455,-0.6438174860216858,-0.6438174860216858,277.65019212405576,0.0,0.0,1.2876349720267455,-0.6438174860216858,-0.6438174860216858,277.65019212405576,0.0,0.0,0.0,0.0001240312500000451,0.0,0.007875,0.0,0.0,0.0,-0.0001240312500000451,0.0,0.007875,0.0,0.0,-6.201306116869929e-05,6.201306116874804e-05,0.0,0.007874674434120727,0.0,0.0,6.201306116874804e-05,-6.201306116869929e-05,0.0,0.007874674434120727,0.0,0.0,0.007094333342294508,-5.684341886080802e-14,264054.8677383368,114292.74732462008,1346.2335195499327,264043.98822091287,114291.08602323226,1346.8773370359602
64,0.16,0.016,277.9863762418674,1.2919158806637108,-0.645957940348483,-0.645957940348483,277.9863762418674,0.0,0.0,1.2919158806637108,-0.645957940348483,-0.645957940348483,277.9863762418674,0.0,0.0,0.0,0.000128000000000017,0.0,0.008,0.0,0.0,0.0,-0.000128000000000017,0.0,0.008,0.0,0.0,-6.399726947313833e-05,6.399726947315129e-05,0.0,0.007999658684142045,0.0,0.0,6.399726947315129e-05,-6.399726947313833e-05,0.0,0.007999658684142045,0.0,0.0,0.007236250488447551,5.684341886080802e-14,264062.7845914199,114288.9000413177,1343.1575963764335,264051.7213459255,114287.21305048428,1343.8035543167955
65,0.1625,0.01625,278.32179228168656,1.2961180587548449,-0.6480590293774225,-0.6480590293774225,278.32179228168656,0.0,0.0,1.2961180587548449,-0.6480590293774225,-0.6480590293774225,278.32179228168656,0.0,0.0,0.0,0.0001320312500000531,0.0,0.008125,0.0,0.0,0.0,-0.0001320312500000531,0.0,0.008125,0.0,0.0,-6.60127197782409e-05,6.601271977834713e-05,0.0,0.008124642434248501,0.0,0.0,6.601271977834713e-05,-6.60127197782409e-05,0.0,0.008124642434248501,0.0,0.0,0.007378173165124305,1.1368683772161603e-13,264070.6666492243,114285.07044001104,1340.08863636764,264059.41962484183,114283.35761806142,1340.7366953970097
66,0.165,0.0165,278.6564419817203,1.300246647568022,-0.6501233237923261,-0.6501233237923261,278.6564419817203,0.0,0.0,1.300246647568022,-0.6501233237923261,-0.6501233237923261,278.6564419817203,0.0,0.0,0.0,0.00013612500000004246,0.0,0.00825,0.0,0.0,0.0,-0.00013612500000004246,0.0,0.00825,0.0,0.0,-6.805941183221122e-05,6.80594118322548e-05,0.0,0.00824962567663179,0.0,0.0,6.80594118322548e-05,-6.805941183221122e-05,0.0,0.00824962567663179,0.0,0.0,0.007520101359755363,5.684341886080802e-14,264078.5141293276,114281.25840958803,1337.026628604115,264067.0832560517,114279.51961910859,1337.676751927902
67,0.1675,0.01675,278.9903270774991,1.3043064312569532,-0.6521532156284765,-0.6521532156284765,278.9903270774991,0.0,0.0,1.3043064312569532,-0.6521532156284765,-0.6521532156284765,278.9903270774991,0.0,0.0,0.0,0.00014028124999998504,0.0,0.008375,0.0,0.0,0.0,-0.00014028124999998504,0.0,0.008375,0.0,0.0,-7.013734537917648e-05,7.013734537916259e-05,0.0,0.008374608403483775,0.0,0.0,7.013734537916259e-05,-7.013734537917648e-05,0.0,0.008374608403483775,0.0,0.0,0.00766203505979419,1.1368683772161603e-13,264086.3272480326,114277.46383980318,1333.9715619456692,264074.712437534,114275.69894750776,1334.6237151613086
68,0.17,0.017,279.32344930181716,1.3083018619365532,-0.6541509309682767,-0.6541509309682767,279.32344930181716,0.0,0.0,1.3083018619365532,-0.6541509309682767,-0.6541509309682767,279.32344930181716,0.0,0.0,0.0,0.00014449999999999186,0.0,0.0085,0.0,0.0,0.0,-0.00014449999999999186,0.0,0.0085,0.0,0.0,-7.224652015946896e-05,7.224652015945805e-05,0.0,0.008499590606996192,0.0,0.0,7.224652015945805e-05,-7.224652015946896e-05,0.0,0.008499590606996192,0.0,0.0,0.007803974252717321,5.684341886080802e-14,264094.1062203128,114273.68662127863,1330.923425044879,264082.3073667845,114271.89549787738,1331.5775759758553
69,0.17250000000000001,0.01725,279.6558103846782,1.312237083108497,-0.6561185415459315,-0.6561185415459315,279.6558103846782,0.0,0.0,1.312237083108497,-0.6561185415459315,-0.6561185415459315,279.6558103846782,0.0,0.0,0.0,0.0001487812499999519,0.0,0.008625,0.0,0.0,0.0,-0.0001487812499999519,0.0,0.008625,0.0,0.0,-7.438693590948856e-05,7.438693590943825e-05,0.0,0.008624572279360926,0.0,0.0,7.438693590943825e-05,-7.438693590948856e-05,0.0,0.008624572279360926,0.0,0.0,0.007945918926024547,5.684341886080802e-14,264101.8512597646,114269.92664550392,1327.882206359849,264089.86824074766,114268.10916557132,1328.5383249013935
70,0.17500000000000002,0.0175,279.98741205324274,1.3161159513193974,-0.6580579756596987,-0.6580579756596987,279.98741205324274,0.0,0.0,1.3161159513193974,-0.6580579756596987,-0.6580579756596987,279.98741205324274,0.0,0.0,0.0,0.0001531249999999762,0.0,0.00875,0.0,0.0,0.0,-0.0001531249999999762,0.0,0.00875,0.0,0.0,-7.65585923617374e-05,7.655859236171267e-05,0.0,0.008749553412770004,0.0,0.0,7.655859236171267e-05,-7.65585923617374e-05,0.0,0.008749553412770004,0.0,0.0,0.008087869067239087,1.1368683772161603e-13,264109.56257856527,114266.18380483543,1324.84789416696,264097.39525575284,114264.33984667834,1325.5059521426192
71,0.1775,0.01775,280.3182560317803,1.3199420563167075,-0.659971028166672,-0.659971028166672,280.3182560317803,0.0,0.0,1.3199420563167075,-0.659971028166672,-0.659971028166672,280.3182560317803,0.0,0.0,0.0,0.00015753124999995372,0.0,0.008875,0.0,0.0,0.0,-0.00015753124999995372,0.0,0.008875,0.0,0.0,-7.876148924481507e-05,7.876148924476696e-05,0.0,0.008874533999415861,0.0,0.0,7.876148924476696e-05,-7.876148924481507e-05,0.0,0.008874533999415861,0.0,0.0,0.008229824663907748,1.1368683772161603e-13,264117.2403874386,114262.45799249446,1321.8204765727423,264104.88860745763,114260.58743802072,1322.4804476009015
72,0.18,0.018,280.648344041624,1.3237187398177783,-0.6618593699088893,-0.6618593699088893,280.648344041624,0.0,0.0,1.3237187398177783,-0.6618593699088893,-0.6618593699088893,280.648344041624,0.0,0.0,0.0,0.00016199999999999548,0.0,0.009,0.0,0.0,0.0,-0.00016199999999999548,0.0,0.009,0.0,0.0,-8.099562628341531e-05,8.099562628341035e-05,0.0,0.008999514031490647,0.0,0.0,8.099562628341035e-05,-8.099562628341531e-05,0.0,0.008999514031490647,0.0,0.0,0.008371785703601083,-5.684341886080802e-14,264124.8848956253,114258.74910256483,1318.7999415255035,264112.3484907939,114256.85183715327,1319.4618008954064
73,0.1825,0.01825,280.9776778011288,1.327449112808051,-0.6637245564040255,-0.6637245564040255,280.9776778011288,0.0,0.0,1.327449112808051,-0.6637245564040255,-0.6637245564040255,280.9776778011288,0.0,0.0,0.0,0.00016653124999999047,0.0,0.009125,0.0,0.0,0.0,-0.00016653124999999047,0.0,0.009125,0.0,0.0,-8.326100319833319e-05,8.326100319831981e-05,0.0,0.009124493501187016,0.0,0.0,8.326100319831981e-05,-8.326100319833319e-05,0.0,0.009124493501187018,0.0,0.0,0.008513752173913508,0.0,264132.49631085823,114255.05702998917,1315.7862768260675,264119.7750999198,114253.13294236115,1316.4500013824716
74,0.185,0.0185,281.30625902563173,1.3311360717667484,-0.6655680358750541,-0.6655680358750541,281.30625902563173,0.0,0.0,1.3311360717667484,-0.6655680358750541,-0.6655680358750541,281.30625902563173,0.0,0.0,0.0,0.0001711250000000497,0.0,0.00925,0.0,0.0,0.0,-0.0001711250000000497,0.0,0.00925,0.0,0.0,-8.555761970645192e-05,8.555761970649962e-05,0.0,0.009249472400697354,0.0,0.0,8.555761970649962e-05,-8.555761970645192e-05,0.0,0.009249472400697354,0.0,0.0,0.008655724062463444,-5.684341886080802e-14,264140.0748393428,114251.3816705656,1312.7794701385283,264127.1686281749,114249.43065265872,1313.445038174418
75,0.1875,0.018750000000000003,281.6340894274164,1.3347823135864565,-0.6673911567932281,-0.6673911567932281,281.6340894274164,0.0,0.0,1.3347823135864565,-0.6673911567932281,-0.6673911567932281,281.6340894274164,0.0,0.0,0.0,0.00017578124999995115,0.0,0.009375000000000001,0.0,0.0,0.0,-0.00017578124999995115,0.0,0.009375000000000001,0.0,0.0,-8.788547552076093e-05,8.78854755207125e-05,0.0,0.00937445072221461,0.0,0.0,8.78854755207125e-05,-8.788547552076093e-05,0.0,0.009374450722214612,0.0,0.0,0.008797701356893424,0.0,264147.62068574026,114247.72292094282,1309.7795089999272,264134.5292680396,114245.74486778703,1310.4469001567313
76,0.19,0.019000000000000003,281.9611707156785,1.338390349585166,-0.6691951748009041,-0.6691951748009041,281.9611707156785,0.0,0.0,1.338390349585166,-0.6691951748009041,-0.6691951748009041,281.9611707156785,0.0,0.0,0.0,0.00018050000000002786,0.0,0.009500000000000001,0.0,0.0,0.0,-0.00018050000000002786,0.0,0.009500000000000001,0.0,0.0,-9.024457035035052e-05,9.024457035037964e-05,0.0,0.009499428457931747,0.0,0.0,9.024457035037964e-05,-9.024457035035052e-05,0.0,0.009499428457931745,0.0,0.0,0.0089396840448702,0.0,264155.1340531565,114244.08067861538,1306.7863808297843,264141.857211098,114242.07548821185,1307.4555760045869
77,0.1925,0.019250000000000003,282.28750459649524,1.3419625183938328,-0.6709812592052385,-0.6709812592052385,282.28750459649524,0.0,0.0,1.3419625183938328,-0.6709812592052385,-0.6709812592052385,282.28750459649524,0.0,0.0,0.0,0.00018528124999994677,0.0,0.009625000000000002,0.0,0.0,0.0,-0.00018528124999994677,0.0,0.009625000000000002,0.0,0.0,-9.263490390040078e-05,9.263490390034868e-05,0.0,0.009624405600041802,0.0,0.0,9.263490390034868e-05,-9.263490390040078e-05,0.0,0.009624405600041802,0.0,0.0,0.009081672114084834,0.0,264162.6151431323,114240.4548419182,1303.8000729388295,264149.1526480051,114238.42241512104,1304.4710541980337
78,0.195,0.019500000000000003,282.6130927727961,1.3455009980183843,-0.6727504990008694,-0.6727504990008694,282.6130927727961,0.0,0.0,1.3455009980183843,-0.6727504990008694,-0.6727504990008694,282.6130927727961,0.0,0.0,0.0,0.00019012500000004096,0.0,0.009750000000000002,0.0,0.0,0.0,-0.00019012500000004096,0.0,0.009750000000000002,0.0,0.0,-9.505647587219688e-05,9.505647587223569e-05,0.0,0.009749382140737976,0.0,0.0,9.505647587223569e-05,-9.505647587219688e-05,0.0,0.009749382140737976,0.0,0.0,0.009223665552252796,-5.684341886080802e-14,264170.06415563746,114236.84531002074,1300.8205725377338,264156.415768455,114234.78555042189,1301.493323036729
79,0.1975,0.019750000000000004,282.9379369443363,1.3490078169591007,-0.6745039084712272,-0.6745039084712272,282.9379369443363,0.0,0.0,1.3490078169591007,-0.6745039084712272,-0.6745039084712272,282.9379369443363,0.0,0.0,0.0,0.00019503124999997734,0.0,0.009875000000000002,0.0,0.0,0.0,-0.00019503124999997734,0.0,0.009875000000000002,0.0,0.0,-9.750928596310894e-05,9.750928596308667e-05,0.0,0.009874358072213565,0.0,0.0,9.750928596308667e-05,-9.750928596310894e-05,0.0,0.009874358072213565,0.0,0.0,0.009365664347114028,-1.1368683772161603e-13,264177.48128906765,114233.25198292088,1297.8478667447198,264163.64676115446,114231.16479673823,1298.52237065319
80,0.2,0.020000000000000004,283.2620388076726,1.3524848646698413,-0.6762424323432442,-0.6762424323432442,283.2620388076726,0.0,0.0,1.3524848646698413,-0.6762424323432442,-0.6762424323432442,283.2620388076726,0.0,0.0,0.0,0.00019999999999997797,0.0,0.010000000000000002,0.0,0.0,0.0,-0.00019999999999997797,0.0,0.010000000000000002,0.0,0.0,-9.999333386662113e-05,9.999333386659758e-05,0.0,0.009999333386662104,0.0,0.0,9.999333386659758e-05,-9.999333386662113e-05,0.0,0.009999333386662104,0.0,0.0,0.00950766848643302,0.0,264184.8667402434,114229.67476143851,1294.8819425932306,264170.84581379837,114227.56005740736,1295.5581850255703
81,0.2025,0.020250000000000004,283.58540005614043,1.3559339011901643,-0.6779669506034066,-0.6779669506034066,283.58540005614043,0.0,0.0,1.3559339011901643,-0.6779669506034066,-0.6779669506034066,283.58540005614043,0.0,0.0,0.0,0.00020503125000004285,0.0,0.010125000000000002,0.0,0.0,0.0,-0.00020503125000004285,0.0,0.010125000000000002,0.0,0.0,-0.00010250861927231083,0.0001025086192723485,0.0,0.010124308076277422,0.0,0.0,0.0001025086192723485,-0.00010250861927231083,0.0,0.010124308076277422,0.0,0.0,0.00964967795799887,-5.684341886080802e-14,264192.2207044108,114226.11354720865,1291.9227870388859,264178.0131130462,114223.97123647653,1292.600753989497
82,0.20500000000000002,0.020500000000000004,283.9080223798332,1.3593565660997178,-0.6796782830665087,-0.6796782830665087,283.9080223798332,0.0,0.0,1.3593565660997178,-0.6796782830665087,-0.6796782830665087,283.9080223798332,0.0,0.0,0.0,0.00021012499999994994,0.0,0.010250000000000002,0.0,0.0,0.0,-0.00021012499999994994,0.0,0.010250000000000002,0.0,0.0,-0.00010505514186584228,0.00010505514186579222,0.0,0.010249282133252994,0.0,0.0,0.00010505514186579222,-0.00010505514186584228,0.0,0.010249282133252994,0.0,0.0,0.00979169274962535,0.0,264199.54337524495,114222.56824267496,1288.97038696635,264185.14884450333,114220.3982387001,1289.6500652494017
83,0.20750000000000002,0.020750000000000005,284.2299074655838,1.3627543868777447,-0.6813771934305468,-0.6813771934305468,284.2299074655838,0.0,0.0,1.3627543868777447,-0.6813771934305468,-0.6813771934305468,284.2299074655838,0.0,0.0,0.0,0.0002152812500000323,0.0,0.010375000000000002,0.0,0.0,0.0,-0.0002152812500000323,0.0,0.010375000000000002,0.0,0.0,-0.00010763290132900166,0.0001076329013290316,0.0,0.010374255549783207,0.0,0.0,0.0001076329013290316,-0.00010763290132900166,0.0,0.010374255549783207,0.0,0.0,0.009933712849150943,0.0,264206.8349448539,114219.03875108213,1286.0247291950218,264192.2531927029,114216.84096953513,1286.7061063884641
84,0.21,0.021,284.5510569969467,1.3661287866173606,-0.683064393300354,-0.683064393300354,284.5510569969467,0.0,0.0,1.3661287866173606,-0.683064393300354,-0.683064393300354,284.5510569969467,0.0,0.0,0.0,0.00022049999999995684,0.0,0.0105,0.0,0.0,0.0,-0.00022049999999995684,0.0,0.0105,0.0,0.0,-0.00011024189733964945,0.00011024189733960857,0.0,0.01049922831806187,0.0,0.0,0.00011024189733960857,-0.00011024189733964945,0.0,0.01049922831806187,0.0,0.0,0.010075738244438885,0.0,264214.0956037858,114215.52497646883,1283.085800485671,264199.3263410911,114213.29933513809,1283.7688648789574
85,0.2125,0.02125,284.87147265418287,1.3694810913273678,-0.6847405456886638,-0.6847405456886638,284.87147265418287,0.0,0.0,1.3694810913273678,-0.6847405456886638,-0.6847405456886638,284.87147265418287,0.0,0.0,0.0,0.00022578124999994564,0.0,0.010625,0.0,0.0,0.0,-0.00022578124999994564,0.0,0.010625,0.0,0.0,-0.00011288212957176252,0.00011288212957170788,0.0,0.010624200430283599,0.0,0.0,0.00011288212957170788,-0.00011288212957176252,0.0,0.010624200430283599,0.0,0.0,0.010217768923377215,-1.1368683772161603e-13,264221.3255410354,114212.02682366055,1280.1535875451373,264206.3684720118,114209.77324236106,1280.838328090829
86,0.215,0.021500000000000002,285.19115611424513,1.3728125365882167,-0.6864062682941082,-0.6864062682941082,285.19115611424513,0.0,0.0,1.3728125365882167,-0.6864062682941082,-0.6864062682941082,285.19115611424513,0.0,0.0,0.0,0.0002311249999999987,0.0,0.010750000000000001,0.0,0.0,0.0,-0.0002311249999999987,0.0,0.010750000000000001,0.0,0.0,-0.00011555359769540803,0.00011555359769540556,0.0,0.010749171878642662,0.0,0.0,0.00011555359769540556,-0.00011555359769540803,0.0,0.010749171878642662,0.0,0.0,0.010359804873878792,5.684341886080802e-14,264228.52494405286,114208.54419826179,1277.2280770320795,264213.3797666963,114206.26259874724,1277.9144833003668
87,0.2175,0.021750000000000002,285.510109050765,1.3761242737115762,-0.6880621368557883,-0.6880621368557883,285.510109050765,0.0,0.0,1.3761242737115762,-0.6880621368557883,-0.6880621368557883,285.510109050765,0.0,0.0,0.0,0.00023653125000000497,0.0,0.010875000000000001,0.0,0.0,0.0,-0.00023653125000000497,0.0,0.010875000000000001,0.0,0.0,-0.00011825630137672741,0.00011825630137678552,0.0,0.010874142655333784,0.0,0.0,0.00011825630137678552,-0.00011825630137672741,0.0,0.010874142655333784,0.0,0.0,0.010501846083881331,-5.684341886080802e-14,264235.69399875286,114205.07700664873,1274.3092555614567,264220.3604052522,114202.76731252715,1274.9973176983176
88,0.22,0.022000000000000002,285.8283331340416,1.3794173756697987,-0.6897086878265711,-0.6897086878265711,285.8283331340416,0.0,0.0,1.3794173756697987,-0.6897086878265711,-0.6897086878265711,285.8283331340416,0.0,0.0,0.0,0.00024199999999996447,0.0,0.011000000000000001,0.0,0.0,0.0,-0.00024199999999996447,0.0,0.011000000000000001,0.0,0.0,-0.00012099024027807034,0.00012099024027803074,0.0,0.010999112752551726,0.0,0.0,0.00012099024027803074,-0.00012099024027807034,0.0,0.010999112752551726,0.0,0.0,0.010643892541347417,5.684341886080802e-14,264242.8328895258,114201.62515596145,1271.3971097092726,264227.3105666552,114199.28729261417,1272.0868183970988
89,0.2225,0.022250000000000002,286.1458300310306,1.3826928424452427,-0.6913464212309504,-0.6913464212309504,286.1458300310306,0.0,0.0,1.3826928424452427,-0.6913464212309504,-0.6913464212309504,286.1458300310306,0.0,0.0,0.0,0.0002475312499999882,0.0,0.011125000000000001,0.0,0.0,0.0,-0.0002475312499999882,0.0,0.011125000000000001,0.0,0.0,-0.00012375541405771061,0.00012375541405770338,0.0,0.011124082162491231,0.0,0.0,0.00012375541405770338,-0.00012375541405771061,0.0,0.011124082162491231,0.0,0.0,0.01078594423426453,1.1368683772161603e-13,264249.9417992485,114198.18855409644,1268.4916260166938,264234.23042874096,114195.82244860043,1269.1829724379231
90,0.225,0.022500000000000003,286.4626014053352,1.3859516060157455,-0.6929758029995432,-0.6929758029995432,286.4626014053352,0.0,0.0,1.3859516060157455,-0.6929758029995432,-0.6929758029995432,286.4626014053352,0.0,0.0,0.0,0.0002531249999999652,0.0,0.011250000000000001,0.0,0.0,0.0,-0.0002531249999999652,0.0,0.011250000000000001,0.0,0.0,-0.0001265518223701628,0.0001265518223701304,0.0,0.011249050877347936,0.0,0.0,0.0001265518223701304,-0.0001265518223701628,0.0,0.011249050877347936,0.0,0.0,0.010928001150645057,-5.684341886080802e-14,264257.0209092953,114194.76710969905,1265.5927909939637,264241.1201681994,114192.37269075209,1266.2857667969581
91,0.2275,0.022750000000000003,286.77864891719787,1.3891945350259844,-0.6945972675213223,-0.6945972675213223,286.77864891719787,0.0,0.0,1.3891945350259844,-0.6945972675213223,-0.6945972675213223,286.77864891719787,0.0,0.0,0.0,0.0002587812500000064,0.0,0.011375000000000001,0.0,0.0,0.0,-0.0002587812500000064,0.0,0.011375000000000001,0.0,0.0,-0.0001293794648659788,0.00012937946486598584,0.0,0.011374018889316866,0.0,0.0,0.00012937946486598584,-0.0001293794648659788,0.0,0.011374018889316866,0.0,0.0,0.011070063278526294,0.0,264264.07039955177,114191.36073215536,1262.7005911242886,264247.97996057087,114188.9379300048,1263.395188391807
92,0.23,0.023000000000000003,287.0939742234925,1.3924224391945155,-0.6962112195889273,-0.6962112195889273,287.0939742234925,0.0,0.0,1.3924224391945155,-0.6962112195889273,-0.6962112195889273,287.0939742234925,0.0,0.0,0.0,0.00026450000000000085,0.0,0.011500000000000002,0.0,0.0,0.0,-0.00026450000000000085,0.0,0.011500000000000002,0.0,0.0,-0.00013223834119179852,0.0001322383411918539,0.0,0.01149898619059359,0.0,0.0,0.0001322383411918539,-0.00013223834119179852,0.0,0.011498986190593589,0.0,0.0,0.011212130605970457,5.684341886080802e-14,264271.09044842585,114187.96933158509,1259.815012867155,264254.80998024053,114185.51807795928,1260.511224086762
93,0.2325,0.023250000000000003,287.4085789777186,1.3956360732397477,-0.6978180366282051,-0.6978180366282051,287.4085789777186,0.0,0.0,1.3956360732397477,-0.6978180366282051,-0.6978180366282051,287.4085789777186,0.0,0.0,0.0,0.0002702812499999485,0.0,0.011625000000000002,0.0,0.0,0.0,-0.0002702812499999485,0.0,0.011625000000000002,0.0,0.0,-0.00013512845099046867,0.0001351284509904148,0.0,0.011623952773373719,0.0,0.0,0.0001351284509904148,-0.00013512845099046867,0.0,0.011623952773373719,0.0,0.0,0.011354203121064685,0.0,264278.0812328622,114184.59281883363,1256.9360426617059,264261.6104004375,114182.11304687652,1257.6338606983318
94,0.23500000000000001,0.023500000000000004,287.7224648299952,1.3988361407744727,-0.6994180703955682,-0.6994180703955682,287.7224648299952,0.0,0.0,1.3988361407744727,-0.6994180703955682,-0.6994180703955682,287.7224648299952,0.0,0.0,0.0,0.00027612499999996043,0.0,0.011750000000000002,0.0,0.0,0.0,-0.00027612499999996043,0.0,0.011750000000000002,0.0,0.0,-0.00013804979390077463,0.00013804979390073295,0.0,0.011748918629853082,0.0,0.0,0.00013804979390073295,-0.00013804979390077463,0.0,0.011748918629853082,0.0,0.0,0.011496280811921037,-1.1368683772161603e-13,264285.0429283551,114181.23110546463,1254.0636669295636,264268.38139323174,114178.72274967315,1254.763084999972
95,0.23750000000000002,0.023750000000000004,288.0356334270562,1.4020232977189944,-0.701011648851165,-0.701011648851165,288.0356334270562,0.0,0.0,1.4020232977189944,-0.701011648851165,-0.701011648851165,288.0356334270562,0.0,0.0,0.0,0.0002820312500000366,0.0,0.011875000000000002,0.0,0.0,0.0,-0.0002820312500000366,0.0,0.011875000000000002,0.0,0.0,-0.00014100236955770813,0.00014100236955774196,0.0,0.011873883752227787,0.0,0.0,0.00014100236955774196,-0.00014100236955770813,0.0,0.011873883752227787,0.0,0.0,0.011638363666676487,5.684341886080802e-14,264291.9757089625,114177.88410375215,1251.1978720778861,264275.12312953407,114175.34709991641,1251.898883726749
96,0.24,0.024,288.3480864122463,1.4051981555325508,-0.7025990777579425,-0.7025990777579425,288.3480864122463,0.0,0.0,1.4051981555325508,-0.7025990777579425,-0.7025990777579425,288.3480864122463,0.0,0.0,0.0,0.00028799999999995496,0.0,0.012,0.0,0.0,0.0,-0.00028799999999995496,0.0,0.012,0.0,0.0,-0.00014398617759232637,0.00014398617759228468,0.0,0.011998848132693937,0.0,0.0,0.00014398617759228468,-0.00014398617759232637,0.0,0.011998848132693939,0.0,0.0,0.011780451673492918,-1.1368683772161603e-13,264298.87974731915,114174.55172667353,1248.3386445020296,264281.8357790959,114171.9860118196,1249.0412435797864
97,0.2425,0.02425,288.65982542551785,1.4083612843129527,-0.7041806421731431,-0.7041806421731431,288.65982542551785,0.0,0.0,1.4083612843129527,-0.7041806421731431,-0.7041806421731431,288.65982542551785,0.0,0.0,0.0,0.0002940312500000486,0.0,0.012125,0.0,0.0,0.0,-0.0002940312500000486,0.0,0.012125,0.0,0.0,-0.00014700121763181243,0.00014700121763185948,0.0,0.012123811763448235,0.0,0.0,0.00014700121763185948,-0.00014700121763181243,0.0,0.012123811763448237,0.0,0.0,0.011922544820557117,-5.684341886080802e-14,264305.7552146516,114171.23388790168,1245.4859705876443,264288.51951050945,114168.63940023708,1246.1901512298123
98,0.245,0.0245,288.9708521034276,1.4115132156809944,-0.7057566078321632,-0.7057566078321632,288.9708521034276,0.0,0.0,1.4115132156809944,-0.7057566078321632,-0.7057566078321632,288.9708521034276,0.0,0.0,0.0,0.00030012499999998443,0.0,0.01225,0.0,0.0,0.0,-0.00030012499999998443,0.0,0.01225,0.0,0.0,-0.00015004748929941242,0.0001500474892994019,0.0,0.012248774636686841,0.0,0.0,0.0001500474892994019,-0.00015004748929941242,0.0,0.01224877463668684,0.0,0.0,0.012064643096080756,5.684341886080802e-14,264312.6022807923,114167.93050179772,1242.639836713468,264295.1744912097,114165.30718065947,1243.345593321288
99,0.2475,0.02475,289.2811680791351,1.4146544451494756,-0.7073272225914071,-0.7073272225914071,289.2811680791351,0.0,0.0,1.4146544451494756,-0.7073272225914071,-0.7073272225914071,289.2811680791351,0.0,0.0,0.0,0.0003062812499999845,0.0,0.012375,0.0,0.0,0.0,-0.0003062812499999845,0.0,0.012375,0.0,0.0,-0.0001531249922145075,0.00015312499221449663,0.0,0.012373736744606866,0.0,0.0,0.00015312499221449663,-0.0001531249922145075,0.0,0.012373736744606864,0.0,0.0,0.01220674648830038,0.0,264319.42111419264,114164.64148340384,1239.8002292532474,264301.80088747607,114161.98926920861,1240.5075564758322
100,0.25,0.025,289.5907749824007,1.4177854349101098,-0.70889271746339,-0.70889271746339,289.5907749824007,0.0,0.0,1.4177854349101098,-0.70889271746339,-0.70889271746339,289.5907749824007,0.0,0.0,0.0,0.00031250000000004885,0.0,0.0125,0.0,0.0,0.0,-0.00031250000000004885,0.0,0.0125,0.0,0.0,-0.00015623372599256943,0.00015623372599261635,0.0,0.012498698079405334,0.0,0.0,0.00015623372599261635,-0.00015623372599256943,0.0,0.012498698079405334,0.0,0.0,0.012348854985477395,-5.684341886080802e-14,264326.2118819392,114161.36674843571,1236.967134577717,264308.39886443556,114158.6855826327,1237.676027295167
101,0.2525,0.02525,289.8996744395851,1.4209066158381534,-0.7104533079024056,-0.7104533079024056,289.8996744395851,0.0,0.0,1.4209066158381534,-0.7104533079024056,-0.7104533079024056,289.8996744395851,0.0,0.0,0.0,0.0003187812499999554,0.0,0.012625,0.0,0.0,0.0,-0.0003187812499999554,0.0,0.012625,0.0,0.0,-0.00015937369024514357,0.00015937369024510435,0.0,0.012623658633278951,0.0,0.0,0.00015937369024510435,-0.00015937369024514357,0.0,0.012623658633278951,0.0,0.0,0.012490968575898043,-1.7053025658242404e-13,264332.97474976577,114158.10621327565,1234.1405390564905,264314.96858606464,114155.3960383013,1234.8509923643905
102,0.255,0.025500000000000002,290.20786807364817,1.424018389681387,-0.712009194857366,-0.712009194857366,290.20786807364817,0.0,0.0,1.424018389681387,-0.712009194857366,-0.712009194857366,290.20786807364817,0.0,0.0,0.0,0.0003251250000000372,0.0,0.012750000000000001,0.0,0.0,0.0,-0.0003251250000000372,0.0,0.012750000000000001,0.0,0.0,-0.00016254488457992632,0.00016254488457996433,0.0,0.012748618398425605,0.0,0.0,0.00016254488457996433,-0.00016254488457992632,0.0,0.012748618398425606,0.0,0.0,0.012633087247873386,-5.684341886080802e-14,264339.70988206915,114154.85979496532,1231.3204290599242,264321.51021519466,114152.12055420046,1232.0324382547801
103,0.2575,0.025750000000000002,290.5153575041491,1.4271211311834067,-0.71356056560004,-0.71356056560004,290.5153575041491,0.0,0.0,1.4271211311834067,-0.71356056560004,-0.71356056560004,290.5153575041491,0.0,0.0,0.0,0.0003315312499999612,0.0,0.012875000000000001,0.0,0.0,0.0,-0.0003315312499999612,0.0,0.012875000000000001,0.0,0.0,-0.00016574730860067537,0.00016574730860063184,0.0,0.012873577367042643,0.0,0.0,0.00016574730860063184,-0.00016574730860067537,0.0,0.012873577367042643,0.0,0.0,0.012775210989739287,0.0,264346.41744192305,114151.62741119889,1228.5067909606441,264328.0239135138,114148.85904892776,1229.2203515262306
104,0.26,0.026000000000000002,290.82214434724665,1.4302151897243263,-0.7151075948538257,-0.7151075948538257,290.82214434724665,0.0,0.0,1.4302151897243263,-0.7151075948538257,-0.7151075948538257,290.82214434724665,0.0,0.0,0.0,0.00033799999999994945,0.0,0.013000000000000001,0.0,0.0,0.0,-0.00033799999999994945,0.0,0.013000000000000001,0.0,0.0,-0.00016898096190725697,0.00016898096190720604,0.0,0.01299853553132761,0.0,0.0,0.00016898096190720604,-0.00016898096190725697,0.0,0.012998535531327612,0.0,0.0,0.012917339789856385,-5.684341886080802e-14,264353.09759109194,114148.40898031581,1225.6996111350163,264334.5098415734,114145.61144168716,1226.4147187298784
105,0.2625,0.026250000000000002,291.12823021570034,1.433300891095646,-0.716650445564499,-0.716650445564499,291.12823021570034,0.0,0.0,1.433300891095646,-0.716650445564499,-0.716650445564499,291.12823021570034,0.0,0.0,0.0,0.00034453125000000195,0.0,0.013125000000000001,0.0,0.0,0.0,-0.00034453125000000195,0.0,0.013125000000000001,0.0,0.0,-0.0001722458440956602,0.00017224584409566025,0.0,0.013123492883478746,0.0,0.0,0.00017224584409566025,-0.0001722458440956602,0.0,0.013123492883478746,0.0,0.0,0.013059473636610064,-5.684341886080802e-14,264359.7504900452,114145.2044212942,1222.8988759648491,264340.96815879183,114142.37765228417,1223.6155264104113
106,0.265,0.026500000000000003,291.43361671887095,1.4363785391758666,-0.7181892695962717,-0.7181892695962717,291.43361671887095,0.0,0.0,1.4363785391758666,-0.7181892695962717,-0.7181892695962717,291.43361671887095,0.0,0.0,0.0,0.0003511250000000077,0.0,0.013250000000000001,0.0,0.0,0.0,-0.0003511250000000077,0.0,0.013250000000000001,0.0,0.0,-0.00017554195475794643,0.00017554195475795516,0.0,0.013248449415694032,0.0,0.0,0.00017554195475795516,-0.00017554195475794643,0.0,0.013248449415694034,0.0,0.0,0.013201612518410436,0.0,264366.37629797094,114142.01365374411,1220.1045718382666,264347.3990234596,114139.15760112094,1220.8227611078587
107,0.2675,0.026750000000000003,291.73830546272217,1.4394484173066595,-0.71972420865333,-0.71972420865333,291.73830546272217,0.0,0.0,1.4394484173066595,-0.71972420865333,-0.71972420865333,291.73830546272217,0.0,0.0,0.0,0.00035778124999996663,0.0,0.013375000000000001,0.0,0.0,0.0,-0.00035778124999996663,0.0,0.013375000000000001,0.0,0.0,-0.00017886929348229973,0.00017886929348226753,0.0,0.013373405120171994,0.0,0.0,0.00017886929348226753,-0.00017886929348229973,0.0,0.013373405120171994,0.0,0.0,0.013343756423692309,0.0,264372.97517279,114138.83659790076,1217.3166851512651,264353.802592745,114135.95120919132,1218.0364093599164
108,0.27,0.027000000000000003,292.04229804982236,1.4425107897197127,-0.7212553948681958,-0.7212553948681958,292.04229804982236,0.0,0.0,1.4425107897197127,-0.7212553948681958,-0.7212553948681958,292.04229804982236,0.0,0.0,0.0,0.00036449999999998983,0.0,0.013500000000000002,0.0,0.0,0.0,-0.00036449999999998983,0.0,0.013500000000000002,0.0,0.0,-0.00018222785985299585,0.00018222785985299092,0.0,0.01349835998911101,0.0,0.0,0.00018222785985299092,-0.00018222785985299585,0.0,0.01349835998911101,0.0,0.0,0.013485905340915157,0.0,264379.5472711697,114135.67317461775,1214.535202308849,264360.1790227004,114132.75839807556,1215.2564577037215
109,0.2725,0.027250000000000003,292.3455960793468,1.4455659028974808,-0.7227829514404004,-0.7227829514404004,292.3455960793468,0.0,0.0,1.4455659028974808,-0.7227829514404004,-0.7227829514404004,292.3455960793468,0.0,0.0,0.0,0.00037128124999996626,0.0,0.013625000000000002,0.0,0.0,0.0,-0.00037128124999996626,0.0,0.013625000000000002,0.0,0.0,-0.00018561765345042513,0.0001856176534503933,0.0,0.01362331401471017,0.0,0.0,0.0001856176534503933,-0.00018561765345042513,0.0,0.01362331401471017,0.0,0.0,0.013628059258563094,5.684341886080802e-14,264386.09274853766,114132.52330536098,1211.7601097259903,264366.52846826724,114129.57908993603,1212.4828926774421
110,0.275,0.027500000000000004,292.64820114707976,1.4486139866176182,-0.7243069933004687,-0.7243069933004687,292.64820114707976,0.0,0.0,1.4486139866176182,-0.7243069933004687,-0.7243069933004687,292.64820114707976,0.0,0.0,0.0,0.00037812500000000693,0.0,0.013750000000000002,0.0,0.0,0.0,-0.00037812500000000693,0.0,0.013750000000000002,0.0,0.0,-0.00018903867385106383,0.00018903867385107134,0.0,0.013748267189168141,0.0,0.0,0.00018903867385107134,-0.00018903867385106383,0.0,0.013748267189168141,0.0,0.0,0.013770218165144843,5.684341886080802e-14,264392.61175909406,114129.38691220192,1208.9913938286918,264372.85108328296,114126.41320751172,1209.7157008220024
111,0.2775,0.027750000000000004,292.9501148454173,1.4516552551813828,-0.7258276275990324,-0.7258276275990324,292.9501148454173,0.0,0.0,1.4516552551813828,-0.7258276275990324,-0.7258276275990324,292.9501148454173,0.0,0.0,0.0,0.0003850312500000008,0.0,0.013875000000000002,0.0,0.0,0.0,-0.0003850312500000008,0.0,0.013875000000000002,0.0,0.0,-0.0001924909206274697,0.00019249092062752373,0.0,0.013873219504684297,0.0,0.0,0.00019249092062752373,-0.0001924909206274697,0.0,0.013873219504684297,0.0,0.0,0.013912382049193702,-5.684341886080802e-14,264399.10445582605,114126.26391781156,1206.2290410548449,264379.1470204874,114123.26067411371,1206.9548686824378
112,0.28,0.028000000000000004,293.2513387633702,1.4546899084924345,-0.7273449542545588,-0.7273449542545588,293.2513387633702,0.0,0.0,1.4546899084924345,-0.7273449542545588,-0.7273449542545588,293.2513387633702,0.0,0.0,0.0,0.00039199999999994795,0.0,0.014000000000000002,0.0,0.0,0.0,-0.00039199999999994795,0.0,0.014000000000000002,0.0,0.0,-0.0001959743933484114,0.00019597439334835982,0.0,0.013998170953457985,0.0,0.0,0.00019597439334835982,-0.0001959743933484114,0.0,0.013998170953457987,0.0,0.0,0.014054550899267512,0.0,264405.57099052076,114123.15424545368,1203.473037855103,264385.4164315291,114120.12141361999,1204.2003828093589
113,0.28250000000000003,0.028250000000000004,293.55187448656653,1.4577181329025277,-0.7288590664596059,-0.7288590664596059,293.55187448656653,0.0,0.0,1.4577181329025277,-0.7288590664596059,-0.7288590664596059,293.55187448656653,0.0,0.0,0.0,0.0003990312499999593,0.0,0.014125000000000002,0.0,0.0,0.0,-0.0003990312499999593,0.0,0.014125000000000002,0.0,0.0,-0.0001994890915786024,0.00019948909157856316,0.0,0.014123121527688808,0.0,0.0,0.00019948909157856316,-0.0001994890915786024,0.0,0.014123121527688808,0.0,0.0,0.014196724703948624,-1.1368683772161603e-13,264412.01151377754,114120.05781897948,1200.723370693915,264391.6594669726,114116.99535047109,1201.452229760354
114,0.28500000000000003,0.028500000000000004,293.8517235972555,1.460740102257813,-0.7303700511289063,-0.7303700511289063,293.8517235972555,0.0,0.0,1.460740102257813,-0.7303700511289063,-0.7303700511289063,293.8517235972555,0.0,0.0,0.0,0.00040612500000003493,0.0,0.014250000000000002,0.0,0.0,0.0,-0.00040612500000003493,0.0,0.014250000000000002,0.0,0.0,-0.0002030350148789668,0.0002030350148790038,0.0,0.014248071219576702,0.0,0.0,0.0002030350148790038,-0.0002030350148789668,0.0,0.014248071219576702,0.0,0.0,0.01433890345184387,5.684341886080802e-14,264418.4261750218,114116.97456282061,1197.9800260498887,264397.8762763044,114113.88240966474,1198.7103961010205
115,0.28750000000000003,0.028750000000000005,294.15088767431064,1.4637559786285468,-0.7318779892975874,-0.7318779892975874,294.15088767431064,0.0,0.0,1.4637559786285468,-0.7318779892975874,-0.7318779892975874,294.15088767431064,0.0,0.0,0.0,0.00041328124999995275,0.0,0.014375000000000002,0.0,0.0,0.0,-0.00041328124999995275,0.0,0.014375000000000002,0.0,0.0,-0.00020661216280649765,0.00020661216280645233,0.0,0.014373020021321748,0.0,0.0,0.00020661216280645233,-0.00020661216280649765,0.0,0.01437302002132175,0.0,0.0,0.014481087131584518,5.684341886080802e-14,264424.81512251665,114113.90440198395,1195.242990416824,264404.06700794137,114110.78251675144,1195.9748684061153
116,0.29,0.028999999999999998,294.4493682932336,1.466765913105888,-0.7333829565446005,-0.7333829565446005,294.4493682932336,0.0,0.0,1.466765913105888,-0.7333829565446005,-0.7333829565446005,294.4493682932336,0.0,0.0,0.0,0.00042050000000004584,0.0,0.014499999999999999,0.0,0.0,0.0,-0.00042050000000004584,0.0,0.014499999999999999,0.0,0.0,-0.00021022053491430155,0.00021022053491434587,0.0,0.01449796792512424,0.0,0.0,0.00021022053491434587,-0.00021022053491430155,0.0,0.014497967925124238,0.0,0.0,0.014623275731826238,0.0,264431.1785033755,114110.84726204522,1192.5122503040911,264410.23180923745,114107.6955978293,1193.2456332606387
117,0.2925,0.029249999999999998,294.7471670261579,1.469770046682447,-0.7348850233412237,-0.7348850233412237,294.7471670261579,0.0,0.0,1.469770046682447,-0.7348850233412237,-0.7348850233412237,294.7471670261579,0.0,0.0,0.0,0.00042778124999998113,0.0,0.014624999999999999,0.0,0.0,0.0,-0.00042778124999998113,0.0,0.014624999999999999,0.0,0.0,-0.0002138601307515765,0.00021386013075155454,0.0,0.014622914923184628,0.0,0.0,0.00021386013075155454,-0.0002138601307515765,0.0,0.014622914923184628,0.0,0.0,0.014765469241249083,5.684341886080802e-14,264437.516463575,114107.80306914363,1189.7877922375774,264416.37082648935,114104.6215795401,1190.5226772609165
118,0.295,0.0295,295.04428544185294,1.4727685107327244,-0.7363842553580173,-0.7363842553580173,295.04428544185294,0.0,0.0,1.4727685107327244,-0.7363842553580173,-0.7363842553580173,295.04428544185294,0.0,0.0,0.0,0.00043512499999998067,0.0,0.01475,0.0,0.0,0.0,-0.00043512499999998067,0.0,0.01475,0.0,0.0,-0.00021753094986363123,0.0002175309498636098,0.0,0.014747861007703705,0.0,0.0,0.0002175309498636098,-0.00021753094986363123,0.0,0.014747861007703705,0.0,0.0,0.014907667648557428,0.0,264443.8291479668,114104.77174997561,1187.0696027598606,264422.4842049473,114101.56038906345,1187.8059870152167
119,0.2975,0.02975,295.34072510572804,1.475761427810822,-0.7378807138887205,-0.7378807138887205,295.34072510572804,0.0,0.0,1.475761427810822,-0.7378807138887205,-0.7378807138887205,295.34072510572804,0.0,0.0,0.0,0.00044253125000004445,0.0,0.014875,0.0,0.0,0.0,-0.00044253125000004445,0.0,0.014875,0.0,0.0,-0.0002212329917918731,0.0002212329917919199,0.0,0.014872806170882314,0.0,0.0,0.0002212329917919199,-0.0002212329917918731,0.0,0.014872806170882314,0.0,0.0,0.015049870942479946,1.1368683772161603e-13,264450.1167002894,114101.75323178948,1184.357668430981,264428.57208881894,114098.51195411306,1185.0955491448624
120,0.3,0.03,295.63648757983697,1.4787489120813244,-0.7393744560406624,-0.7393744560406624,295.63648757983697,0.0,0.0,1.4787489120813244,-0.7393744560406624,-0.7393744560406624,295.63648757983697,0.0,0.0,0.0,0.00044999999999995044,0.0,0.015,0.0,0.0,0.0,-0.00044999999999995044,0.0,0.015,0.0,0.0,-0.0002249662560738264,0.00022496625607377902,0.0,0.014997750404921835,0.0,0.0,0.00022496625607377902,-0.0002249662560738264,0.0,0.014997750404921833,0.0,0.0,0.01519207911176957,0.0,264456.3792631789,114098.7474423801,1181.6519758288778,264434.63462127914,114095.47620293166,1182.3913502849234
121,0.3025,0.03025,295.93157442288197,1.481731070100892,-0.740865535058792,-0.740865535058792,295.93157442288197,0.0,0.0,1.481731070100892,-0.740865535058792,-0.740865535058792,295.93157442288197,0.0,0.0,0.0,0.0004575312500000317,0.0,0.015125,0.0,0.0,0.0,-0.0004575312500000317,0.0,0.015125,0.0,0.0,-0.00022873074224310738,0.0002287307422431429,0.0,0.015122693702023722,0.0,0.0,0.0002287307422431429,-0.00022873074224310738,0.0,0.015122693702023723,0.0,0.0,0.015334292145203453,-5.684341886080802e-14,264462.61697818333,114095.75431008278,1178.9525115498982,264440.6719444769,114092.45306428644,1179.6933770849619
122,0.305,0.0305,296.22598719021875,1.4847080011494578,-0.7423540005580354,-0.7423540005580354,296.22598719021875,0.0,0.0,1.4847080011494578,-0.7423540005580354,-0.7423540005580354,296.22598719021875,0.0,0.0,0.0,0.00046512499999995516,0.0,0.01525,0.0,0.0,0.0,-0.00046512499999995516,0.0,0.01525,0.0,0.0,-0.00023252644982944143,0.0002325264498293983,0.0,0.015247636054389535,0.0,0.0,0.0002325264498293983,-0.00023252644982944143,0.0,0.015247636054389533,0.0,0.0,0.015476510031582924,5.684341886080802e-14,264468.8299857714,114092.7737637684,1176.2592622088996,264446.68419954233,114089.44246746454,1177.0016162094641
123,0.3075,0.03075,296.5197274338604,1.487679797728517,-0.7438398988475642,-0.7438398988475642,296.5197274338604,0.0,0.0,1.487679797728517,-0.7438398988475642,-0.7438398988475642,296.5197274338604,0.0,0.0,0.0,0.0004727812500000539,0.0,0.015375,0.0,0.0,0.0,-0.0004727812500000539,0.0,0.015375,0.0,0.0,-0.00023635337835864914,0.00023635337835870552,0.0,0.015372577454221213,0.0,0.0,0.00023635337835870552,-0.00023635337835864914,0.0,0.015372577454221213,0.0,0.0,0.015618732759733463,-5.684341886080802e-14,264475.01842534455,114089.80573283804,1173.572214440239,264452.67152659554,114086.44434226857,1174.3160543390816
124,0.31,0.031,296.81279670248307,1.490646546093031,-0.7453232730465155,-0.7453232730465155,296.81279670248307,0.0,0.0,1.490646546093031,-0.7453232730465155,-0.7453232730465155,296.81279670248307,0.0,0.0,0.0,0.0004804999999999948,0.0,0.0155,0.0,0.0,0.0,-0.0004804999999999948,0.0,0.0155,0.0,0.0,-0.00024021152735267793,0.00024021152735266866,0.0,0.015497517893720997,0.0,0.0,0.00024021152735266866,-0.00024021152735267793,0.0,0.015497517893720999,0.0,0.0,0.015760960318504644,0.0,264481.1824352487,114086.85014721722,1170.891354897467,264458.63406475325,114083.45861901174,1171.6366781705308
125,0.3125,0.03125,297.10519654142985,1.4936083266833453,-0.7468041633249763,-0.7468041633249763,297.10519654142985,0.0,0.0,1.4936083266833453,-0.7468041633249763,-0.7468041633249763,297.10519654142985,0.0,0.0,0.0,0.00048828125,0.0,0.015625,0.0,0.0,0.0,-0.00048828125,0.0,0.015625,0.0,0.0,-0.00024410089632954628,0.00024410089632954636,0.0,0.01562245736509104,0.0,0.0,0.00024410089632954636,-0.00024410089632954628,0.0,0.01562245736509104,0.0,0.0,0.015903192696770114,-5.684341886080802e-14,264487.3221527848,114083.90693735148,1168.216670254289,264464.57195213693,114080.48522851407,1168.9634744176121
126,0.315,0.0315,297.39692849271637,1.4965652143569557,-0.7482826071868264,-0.7482826071868264,297.39692849271637,0.0,0.0,1.4965652143569557,-0.7482826071868264,-0.7482826071868264,297.39692849271637,0.0,0.0,0.0,0.0004961249999999584,0.0,0.01575,0.0,0.0,0.0,-0.0004961249999999584,0.0,0.01575,0.0,0.0,-0.0002480214848034111,0.00024802148480337,0.0,0.015747395860534176,0.0,0.0,0.00024802148480337,-0.0002480214848034111,0.0,0.015747395860534173,0.0,0.0,0.016045429883427536,5.684341886080802e-14,264493.4377142191,114080.97603420043,1165.5481472041574,264470.48532588064,114077.52410209706,1166.2964298113477
127,0.3175,0.03175,297.6879940950353,1.4995172789543094,-0.7497586394855039,-0.7497586394855039,297.6879940950353,0.0,0.0,1.4995172789543094,-0.7497586394855039,-0.7497586394855039,297.6879940950353,0.0,0.0,0.0,0.0005040312499999811,0.0,0.015875,0.0,0.0,0.0,-0.0005040312499999811,0.0,0.015875,0.0,0.0,-0.00025197329228452195,0.0002519732922845002,0.0,0.0158723333722532,0.0,0.0,0.0002519732922845002,-0.00025197329228452195,0.0,0.015872333372253203,0.0,0.0,0.016187671867398556,-5.684341886080802e-14,264499.52925479435,114078.05736923356,1162.88577246145,264476.3743221382,114074.57517158015,1163.6355311009333
128,0.32,0.032,297.97839488376195,1.5024645855308743,-0.751232292765437,-0.751232292765437,297.97839488376195,0.0,0.0,1.5024645855308743,-0.751232292765437,-0.751232292765437,297.97839488376195,0.0,0.0,0.0,0.0005119999999999569,0.0,0.016,0.0,0.0,0.0,-0.0005119999999999569,0.0,0.016,0.0,0.0,-0.0002559563182792219,0.00025595631827917705,0.0,0.01599726989245123,0.0,0.0,0.00025595631827917705,-0.0002559563182792219,0.0,0.01599726989245123,0.0,0.0,0.01632991863762877,5.684341886080802e-14,264505.5969087405,114075.1508744246,1160.2295327609027,264482.2390760913,114071.6383692759,1160.9807650536675
129,0.3225,0.03225,298.26813239095856,1.5054071946727934,-0.7527035973363966,-0.7527035973363966,298.26813239095856,0.0,0.0,1.5054071946727934,-0.7527035973363966,-0.7527035973363966,298.26813239095856,0.0,0.0,0.0,0.0005200312499999971,0.0,0.016125,0.0,0.0,0.0,-0.0005200312499999971,0.0,0.016125,0.0,0.0,-0.00025997056228996924,0.00025997056228996464,0.0,0.016122205413331564,0.0,0.0,0.00025997056228996464,-0.00025997056228996924,0.0,0.016122205413331567,0.0,0.0,0.01647217018308767,5.684341886080802e-14,264511.64080928435,114072.25648224687,1157.5794148584391,264488.07972195756,114068.71362798565,1158.3321184557774
130,0.325,0.0325,298.5572081453806,1.508345162812679,-0.7541725814146905,-0.7541725814146905,298.5572081453806,0.0,0.0,1.508345162812679,-0.7541725814146905,-0.7541725814146905,298.5572081453806,0.0,0.0,0.0,0.0005281249999999904,0.0,0.01625,0.0,0.0,0.0,-0.0005281249999999904,0.0,0.01625,0.0,0.0,-0.0002640160238153367,0.0002640160238153296,0.0,0.01624713992709792,0.0,0.0,0.0002640160238153296,-0.0002640160238153367,0.0,0.01624713992709792,0.0,0.0,0.016614426492768612,5.684341886080802e-14,264517.6610886597,114069.37412566852,1154.9354055310978,264493.8963929974,114065.80088099538,1155.6895781124988
131,0.3275,0.03275,298.845623672481,1.5112785425455353,-0.7556392712727674,-0.7556392712727674,298.845623672481,0.0,0.0,1.5112785425455353,-0.7556392712727674,-0.7556392712727674,298.845623672481,0.0,0.0,0.0,0.000536281250000048,0.0,0.016375,0.0,0.0,0.0,-0.000536281250000048,0.0,0.016375,0.0,0.0,-0.0002680927023500003,0.0002680927023500458,0.0,0.016372073425954217,0.0,0.0,0.0002680927023500458,-0.0002680927023500003,0.0,0.016372073425954217,0.0,0.0,0.01675668755568877,-5.684341886080802e-14,264523.657878118,114066.50373814761,1152.2974915773084,264499.68922152196,114062.90006207142,1153.0531308485731
132,0.33,0.033,299.1333804944164,1.5142073828111702,-0.7571036913805305,-0.7571036913805305,299.1333804944164,0.0,0.0,1.5142073828111702,-0.7571036913805305,-0.7571036913805305,299.1333804944164,0.0,0.0,0.0,0.0005444999999999478,0.0,0.0165,0.0,0.0,0.0,-0.0005444999999999478,0.0,0.0165,0.0,0.0,-0.0002722005973847257,0.0002722005973846707,0.0,0.016497005902104418,0.0,0.0,0.0002722005973846707,-0.0002722005973847257,0.0,0.016497005902104418,0.0,0.0,0.01689895336088909,0.0,264529.6313079378,114063.64525362756,1149.6656598171103,264505.4583389016,114060.01110545619,1150.4227635084812
133,0.3325,0.03325,299.42048013005154,1.5171317291435253,-0.7585658645801145,-0.7585658645801145,299.42048013005154,0.0,0.0,1.5171317291435253,-0.7585658645801145,-0.7585658645801145,299.42048013005154,0.0,0.0,0.0,0.0005527812500000229,0.0,0.016625,0.0,0.0,0.0,-0.0005527812500000229,0.0,0.016625,0.0,0.0,-0.0002763397084063922,0.00027633970840641535,0.0,0.016621937347752948,0.0,0.0,0.00027633970840641535,-0.0002763397084063922,0.0,0.016621937347752948,0.0,0.0,0.01704122389743427,-2.2737367544323206e-13,264535.58150743373,114060.79860653233,1147.0398970923998,264511.2038755721,114057.13394586407,1147.7984629569949
134,0.335,0.0335,299.7069240949658,1.5200516240537214,-0.7600258120185078,-0.7600258120185078,299.7069240949658,0.0,0.0,1.5200516240537214,-0.7600258120185078,-0.7600258120185078,299.7069240949658,0.0,0.0,0.0,0.0005611250000000512,0.0,0.01675,0.0,0.0,0.0,-0.0005611250000000512,0.0,0.01675,0.0,0.0,-0.0002805100348979931,0.00028051003489804505,0.0,0.01674686775510441,0.0,0.0,0.00028051003489804505,-0.0002805100348979931,0.0,0.01674686775510441,0.0,0.0,0.01718349915441269,5.684341886080802e-14,264541.50860496826,114057.96373176199,1144.4201902669593,264516.9259610432,114054.26851847736,1145.180216078969
135,0.3375,0.03375,299.99271390145736,1.5229671069454997,-0.7614835534727501,-0.7614835534727501,299.99271390145736,0.0,0.0,1.5229671069454997,-0.7614835534727501,-0.7614835534727501,299.99271390145736,0.0,0.0,0.0,0.0005695312500000327,0.0,0.016875,0.0,0.0,0.0,-0.0005695312500000327,0.0,0.016875,0.0,0.0,-0.0002847115763386422,0.00028471157633867144,0.0,0.016871797116363815,0.0,0.0,0.00028471157633867144,-0.0002847115763386422,0.0,0.016871797116363815,0.0,0.0,0.01732577912093639,0.0,264547.4127279579,114055.14056468825,1141.8065262267482,264522.62472390634,114051.4147589419,1142.5680097802178
136,0.34,0.034,300.2778510585498,1.525878214615392,-0.7629391073160496,-0.7629391073160496,300.2778510585498,0.0,0.0,1.525878214615392,-0.7629391073160496,-0.7629391073160496,300.2778510585498,0.0,0.0,0.0,0.0005779999999999674,0.0,0.017,0.0,0.0,0.0,-0.0005779999999999674,0.0,0.017,0.0,0.0,-0.00028894433220351325,0.00028894433220348566,0.0,0.01699672542373617,0.0,0.0,0.00028894433220348566,-0.00028894433220351325,0.0,0.01699672542373617,0.0,0.0,0.017468063786141016,0.0,264553.2940028861,114052.32904114961,1139.1988918799907,264528.30029184156,114048.57260336331,1139.9618309873097
137,0.3425,0.03425,300.5623370719972,1.5287849812518122,-0.7643924906175515,-0.7643924906175515,300.5623370719972,0.0,0.0,1.5287849812518122,-0.7643924906175515,-0.7643924906175515,300.5623370719972,0.0,0.0,0.0,0.0005865312499999664,0.0,0.017125,0.0,0.0,0.0,-0.0005865312499999664,0.0,0.017125,0.0,0.0,-0.00029320830196393654,0.00029320830196390466,0.0,0.017121652669426984,0.0,0.0,0.00029320830196390466,-0.00029320830196393654,0.0,0.017121652669426984,0.0,0.0,0.01761035313918579,1.1368683772161603e-13,264559.1525553093,114049.52909744749,1136.5972741572332,264533.952791625,114045.74198830276,1137.3616666478524
138,0.34500000000000003,0.0345,300.84617344428943,1.5316874386179777,-0.7658437193006347,-0.7658437193006347,300.84617344428943,0.0,0.0,1.5316874386179777,-0.7658437193006347,-0.7658437193006347,300.84617344428943,0.0,0.0,0.0,0.0005951250000000297,0.0,0.01725,0.0,0.0,0.0,-0.0005951250000000297,0.0,0.01725,0.0,0.0,-0.0002975034850873206,0.00029750348508735127,0.0,0.017246578845641916,0.0,0.0,0.00029750348508735127,-0.0002975034850873206,0.0,0.017246578845641913,0.0,0.0,0.017752647169253455,5.684341886080802e-14,264564.9885098677,114046.7406703416,1134.0016600115923,264539.5823491373,114042.92285077313,1134.7675037309048
139,0.34750000000000003,0.03475,301.1293616746586,1.534585616285039,-0.7672928081592292,-0.7672928081592292,301.1293616746586,0.0,0.0,1.534585616285039,-0.7672928081592292,-0.7672928081592292,301.1293616746586,0.0,0.0,0.0,0.0006037812500000461,0.0,0.017375,0.0,0.0,0.0,-0.0006037812500000461,0.0,0.017375,0.0,0.0,-0.0003018298810372034,0.0003018298810372456,0.0,0.017371503944587002,0.0,0.0,0.0003018298810372456,-0.0003018298810372034,0.0,0.017371503944587002,0.0,0.0,0.017894945865550245,5.684341886080802e-14,264570.80199029384,114043.96369704558,1131.4120364188566,264545.1890893699,114040.1151282349,1132.179329227004
140,0.35000000000000003,0.035,301.4119032590836,1.5374795417649993,-0.7687397708908547,-0.7687397708908547,301.4119032590836,0.0,0.0,1.5374795417649993,-0.7687397708908547,-0.7687397708908547,301.4119032590836,0.0,0.0,0.0,0.0006125000000000158,0.0,0.0175,0.0,0.0,0.0,-0.0006125000000000158,0.0,0.0175,0.0,0.0,-0.00030618748927318916,0.00030618748927320884,0.0,0.01749642795846814,0.0,0.0,0.00030618748927320884,-0.00030618748927318916,0.0,0.01749642795846814,0.0,0.0,0.01803724921730583,1.1368683772161603e-13,264576.59311942104,114041.19811522304,1128.82839037737,264550.7731364329,114037.31875859242,1129.597130148253
141,0.3525,0.03525,301.69379969029666,1.5403692405935914,-0.7701846202967957,-0.7701846202967957,301.69379969029666,0.0,0.0,1.5403692405935914,-0.7701846202967957,-0.7701846202967957,301.69379969029666,0.0,0.0,0.0,0.0006212812500000497,0.0,0.017625,0.0,0.0,0.0,-0.0006212812500000497,0.0,0.017625,0.0,0.0,-0.0003105763092510468,0.0003105763092511035,0.0,0.017621350879492136,0.0,0.0,0.0003105763092511035,-0.0003105763092510468,0.0,0.017621350879492136,0.0,0.0,0.018179557213773286,0.0,264582.36201919266,114038.44386298303,1126.2507089084975,264556.3346135627,114034.53368018982,1127.0208935287762
142,0.355,0.0355,301.9750524577886,1.543254736496716,-0.7716273682567146,-0.7716273682567146,301.9750524577886,0.0,0.0,1.543254736496716,-0.7716273682567146,-0.7716273682567146,301.9750524577886,0.0,0.0,0.0,0.0006301250000000369,0.0,0.01775,0.0,0.0,0.0,-0.0006301250000000369,0.0,0.01775,0.0,0.0,-0.0003149963404226416,0.00031499634042262336,0.0,0.017746272699865756,0.0,0.0,0.00031499634042262336,-0.0003149963404226416,0.0,0.017746272699865756,0.0,0.0,0.01832186984422905,0.0,264588.1088106694,114035.70087887644,1123.6789790563635,264561.8736431281,114031.7598318076,1124.4506064246327
143,0.3575,0.03575,302.2556630478145,1.5461360515402798,-0.7730680257868536,-0.7730680257868536,302.2556630478145,0.0,0.0,1.5461360515402798,-0.7730680257868536,-0.7730680257868536,302.2556630478145,0.0,0.0,0.0,0.0006390312499999773,0.0,0.017875,0.0,0.0,0.0,-0.0006390312499999773,0.0,0.017875,0.0,0.0,-0.0003194475822358542,0.0003194475822358275,0.0,0.017871193411795893,0.0,0.0,0.0003194475822358275,-0.0003194475822358542,0.0,0.017871193411795896,0.0,0.0,0.018464187097972862,-5.684341886080802e-14,264593.83361404,114032.96910189113,1121.1131878882152,264567.39034663973,114028.99715265809,1121.8862559139961
144,0.36,0.036,302.5356329433997,1.5490132062131734,-0.7745066030982292,-0.7745066030982292,302.5356329433997,0.0,0.0,1.5490132062131734,-0.7745066030982292,-0.7745066030982292,302.5356329433997,0.0,0.0,0.0,0.0006479999999999819,0.0,0.018,0.0,0.0,0.0,-0.0006479999999999819,0.0,0.018,0.0,0.0,-0.0003239300341348191,0.0003239300341348,0.0,0.017996113007489826,0.0,0.0,0.0003239300341348,-0.0003239300341348191,0.0,0.017996113007489826,0.0,0.0,0.01860650896432774,-1.7053025658242404e-13,264599.53654862713,114030.24847144862,1118.5533224941755,264572.8848447548,114026.24558238231,1119.327829097273
145,0.3625,0.03625,302.8149636243455,1.551886219476889,-0.7759431097468023,-0.7759431097468023,302.8149636243455,0.0,0.0,1.551886219476889,-0.7759431097468023,-0.7759431097468023,302.8149636243455,0.0,0.0,0.0,0.0006570312500000508,0.0,0.018125,0.0,0.0,0.0,-0.0006570312500000508,0.0,0.018125,0.0,0.0,-0.00032844369555968877,0.0003284436955597387,0.0,0.018121031479155208,0.0,0.0,0.0003284436955597387,-0.00032844369555968877,0.0,0.018121031479155208,0.0,0.0,0.01874883543263993,1.1368683772161603e-13,264605.2177328968,114027.53892739982,1115.9993699877086,264578.3572572864,114023.50506104603,1116.7753130974609
146,0.365,0.0365,303.0936565672345,1.5547551089990368,-0.7773775544911602,-0.7773775544911602,303.0936565672345,0.0,0.0,1.5547551089990368,-0.7773775544911602,-0.7773775544911602,303.0936565672345,0.0,0.0,0.0,0.0006661249999999619,0.0,0.01825,0.0,0.0,0.0,-0.0006661249999999619,0.0,0.01825,0.0,0.0,-0.000332988565946753,0.0003329885659467165,0.0,0.018245948818999966,0.0,0.0,0.0003329885659467165,-0.000332988565946753,0.0,0.01824594881899997,0.0,0.0,0.01889116649227887,5.684341886080802e-14,264610.877284466,114024.84041002148,1113.4513175052416,264583.8077032084,114020.77552913636,1114.22869505975
147,0.3675,0.03675,303.371713245437,1.5576198911027437,-0.7788099455430129,-0.7788099455430129,303.371713245437,0.0,0.0,1.5576198911027437,-0.7788099455430129,-0.7788099455430129,303.371713245437,0.0,0.0,0.0,0.0006752812500000482,0.0,0.018375,0.0,0.0,0.0,-0.0006752812500000482,0.0,0.018375,0.0,0.0,-0.0003375646447283926,0.000337564644728439,0.0,0.018370865019232196,0.0,0.0,0.000337564644728439,-0.0003375646447283926,0.0,0.018370865019232196,0.0,0.0,0.01903350213263715,-5.684341886080802e-14,264616.5153201109,114022.15286001164,1110.909152206572,264589.23630066426,114018.05692755748,1111.6879621521186
148,0.37,0.037,303.64913512911625,1.5604805809500992,-0.78024029047505,-0.78024029047505,303.64913512911625,0.0,0.0,1.5604805809500992,-0.78024029047505,-0.78024029047505,303.64913512911625,0.0,0.0,0.0,0.0006844999999999768,0.0,0.0185,0.0,0.0,0.0,-0.0006844999999999768,0.0,0.0185,0.0,0.0,-0.0003421719313331145,0.0003421719313330914,0.0,0.018495780072060368,0.0,0.0,0.0003421719313330914,-0.0003421719313331145,0.0,0.018495780072060364,0.0,0.0,0.019175842343130436,-5.684341886080802e-14,264622.131955775,114019.47621848616,1108.37286127478,264594.6431669736,114015.3491976274,1109.1531015652533
149,0.3725,0.03725,303.9259236852348,1.5633371926253468,-0.7816685962959549,-0.7816685962959549,303.9259236852348,0.0,0.0,1.5633371926253468,-0.7816685962959549,-0.7816685962959549,303.9259236852348,0.0,0.0,0.0,0.0006937812499999696,0.0,0.018625,0.0,0.0,0.0,-0.0006937812499999696,0.0,0.018625,0.0,0.0,-0.0003468104251855324,0.000346810425185504,0.0,0.018620693969693104,0.0,0.0,0.000346810425185504,-0.0003468104251855324,0.0,0.018620693969693104,0.0,0.0,0.01931818711319748,5.684341886080802e-14,264627.7273065768,114016.81042697509,1105.8424319160986,264600.02841863834,114012.65228107452,1106.6241005123904
150,0.375,0.037500000000000006,304.2020803775598,1.5661897391010722,-0.7830948695421766,-0.7830948695421766,304.2020803775598,0.0,0.0,1.5661897391010722,-0.7830948695421766,-0.7830948695421766,304.2020803775598,0.0,0.0,0.0,0.0007031250000000266,0.0,0.018750000000000003,0.0,0.0,0.0,-0.0007031250000000266,0.0,0.018750000000000003,0.0,0.0,-0.00035148012570636414,0.0003514801257063951,0.0,0.018745606704339533,0.0,0.0,0.0003514801257063951,-0.00035148012570636414,0.0,0.018745606704339533,0.0,0.0,0.019460536432300033,1.1368683772161603e-13,264633.3014868164,114014.15542741875,1103.3178513603052,264605.3921713506,114009.96612003382,1104.100946229853
151,0.3775,0.037750000000000006,304.477606666669,1.569038232471918,-0.7845191162108782,-0.7845191162108782,304.477606666669,0.0,0.0,1.569038232471918,-0.7845191162108782,-0.7845191162108782,304.477606666669,0.0,0.0,0.0,0.0007125312500000369,0.0,0.018875000000000003,0.0,0.0,0.0,-0.0007125312500000369,0.0,0.018875000000000003,0.0,0.0,-0.00035618103231244483,0.0003561810323124847,0.0,0.018870518268208954,0.0,0.0,0.0003561810323124847,-0.00035618103231244483,0.0,0.018870518268208954,0.0,0.0,0.019602890289922823,0.0,264638.8546099853,114011.51116216391,1100.799106860548,264610.73453999934,114007.2906570433,1101.5836259767696
152,0.38,0.038000000000000006,304.75250400995685,1.571882683853933,-0.7859413419102446,-0.7859413419102446,304.75250400995685,0.0,0.0,1.571882683853933,-0.7859413419102446,-0.7859413419102446,304.75250400995685,0.0,0.0,0.0,0.0007220000000000004,0.0,0.019000000000000003,0.0,0.0,0.0,-0.0007220000000000004,0.0,0.019000000000000003,0.0,0.0,-0.00036091314441670763,0.00036091314441670633,0.0,0.018995428653510976,0.0,0.0,0.00036091314441670633,-0.00036091314441670763,0.0,0.018995428653510976,0.0,0.0,0.019745248675573514,5.684341886080802e-14,264644.38678877096,114008.87757396055,1098.2861856932577,264616.05563867575,114004.62583504085,1099.0721270351655
153,0.3825,0.038250000000000006,305.0267738616398,1.5747231035681954,-0.7873615517757366,-0.7873615517757366,305.0267738616398,0.0,0.0,1.5747231035681954,-0.7873615517757366,-0.7873615517757366,305.0267738616398,0.0,0.0,0.0,0.0007315312500000282,0.0,0.019125000000000003,0.0,0.0,0.0,-0.0007315312500000282,0.0,0.019125000000000003,0.0,0.0,-0.00036567646142820776,0.00036567646142823476,0.0,0.019120337852455403,0.0,0.0,0.00036567646142823476,-0.00036567646142820776,0.0,0.019120337852455403,0.0,0.0,0.01988761157878265,0.0,264649.89813506644,114006.25460595806,1095.7790751584544,264621.35558068234,114001.97159736058,1096.5664367102277
154,0.385,0.038500000000000006,305.300417672763,1.5775595011238126,-0.7887797505702678,-0.7887797505702678,305.300417672763,0.0,0.0,1.5775595011238126,-0.7887797505702678,-0.7887797505702678,305.300417672763,0.0,0.0,0.0,0.0007411250000000091,0.0,0.019250000000000003,0.0,0.0,0.0,-0.0007411250000000091,0.0,0.019250000000000003,0.0,0.0,-0.0003704709827521071,0.00037047098275212146,0.0,0.019245245857252402,0.0,0.0,0.00037047098275212146,-0.0003704709827521071,0.0,0.019245245857252402,0.0,0.0,0.020029978989103626,-1.1368683772161603e-13,264655.38875997683,114003.64220170138,1093.277762579528,264626.6344785377,113999.3278877291,1094.0665423301018
155,0.3875,0.03875000000000001,305.57343689120506,1.580391885368135,-0.7901959426924295,-0.7901959426924295,305.57343689120506,0.0,0.0,1.580391885368135,-0.7901959426924295,-0.7901959426924295,305.57343689120506,0.0,0.0,0.0,0.0007507812500000544,0.0,0.019375000000000003,0.0,0.0,0.0,-0.0007507812500000544,0.0,0.019375000000000003,0.0,0.0,-0.0003752967077896824,0.0003752967077897352,0.0,0.01937015266011263,0.0,0.0,0.0003752967077897352,-0.0003752967077896824,0.0,0.01937015266011263,0.0,0.0,0.020172350896112638,0.0,264660.8587738267,114001.04030512794,1090.7822353034571,264631.89244398364,113996.69465026286,1091.572431246149
156,0.39,0.03900000000000001,305.8458329616848,1.5832202644029163,-0.791610132226546,-0.791610132226546,305.8458329616848,0.0,0.0,1.5832202644029163,-0.791610132226546,-0.791610132226546,305.8458329616848,0.0,0.0,0.0,0.0007605000000000528,0.0,0.019500000000000003,0.0,0.0,0.0,-0.0007605000000000528,0.0,0.019500000000000003,0.0,0.0,-0.0003801536359383153,0.00038015363593836316,0.0,0.01949505825324676,0.0,0.0,0.00038015363593836316,-0.0003801536359383153,0.0,0.019495058253246763,0.0,0.0,0.020314727289408637,5.684341886080802e-14,264666.30828616687,113998.44886056382,1088.2924807006057,264637.1295879921,113994.07182946405,1089.0840908328225
157,0.3925,0.03925000000000001,306.1176073257666,1.5860446457847448,-0.7930223228672832,-0.7930223228672832,306.1176073257666,0.0,0.0,1.5860446457847448,-0.7930223228672832,-0.7930223228672832,306.1176073257666,0.0,0.0,0.0,0.0007702812500000045,0.0,0.019625000000000004,0.0,0.0,0.0,-0.0007702812500000045,0.0,0.019625000000000004,0.0,0.0,-0.00038504176659148563,0.00038504176659149664,0.0,0.019619962628865707,0.0,0.0,0.00038504176659149664,-0.00038504176659148563,0.0,0.019619962628865707,0.0,0.0,0.020457108158613294,0.0,264671.73740578204,113995.86781272067,1085.808486164853,264642.3460207711,113991.45937021793,1086.6015084877308
158,0.395,0.03950000000000001,306.3887614218666,1.5888650363408539,-0.7944325181537001,-0.7944325181537001,306.3887614218666,0.0,0.0,1.5888650363408539,-0.7944325181537001,-0.7944325181537001,306.3887614218666,0.0,0.0,0.0,0.0007801250000000204,0.0,0.019750000000000004,0.0,0.0,0.0,-0.0007801250000000204,0.0,0.019750000000000004,0.0,0.0,-0.00038996109913882744,0.0003899610991388473,0.0,0.019744865779181223,0.0,0.0,0.0003899610991388473,-0.00038996109913882744,0.0,0.019744865779181223,0.0,0.0,0.02059949349337095,0.0,264677.1462406961,113993.29710669191,1083.3302391137986,264647.54185177165,113988.85721778896,1084.1246716319527
159,0.3975,0.03975000000000001,306.65929668525854,1.5916814424699683,-0.7958407212433479,-0.7958407212433479,306.65929668525854,0.0,0.0,1.5916814424699683,-0.7958407212433479,-0.7958407212433479,306.65929668525854,0.0,0.0,0.0,0.0007900312499999895,0.0,0.019875000000000004,0.0,0.0,0.0,-0.0007900312499999895,0.0,0.019875000000000004,0.0,0.0,-0.0003949116329660452,0.00039491163296603073,0.0,0.019869767696404795,0.0,0.0,0.00039491163296603073,-0.0003949116329660452,0.0,0.019869767696404795,0.0,0.0,0.020741883283348583,-5.684341886080802e-14,264682.53489818086,113990.73668794979,1080.8577269882953,264652.7171896938,113986.26531781809,1081.653567709536
160,0.4,0.04000000000000001,306.9292145480795,1.5944938700083076,-0.7972469350292468,-0.7972469350292468,306.9292145480795,0.0,0.0,1.5944938700083076,-0.7972469350292468,-0.7972469350292468,306.9292145480795,0.0,0.0,0.0,0.0008000000000000229,0.0,0.020000000000000004,0.0,0.0,0.0,-0.0008000000000000229,0.0,0.020000000000000004,0.0,0.0,-0.0003998933674549657,0.0003998933674549854,0.0,0.0199946683727484,0.0,0.0,0.0003998933674549854,-0.0003998933674549657,0.0,0.0199946683727484,0.0,0.0,0.020884277518235753,5.684341886080802e-14,264687.90348476166,113988.18650234188,1078.3909372528433,264657.8721424934,113983.68361631913,1079.1881841878537
161,0.4025,0.04025000000000001,307.1985164393354,1.5973023244134061,-0.7986511622234325,-0.7986511622234325,307.1985164393354,0.0,0.0,1.5973023244134061,-0.7986511622234325,-0.7986511622234325,307.1985164393354,0.0,0.0,0.0,0.0008100312500000095,0.0,0.020125000000000004,0.0,0.0,0.0,-0.0008100312500000095,0.0,0.020125000000000004,0.0,0.0,-0.0004049063019835372,0.0004049063019835518,0.0,0.020119567800424374,0.0,0.0,0.0004049063019835518,-0.0004049063019835372,0.0,0.020119567800424374,0.0,0.0,0.021026676187744568,5.684341886080802e-14,264693.2521062254,113985.6464960875,1075.9298573955311,264663.0068173869,113981.11205967593,1076.7285085577553
162,0.405,0.04050000000000001,307.4672037849078,1.6001068105799323,-0.8000534052983315,-0.8000534052983315,307.4672037849078,0.0,0.0,1.6001068105799323,-0.8000534052983315,-0.8000534052983315,307.4672037849078,0.0,0.0,0.0,0.0008201249999999494,0.0,0.020250000000000004,0.0,0.0,0.0,-0.0008201249999999494,0.0,0.020250000000000004,0.0,0.0,-0.0004099504359258193,0.00040995043592577005,0.0,0.020244465971645424,0.0,0.0,0.00040995043592577005,-0.0004099504359258193,0.0,0.020244465971645424,0.0,0.0,0.021169079281609635,0.0,264698.58086762496,113983.11661577497,1073.4744749279344,264668.12132085994,113978.55059463877,1074.2745283332324
163,0.40750000000000003,0.04075000000000001,307.7352780075589,1.6029073330737154,-0.8014536665368572,-0.8014536665368572,307.7352780075589,0.0,0.0,1.6029073330737154,-0.8014536665368572,-0.8014536665368572,307.7352780075589,0.0,0.0,0.0,0.0008302812499999535,0.0,0.020375000000000004,0.0,0.0,0.0,-0.0008302812499999535,0.0,0.020375000000000004,0.0,0.0,-0.00041502576865200225,0.00041502576865190354,0.0,0.020369362878624463,0.0,0.0,0.00041502576865190354,-0.00041502576865200225,0.0,0.02036936287862446,0.0,0.0,0.021311486789588028,0.0,264703.8898732873,113980.59680835815,1071.0247773852025,264673.2157586714,113975.99916832181,1071.8262310517239
164,0.41000000000000003,0.04100000000000001,308.00274058272487,1.6057038963387922,-0.8028519481861277,-0.8028519481861277,308.00274058272487,0.0,0.0,1.6057038963387922,-0.8028519481861277,-0.8028519481861277,308.00274058272487,0.0,0.0,0.0,0.0008405000000000218,0.0,0.020500000000000004,0.0,0.0,0.0,-0.0008405000000000218,0.0,0.020500000000000004,0.0,0.0,-0.00042013229952828654,0.0004201322995283025,0.0,0.02049425851357476,0.0,0.0,0.0004201322995283025,-0.00042013229952828654,0.0,0.02049425851357476,0.0,0.0,0.021453898701057596,7.996078466021572e-08,264709.17924502207,113978.08701205501,1068.5807523327385,264678.2902540578,113973.45771910046,1069.3836042809155
165,0.41250000000000003,0.04125000000000001,308.2695928149876,1.6084965036434822,-0.8042482518301072,-0.8042482518301072,308.2695928149876,0.0,0.0,1.6084965036434822,-0.8042482518301072,-0.8042482518301072,308.2695928149876,0.0,0.0,0.0,0.0008507812500000433,0.0,0.020625000000000004,0.0,0.0,0.0,-0.0008507812500000433,0.0,0.020625000000000004,0.0,0.0,-0.00042527002791713545,0.0004252700279171802,0.0,0.02061915286870975,0.0,0.0,0.0004252700279171802,-0.00042527002791713545,0.0,0.02061915286870975,0.0,0.0,0.021596315006626253,7.940479918033816e-08,264714.4490320854,113975.58720135238,1066.1423873387248,264683.34485772316,113970.92622161833,1066.946635590562
166,0.41500000000000004,0.04150000000000001,308.53583617396345,1.6112851587550343,-0.8056425793691501,-0.8056425793691501,308.53583617396345,0.0,0.0,1.6112851587550343,-0.8056425793691501,-0.8056425793691501,308.53583617396345,0.0,0.0,0.0,0.0008611250000000181,0.0,0.020750000000000005,0.0,0.0,0.0,-0.0008611250000000181,0.0,0.020750000000000005,0.0,0.0,-0.0004304389531770579,0.00043043895317706994,0.0,0.02074404593624355,0.0,0.0,0.00043043895317706994,-0.0004304389531770579,0.0,0.02074404593624355,0.0,0.0,0.021738735695713753,7.885245167926769e-08,264719.6993893226,113973.09729795811,1063.7096700163238,264688.37972592784,113968.40459773985,1064.5153125956972
167,0.4175,0.04175,308.80147206999754,1.6140698648314253,-0.8070349324324472,-0.8070349324324472,308.80147206999754,0.0,0.0,1.6140698648314253,-0.8070349324324472,-0.8070349324324472,308.80147206999754,0.0,0.0,0.0,0.0008715312499999461,0.0,0.020875,0.0,0.0,0.0,-0.0008715312499999461,0.0,0.020875,0.0,0.0,-0.0004356390746626452,0.00043563907466258783,0.0,0.02086893770839014,0.0,0.0,0.00043563907466258783,-0.0004356390746626452,0.0,0.02086893770839014,0.0,0.0,0.02188116075816658,7.830402637409861e-08,264724.9304009946,113970.61725886754,1061.2825879943848,264693.3949443694,113965.89280461198,1062.0896229268205
168,0.42,0.042,309.0665019103453,1.6168506248424641,-0.8084253124212316,-0.8084253124212316,309.0665019103453,0.0,0.0,1.6168506248424641,-0.8084253124212316,-0.8084253124212316,309.0665019103453,0.0,0.0,0.0,0.0008820000000000494,0.0,0.021,0.0,0.0,0.0,-0.0008820000000000494,0.0,0.021,0.0,0.0,-0.0004408703917246531,0.0004408703917246967,0.0,0.02099382817736421,0.0,0.0,0.0004408703917246967,-0.0004408703917246531,0.0,0.02099382817736421,0.0,0.0,0.02202359018385347,7.775940957799321e-08,264730.1421678914,113968.14703281574,1058.8611289256078,264698.39061526646,113963.39079112126,1059.6695542380144
169,0.4225,0.04225,309.33092709917844,1.6196274414116283,-0.8098137207058141,-0.8098137207058141,309.33092709917844,0.0,0.0,1.6196274414116283,-0.8098137207058141,-0.8098137207058141,309.33092709917844,0.0,0.0,0.0,0.0008925312499999949,0.0,0.021125,0.0,0.0,0.0,-0.0008925312499999949,0.0,0.021125,0.0,0.0,-0.00044613290370994305,0.0004461329037098854,0.0,0.021118717335380528,0.0,0.0,0.0004461329037098854,-0.00044613290370994305,0.0,0.02111871733538053,0.0,0.0,0.022166023962665354,7.721860129095148e-08,264735.3347901149,113965.6865688842,1056.4452804861648,264703.3668401493,113960.89850649904,1057.2550942068863
170,0.425,0.0425,309.5947490375906,1.6224003169832661,-0.811200158474896,-0.811200158474896,309.5947490375906,0.0,0.0,1.6224003169832661,-0.811200158474896,-0.811200158474896,309.5947490375906,0.0,0.0,0.0,0.0009031250000000046,0.0,0.02125,0.0,0.0,0.0,-0.0009031250000000046,0.0,0.02125,0.0,0.0,-0.0004514266099614068,0.0004514266099614083,0.0,0.021243605174654408,0.0,0.0,0.0004514266099614083,-0.0004514266099614068,0.0,0.021243605174654408,0.0,0.0,0.022308462084515326,7.668160151297343e-08,264740.5083670833,113963.23581649899,1054.0350303758023,264708.3237198622,113958.41590031983,1054.8462305342782
171,0.4275,0.04275,309.8579691236033,1.6251692537221025,-0.812584626844313,-0.812584626844313,309.8579691236033,0.0,0.0,1.6251692537221025,-0.812584626844313,-0.812584626844313,309.8579691236033,0.0,0.0,0.0,0.0009137812499999676,0.0,0.021375,0.0,0.0,0.0,-0.0009137812499999676,0.0,0.021375,0.0,0.0,-0.00045675150981823,0.00045675150981814054,0.0,0.021368491687401278,0.0,0.0,0.00045675150981814054,-0.00045675150981823,0.0,0.021368491687401278,0.0,0.0,0.022450904539338602,7.614818287038361e-08,264745.662997538,113960.7947254272,1051.6303663175495,264713.2613545717,113955.9429224976,1052.4429509443885
172,0.43,0.043000000000000003,310.1205887521724,1.6279342536470232,-0.813967126823512,-0.813967126823512,310.1205887521724,0.0,0.0,1.6279342536470232,-0.813967126823512,-0.813967126823512,310.1205887521724,0.0,0.0,0.0,0.0009244999999999948,0.0,0.021500000000000002,0.0,0.0,0.0,-0.0009244999999999948,0.0,0.021500000000000002,0.0,0.0,-0.00046210760261549235,0.00046210760261549186,0.0,0.02149337686583696,0.0,0.0,0.00046210760261549186,-0.00046210760261549235,0.0,0.021493376865836963,0.0,0.0,0.02259335131709247,7.561862958027632e-08,264750.79877954983,113958.36324577403,1049.2312760579516,264718.17984377034,113953.47952328327,1050.0452431847739
173,0.4325,0.043250000000000004,310.3826093151929,1.630695318564053,-0.815347659282026,-0.815347659282026,310.3826093151929,0.0,0.0,1.630695318564053,-0.815347659282026,-0.815347659282026,310.3826093151929,0.0,0.0,0.0,0.0009352812499999752,0.0,0.021625000000000002,0.0,0.0,0.0,-0.0009352812499999752,0.0,0.021625000000000002,0.0,0.0,-0.00046749488768458756,0.00046749488768457086,0.0,0.02161826070217768,0.0,0.0,0.00046749488768457086,-0.00046749488768458756,0.0,0.02161826070217768,0.0,0.0,0.022735802407756266,7.509271426897612e-08,264755.91581052344,113955.94132798037,1046.8377473670116,264723.0792862839,113951.02565326184,1047.653095026287
174,0.435,0.043500000000000004,310.64403220150564,1.6334524500997283,-0.8167262250582342,-0.8167262250582342,310.64403220150564,0.0,0.0,1.6334524500997283,-0.8167262250582342,-0.8167262250582342,310.64403220150564,0.0,0.0,0.0,0.0009461250000000199,0.0,0.021750000000000002,0.0,0.0,0.0,-0.0009461250000000199,0.0,0.021750000000000002,0.0,0.0,-0.00047291336435292814,0.0004729133643529423,0.0,0.021743143188640165,0.0,0.0,0.0004729133643529423,-0.00047291336435292814,0.0,0.021743143188640165,0.0,0.0,0.0228782578013313,7.457055062332074e-08,264761.01418720465,113953.52892281921,1044.4497680381173,264727.95978027576,113948.58126334933,1045.2664942631818
175,0.4375,0.043750000000000004,310.90485879690254,1.6362056497679787,-0.8181028248839898,-0.8181028248839898,310.90485879690254,0.0,0.0,1.6362056497679787,-0.8181028248839898,-0.8181028248839898,310.90485879690254,0.0,0.0,0.0,0.0009570312500000178,0.0,0.021875000000000002,0.0,0.0,0.0,-0.0009570312500000178,0.0,0.021875000000000002,0.0,0.0,-0.0004783630319440208,0.00047836303194403307,0.0,0.02186802431744094,0.0,0.0,0.00047836303194403307,-0.0004783630319440208,0.0,0.02186802431744094,0.0,0.0,0.023020717487840847,7.405185442621587e-08,264766.0940056851,113951.1259813936,1042.0673258881288,264732.82142325223,113946.14630479066,1042.885428713014
176,0.44,0.044000000000000004,311.165090484133,1.6389549188863632,-0.8194774594431814,-0.8194774594431814,311.165090484133,0.0,0.0,1.6389549188863632,-0.8194774594431814,-0.8194774594431814,311.165090484133,0.0,0.0,0.0,0.0009679999999999689,0.0,0.022000000000000002,0.0,0.0,0.0,-0.0009679999999999689,0.0,0.022000000000000002,0.0,0.0,-0.0004838438897775379,0.0004838438897775113,0.0,0.021992904080797213,0.0,0.0,0.0004838438897775113,-0.0004838438897775379,0.0,0.021992904080797217,0.0,0.0,0.02316318145733008,7.353685305133695e-08,264771.1553614084,113948.73245513324,1039.6904087572038,264737.66431207,113943.72072915606,1040.5098862166465
177,0.4425,0.044250000000000005,311.4247286429094,1.6417002586596754,-0.8208501293298379,-0.8208501293298379,311.4247286429094,0.0,0.0,1.6417002586596754,-0.8208501293298379,-0.8208501293298379,311.4247286429094,0.0,0.0,0.0,0.0009790312499999843,0.0,0.022125000000000002,0.0,0.0,0.0,-0.0009790312499999843,0.0,0.022125000000000002,0.0,0.0,-0.0004893559371692517,0.0004893559371692407,0.0,0.022117782470926793,0.0,0.0,0.0004893559371692407,-0.0004893559371692517,0.0,0.022117782470926797,0.0,0.0,0.023305649699866048,7.302554649868398e-08,264776.19834917516,113946.34829579217,1037.3190045088413,264742.48854293884,113941.30448833902,1038.139854638174
178,0.445,0.044500000000000005,311.6837746499128,1.6444416701798943,-0.822220835089947,-0.822220835089947,311.6837746499128,0.0,0.0,1.6444416701798943,-0.822220835089947,-0.822220835089947,311.6837746499128,0.0,0.0,0.0,0.0009901249999999528,0.0,0.022250000000000002,0.0,0.0,0.0,-0.0009901249999999528,0.0,0.022250000000000002,0.0,0.0,-0.0004948991734310505,0.0004948991734310054,0.0,0.022242659480047344,0.0,0.0,0.0004948991734310054,-0.0004948991734310505,0.0,0.022242659480047344,0.0,0.0,0.02344812220553761,7.25175937077438e-08,264781.22306314885,113943.97345544577,1034.9531010299688,264747.29421142896,113938.89753455331,1035.7753218650557
179,0.4475,0.044750000000000005,311.9422298787994,1.6471791544093637,-0.8235895771963099,-0.8235895771963099,311.9422298787994,0.0,0.0,1.6471791544093637,-0.8235895771963099,-0.8235895771963099,311.9422298787994,0.0,0.0,0.0,0.0010012812499999857,0.0,0.022375000000000003,0.0,0.0,0.0,-0.0010012812499999857,0.0,0.022375000000000003,0.0,0.0,-0.0005004735978709396,0.0005004735978709293,0.0,0.022367535100377173,0.0,0.0,0.0005004735978709293,-0.0005004735978709396,0.0,0.022367535100377173,0.0,0.0,0.023590598964455416,7.201327889561071e-08,264786.22959686077,113941.60788648833,1032.5926862307097,264752.0814124749,113936.49982033038,1033.4162758079012
180,0.45,0.045000000000000005,312.2000957002056,1.6499127122309638,-0.8249563561154815,-0.8249563561154815,312.2000957002056,0.0,0.0,1.6499127122309638,-0.8249563561154815,-0.8249563561154815,312.2000957002056,0.0,0.0,0.0,0.0010124999999999718,0.0,0.022500000000000003,0.0,0.0,0.0,-0.0010124999999999718,0.0,0.022500000000000003,0.0,0.0,-0.0005060792097930311,0.0005060792097930041,0.0,0.022492409324134818,0.0,0.0,0.0005060792097930041,-0.0005060792097930311,0.0,0.022492409324134814,0.0,0.0,0.023733079966751856,7.151254521886585e-08,264791.21804321604,113939.25154163007,1030.2377480446594,264756.85024038167,113934.11129851687,1031.062704400772
181,0.4525,0.045250000000000005,312.4573734817543,1.6526423444145664,-0.8263211722156564,-0.8263211722156564,312.4573734817543,0.0,0.0,1.6526423444145664,-0.8263211722156564,-0.8263211722156564,312.4573734817543,0.0,0.0,0.0,0.001023781250000022,0.0,0.022625000000000003,0.0,0.0,0.0,-0.001023781250000022,0.0,0.022625000000000003,0.0,0.0,-0.0005117160084975756,0.000511716008497598,0.0,0.022617282143539214,0.0,0.0,0.000511716008497598,-0.0005117160084975756,0.0,0.022617282143539214,0.0,0.0,0.02387556520258101,7.101516530383378e-08,264796.1884944988,113936.90437389462,1027.8882744284929,264761.60078883026,113931.73192227152,1028.7145956007132
182,0.455,0.045500000000000006,312.71406458806064,1.655368051667203,-0.8276840258252277,-0.8276840258252277,312.71406458806064,0.0,0.0,1.655368051667203,-0.8276840258252277,-0.8276840258252277,312.71406458806064,0.0,0.0,0.0,0.0010351250000000256,0.0,0.022750000000000003,0.0,0.0,0.0,-0.0010351250000000256,0.0,0.022750000000000003,0.0,0.0,-0.0005173839932809168,0.0005173839932809447,0.0,0.022742153550809534,0.0,0.0,0.0005173839932809447,-0.0005173839932809168,0.0,0.022742153550809534,0.0,0.0,0.024018054662118614,7.05214233676088e-08,264801.1410423767,113934.56633661664,1025.5442533623427,264766.33315088117,113929.36164506323,1026.3719373881613
183,0.4575,0.045750000000000006,312.9701703807376,1.6580898345995163,-0.8290449172913845,-0.8290449172913845,312.9701703807376,0.0,0.0,1.6580898345995163,-0.8290449172913845,-0.8290449172913845,312.9701703807376,0.0,0.0,0.0,0.0010465312499999824,0.0,0.022875000000000003,0.0,0.0,0.0,-0.0010465312499999824,0.0,0.022875000000000003,0.0,0.0,-0.000523083163435544,0.0005230831634355187,0.0,0.022867023538165648,0.0,0.0,0.0005230831634355187,-0.000523083163435544,0.0,0.022867023538165648,0.0,0.0,0.02416054833556203,7.00312057233532e-08,264806.0757779066,113932.23738343899,1023.2056728492753,264771.04741898086,113927.00042066825,1024.0347177665603
184,0.46,0.046000000000000006,313.22569221840195,1.6608076937424752,-0.8304038468879854,-0.8304038468879854,313.22569221840195,0.0,0.0,1.6608076937424752,-0.8304038468879854,-0.8304038468879854,313.22569221840195,0.0,0.0,0.0,0.0010580000000000034,0.0,0.023000000000000003,0.0,0.0,0.0,-0.0010580000000000034,0.0,0.023000000000000003,0.0,0.0,-0.0005288135182500233,0.0005288135182500317,0.0,0.022991892097827153,0.0,0.0,0.0005288135182500317,-0.0005288135182500233,0.0,0.022991892097827153,0.0,0.0,0.024303046213130175,6.954411446713493e-08,264810.99279154016,113929.91746830997,1020.8725209159165,264775.74368496716,113924.64820316722,1021.7029247628128
185,0.4625,0.046250000000000006,313.48063145668016,1.6635216296477797,-0.8317608148322642,-0.8317608148322642,313.48063145668016,0.0,0.0,1.6635216296477797,-0.8317608148322642,-0.8317608148322642,313.48063145668016,0.0,0.0,0.0,0.0010695312499999776,0.0,0.023125000000000003,0.0,0.0,0.0,-0.0010695312499999776,0.0,0.023125000000000003,0.0,0.0,-0.000534575057009091,0.0005345750570090661,0.0,0.023116759222014744,0.0,0.0,0.0005345750570090661,-0.000534575057009091,0.0,0.023116759222014744,0.0,0.0,0.024445548285063505,6.906054750288604e-08,264815.8921731292,113927.60654548119,1018.5447856118553,264780.4220400728,113922.30494694338,1019.3765464266758
186,0.465,0.04650000000000001,313.7349894482141,1.6662316427203536,-0.8331158213601764,-0.8331158213601764,313.7349894482141,0.0,0.0,1.6662316427203536,-0.8331158213601764,-0.8331158213601764,313.7349894482141,0.0,0.0,0.0,0.001081125000000016,0.0,0.023250000000000003,0.0,0.0,0.0,-0.001081125000000016,0.0,0.023250000000000003,0.0,0.0,-0.0005403677789935664,0.0005403677789935813,0.0,0.023241624902948895,0.0,0.0,0.0005403677789935813,-0.0005403677789935664,0.0,0.02324162490294889,0.0,0.0,0.024588054541623963,6.858033430034993e-08,264820.7740119282,113925.30456950504,1016.2224550098326,264785.0825749309,113919.9706066797,1017.0555708312039
187,0.4675,0.04675000000000001,313.9887675426666,1.6689377333522795,-0.8344688666845154,-0.8344688666845154,313.9887675426666,0.0,0.0,1.6689377333522795,-0.8344688666845154,-0.8344688666845154,313.9887675426666,0.0,0.0,0.0,0.0010927812500000078,0.0,0.023375000000000003,0.0,0.0,0.0,-0.0010927812500000078,0.0,0.023375000000000003,0.0,0.0,-0.00054619168348039,0.0005461916834803914,0.0,0.023366489132850752,0.0,0.0,0.0005461916834803914,-0.00054619168348039,0.0,0.02336648913285075,0.0,0.0,0.024730564973094935,6.810347485952661e-08,264825.6383966026,113923.01149523185,1013.9055172058725,264789.72537958086,113917.6451373564,1014.7399860725533
188,0.47000000000000003,0.04700000000000001,314.24196708672764,1.6716399019060086,-0.8358199509697555,-0.8358199509697555,314.24196708672764,0.0,0.0,1.6716399019060086,-0.8358199509697555,-0.8358199509697555,314.24196708672764,0.0,0.0,0.0,0.0011044999999999527,0.0,0.023500000000000004,0.0,0.0,0.0,-0.0011044999999999527,0.0,0.023500000000000004,0.0,0.0,-0.0005520467697426287,0.0005520467697425849,0.0,0.02349135190394162,0.0,0.0,0.0005520467697425849,-0.0005520467697426287,0.0,0.02349135190394162,0.0,0.0,0.024873079569781215,6.76300828672538e-08,264830.4854152317,113920.7272778077,1011.5939603189472,264794.3505434718,113915.32849424858,1012.429780269923
189,0.47250000000000003,0.04725000000000001,314.4945894241197,1.6743381486975621,-0.8371690743655334,-0.8371690743655334,314.4945894241197,0.0,0.0,1.6743381486975621,-0.8371690743655334,-0.8371690743655334,314.4945894241197,0.0,0.0,0.0,0.001116281249999962,0.0,0.023625000000000004,0.0,0.0,0.0,-0.001116281249999962,0.0,0.023625000000000004,0.0,0.0,-0.0005579330370494732,0.0005579330370494377,0.0,0.02361621320844342,0.0,0.0,0.0005579330370494377,-0.0005579330370494732,0.0,0.02361621320844342,0.0,0.0,0.025015598322008958,6.715970357618062e-08,264835.3151553142,113918.4518726721,1009.287772491225,264798.9581554684,113913.02063292394,1010.124941565591
190,0.47500000000000003,0.04750000000000001,314.7466358956041,1.6770324740132538,-0.8385162370150031,-0.8385162370150031,314.7466358956041,0.0,0.0,1.6770324740132538,-0.8385162370150031,-0.8385162370150031,314.7466358956041,0.0,0.0,0.0,0.0011281250000000353,0.0,0.023750000000000004,0.0,0.0,0.0,-0.0011281250000000353,0.0,0.023750000000000004,0.0,0.0,-0.0005638504846662394,0.0005638504846662719,0.0,0.023741073038578246,0.0,0.0,0.0005638504846662719,-0.0005638504846662394,0.0,0.023741073038578246,0.0,0.0,0.025158121220125642,6.669296226391452e-08,264840.127703773,113916.18523555518,1006.9869418878079,264803.54830385494,113910.7215092401,1007.8254581248193
191,0.47750000000000004,0.04775000000000001,314.99810783898585,1.6797228781096303,-0.8398614390464385,-0.8398614390464385,314.99810783898585,0.0,0.0,1.6797228781096303,-0.8398614390464385,-0.8398614390464385,314.99810783898585,0.0,0.0,0.0,0.001140031249999951,0.0,0.023875000000000004,0.0,0.0,0.0,-0.001140031249999951,0.0,0.023875000000000004,0.0,0.0,-0.0005697991118543221,0.0005697991118542781,0.0,0.02386593138656845,0.0,0.0,0.0005697991118542781,-0.0005697991118543221,0.0,0.02386593138656845,0.0,0.0,0.025300648254500024,6.622900627917261e-08,264844.92314695916,113913.92732247582,1004.691456696979,264808.12107634015,113908.43107934261,1005.5313181360254
192,0.48,0.048,315.24900658912065,1.6824093611967117,-0.8412046805816012,-0.8412046805816012,315.24900658912065,0.0,0.0,1.6824093611967117,-0.8412046805816012,-0.8412046805816012,315.24900658912065,0.0,0.0,0.0,0.0011520000000000419,0.0,0.024,0.0,0.0,0.0,-0.0011520000000000419,0.0,0.024,0.0,0.0,-0.0005757789178712942,0.0005757789178713347,0.0,0.023990788244637205,0.0,0.0,0.0005757789178713347,-0.0005757789178712942,0.0,0.02399078824463721,0.0,0.0,0.02544317941552209,6.576863142981892e-08,264849.70157065825,113911.67808973868,1002.4013051298534,264812.6765600631,113906.14929966202,1003.2425098104397
193,0.4825,0.04825,315.4993334779192,1.6850919235049122,-0.8425459617524563,-0.8425459617524563,315.4993334779192,0.0,0.0,1.6850919235049122,-0.8425459617524563,-0.8425459617524563,315.4993334779192,0.0,0.0,0.0,0.001164031249999975,0.0,0.024125,0.0,0.0,0.0,-0.001164031249999975,0.0,0.024125,0.0,0.0,-0.0005817899019708135,0.0005817899019707852,0.0,0.02411564360500759,0.0,0.0,0.0005817899019707852,-0.0005817899019708135,0.0,0.02411564360500759,0.0,0.0,0.025585714693603046,6.531132612508372e-08,264854.463060093,113909.4374939327,1000.116475420713,264817.21484159515,113903.87612691266,1000.9590213824665
194,0.485,0.0485,315.7490898343542,1.6877705652515744,-0.843885282617409,-0.843885282617409,315.7490898343542,0.0,0.0,1.6877705652515744,-0.843885282617409,-0.843885282617409,315.7490898343542,0.0,0.0,0.0,0.0011761249999999723,0.0,0.02425,0.0,0.0,0.0,-0.0011761249999999723,0.0,0.02425,0.0,0.0,-0.0005878320634026543,0.000587832063402623,0.0,0.02424049745990319,0.0,0.0,0.000587832063402623,-0.0005878320634026543,0.0,0.024240497459903195,0.0,0.0,0.02572825407917523,6.485737458206131e-08,264859.2076999303,113907.2054919278,997.8369558266568,264821.7360069473,113901.61151808889,998.6808411092651
195,0.4875,0.04875,315.99827698446535,1.690445286624118,-0.8452226432953022,-0.8452226432953022,315.99827698446535,0.0,0.0,1.690445286624118,-0.8452226432953022,-0.8452226432953022,315.99827698446535,0.0,0.0,0.0,0.001188281250000034,0.0,0.024375,0.0,0.0,0.0,-0.001188281250000034,0.0,0.024375,0.0,0.0,-0.0005939054014127351,0.0005939054014127666,0.0,0.02436534980154808,0.0,0.0,0.0005939054014127666,-0.0005939054014127351,0.0,0.024365349801548083,0.0,0.0,0.025870797562692113,6.440637889681966e-08,264863.9355742838,113904.98204087336,995.5627346277033,264826.24014157336,113899.35543046401,996.4079572710074
196,0.49,0.049,316.24689625136534,1.6931160877800322,-0.8465580438816378,-0.8465580438816378,316.24689625136534,0.0,0.0,1.6931160877800322,-0.8465580438816378,-0.8465580438816378,316.24689625136534,0.0,0.0,0.0,0.0012005000000000488,0.0,0.0245,0.0,0.0,0.0,-0.0012005000000000488,0.0,0.0245,0.0,0.0,-0.0006000099152430784,0.0006000099152431301,0.0,0.024490200622166516,0.0,0.0,0.0006000099152431301,-0.0006000099152430784,0.0,0.02449020062216652,0.0,0.0,0.026013345134628222,6.395862328645308e-08,264868.64676671877,113902.76709819562,993.2938001268485,264830.7273303745,113897.10782158737,994.1403581707162
197,0.4925,0.04925,316.4949489552455,1.6957829689306236,-0.8478914844653119,-0.8478914844653119,316.4949489552455,0.0,0.0,1.6957829689306236,-0.8478914844653119,-0.8478914844653119,316.4949489552455,0.0,0.0,0.0,0.0012127812500000168,0.0,0.024625,0.0,0.0,0.0,-0.0012127812500000168,0.0,0.024625,0.0,0.0,-0.0006061456041318417,0.0006061456041318618,0.0,0.02461504991398348,0.0,0.0,0.0006061456041318618,-0.0006061456041318417,0.0,0.02461504991398348,0.0,0.0,0.026155896785479124,6.351416459438042e-08,264873.3413602579,113900.56062159545,991.030140649862,264835.19765770395,113894.86864928249,991.8780321343119
198,0.495,0.0495,316.74243641338137,1.698445930257198,-0.8492229651034601,-0.8492229651034601,316.74243641338137,0.0,0.0,1.698445930257198,-0.8492229651034601,-0.8492229651034601,316.74243641338137,0.0,0.0,0.0,0.001225125000000049,0.0,0.02475,0.0,0.0,0.0,-0.001225125000000049,0.0,0.02475,0.0,0.0,-0.0006123124673132926,0.0006123124673133418,0.0,0.02473989766922396,0.0,0.0,0.0006123124673133418,-0.0006123124673132926,0.0,0.024739897669223958,0.0,0.0,0.026298452505761374,6.307243438641308e-08,264878.01943738415,113898.3625690463,988.7717445454327,264839.6512073712,113892.6378716446,989.6209675105378
199,0.4975,0.04975,316.98935994013885,1.7011049718942652,-0.8505524859555128,-0.8505524859555128,316.98935994013885,0.0,0.0,1.7011049718942652,-0.8505524859555128,-0.8505524859555128,316.98935994013885,0.0,0.0,0.0,0.0012375312500000346,0.0,0.024875,0.0,0.0,0.0,-0.0012375312500000346,0.0,0.024875,0.0,0.0,-0.0006185105040178287,0.0006185105040178535,0.0,0.024864743880113605,0.0,0.0,0.0006185105040178535,-0.0006185105040178287,0.0,0.024864743880113605,0.0,0.0,0.02644101228601248,6.263405794015853e-08,264882.68108004547,113896.17289879174,986.5186001850234,264844.0880626466,113890.41544703863,987.3691526709669
200,0.5,0.05,317.23572084697946,1.7037600940803546,-0.8518800470317972,-0.8518800470317972,317.23572084697946,0.0,0.0,1.7037600940803546,-0.8518800470317972,-0.8518800470317972,317.23572084697946,0.0,0.0,0.0,0.0012499999999999734,0.0,0.025,0.0,0.0,0.0,-0.0012499999999999734,0.0,0.025,0.0,0.0,-0.00062473971347195,0.0006247397134719208,0.0,0.02498958853887806,0.0,0.0,0.0006247397134719208,-0.00062473971347195,0.0,0.02498958853887806,0.0,0.0,0.02658357611679086,6.219852366484702e-08,264887.3263696603,113893.99156934359,984.2706959628704,264848.5083062655,113888.20133409693,985.1225760098886
201,0.5025000000000001,0.05025000000000001,317.4815204424662,1.7064112969568555,-0.853205648478428,-0.853205648478428,317.4815204424662,0.0,0.0,1.7064112969568555,-0.853205648478428,-0.853205648478428,317.4815204424662,0.0,0.0,0.0,0.0012625312499999763,0.0,0.025125000000000005,0.0,0.0,0.0,-0.0012625312499999763,0.0,0.025125000000000005,0.0,0.0,-0.000631000094898325,0.0006310000948982909,0.0,0.025114431637743937,0.0,0.0,0.0006310000948982909,-0.000631000094898325,0.0,0.02511443163774394,0.0,0.0,0.02672614398867579,6.176628630782943e-08,264891.95538712014,113891.8185394795,982.0280202959548,264852.9120204326,113885.99549171721,982.8812259444268
202,0.505,0.0505,317.7267600322691,1.7090585807691334,-0.854529290376186,-0.854529290376186,317.7267600322691,0.0,0.0,1.7090585807691334,-0.854529290376186,-0.854529290376186,317.7267600322691,0.0,0.0,0.0,0.0012751250000000436,0.0,0.02525,0.0,0.0,0.0,-0.0012751250000000436,0.0,0.02525,0.0,0.0,-0.0006372916475156801,0.0006372916475157166,0.0,0.025239273168937617,0.0,0.0,0.0006372916475157166,-0.0006372916475156801,0.0,0.025239273168937613,0.0,0.0,0.02686871589226738,6.133694796517375e-08,264896.56821279624,113889.65376824056,979.7905616239877,264857.2992868263,113883.79787906012,980.6450909143656
203,0.5075000000000001,0.05075000000000001,317.97144091917113,1.7117019456820948,-0.8558509728494291,-0.8558509728494291,317.97144091917113,0.0,0.0,1.7117019456820948,-0.8558509728494291,-0.8558509728494291,317.97144091917113,0.0,0.0,0.0,0.001287781249999953,0.0,0.025375000000000005,0.0,0.0,0.0,-0.001287781249999953,0.0,0.025375000000000005,0.0,0.0,-0.0006436143705389105,0.000643614370538873,0.0,0.02536411312468631,0.0,0.0,0.000643614370538873,-0.0006436143705389105,0.0,0.02536411312468631,0.0,0.0,0.02701129181818653,6.091056548029883e-08,264901.16492653993,113887.49721493045,977.5583084094542,264861.6701866023,113881.60845554809,978.4141593823068
204,0.51,0.051000000000000004,318.215564403074,1.7143413919310773,-0.857170695957157,-0.857170695957157,318.215564403074,0.0,0.0,1.7143413919310773,-0.857170695957157,-0.857170695957157,318.215564403074,0.0,0.0,0.0,0.0013005000000000377,0.0,0.025500000000000002,0.0,0.0,0.0,-0.0013005000000000377,0.0,0.025500000000000002,0.0,0.0,-0.0006499682631790554,0.0006499682631790878,0.0,0.02548895149721771,0.0,0.0,0.0006499682631790878,-0.0006499682631790554,0.0,0.025488951497217714,0.0,0.0,0.027153871757074864,6.048725254004239e-08,264905.7456076915,113885.34883911136,975.3312491372781,264866.0248003994,113879.42718086149,976.1884198332472
205,0.5125,0.05125,318.4591317810029,1.7169769197379314,-0.8584884598605839,-0.8584884598605839,318.4591317810029,0.0,0.0,1.7169769197379314,-0.8584884598605839,-0.8584884598605839,318.4591317810029,0.0,0.0,0.0,0.0013132812499999647,0.0,0.025625,0.0,0.0,0.0,-0.0013132812499999647,0.0,0.025625,0.0,0.0,-0.0006563533246432012,0.0006563533246431721,0.0,0.025613788278759302,0.0,0.0,0.0006563533246431721,-0.0006563533246432012,0.0,0.025613788278759302,0.0,0.0,0.027296455699594737,6.006683861414785e-08,264910.3103350801,113883.20860060392,973.1093723153463,264870.3632083407,113877.25401493875,973.9678607751956
206,0.515,0.051500000000000004,318.70214434711346,1.719608529361356,-0.8598042646639134,-0.8598042646639134,318.70214434711346,0.0,0.0,1.719608529361356,-0.8598042646639134,-0.8598042646639134,318.70214434711346,0.0,0.0,0.0,0.0013261249999999558,0.0,0.025750000000000002,0.0,0.0,0.0,-0.0013261249999999558,0.0,0.025750000000000002,0.0,0.0,-0.0006627695541346326,0.0006627695541345989,0.0,0.025738623461539496,0.0,0.0,0.0006627695541345989,-0.0006627695541346326,0.0,0.025738623461539496,0.0,0.0,0.02743904363642916,5.964932370261522e-08,264914.85918703076,113881.0764594837,970.8926664738974,264874.68549004087,113875.0889179726,971.752470738568
207,0.5175,0.05175,318.94460339269654,1.722236221046565,-0.8611181105149,-0.8611181105149,318.94460339269654,0.0,0.0,1.722236221046565,-0.8611181105149,-0.8611181105149,318.94460339269654,0.0,0.0,0.0,0.0013390312500000112,0.0,0.025875,0.0,0.0,0.0,-0.0013390312500000112,0.0,0.025875,0.0,0.0,-0.000669216950852746,0.0006692169508527517,0.0,0.025863457037787217,0.0,0.0,0.0006692169508527517,-0.000669216950852746,0.0,0.025863457037787217,0.0,0.0,0.027581635558281744,5.923482149228221e-08,264919.3922413683,113878.95237607934,968.6811201657838,264878.9917246092,113872.93185040826,969.5422382762944
208,0.52,0.052000000000000005,319.186510206184,1.7248599950922714,-0.8624299975377528,-0.8624299975377528,319.186510206184,0.0,0.0,1.7248599950922714,-0.8624299975377528,-0.8624299975377528,319.186510206184,0.0,0.0,0.0,0.0013520000000000199,0.0,0.026000000000000002,0.0,0.0,0.0,-0.0013520000000000199,0.0,0.026000000000000002,0.0,0.0,-0.0006756955139930087,0.0006756955139930286,0.0,0.02598828899973106,0.0,0.0,0.0006756955139930286,-0.0006756955139930087,0.0,0.02598828899973106,0.0,0.0,0.027724231455876717,5.8823047766054515e-08,264923.909575418,113876.83631097204,966.4747219665587,264883.2819906508,113870.78277294297,967.3371519640837
209,0.5225,0.05225,319.4278660731546,1.7274798517836916,-0.8637399258918462,-0.8637399258918462,319.4278660731546,0.0,0.0,1.7274798517836916,-0.8637399258918462,-0.8637399258918462,319.4278660731546,0.0,0.0,0.0,0.0013650312499999817,0.0,0.026125,0.0,0.0,0.0,-0.0013650312499999817,0.0,0.026125,0.0,0.0,-0.0006822052427470643,0.0006822052427470491,0.0,0.026113119339600723,0.0,0.0,0.0006822052427470491,-0.0006822052427470643,0.0,0.026113119339600723,0.0,0.0,0.027866831319958815,5.841411621076986e-08,264928.4112660147,113874.72822499105,964.2734604740544,264887.55636627594,113868.6416465215,965.1372003999394
210,0.525,0.052500000000000005,319.6686722763393,1.7300957914762651,-0.8650478957213646,-0.8650478957213646,319.6686722763393,0.0,0.0,1.7300957914762651,-0.8650478957213646,-0.8650478957213646,319.6686722763393,0.0,0.0,0.0,0.0013781250000000078,0.0,0.026250000000000002,0.0,0.0,0.0,-0.0013781250000000078,0.0,0.026250000000000002,0.0,0.0,-0.0006887461363026843,0.0006887461363026938,0.0,0.026237948049626123,0.0,0.0,0.0006887461363026938,-0.0006887461363026843,0.0,0.026237948049626123,0.0,0.0,0.028009435141293303,5.800819735668483e-08,264932.8973895023,113872.62807921424,962.0773243087897,264891.8149290984,113866.50843233678,962.9423722045061
211,0.5275,0.05275,319.90893009562706,1.7327078144783339,-0.8663539072223987,-0.8663539072223987,319.90893009562706,0.0,0.0,1.7327078144783339,-0.8663539072223987,-0.8663539072223987,319.90893009562706,0.0,0.0,0.0,0.0013912812499999871,0.0,0.026375,0.0,0.0,0.0,-0.0013912812499999871,0.0,0.026375,0.0,0.0,-0.0006953181938437464,0.0006953181938437268,0.0,0.02636277512203757,0.0,0.0,0.0006953181938437268,-0.0006953181938437464,0.0,0.026362775122037573,0.0,0.0,0.028152042910665885,5.760506383012398e-08,264937.36802174064,113870.53583496402,959.8863021136931,264896.0577562442,113864.38309182566,960.7526560209137
212,0.53,0.053000000000000005,320.14864080807064,1.73531592115167,-0.8676579605590656,-0.8676579605590656,320.14864080807064,0.0,0.0,1.73531592115167,-0.8676579605590656,-0.8676579605590656,320.14864080807064,0.0,0.0,0.0,0.0014045000000000307,0.0,0.026500000000000003,0.0,0.0,0.0,-0.0014045000000000307,0.0,0.026500000000000003,0.0,0.0,-0.0007019214145502343,0.0007019214145502661,0.0,0.026487600549065418,0.0,0.0,0.0007019214145502661,-0.0007019214145502343,0.0,0.026487600549065418,0.0,0.0,0.0282946546188827,5.720477247450617e-08,264941.8232381066,113868.45145380721,957.7003825540451,264900.2849243512,113862.26558666884,958.5680405146074
213,0.5325,0.05325,320.3878056878916,1.7379201118947316,-0.8689600559389812,-0.8689600559389812,320.3878056878916,0.0,0.0,1.7379201118947316,-0.8689600559389812,-0.8689600559389812,320.3878056878916,0.0,0.0,0.0,0.0014177812500000275,0.0,0.026625,0.0,0.0,0.0,-0.0014177812500000275,0.0,0.026625,0.0,0.0,-0.0007085557975983069,0.0007085557975983372,0.0,0.026612424322941124,0.0,0.0,0.0007085557975983372,-0.0007085557975983069,0.0,0.02661242432294112,0.0,0.0,0.028437270256770255,5.680720960299368e-08,264946.26311350154,113866.37489755139,955.5195543175505,264904.4965095767,113860.15587878747,956.388514373485
214,0.535,0.053500000000000006,320.6264260064866,1.7405203871090589,-0.8702601935629146,-0.8702601935629146,320.6264260064866,0.0,0.0,1.7405203871090589,-0.8702601935629146,-0.8702601935629146,320.6264260064866,0.0,0.0,0.0,0.0014311249999999776,0.0,0.026750000000000003,0.0,0.0,0.0,-0.0014311249999999776,0.0,0.026750000000000003,0.0,0.0,-0.0007152213421602124,0.0007152213421601935,0.0,0.026737246435896,0.0,0.0,0.0007152213421601935,-0.0007152213421602124,0.0,0.026737246435896,0.0,0.0,0.028579889815175407,5.641237521558651e-08,264950.687722351,113864.30612824477,953.3438061143679,264908.6925875979,113858.05393034262,954.2140663079397
215,0.5375,0.05375,320.86450303243254,1.7431167472663915,-0.8715583736248099,-0.8715583736248099,320.86450303243254,0.0,0.0,1.7431167472663915,-0.8715583736248099,-0.8715583736248099,320.86450303243254,0.0,0.0,0.0,0.0014445312499999918,0.0,0.026875,0.0,0.0,0.0,-0.0014445312499999918,0.0,0.026875,0.0,0.0,-0.0007219180474043496,0.0007219180474043472,0.0,0.02686206688016205,0.0,0.0,0.0007219180474043472,-0.0007219180474043496,0.0,0.026862066880162055,0.0,0.0,0.028722513284965296,5.6020382999122376e-08,264955.0971386128,113862.24510817244,951.1731266768766,264912.87323361874,113855.9597037319,952.0446850504986
216,0.54,0.054000000000000006,321.10203803149216,1.745709192807952,-0.8728545963872042,-0.8728545963872042,321.10203803149216,0.0,0.0,1.745709192807952,-0.8728545963872042,-0.8728545963872042,321.10203803149216,0.0,0.0,0.0,0.0014579999999999593,0.0,0.027000000000000003,0.0,0.0,0.0,-0.0014579999999999593,0.0,0.027000000000000003,0.0,0.0,-0.0007286459124952324,0.0007286459124951934,0.0,0.026986885647971588,0.0,0.0,0.0007286459124951934,-0.0007286459124952324,0.0,0.02698688564797159,0.0,0.0,0.028865140657027347,5.56310624233447e-08,264959.4914357762,113860.19179985642,949.0075047598366,264917.03852237033,113853.87316158935,949.8803593562141
217,0.5425,0.05425,321.33903226661994,1.7482977242115871,-0.8741488620974072,-0.8741488620974072,321.33903226661994,0.0,0.0,1.7482977242115871,-0.8741488620974072,-0.8741488620974072,321.33903226661994,0.0,0.0,0.0,0.001471531249999991,0.0,0.027125,0.0,0.0,0.0,-0.001471531249999991,0.0,0.027125,0.0,0.0,-0.0007354049365934937,0.0007354049365934832,0.0,0.027111702731557427,0.0,0.0,0.0007354049365934832,-0.0007354049365934937,0.0,0.027111702731557427,0.0,0.0,0.02900777192226917,5.524458401851007e-08,264963.87068686966,113858.14616605196,946.8469291402289,264921.1885281188,113851.79426678167,947.7210780023344
218,0.545,0.05450000000000001,321.5754869979672,1.7508823420084392,-0.875441171012606,-0.875441171012606,321.5754869979672,0.0,0.0,1.7508823420084392,-0.875441171012606,-0.875441171012606,321.5754869979672,0.0,0.0,0.0,0.001485124999999976,0.0,0.027250000000000003,0.0,0.0,0.0,-0.001485124999999976,0.0,0.027250000000000003,0.0,0.0,-0.0007421951188559097,0.0007421951188558857,0.0,0.027236518123152562,0.0,0.0,0.0007421951188558857,-0.0007421951188559097,0.0,0.027236518123152562,0.0,0.0,0.02915040707161859,5.486072041094303e-08,264968.2349644607,113856.10816974757,944.6913886173279,264925.32332466333,113849.72298240844,945.5668297883574
219,0.5475,0.05475,321.8114034828881,1.753463046749471,-0.8767315233915091,-0.8767315233915091,321.8114034828881,0.0,0.0,1.753463046749471,-0.8767315233915091,-0.8767315233915091,321.8114034828881,0.0,0.0,0.0,0.0014987812500000253,0.0,0.027375,0.0,0.0,0.0,-0.0014987812500000253,0.0,0.027375,0.0,0.0,-0.0007490164584353725,0.0007490164584353987,0.0,0.02736133181499074,0.0,0.0,0.0007490164584353987,-0.0007490164584353725,0.0,0.027361331814990737,0.0,0.0,0.029293046096023536,5.4479642130900174e-08,264972.5843406645,113854.07777416112,942.5408720126434,264929.4429853468,113847.65927179804,943.4176035360282
220,0.55,0.05500000000000001,322.04678297594484,1.7560398390221221,-0.8780199195026743,-0.8780199195026743,322.04678297594484,0.0,0.0,1.7560398390221221,-0.8780199195026743,-0.8780199195026743,322.04678297594484,0.0,0.0,0.0,0.0015125000000000277,0.0,0.027500000000000004,0.0,0.0,0.0,-0.0015125000000000277,0.0,0.027500000000000004,0.0,0.0,-0.0007558689544809172,0.0007558689544809429,0.0,0.02748614379930601,0.0,0.0,0.0007558689544809429,-0.0007558689544809172,0.0,0.02748614379930601,0.0,0.0,0.02943568898645207,5.410100811786833e-08,264976.9188871407,113852.05494274062,940.3953681697312,264933.5475830513,113845.60309850854,941.2733880892401
221,0.5525,0.05525,322.2816267289134,1.7586127193833048,-0.8793063597000397,-0.8793063597000397,322.2816267289134,0.0,0.0,1.7586127193833048,-0.8793063597000397,-0.8793063597000397,322.2816267289134,0.0,0.0,0.0,0.0015262812499999834,0.0,0.027625,0.0,0.0,0.0,-0.0015262812499999834,0.0,0.027625,0.0,0.0,-0.0007627526061376813,0.0007627526061376749,0.0,0.02761095406833255,0.0,0.0,0.0007627526061376749,-0.0007627526061376813,0.0,0.027610954068332555,0.0,0.0,0.029578335733892278,5.372515943236067e-08,264981.2386751042,113850.03963915931,938.2548659544409,264937.6371902104,113843.55442632284,939.1341723141384
222,0.555,0.05550000000000001,322.5159359907892,1.7611816884934548,-0.8805908442551156,-0.8805908442551156,322.5159359907892,0.0,0.0,1.7611816884934548,-0.8805908442551156,-0.8805908442551156,322.5159359907892,0.0,0.0,0.0,0.0015401250000000033,0.0,0.027750000000000004,0.0,0.0,0.0,-0.0015401250000000033,0.0,0.027750000000000004,0.0,0.0,-0.0007696674125469867,0.0007696674125469866,0.0,0.02773576261430568,0.0,0.0,0.0007696674125469866,-0.0007696674125469867,0.0,0.02773576261430568,0.0,0.0,0.029720986329352293,5.3351925544120604e-08,264985.54377532215,113848.03182731722,936.1193542546534,264941.71187880397,113841.51321925008,936.9999450989118
223,0.5575,0.05575,322.7497120077921,1.763746747015985,-0.8818733734996044,-0.8818733734996044,322.7497120077921,0.0,0.0,1.763746747015985,-0.8818733734996044,-0.8818733734996044,322.7497120077921,0.0,0.0,0.0,0.0015540312499999764,0.0,0.027875,0.0,0.0,0.0,-0.0015540312499999764,0.0,0.027875,0.0,0.0,-0.0007766133728462107,0.0007766133728461811,0.0,0.02786056942946038,0.0,0.0,0.0007766133728461811,-0.0007766133728462107,0.0,0.02786056942946038,0.0,0.0,0.029863640763860208,5.2981192766310414e-08,264989.83425812307,113846.03147133652,933.9888219803979,264945.7717203692,113839.47944152115,934.8706953539078
224,0.56,0.05600000000000001,322.9829560233724,1.766307895617169,-0.8831539478085845,-0.8831539478085845,322.9829560233724,0.0,0.0,1.766307895617169,-0.8831539478085845,-0.8831539478085845,322.9829560233724,0.0,0.0,0.0,0.0015680000000000138,0.0,0.028000000000000004,0.0,0.0,0.0,-0.0015680000000000138,0.0,0.028000000000000004,0.0,0.0,-0.0007835904861689062,0.0007835904861689209,0.0,0.027985374506032345,0.0,0.0,0.0007835904861689209,-0.0007835904861689062,0.0,0.02798537450603234,0.0,0.0,0.030006299028464075,5.261301794234896e-08,264994.1101933954,113844.03853556204,931.8632580637932,264949.81678599823,113837.45305758915,932.7464120116025
225,0.5625,0.05625,323.2156692782165,1.768865135050086,-0.8844325674998758,-0.8844325674998758,323.2156692782165,0.0,0.0,1.768865135050086,-0.8844325674998758,-0.8844325674998758,323.2156692782165,0.0,0.0,0.0,0.0015820312500000044,0.0,0.028125,0.0,0.0,0.0,-0.0015820312500000044,0.0,0.028125,0.0,0.0,-0.0007905987516447547,0.00079059875164476,0.0,0.02811017783625795,0.0,0.0,0.00079059875164476,-0.0007905987516447547,0.0,0.02811017783625795,0.0,0.0,0.030148961114231817,5.2247514759073965e-08,264998.3716505956,113842.05298455757,929.7426514588733,264953.84714634635,113835.43403212566,930.6270840263707
226,0.5650000000000001,0.05650000000000001,323.44785301025183,1.7714184660035204,-0.8857092330101499,-0.8857092330101499,323.44785301025183,0.0,0.0,1.7714184660035204,-0.8857092330101499,-0.8857092330101499,323.44785301025183,0.0,0.0,0.0,0.0015961249999999483,0.0,0.028250000000000004,0.0,0.0,0.0,-0.0015961249999999483,0.0,0.028250000000000004,0.0,0.0,-0.0007976381683995505,0.0007976381683995115,0.0,0.028234979412373618,0.0,0.0,0.0007976381683995115,-0.0007976381683995505,0.0,0.028234979412373618,0.0,0.0,0.030291627012251254,5.188474005990429e-08,265002.6186987458,113840.07478310645,927.6269911417767,264957.8628716306,113833.42233002139,928.5127003747668
227,0.5675,0.05675,323.6795084546525,1.7739678893201625,-0.8869839446516915,-0.8869839446516915,323.6795084546525,0.0,0.0,1.7739678893201625,-0.8869839446516915,-0.8869839446516915,323.6795084546525,0.0,0.0,0.0,0.0016102812499999564,0.0,0.028375,0.0,0.0,0.0,-0.0016102812499999564,0.0,0.028375,0.0,0.0,-0.0008047087355552532,0.0008047087355552045,0.0,0.02835977922661665,0.0,0.0,0.0008047087355552045,-0.0008047087355552532,0.0,0.02835977922661665,0.0,0.0,0.03043429671362999,5.152412541065132e-08,265006.85140644445,113838.10389620722,925.5162661104987,264961.8640316382,113831.41791638173,926.4032500551535
228,0.5700000000000001,0.05700000000000001,323.9106368438454,1.7765134057783583,-0.8882567028975695,-0.8882567028975695,323.9106368438454,0.0,0.0,1.7765134057783583,-0.8882567028975695,-0.8882567028975695,323.9106368438454,0.0,0.0,0.0,0.0016245000000000287,0.0,0.028500000000000004,0.0,0.0,0.0,-0.0016245000000000287,0.0,0.028500000000000004,0.0,0.0,-0.0008118104522298926,0.0008118104522299195,0.0,0.028484577271224224,0.0,0.0,0.0008118104522299195,-0.0008118104522298926,0.0,0.028484577271224224,0.0,0.0,0.030576970209495444,5.11663529323414e-08,265011.0698418621,113836.14028907458,923.4104653850372,264965.8506957248,113829.42075652802,924.2987220879229
229,0.5725,0.05725,324.14123940751455,1.77905501624321,-0.8895275081299947,-0.8895275081299947,324.14123940751455,0.0,0.0,1.77905501624321,-0.8895275081299947,-0.8895275081299947,324.14123940751455,0.0,0.0,0.0,0.0016387812500000543,0.0,0.028625,0.0,0.0,0.0,-0.0016387812500000543,0.0,0.028625,0.0,0.0,-0.0008189433175376869,0.0008189433175377405,0.0,0.028609373538434412,0.0,0.0,0.0008189433175377405,-0.0008189433175376869,0.0,0.028609373538434412,0.0,0.0,0.030719647490994744,5.0810911034204764e-08,265015.274072751,113834.18392713544,921.3095780072908,264969.8229328223,113827.43081599317,922.1991055154263
230,0.5750000000000001,0.05750000000000001,324.37131737260785,1.7815927215825655,-0.8907963607996733,-0.8907963607996733,324.37131737260785,0.0,0.0,1.7815927215825655,-0.8907963607996733,-0.8907963607996733,324.37131737260785,0.0,0.0,0.0,0.001653125000000033,0.0,0.028750000000000005,0.0,0.0,0.0,-0.001653125000000033,0.0,0.028750000000000005,0.0,0.0,-0.000826107330588967,0.0008261073305889954,0.0,0.028734168020485576,0.0,0.0,0.0008261073305889954,-0.000826107330588967,0.0,0.028734168020485576,0.0,0.0,0.03086232854929475,5.0457856559660286e-08,265019.4641664433,113832.23477602947,919.2135930411605,264973.7808114383,113825.44806052251,920.1043894019455
231,0.5775,0.05775,324.6008719633415,1.7841265227006546,-0.8920632613587176,-0.8920632613587176,324.6008719633415,0.0,0.0,1.7841265227006546,-0.8920632613587176,-0.8920632613587176,324.6008719633415,0.0,0.0,0.0,0.001667531249999965,0.0,0.028875,0.0,0.0,0.0,-0.001667531249999965,0.0,0.028875,0.0,0.0,-0.0008333024904902013,0.0008333024904901127,0.0,0.028858960709616438,0.0,0.0,0.0008333024904901127,-0.0008333024904902013,0.0,0.02885896070961644,0.0,0.0,0.031005013375581956,5.0107416882383404e-08,265023.6401898587,113830.29280160504,917.1224995720695,264977.7243996632,113823.47245606963,918.0145628334102
232,0.58,0.057999999999999996,324.8299044012062,1.7866564205044144,-0.8933282102689896,-0.8933282102689896,324.8299044012062,0.0,0.0,1.7866564205044144,-0.8933282102689896,-0.8933282102689896,324.8299044012062,0.0,0.0,0.0,0.0016819999999999613,0.0,0.028999999999999998,0.0,0.0,0.0,-0.0016819999999999613,0.0,0.028999999999999998,0.0,0.0,-0.0008405287963439291,0.0008405287963438849,0.0,0.02898375159806641,0.0,0.0,0.0008405287963438849,-0.0008405287963439291,0.0,0.02898375159806641,0.0,0.0,0.031147701961062504,4.97594783155364e-08,265027.8022095027,113828.35796992043,915.0362867074582,264981.65376516915,113821.50396879745,915.9296149177246
233,0.5825,0.05825,325.0584159049719,1.7891824160042369,-0.8945912079937268,-0.8945912079937268,325.0584159049719,0.0,0.0,1.7891824160042369,-0.8945912079937268,-0.8945912079937268,325.0584159049719,0.0,0.0,0.0,0.0016965312500000218,0.0,0.029125,0.0,0.0,0.0,-0.0016965312500000218,0.0,0.029125,0.0,0.0,-0.0008477862472489196,0.000847786247248954,0.0,0.029108540678074925,0.0,0.0,0.000847786247248954,-0.0008477862472489196,0.0,0.029108540678074925,0.0,0.0,0.031290394296962114,4.9413756642024964e-08,265031.95029147516,113826.43024723986,912.9549435765803,264985.56897521636,113819.54256507465,913.8495347845691
234,0.585,0.058499999999999996,325.28640769069415,1.7917045101293294,-0.8958522550730571,-0.8958522550730571,325.28640769069415,0.0,0.0,1.7917045101293294,-0.8958522550730571,-0.8958522550730571,325.28640769069415,0.0,0.0,0.0,0.0017111250000000355,0.0,0.029249999999999998,0.0,0.0,0.0,-0.0017111250000000355,0.0,0.029249999999999998,0.0,0.0,-0.0008550748423000572,0.000855074842300102,0.0,0.02923332794188246,0.0,0.0,0.000855074842300102,-0.0008550748423000572,0.0,0.029233327941882457,0.0,0.0,0.03143309037452603,4.907064976578113e-08,265036.0845014697,113824.50960003259,910.8784593303135,264989.4700966564,113817.58821147431,911.774311585389
235,0.5875,0.058750000000000004,325.51388097171827,1.7942227039793974,-0.897111351998091,-0.897111351998091,325.51388097171827,0.0,0.0,1.7942227039793974,-0.897111351998091,-0.897111351998091,325.51388097171827,0.0,0.0,0.0,0.0017257812500000025,0.0,0.029375000000000002,0.0,0.0,0.0,-0.0017257812500000025,0.0,0.029375000000000002,0.0,0.0,-0.000862394580588282,0.0008623945805883393,0.0,0.029358113381729587,0.0,0.0,0.0008623945805883393,-0.000862394580588282,0.0,0.02935811338172959,0.0,0.0,0.03157579018501905,4.872981662629172e-08,265040.2049047777,113822.59599497246,908.8068231413927,264993.35719593096,113815.64087477404,909.703934493384
236,0.59,0.059,325.740836958686,1.7967369985897494,-0.898368499294874,-0.898368499294874,325.740836958686,0.0,0.0,1.7967369985897494,-0.898368499294874,-0.898368499294874,325.740836958686,0.0,0.0,0.0,0.0017405000000000337,0.0,0.0295,0.0,0.0,0.0,-0.0017405000000000337,0.0,0.0295,0.0,0.0,-0.0008697454612007752,0.0008697454612008145,0.0,0.02948289698985713,0.0,0.0,0.0008697454612008145,-0.0008697454612007752,0.0,0.02948289698985713,0.0,0.0,0.031718493719725384,4.839125722355675e-08,265044.3115662932,113820.68939893437,906.7400242040894,264997.23033908237,113813.70052195169,907.6383927033753
237,0.5925,0.059250000000000004,325.96727685954045,1.7992473950486574,-0.8996236975075431,-0.8996236975075431,325.96727685954045,0.0,0.0,1.7992473950486574,-0.8996236975075431,-0.8996236975075431,325.96727685954045,0.0,0.0,0.0,0.0017552812500000181,0.0,0.029625000000000002,0.0,0.0,0.0,-0.0017552812500000181,0.0,0.029625000000000002,0.0,0.0,-0.0008771274832207589,0.0008771274832207835,0.0,0.029607678758506735,0.0,0.0,0.0008771274832207835,-0.0008771274832207589,0.0,0.029607678758506735,0.0,0.0,0.03186120096994871,4.8055369461508235e-08,265048.40455051145,113818.78977899511,904.6780517343141,265001.08959174843,113811.76712018678,905.5776754318292
238,0.595,0.0595,326.19320187953105,1.8017538944806717,-0.9008769472235499,-0.9008769472235499,326.19320187953105,0.0,0.0,1.8017538944806717,-0.9008769472235499,-0.9008769472235499,326.19320187953105,0.0,0.0,0.0,0.0017701249999999558,0.0,0.02975,0.0,0.0,0.0,-0.0017701249999999558,0.0,0.02975,0.0,0.0,-0.000884540645727636,0.0008845406457275902,0.0,0.029732458679920488,0.0,0.0,0.0008845406457275902,-0.000884540645727636,0.0,0.029732458679920488,0.0,0.0,0.03200391192701207,4.772152806253871e-08,265052.4839215383,113816.89710242915,902.6208949698485,265004.9350191727,113809.84063685618,903.5217719170674
239,0.5975,0.059750000000000004,326.41861322121986,1.8042564980465017,-0.9021282490064645,-0.9021282490064645,326.41861322121986,0.0,0.0,1.8042564980465017,-0.9021282490064645,-0.9021282490064645,326.41861322121986,0.0,0.0,0.0,0.0017850312499999577,0.0,0.029875000000000002,0.0,0.0,0.0,-0.0017850312499999577,0.0,0.029875000000000002,0.0,0.0,-0.0008919849477969504,0.0008919849477968602,0.0,0.029857236746340655,0.0,0.0,0.0008919849477968602,-0.0008919849477969504,0.0,0.029857236746340655,0.0,0.0,0.03214662658225787,4.739030146083678e-08,265056.54974308657,113815.01133670998,900.5685431697784,265008.7666862015,113807.92103953527,901.4706714187746
240,0.6,0.06,326.6435120844861,1.8067552069095172,-0.9033776034631531,-0.9033776034631531,326.6435120844861,0.0,0.0,1.8067552069095172,-0.9033776034631531,-0.9033776034631531,326.6435120844861,0.0,0.0,0.0,0.0018000000000000238,0.0,0.03,0.0,0.0,0.0,-0.0018000000000000238,0.0,0.03,0.0,0.0,-0.0008994603885003147,0.0008994603885003351,0.0,0.029982012950010302,0.0,0.0,0.0008994603885003351,-0.0008994603885003147,0.0,0.029982012950010302,0.0,0.0,0.032289344927047825,4.706106437879498e-08,265060.6020784847,113813.13244950584,898.5209856148285,265012.5846572925,113806.00829599373,899.4243632182996
241,0.6025,0.060250000000000005,326.8678996665321,1.8092500223363701,-0.9046250111681844,-0.9046250111681844,326.8678996665321,0.0,0.0,1.8092500223363701,-0.9046250111681844,-0.9046250111681844,326.8678996665321,0.0,0.0,0.0,0.0018150312500000432,0.0,0.030125000000000002,0.0,0.0,0.0,-0.0018150312500000432,0.0,0.030125000000000002,0.0,0.0,-0.0009069669669055749,0.0009069669669056092,0.0,0.03010678728317267,0.0,0.0,0.0009069669669056092,-0.0009069669669055749,0.0,0.03010678728317267,0.0,0.0,0.03243206695276293,4.6734214720345335e-08,265064.64099067525,113811.26040868097,896.4782116073766,265016.38899651164,113804.102374197,897.382836618558
242,0.605,0.0605,327.09177716188856,1.811740945545976,-0.9058704727729884,-0.9058704727729884,327.09177716188856,0.0,0.0,1.811740945545976,-0.9058704727729884,-0.9058704727729884,327.09177716188856,0.0,0.0,0.0,0.0018301250000000158,0.0,0.03025,0.0,0.0,0.0,-0.0018301250000000158,0.0,0.03025,0.0,0.0,-0.0009145046820766722,0.0009145046820766778,0.0,0.030231559738071633,0.0,0.0,0.0009145046820766778,-0.0009145046820766722,0.0,0.030231559738071633,0.0,0.0,0.03257479265080338,4.640969564206898e-08,265068.66654222156,113809.39518229138,894.4402104710898,265020.17976754217,113802.20324230175,895.3460809438783
243,0.6075,0.060750000000000005,327.3151457624198,1.8142279778101478,-0.9071139888966785,-0.9071139888966785,327.3151457624198,0.0,0.0,1.8142279778101478,-0.9071139888966785,-0.9071139888966785,327.3151457624198,0.0,0.0,0.0,0.0018452812500000526,0.0,0.030375000000000003,0.0,0.0,0.0,-0.0018452812500000526,0.0,0.030375000000000003,0.0,0.0,-0.0009220735330736466,0.0009220735330737029,0.0,0.03035633030695136,0.0,0.0,0.0009220735330737029,-0.0009220735330736466,0.0,0.030356330306951364,0.0,0.0,0.032717522012588623,4.608750714396592e-08,265072.67879530595,113807.53673858634,892.4069715512596,265023.95703368215,113800.31086865747,893.3140855401598
244,0.61,0.061,327.5380066573289,1.8167111204536517,-0.9083555602268258,-0.9083555602268258,327.5380066573289,0.0,0.0,1.8167111204536517,-0.9083555602268258,-0.9083555602268258,327.5380066573289,0.0,0.0,0.0,0.0018605000000000427,0.0,0.0305,0.0,0.0,0.0,-0.0018605000000000427,0.0,0.0305,0.0,0.0,-0.0009296735189527371,0.0009296735189527794,0.0,0.03048109898205685,0.0,0.0,0.0009296735189527794,-0.0009296735189527371,0.0,0.03048109898205685,0.0,0.0,0.03286025502955721,4.5767535539198434e-08,265076.67781173927,113805.68504600367,890.3784842145251,265027.720857852,113798.4252218021,891.2868397747479
245,0.6125,0.061250000000000006,327.7603610331636,1.819190374820551,-0.9095951874102758,-0.9095951874102758,327.7603610331636,0.0,0.0,1.819190374820551,-0.9095951874102758,-0.9095951874102758,327.7603610331636,0.0,0.0,0.0,0.001875781249999986,0.0,0.030625000000000003,0.0,0.0,0.0,-0.001875781249999986,0.0,0.030625000000000003,0.0,0.0,-0.0009373046387662646,0.0009373046387662607,0.0,0.030605865755633184,0.0,0.0,0.0009373046387662607,-0.0009373046387662646,0.0,0.030605865755633184,0.0,0.0,0.03300299169316684,4.5449723984347656e-08,265080.6636529566,113803.84007317164,888.3547378489457,265031.4713025931,113796.54627046334,889.2643330363511
246,0.615,0.0615,327.9822100738215,1.8216657422742542,-0.9108328711371275,-0.9108328711371275,327.9822100738215,0.0,0.0,1.8216657422742542,-0.9108328711371275,-0.9108328711371275,327.9822100738215,0.0,0.0,0.0,0.0018911249999999935,0.0,0.03075,0.0,0.0,0.0,-0.0018911249999999935,0.0,0.03075,0.0,0.0,-0.0009449668915627315,0.000944966891562722,0.0,0.03073063061992628,0.0,0.0,0.000944966891562722,-0.0009449668915627315,0.0,0.03073063061992628,0.0,0.0,0.03314573199489427,4.513424300967017e-08,265084.63638002536,113802.00178890477,886.3357218639285,265035.2084300745,113794.67398355482,887.2465547350502
247,0.6175,0.061750000000000006,328.2035549605548,1.8241372242310059,-0.9120686121155023,-0.9120686121155023,328.2035549605548,0.0,0.0,1.8241372242310059,-0.9120686121155023,-0.9120686121155023,328.2035549605548,0.0,0.0,0.0,0.0019065312499999543,0.0,0.030875000000000003,0.0,0.0,0.0,-0.0019065312499999543,0.0,0.030875000000000003,0.0,0.0,-0.0009526602763867469,0.0009526602763866996,0.0,0.030855393567182133,0.0,0.0,0.0009526602763866996,-0.0009526602763867469,0.0,0.030855393567182133,0.0,0.0,0.03328847592623533,4.482086524149054e-08,265088.5960536444,113800.17016220465,884.3214256902575,265038.93230209145,113792.808330177,885.2334943023766
248,0.62,0.062,328.4243968719767,1.826604822126379,-0.9133024110547924,-0.9133024110547924,328.4243968719767,0.0,0.0,1.826604822126379,-0.9133024110547924,-0.9133024110547924,328.4243968719767,0.0,0.0,0.0,0.0019219999999999793,0.0,0.031,0.0,0.0,0.0,-0.0019219999999999793,0.0,0.031,0.0,0.0,-0.0009603847922790692,0.0009603847922790505,0.0,0.03098015458964739,0.0,0.0,0.0009603847922790505,-0.0009603847922790692,0.0,0.03098015458964739,0.0,0.0,0.03343122347870482,4.4509761210065335e-08,265092.54273415066,113798.34516225632,882.3118387799477,265042.6429800736,113790.9492796132,883.2251411910066
249,0.6225,0.06225000000000001,328.64473698406556,1.8290685373983715,-0.914534268690789,-0.914534268690789,328.64473698406556,0.0,0.0,1.8290685373983715,-0.914534268690789,-0.914534268690789,328.64473698406556,0.0,0.0,0.0,0.0019375312499999575,0.0,0.031125000000000003,0.0,0.0,0.0,-0.0019375312499999575,0.0,0.031125000000000003,0.0,0.0,-0.0009681404382765978,0.0009681404382765607,0.0,0.031104913679569305,0.0,0.0,0.0009681404382765607,-0.0009681404382765978,0.0,0.03110491367956931,0.0,0.0,0.03357397464383653,4.420064669830026e-08,265096.4764815165,113796.52675842964,880.3069506064348,265046.34052508144,113789.09680133124,881.2214848751211
250,0.625,0.0625,328.8645764701711,1.8315283715882522,-0.9157641857941262,-0.9157641857941262,328.8645764701711,0.0,0.0,1.8315283715882522,-0.9157641857941262,-0.9157641857941262,328.8645764701711,0.0,0.0,0.0,0.001953125,0.0,0.03125,0.0,0.0,0.0,-0.001953125,0.0,0.03125,0.0,0.0,-0.0009759272134123627,0.0009759272134123621,0.0,0.031229670829195533,0.0,0.0,0.0009759272134123621,-0.0009759272134123627,0.0,0.031229670829195533,0.0,0.0,0.033716729413183155,4.389386276670848e-08,265100.3973553601,113794.71492027446,878.3067506641964,265050.0249978156,113787.25086497885,879.222514849991
251,0.6275000000000001,0.06275000000000001,329.0839165010192,1.833984326189296,-0.9169921631030449,-0.9169921631030449,329.0839165010192,0.0,0.0,1.833984326189296,-0.9169921631030449,-0.9169921631030449,329.0839165010192,0.0,0.0,0.0,0.0019687812499999957,0.0,0.03137500000000001,0.0,0.0,0.0,-0.0019687812499999957,0.0,0.03137500000000001,0.0,0.0,-0.0009837451167155268,0.0009837451167155288,0.0,0.031354426030774096,0.0,0.0,0.0009837451167155288,-0.0009837451167155268,0.0,0.03135442603077409,0.0,0.0,0.0338594877783163,4.358923888503341e-08,265104.3054149383,113792.90961752344,876.3112284690869,265053.6964586125,113785.41144038567,877.2282206321739
252,0.63,0.063,329.30275824471755,1.8364364027812399,-0.9182182013906202,-0.9182182013906202,329.30275824471755,0.0,0.0,1.8364364027812399,-0.9182182013906202,-0.9182182013906202,329.30275824471755,0.0,0.0,0.0,0.0019845000000000557,0.0,0.0315,0.0,0.0,0.0,-0.0019845000000000557,0.0,0.0315,0.0,0.0,-0.0009915941472114398,0.0009915941472114955,0.0,0.03147917927655367,0.0,0.0,0.0009915941472113915,-0.0009915941472114385,0.0,0.03147917927655362,0.0,0.0,0.03400224973082639,4.328666136643733e-08,265108.2007191599,113791.11082008616,874.3203735579591,265057.3549674554,113783.57849755824,875.2385917593524
253,0.6325000000000001,0.06325000000000001,329.5211028667606,1.8388846029293606,-0.9194423014814768,-0.9194423014814768,329.5211028667606,0.0,0.0,1.8388846029293606,-0.9194423014814768,-0.9194423014814768,329.5211028667606,0.0,0.0,0.0,0.002000281249999958,0.0,0.03162500000000001,0.0,0.0,0.0,-0.002000281249999958,0.0,0.03162500000000001,0.0,0.0,-0.0009994743039215244,0.0009994743039214893,0.0,0.03160393055878322,0.0,0.0,0.0009994743039214893,-0.0009994743039215244,0.0,0.03160393055878322,0.0,0.0,0.034145015262322706,4.29861870543391e-08,265112.0833265775,113789.31849805251,872.3341754890134,265061.0005839666,113781.75200668295,873.2536177904913
254,0.635,0.0635,329.7389515300351,1.8413289283022032,-0.920664464142704,-0.920664464142704,329.7389515300351,0.0,0.0,1.8413289283022032,-0.920664464142704,-0.920664464142704,329.7389515300351,0.0,0.0,0.0,0.0020161250000000353,0.0,0.03175,0.0,0.0,0.0,-0.0020161250000000353,0.0,0.03175,0.0,0.0,-0.0010073855858633697,0.0010073855858634094,0.0,0.03172867986971247,0.0,0.0,0.0010073855858634094,-0.0010073855858633697,0.0,0.03172867986971247,0.0,0.0,0.03428778436443324,4.268787279215758e-08,265115.95329540205,113787.53262168638,870.3526238414779,265064.6333674221,113779.93193811987,871.2732883056078
255,0.6375000000000001,0.06375000000000001,329.95630539482534,1.8437693804866149,-0.9218846902265107,-0.9218846902265107,329.95630539482534,0.0,0.0,1.8437693804866149,-0.9218846902265107,-0.9218846902265107,329.95630539482534,0.0,0.0,0.0,0.002032031249999955,0.0,0.03187500000000001,0.0,0.0,0.0,-0.002032031249999955,0.0,0.03187500000000001,0.0,0.0,-0.0010153279920507214,0.0010153279920506791,0.0,0.03185342720159147,0.0,0.0,0.0010153279920506791,-0.0010153279920507214,0.0,0.03185342720159147,0.0,0.0,0.0344305570288048,4.2391548049636185e-08,265119.8106834914,113785.75316142976,868.3757082155353,265068.2533767419,113778.11826240661,869.297592905753
256,0.64,0.064,330.1731656188182,1.8462059611726849,-0.9231029805947413,-0.9231029805947413,330.1731656188182,0.0,0.0,1.8462059611726849,-0.9231029805947413,-0.9231029805947413,330.1731656188182,0.0,0.0,0.0,0.0020480000000000498,0.0,0.032,0.0,0.0,0.0,-0.0020480000000000498,0.0,0.032,0.0,0.0,-0.001023301521493467,0.0010233015214935175,0.0,0.0319781725466707,0.0,0.0,0.0010233015214935175,-0.001023301521493467,0.0,0.0319781725466707,0.0,0.0,0.0345733332471028,4.2097383357031504e-08,265123.65554836777,113783.98008789575,866.4034182326141,265071.8606705045,113776.31095025179,867.3265212132094
257,0.6425,0.06425,330.3895333571087,1.8486386720863603,-0.9243193360515801,-0.9243193360515801,330.3895333571087,0.0,0.0,1.8486386720863603,-0.9243193360515801,-0.9243193360515801,330.3895333571087,0.0,0.0,0.0,0.002064031249999987,0.0,0.032125,0.0,0.0,0.0,-0.002064031249999987,0.0,0.032125,0.0,0.0,-0.0010313061731975935,0.001031306173197578,0.0,0.03210291589720128,0.0,0.0,0.001031306173197578,-0.0010313061731975935,0.0,0.03210291589720128,0.0,0.0,0.03471611301101141,4.180520818408695e-08,265127.487947207,113782.21337187299,864.4357435350539,265075.4553069383,113774.50997253893,865.3600628711167
258,0.645,0.0645,330.60540976220494,1.851067514972805,-0.925533757486402,-0.925533757486402,330.60540976220494,0.0,0.0,1.851067514972805,-0.925533757486402,-0.925533757486402,330.60540976220494,0.0,0.0,0.0,0.0020801249999999882,0.0,0.03225,0.0,0.0,0.0,-0.0020801249999999882,0.0,0.03225,0.0,0.0,-0.0010393419461652747,0.0010393419461652538,0.0,0.03222765724543471,0.0,0.0,0.0010393419461652538,-0.0010393419461652747,0.0,0.03222765724543471,0.0,0.0,0.034858896312233344,4.1515022530802526e-08,265131.3079368516,113780.45298431936,862.4726737861929,265079.0373439329,113772.71530032072,863.3982075436954
259,0.6475,0.06475,330.8207959840338,1.8534924915794626,-0.926746245789732,-0.926746245789732,330.8207959840338,0.0,0.0,1.8534924915794626,-0.926746245789732,-0.926746245789732,330.8207959840338,0.0,0.0,0.0,0.002096281250000054,0.0,0.032375,0.0,0.0,0.0,-0.002096281250000054,0.0,0.032375,0.0,0.0,-0.0010474088393947964,0.0010474088393948417,0.0,0.03235239658362304,0.0,0.0,0.0010474088393948417,-0.0010474088393947964,0.0,0.03235239658362304,0.0,0.0,0.03500168314248994,4.122694008401595e-08,265135.11557380605,113778.69889636393,860.5141986703529,265082.60683903715,113770.92690482044,861.4409449161443
260,0.65,0.065,331.03569316994566,1.8559136036897002,-0.92795680185325,-0.92795680185325,331.03569316994566,0.0,0.0,1.8559136036897002,-0.92795680185325,-0.92795680185325,331.03569316994566,0.0,0.0,0.0,0.0021124999999999616,0.0,0.0325,0.0,0.0,0.0,-0.0021124999999999616,0.0,0.0325,0.0,0.0,-0.0010555068518806204,0.0010555068518805783,0.0,0.03247713390401894,0.0,0.0,0.0010555068518805783,-0.0010555068518806204,0.0,0.032477133904018934,0.0,0.0,0.03514447349352108,4.0940904000308365e-08,265138.9109142422,113776.95107930487,858.5603078926797,265086.1638494621,113769.14475743013,859.4882646945365
261,0.6525,0.06525,331.25010246472,1.8583308531731744,-0.9291654265697868,-0.9291654265697868,331.25010246472,0.0,0.0,1.8583308531731744,-0.9291654265697868,-0.9291654265697868,331.25010246472,0.0,0.0,0.0,0.0021287812500000447,0.0,0.032625,0.0,0.0,0.0,-0.0021287812500000447,0.0,0.032625,0.0,0.0,-0.0010636359826133126,0.00106363598261335,0.0,0.032601869198875276,0.0,0.0,0.00106363598261335,-0.0010636359826133126,0.0,0.032601869198875276,0.0,0.0,0.03528726735708514,4.0656743749423185e-08,265142.6940140027,113775.20950460751,856.6109911793756,265089.70843208453,113767.36882970878,857.5401566059397
262,0.655,0.0655,331.46402501057025,1.8607442418346236,-0.9303721209089117,-0.9303721209089117,331.46402501057025,0.0,0.0,1.8607442418346236,-0.9303721209089117,-0.9303721209089117,331.46402501057025,0.0,0.0,0.0,0.00214512499999997,0.0,0.03275,0.0,0.0,0.0,-0.00214512499999997,0.0,0.03275,0.0,0.0,-0.0010717962305795898,0.0010717962305795649,0.0,0.032726602460445696,0.0,0.0,0.0010717962305795649,-0.0010717962305795898,0.0,0.032726602460445696,0.0,0.0,0.035430064724958986,4.0374686705035856e-08,265146.46492860036,113773.4741439042,854.6662382773939,265093.24064344855,113765.59909338194,855.5966103982944
263,0.6575,0.06575,331.67746194714954,1.8631537715650643,-0.9315768857825328,-0.9315768857825328,331.67746194714954,0.0,0.0,1.8631537715650643,-0.9315768857825328,-0.9315768857825328,331.67746194714954,0.0,0.0,0.0,0.0021615312499999595,0.0,0.032875,0.0,0.0,0.0,-0.0021615312499999595,0.0,0.032875,0.0,0.0,-0.001079987594762366,0.0010799875947623161,0.0,0.0328513336809844,0.0,0.0,0.0010799875947623161,-0.001079987594762366,0.0,0.0328513336809844,0.0,0.0,0.0355728655889379,4.0094619180308655e-08,265150.22371322353,113771.74496899227,852.7260389544099,265096.7605397688,113763.83552033971,853.657615840194
264,0.66,0.066,331.8904144115553,1.8655594443081611,-0.9327797221456796,-0.9327797221456796,331.8904144115553,0.0,0.0,1.8655594443081611,-0.9327797221456796,-0.9327797221456796,331.8904144115553,0.0,0.0,0.0,0.0021780000000000133,0.0,0.033,0.0,0.0,0.0,-0.0021780000000000133,0.0,0.033,0.0,0.0,-0.001088210074140608,0.0010882100741406169,0.0,0.032976062852745736,0.0,0.0,0.0010882100741406169,-0.001088210074140608,0.0,0.032976062852745736,0.0,0.0,0.035715669940835575,3.981631380156614e-08,265153.9704227374,113770.02195183323,850.7903829991119,265100.26817693154,113762.07808263625,851.7231627212643
265,0.6625,0.06625,332.10288353833494,1.8679612619594217,-0.9339806309881125,-0.9339806309881125,332.10288353833494,0.0,0.0,1.8679612619594217,-0.9339806309881125,-0.9339806309881125,332.10288353833494,0.0,0.0,0.0,0.0021945312500000203,0.0,0.033125,0.0,0.0,0.0,-0.0021945312500000203,0.0,0.033125,0.0,0.0,-0.001096463667689528,0.0010964636676894924,0.0,0.03310078996798491,0.0,0.0,0.0010964636676894924,-0.001096463667689528,0.0,0.03310078996798491,0.0,0.0,0.035858477772484056,3.954011162932147e-08,265157.7051116856,113768.3050645514,848.8592602208519,265103.76361049886,113760.32675248789,849.7932408518382
266,0.665,0.0665,332.31487045949075,1.8703592265341933,-0.9351796132586953,-0.9351796132586953,332.31487045949075,0.0,0.0,1.8703592265341933,-0.9351796132586953,-0.9351796132586953,332.31487045949075,0.0,0.0,0.0,0.0022111249999999805,0.0,0.03325,0.0,0.0,0.0,-0.0022111249999999805,0.0,0.03325,0.0,0.0,-0.0011047483743803124,0.0011047483743803358,0.0,0.03322551501895761,0.0,0.0,0.0011047483743803358,-0.0011047483743803124,0.0,0.03322551501895761,0.0,0.0,0.03600128907573372,3.926578528989921e-08,265161.42783429404,113766.59427943297,846.9326604496455,265107.24689570925,113758.5815022727,847.8678400629016
267,0.6675,0.06675,332.52637630448527,1.8727533399828276,-0.9363766699914136,-0.9363766699914136,332.52637630448527,0.0,0.0,1.8727533399828276,-0.9363766699914136,-0.9363766699914136,332.52637630448527,0.0,0.0,0.0,0.002227781250000005,0.0,0.033375,0.0,0.0,0.0,-0.002227781250000005,0.0,0.033375,0.0,0.0,-0.0011130641931805679,0.0011130641931805705,0.0,0.0333502379979197,0.0,0.0,0.0011130641931805705,-0.0011130641931805679,0.0,0.0333502379979197,0.0,0.0,0.03614410384245321,3.899339162671822e-08,265165.13864447136,113764.88956892457,845.010573536274,265110.7180874811,113756.84230452872,845.9469502062706
268,0.67,0.067,332.7374022002462,1.8751436043250804,-0.9375718021793454,-0.9375718021793454,332.7374022002462,0.0,0.0,1.8751436043250804,-0.9375718021793454,-0.9375718021793454,332.7374022002462,0.0,0.0,0.0,0.0022444999999999826,0.0,0.0335,0.0,0.0,0.0,-0.0022444999999999826,0.0,0.0335,0.0,0.0,-0.0011214111230537893,0.0011214111230537682,0.0,0.03347495889712801,0.0,0.0,0.0011214111230537682,-0.0011214111230537893,0.0,0.03347495889712801,0.0,0.0,0.03628692206452944,3.8722873796359636e-08,265168.8375958128,113763.19090563229,843.0929893522116,265114.17724041466,113755.10913195301,844.0305611543943
269,0.6725,0.06725,332.9479492711718,1.8775300216669253,-0.9387650108418653,-0.9387650108418653,332.9479492711718,0.0,0.0,1.8775300216669253,-0.9387650108418653,-0.9387650108418653,332.9479492711718,0.0,0.0,0.0,0.0022612812500000246,0.0,0.033625,0.0,0.0,0.0,-0.0022612812500000246,0.0,0.033625,0.0,0.0,-0.0011297891629597394,0.0011297891629597576,0.0,0.03359967770883956,0.0,0.0,0.0011297891629597576,-0.0011297891629597394,0.0,0.03359967770883956,0.0,0.0,0.03642974373386751,3.845428864224232e-08,265172.524741603,113761.49826232021,841.1798977894505,265117.624408794,113753.38195740065,842.1186628003074
270,0.675,0.0675,333.15801863913606,1.8799125940324792,-0.9399562970162391,-0.9399562970162391,333.15801863913606,0.0,0.0,1.8799125940324792,-0.9399562970162391,-0.9399562970162391,333.15801863913606,0.0,0.0,0.0,0.0022781250000000197,0.0,0.03375,0.0,0.0,0.0,-0.0022781250000000197,0.0,0.03375,0.0,0.0,-0.00113819831185429,0.0011381983118543017,0.0,0.033724394425312186,0.0,0.0,0.0011381983118543017,-0.00113819831185429,0.0,0.03372439442531219,0.0,0.0,0.03657256884239071,3.818757932094741e-08,265176.2001348154,113759.81161190987,839.2712887607777,265121.05964659044,113751.66075388329,840.2112450577974
271,0.6775,0.06775,333.3676114234935,1.8822913235488428,-0.9411456617744218,-0.9411456617744218,333.3676114234935,0.0,0.0,1.8822913235488428,-0.9411456617744218,-0.9411456617744218,333.3676114234935,0.0,0.0,0.0,0.002295031249999968,0.0,0.033875,0.0,0.0,0.0,-0.002295031249999968,0.0,0.033875,0.0,0.0,-0.0011466385686894945,0.0011466385686894436,0.0,0.033849109038803955,0.0,0.0,0.0011466385686894436,-0.0011466385686894945,0.0,0.033849109038803955,0.0,0.0,0.036715397382040466,3.792268898905604e-08,265179.8638281177,113758.13092747843,837.3671521993529,265124.4830074628,113749.94549456835,838.3082978611226
272,0.68,0.068,333.5767287410848,1.8846662123284674,-0.9423331061642328,-0.9423331061642328,333.5767287410848,0.0,0.0,1.8846662123284674,-0.9423331061642328,-0.9423331061642328,333.5767287410848,0.0,0.0,0.0,0.0023119999999999807,0.0,0.034,0.0,0.0,0.0,-0.0023119999999999807,0.0,0.034,0.0,0.0,-0.0011551099324134926,0.0011551099324134785,0.0,0.033973821541573385,0.0,0.0,0.0011551099324134785,-0.0011551099324134926,0.0,0.033973821541573385,0.0,0.0,0.03685822934477629,3.76595039597305e-08,265183.5158738718,113756.45618225826,835.4674780589849,265127.8945447617,113748.23615277774,836.4098111651414
273,0.6825,0.06825,333.78537170624173,1.8870372625531457,-0.9435186312597659,-0.9435186312597659,333.78537170624173,0.0,0.0,1.8870372625531457,-0.9435186312597659,-0.9435186312597659,333.78537170624173,0.0,0.0,0.0,0.0023290312499999466,0.0,0.034125,0.0,0.0,0.0,-0.0023290312499999466,0.0,0.034125,0.0,0.0,-0.001163612401970665,0.0011636124019706116,0.0,0.034098531925880145,0.0,0.0,0.0011636124019706116,-0.001163612401970665,0.0,0.03409853192588015,0.0,0.0,0.03700106472257577,3.739853582374053e-08,265187.1563241377,113754.78734963514,833.5722563138988,265131.29431153066,113746.53270198667,834.515774945149
274,0.685,0.0685,333.9935414307918,1.8894044763900104,-0.9447022381866007,-0.9447022381866007,333.9935414307918,0.0,0.0,1.8894044763900104,-0.9447022381866007,-0.9447022381866007,333.9935414307918,0.0,0.0,0.0,0.0023461249999999767,0.0,0.03425,0.0,0.0,0.0,-0.0023461249999999767,0.0,0.03425,0.0,0.0,-0.0011721459763014608,0.0011721459763013925,0.0,0.03422324018398363,0.0,0.0,0.0011721459763013925,-0.0011721459763014608,0.0,0.03422324018398363,0.0,0.0,0.03714390350743451,3.713898877322208e-08,265190.7852306751,113753.12440314725,831.6814769589109,265134.6823605089,113744.83511582241,832.626179197095
275,0.6875,0.06875,334.2012390240644,1.8917678560586877,-0.9458839280377473,-0.9458839280377473,334.2012390240644,0.0,0.0,1.8917678560586877,-0.9458839280377473,-0.9458839280377473,334.2012390240644,0.0,0.0,0.0,0.00236328124999996,0.0,0.034375,0.0,0.0,0.0,-0.00236328124999996,0.0,0.034375,0.0,0.0,-0.0011807106543424793,0.0011807106543424214,0.0,0.034347946308144514,0.0,0.0,0.0011807106543424214,-0.0011807106543424793,0.0,0.034347946308144514,0.0,0.0,0.03728674569136611,3.688154492920148e-08,265194.402644944,113751.46731648501,829.79513000921,265138.058744132,113743.14336806406,830.74101393724
276,0.6900000000000001,0.069,334.4084655928948,1.8941274037977227,-0.9470637019156711,-0.9470637019156711,334.4084655928948,0.0,0.0,1.8941274037977227,-0.9470637019156711,-0.9470637019156711,334.4084655928948,0.0,0.0,0.0,0.0023805000000000076,0.0,0.0345,0.0,0.0,0.0,-0.0023805000000000076,0.0,0.0345,0.0,0.0,-0.0011893064350265113,0.0011893064350265033,0.0,0.03447265029062321,0.0,0.0,0.0011893064350265033,-0.0011893064350265113,0.0,0.03447265029062321,0.0,0.0,0.03742959126640212,3.6625635857490124e-08,265198.0086181098,113749.81606348882,827.9132055003865,265141.4235145368,113741.45743264027,828.8602692023084
277,0.6925,0.06925,334.61522224163014,1.8964831218981781,-0.9482415609490892,-0.9482415609490892,334.61522224163014,0.0,0.0,1.8964831218981781,-0.9482415609490892,-0.9482415609490892,334.61522224163014,0.0,0.0,0.0,0.0023977812500000084,0.0,0.034625,0.0,0.0,0.0,-0.0023977812500000084,0.0,0.034625,0.0,0.0,-0.0011979333172824588,0.0011979333172824637,0.0,0.0345973521236812,0.0,0.0,0.0011979333172824637,-0.0011979333172824588,0.0,0.0345973521236812,0.0,0.0,0.037572440224591996,3.6371716305438895e-08,265201.60320104356,113748.17061814823,826.0356934884621,265144.7767235611,113739.7772836287,826.9839350494278
278,0.6950000000000001,0.0695,334.8215100721339,1.898835012619534,-0.9494175063097675,-0.9494175063097675,334.8215100721339,0.0,0.0,1.898835012619534,-0.9494175063097675,-0.9494175063097675,334.8215100721339,0.0,0.0,0.0,0.0024151249999999624,0.0,0.03475,0.0,0.0,0.0,-0.0024151249999999624,0.0,0.03475,0.0,0.0,-0.0012065913000354133,0.0012065913000353777,0.0,0.034722051799580475,0.0,0.0,0.0012065913000353777,-0.0012065913000354133,0.0,0.034722051799580475,0.0,0.0,0.03771529255800309,3.611950205595349e-08,265205.1864443233,113746.5309546019,824.1625840497873,265148.1184227464,113738.10289525568,825.11200155608
279,0.6975,0.06975,335.0273301837914,1.9011830782737928,-0.950591539136896,-0.950591539136896,335.0273301837914,0.0,0.0,1.9011830782737928,-0.950591539136896,-0.950591539136896,335.0273301837914,0.0,0.0,0.0,0.0024325312499999807,0.0,0.034875,0.0,0.0,0.0,-0.0024325312499999807,0.0,0.034875,0.0,0.0,-0.0012152803822065958,0.001215280382206572,0.0,0.03484674931058347,0.0,0.0,0.001215280382206572,-0.0012152803822065958,0.0,0.03484674931058347,0.0,0.0,0.03785814825872058,3.586904995245277e-08,265208.75839823845,113744.89704713471,822.2938672808959,265151.4486633415,113736.4342418933,823.2444588200336
280,0.7000000000000001,0.07,335.2326836735144,1.9035273212253876,-0.9517636606210998,-0.9517636606210998,335.2326836735144,0.0,0.0,1.9035273212253876,-0.9517636606210998,-0.9517636606210998,335.2326836735144,0.0,0.0,0.0,0.002449999999999952,0.0,0.035,0.0,0.0,0.0,-0.002449999999999952,0.0,0.035,0.0,0.0,-0.0012240005627133697,0.0012240005627133226,0.0,0.03497144464895311,0.0,0.0,0.0012240005627133226,-0.0012240005627133697,0.0,0.03497144464895311,0.0,0.0,0.03800100731884746,3.562018946468015e-08,265212.31911279017,113743.26887017858,820.429533298884,265154.7674963019,113734.77129806069,821.3812969595107
281,0.7025,0.07025,335.4375716357469,1.9058677438239964,-0.9529338719119983,-0.9529338719119983,335.4375716357469,0.0,0.0,1.9058677438239964,-0.9529338719119983,-0.9529338719119983,335.4375716357469,0.0,0.0,0.0,0.002467531249999988,0.0,0.035125,0.0,0.0,0.0,-0.002467531249999988,0.0,0.035125,0.0,0.0,-0.0012327518404692173,0.0012327518404692025,0.0,0.03509613780695288,0.0,0.0,0.0012327518404692025,-0.0012327518404692173,0.0,0.03509613780695288,0.0,0.0,0.03814386973050448,3.537320480972994e-08,265215.86863769364,113741.64639831043,818.5695722407982,265158.07497229415,113733.11403842119,819.5225061127152
282,0.705,0.0705,335.6419951624696,1.9082043484885576,-0.9541021742274663,-0.9541021742274663,335.6419951624696,0.0,0.0,1.9082043484885576,-0.9541021742274663,-0.9541021742274663,335.6419951624696,0.0,0.0,0.0,0.002485124999999977,0.0,0.03525,0.0,0.0,0.0,-0.002485124999999977,0.0,0.03525,0.0,0.0,-0.0012415342143838467,0.0012415342143838259,0.0,0.035220828776846805,0.0,0.0,0.0012415342143838259,-0.0012415342143838467,0.0,0.0352208287768468,0.0,0.0,0.03828673548583013,3.512820967443986e-08,265219.4070223818,113740.02960625083,816.7139742640284,265161.37114169716,113731.46243778194,817.6680764382614
283,0.7075,0.07075000000000001,335.8459553432047,1.9105371376063627,-0.9552685688031811,-0.9552685688031811,335.8459553432047,0.0,0.0,1.9105371376063627,-0.9552685688031811,-0.9552685688031811,335.8459553432047,0.0,0.0,0.0,0.00250278125000003,0.0,0.035375000000000004,0.0,0.0,0.0,-0.00250278125000003,0.0,0.035375000000000004,0.0,0.0,-0.001250347683363078,0.0012503476833631063,0.0,0.03534551755089959,0.0,0.0,0.0012503476833631063,-0.001250347683363078,0.0,0.03534551755089959,0.0,0.0,0.038429604576980615,3.4884635624621296e-08,265222.93431600323,113738.41846886436,814.8627295463084,265164.656054603,113729.81647109355,815.8179981151034
284,0.71,0.071,336.0494532650219,1.912866113634001,-0.9564330568170005,-0.9564330568170005,336.0494532650219,0.0,0.0,1.912866113634001,-0.9564330568170005,-0.9564330568170005,336.0494532650219,0.0,0.0,0.0,0.0025205000000000366,0.0,0.0355,0.0,0.0,0.0,-0.0025205000000000366,0.0,0.0355,0.0,0.0,-0.0012591922463088697,0.0012591922463088907,0.0,0.035470204121376386,0.0,0.0,0.0012591922463088907,-0.0012591922463088697,0.0,0.035470204121376386,0.0,0.0,0.038572476996129756,3.464276687736856e-08,265226.45056743076,113736.81296115639,813.0158282852208,265167.92976082326,113728.1761134469,813.9722613420385
285,0.7125,0.07125000000000001,336.25249001254275,1.915191279046772,-0.9575956395149792,-0.9575956395149792,336.25249001254275,0.0,0.0,1.915191279046772,-0.9575956395149792,-0.9575956395149792,336.25249001254275,0.0,0.0,0.0,0.0025382812499999963,0.0,0.035625000000000004,0.0,0.0,0.0,-0.0025382812499999963,0.0,0.035625000000000004,0.0,0.0,-0.0012680679021193448,0.0012680679021193242,0.0,0.035594888480542757,0.0,0.0,0.0012680679021193242,-0.0012680679021193448,0.0,0.035594888480542757,0.0,0.0,0.03871535273546905,3.4402603432681644e-08,265229.9558252551,113735.21305827529,811.1732606986916,265171.1923098829,113726.54134007583,812.1308563381976
286,0.715,0.0715,336.45506666794574,1.9175126362884058,-0.9587563181610178,-0.9587563181610178,336.45506666794574,0.0,0.0,1.9175126362884058,-0.9587563181610178,-0.9587563181610178,336.45506666794574,0.0,0.0,0.0,0.00255612500000002,0.0,0.03575,0.0,0.0,0.0,-0.00255612500000002,0.0,0.03575,0.0,0.0,-0.001276974649688765,0.0012769746496887886,0.0,0.03571957062066488,0.0,0.0,0.0012769746496887886,-0.001276974649688765,0.0,0.03571957062066488,0.0,0.0,0.03885823178720752,3.4164088447141694e-08,265233.4501377952,113733.61873550742,809.3350170246558,265174.44375103276,113724.91212635156,810.2937733428106
287,0.7175,0.07175000000000001,336.65718431097133,1.919830187955822,-0.959915093977911,-0.959915093977911,336.65718431097133,0.0,0.0,1.919830187955822,-0.959915093977911,-0.959915093977911,336.65718431097133,0.0,0.0,0.0,0.0025740312499999973,0.0,0.035875000000000004,0.0,0.0,0.0,-0.0025740312499999973,0.0,0.035875000000000004,0.0,0.0,-0.0012859124879075977,0.0012859124879075956,0.0,0.03584425053400985,0.0,0.0,0.0012859124879075956,-0.0012859124879075977,0.0,0.03584425053400985,0.0,0.0,0.03900111414357181,3.392722192074871e-08,265236.9335530938,113732.02996828029,807.5010875211301,265177.6841332406,113723.28844778656,808.461002615102
288,0.72,0.072,336.8588440189272,1.922143936513453,-0.961071968273542,-0.961071968273542,336.8588440189272,0.0,0.0,1.922143936513453,-0.961071968273542,-0.961071968273542,336.8588440189272,0.0,0.0,0.0,0.0025920000000000387,0.0,0.036,0.0,0.0,0.0,-0.0025920000000000387,0.0,0.036,0.0,0.0,-0.0012948814156624102,0.0012948814156624499,0.0,0.03596892821284477,0.0,0.0,0.0012948814156624499,-0.0012948814156624102,0.0,0.03596892821284477,0.0,0.0,0.039143999796806016,3.3692060696921544e-08,265240.40611892374,113730.44673215761,805.6714624661108,265180.9135052035,113721.67028002873,806.6325344343892
289,0.7225,0.07225000000000001,337.060046866693,1.9244538845789145,-0.9622269422978647,-0.9622269422978647,337.060046866693,0.0,0.0,1.9244538845789145,-0.9622269422978647,-0.9622269422978647,337.060046866693,0.0,0.0,0.0,0.0026100312500000333,0.0,0.036125000000000004,0.0,0.0,0.0,-0.0026100312500000333,0.0,0.036125000000000004,0.0,0.0,-0.001303881431835912,0.0013038814318359975,0.0,0.03609360364943772,0.0,0.0,0.0013038814318359975,-0.001303881431835912,0.0,0.03609360364943772,0.0,0.0,0.039286888739171764,3.3458661619079066e-08,265243.8678827858,113728.8690028423,803.8461321576615,265184.13191534,113720.05759886515,804.8083590999548
290,0.725,0.0725,337.26079392672534,1.926760034738188,-0.9633800173522773,-0.9633800173522773,337.26079392672534,0.0,0.0,1.926760034738188,-0.9633800173522773,-0.9633800173522773,337.26079392672534,0.0,0.0,0.0,0.002628124999999981,0.0,0.03625,0.0,0.0,0.0,-0.002628124999999981,0.0,0.03625,0.0,0.0,-0.0013129125353070678,0.0013129125353070553,0.0,0.03621827683605704,0.0,0.0,0.0013129125353070553,-0.0013129125353070678,0.0,0.03621827683605704,0.0,0.0,0.03942978096294808,3.322674047012697e-08,265247.3188919161,113727.29675617136,802.0250869137817,265187.3394118011,113718.45038021661,802.9884669311319
291,0.7275,0.07275000000000001,337.46108626906295,1.9290623895622752,-0.9645311947727297,-0.9645311947727297,337.46108626906295,0.0,0.0,1.9290623895622752,-0.9645311947727297,-0.9645311947727297,337.46108626906295,0.0,0.0,0.0,0.0026462812499999933,0.0,0.036375000000000005,0.0,0.0,0.0,-0.0026462812499999933,0.0,0.036375000000000005,0.0,0.0,-0.0013219747249508561,0.0013219747249508407,0.0,0.03634294776497186,0.0,0.0,0.0013219747249508407,-0.0013219747249508561,0.0,0.036342947764971864,0.0,0.0,0.03957267646043144,3.2996354093484115e-08,265250.7591932805,113725.72996811914,800.2083170723927,265190.5360424644,113716.84860014082,801.1728482671693
292,0.73,0.073,337.6609249613316,1.9313609517250363,-0.9656804758457008,-0.9656804758457008,337.6609249613316,0.0,0.0,1.9313609517250363,-0.9656804758457008,-0.9656804758457008,337.6609249613316,0.0,0.0,0.0,0.0026644999999999586,0.0,0.0365,0.0,0.0,0.0,-0.0026644999999999586,0.0,0.0365,0.0,0.0,-0.0013310679996384669,0.0013310679996384393,0.0,0.036467616428451435,0.0,0.0,0.0013310679996384393,-0.0013310679996384669,0.0,0.036467616428451435,0.0,0.0,0.03971557522393564,3.276790039308253e-08,265254.1888335849,113724.16861479249,798.395812991279,265193.72185494186,113715.25223482777,799.3614934671198
293,0.7325,0.07325000000000001,337.86031106874884,1.9336557238516965,-0.9668278619426661,-0.9668278619426661,337.86031106874884,0.0,0.0,1.9336557238516965,-0.9668278619426661,-0.9668278619426661,337.86031106874884,0.0,0.0,0.0,0.002682781249999988,0.0,0.036625000000000005,0.0,0.0,0.0,-0.002682781249999988,0.0,0.036625000000000005,0.0,0.0,-0.0013401923582373556,0.0013401923582372858,0.0,0.03659228281876649,0.0,0.0,0.0013401923582372858,-0.0013401923582373556,0.0,0.036592282818766496,0.0,0.0,0.03985847724579187,3.254075409131474e-08,265257.607859269,113722.61267243334,796.5875650481757,265196.896896577,113713.66126060225,797.5543929101194
294,0.735,0.0735,338.0592456541295,1.9359467086871474,-0.9679733543267546,-0.9679733543267546,338.0592456541295,0.0,0.0,1.9359467086871474,-0.9679733543267546,-0.9679733543267546,338.0592456541295,0.0,0.0,0.0,0.002701124999999971,0.0,0.03675,0.0,0.0,0.0,-0.002701124999999971,0.0,0.03675,0.0,0.0,-0.0013493477996108863,0.0013493477996108546,0.0,0.03671694692818729,0.0,0.0,0.0013493477996108546,-0.0013493477996108863,0.0,0.03671694692818729,0.0,0.0,0.04000138251834856,3.231514256185619e-08,265261.0163165166,113721.06211741426,794.7835636405653,265200.06121445156,113712.0756539192,795.7515369948846
295,0.7375,0.07375000000000001,338.25772977789,1.9382339088771525,-0.9691169544301664,-0.9691169544301664,338.25772977789,0.0,0.0,1.9382339088771525,-0.9691169544301664,-0.9691169544301664,338.25772977789,0.0,0.0,0.0,0.002719531250000018,0.0,0.036875000000000005,0.0,0.0,0.0,-0.002719531250000018,0.0,0.036875000000000005,0.0,0.0,-0.0013585343226188297,0.0013585343226188529,0.0,0.036841608748985344,0.0,0.0,0.0013585343226188529,-0.0013585343226188297,0.0,0.036841608748985344,0.0,0.0,0.04014429103397147,3.209129317838233e-08,265264.4142512475,113719.51692624137,792.983799185793,265203.2148553815,113710.49539136703,793.9529161402344
296,0.74,0.074,338.4557644980537,1.9405173271535023,-0.9702586635851609,-0.9702586635851609,338.4557644980537,0.0,0.0,1.9405173271535023,-0.9702586635851609,-0.9702586635851609,338.4557644980537,0.0,0.0,0.0,0.002738000000000018,0.0,0.037,0.0,0.0,0.0,-0.002738000000000018,0.0,0.037,0.0,0.0,-0.0013677519261170179,0.0013677519261169906,0.0,0.036966268273432315,0.0,0.0,0.0013677519261169906,-0.0013677519261170179,0.0,0.036966268273432315,0.0,0.0,0.04028720278504352,3.186903541063657e-08,265267.8017091294,113717.9770755494,791.1882621209661,265206.35786592634,113708.92044966217,792.1585207845347
297,0.7425,0.07425000000000001,338.65335087025585,1.942796966300189,-0.9713984831500939,-0.9713984831500939,338.65335087025585,0.0,0.0,1.942796966300189,-0.9713984831500939,-0.9713984831500939,338.65335087025585,0.0,0.0,0.0,0.0027565312499999717,0.0,0.037125000000000005,0.0,0.0,0.0,-0.0027565312499999717,0.0,0.037125000000000005,0.0,0.0,-0.0013770006089573548,0.0013770006089573244,0.0,0.037090925493800886,0.0,0.0,0.0013770006089573244,-0.0013770006089573548,0.0,0.037090925493800886,0.0,0.0,0.04043011776396488,3.164819872836233e-08,265271.17873557104,113716.44254210485,789.3969429028366,265209.4902923815,113707.35080565276,790.3683413859925
298,0.745,0.0745,338.8504899477483,1.945072829052665,-0.9725364145179218,-0.9725364145179218,338.8504899477483,0.0,0.0,1.945072829052665,-0.9725364145179218,-0.9725364145179218,338.8504899477483,0.0,0.0,0.0,0.0027751249999999894,0.0,0.03725,0.0,0.0,0.0,-0.0027751249999999894,0.0,0.03725,0.0,0.0,-0.0013862803699880488,0.0013862803699880473,0.0,0.03721558040236374,0.0,0.0,0.0013862803699880473,-0.0013862803699880488,0.0,0.03721558040236374,0.0,0.0,0.04057303596315283,3.1428896818397334e-08,265274.54537573183,113714.91330280094,787.6098320080346,265212.612180791,113705.78643631308,788.5823684225749
299,0.7475,0.07475000000000001,339.04718278140456,1.9473449182322002,-0.97367245910769,-0.97367245910769,339.04718278140456,0.0,0.0,1.9473449182322002,-0.97367245910769,-0.97367245910769,339.04718278140456,0.0,0.0,0.0,0.0027937812499999604,0.0,0.037375000000000005,0.0,0.0,0.0,-0.0027937812499999604,0.0,0.037375000000000005,0.0,0.0,-0.0013955912080533684,0.0013955912080533383,0.0,0.03734023299139471,0.0,0.0,0.0013955912080533383,-0.0013955912080533684,0.0,0.03734023299139471,0.0,0.0,0.04071595737504182,3.121118652416044e-08,265277.9016745157,113713.3893346609,785.826919932806,265215.7235769377,113704.22731874752,786.800592391904
300,0.75,0.07500000000000001,339.2434304197246,1.9496132366451486,-0.974806618314163,-0.974806618314163,339.2434304197246,0.0,0.0,1.9496132366451486,-0.974806618314163,-0.974806618314163,339.2434304197246,0.0,0.0,0.0,0.0028124999999999956,0.0,0.037500000000000006,0.0,0.0,0.0,-0.0028124999999999956,0.0,0.037500000000000006,0.0,0.0,-0.001404933121993797,0.0014049331219937833,0.0,0.03746488325316801,0.0,0.0,0.0014049331219937833,-0.001404933121993797,0.0,0.03746488325316802,0.0,0.0,0.04085888199208335,3.0994954158813925e-08,265281.24767658097,113711.8706148329,784.048197192853,265218.82452635665,113702.67343018475,785.0230038111742
301,0.7525000000000001,0.07525000000000001,339.43923390884,1.9518777871163846,-0.9759388935581915,-0.9759388935581915,339.43923390884,0.0,0.0,1.9518777871163846,-0.9759388935581915,-0.9759388935581915,339.43923390884,0.0,0.0,0.0,0.002831281249999984,0.0,0.037625000000000006,0.0,0.0,0.0,-0.002831281249999984,0.0,0.037625000000000006,0.0,0.0,-0.0014143061106459205,0.0014143061106459045,0.0,0.037589531179958044,0.0,0.0,0.0014143061106459045,-0.0014143061106459205,0.0,0.03758953117995804,0.0,0.0,0.041001809806746,3.0780256565776654e-08,265284.5834263338,113710.35712059322,782.2736543237988,265221.9150743262,113701.1247479813,783.2495932173526
302,0.755,0.07550000000000001,339.63459429251856,1.9541385725062597,-0.9770692862699528,-0.9770692862699528,339.63459429251856,0.0,0.0,1.9541385725062597,-0.9770692862699528,-0.9770692862699528,339.63459429251856,0.0,0.0,0.0,0.0028501250000000367,0.0,0.037750000000000006,0.0,0.0,0.0,-0.0028501250000000367,0.0,0.037750000000000006,0.0,0.0,-0.0014237101728425288,0.0014237101728425544,0.0,0.037714176764040354,0.0,0.0,0.0014237101728425544,-0.0014237101728425288,0.0,0.037714176764040354,0.0,0.0,0.041144740811515326,3.056703690162976e-08,265287.90896793705,113708.8488293422,780.5032818806067,265224.9952658781,113699.58124961746,781.4803511668804
303,0.7575000000000001,0.07575000000000001,339.8295126121694,1.9563955957441646,-0.978197797880495,-0.978197797880495,339.8295126121694,0.0,0.0,1.9563955957441646,-0.978197797880495,-0.978197797880495,339.8295126121694,0.0,0.0,0.0,0.0028690312500000426,0.0,0.037875000000000006,0.0,0.0,0.0,-0.0028690312500000426,0.0,0.037875000000000006,0.0,0.0,-0.0014331453074125236,0.0014331453074125755,0.0,0.03783881999769063,0.0,0.0,0.0014331453074125755,-0.0014331453074125236,0.0,0.03783881999769063,0.0,0.0,0.04128767499889391,3.035518147953553e-08,265291.22434530855,113707.34571860496,778.7370704379573,265228.06514579343,113698.04291269828,779.7152682358449
304,0.76,0.07600000000000001,340.02398990684804,1.958648859677145,-0.9793244298385733,-0.9793244298385733,340.02398990684804,0.0,0.0,1.958648859677145,-0.9793244298385733,-0.9793244298385733,340.02398990684804,0.0,0.0,0.0,0.0028880000000000017,0.0,0.038000000000000006,0.0,0.0,0.0,-0.0028880000000000017,0.0,0.038000000000000006,0.0,0.0,-0.0014426115131810672,0.0014426115131810587,0.0,0.03796346087318575,0.0,0.0,0.0014426115131810587,-0.0014426115131810672,0.0,0.03796346087318575,0.0,0.0,0.04143061236140125,3.0145031360007124e-08,265294.5296021219,113705.84776603049,776.9750105899002,265231.1247586085,113696.50971495181,777.9543350197407
305,0.7625000000000001,0.07625000000000001,340.2180272132603,1.960898367254922,-0.9804491836442863,-0.9804491836442863,340.2180272132603,0.0,0.0,1.960898367254922,-0.9804491836442863,-0.9804491836442863,340.2180272132603,0.0,0.0,0.0,0.002907031250000025,0.0,0.038125000000000006,0.0,0.0,0.0,-0.002907031250000025,0.0,0.038125000000000006,0.0,0.0,-0.001452108788969346,0.0014521087889693641,0.0,0.03808809938280237,0.0,0.0,0.0014521087889693641,-0.001452108788969346,0.0,0.03808809938280237,0.0,0.0,0.04157355289157376,2.993630232595024e-08,265297.82478181133,113704.35494938988,775.2170929499989,265234.17414861335,113694.98163422856,776.197542133647
306,0.765,0.07650000000000001,340.4116255657685,1.9631441214289553,-0.9815720607144773,-0.9815720607144773,340.4116255657685,0.0,0.0,1.9631441214289553,-0.9815720607144773,-0.9815720607144773,340.4116255657685,0.0,0.0,0.0,0.0029261250000000016,0.0,0.038250000000000006,0.0,0.0,0.0,-0.0029261250000000016,0.0,0.038250000000000006,0.0,0.0,-0.001461637133594819,0.0014616371335948112,0.0,0.03821273551881845,0.0,0.0,0.0014616371335948112,-0.001461637133594819,0.0,0.038212735518818444,0.0,0.0,0.04171649658196474,2.972888069052715e-08,265301.1099275698,113702.86724657692,773.4633081514185,265237.2133598549,113693.45864850085,774.4448802121268
307,0.7675000000000001,0.07675000000000001,340.6047859963955,1.9653861251355986,-0.982693062576213,-0.982693062576213,340.6047859963955,0.0,0.0,1.9653861251355986,-0.982693062576213,-0.982693062576213,340.6047859963955,0.0,0.0,0.0,0.0029452812500000425,0.0,0.038375000000000006,0.0,0.0,0.0,-0.0029452812500000425,0.0,0.038375000000000006,0.0,0.0,-0.0014711965458710286,0.0014711965458710603,0.0,0.03833736927351199,0.0,0.0,0.0014711965458710603,-0.0014711965458710286,0.0,0.03833736927351198,0.0,0.0,0.041859443425144326,2.9523107514251024e-08,265304.38508235326,113701.384635606,771.7136468465178,265240.2424361393,113691.9407358616,772.6963399090927
308,0.77,0.07700000000000001,340.7975095348297,1.9676243813802357,-0.9838121906985312,-0.9838121906985312,340.7975095348297,0.0,0.0,1.9676243813802357,-0.9838121906985312,-0.9838121906985312,340.7975095348297,0.0,0.0,0.0,0.0029645000000000366,0.0,0.038500000000000006,0.0,0.0,0.0,-0.0029645000000000366,0.0,0.038500000000000006,0.0,0.0,-0.0014807870246077144,0.0014807870246077632,0.0,0.03846200063916184,0.0,0.0,0.0014807870246077632,-0.0014807870246077144,0.0,0.03846200063916184,0.0,0.0,0.042002393413699456,2.9318641736608697e-08,265307.65028888156,113699.90709461176,769.9680997072137,265243.2614210321,113690.42787452364,770.9519118979163
309,0.7725,0.07725,340.98979720842993,1.9698588931867722,-0.9849294465849723,-0.9849294465849723,340.98979720842993,0.0,0.0,1.9698588931867722,-0.9849294465849723,-0.9849294465849723,340.98979720842993,0.0,0.0,0.0,0.002983781249999984,0.0,0.038625,0.0,0.0,0.0,-0.002983781249999984,0.0,0.038625,0.0,0.0,-0.0014904085686108359,0.0014904085686108259,0.0,0.03858662960804763,0.0,0.0,0.0014904085686108259,-0.0014904085686108359,0.0,0.03858662960804763,0.0,0.0,0.04214534654023384,2.9115767574694473e-08,265310.9055896405,113698.43460184807,768.2266574246896,265246.2703578608,113688.92004281878,769.211586871285
310,0.775,0.07750000000000001,341.18165004223016,1.9720896635471237,-0.986044831781975,-0.986044831781975,341.18165004223016,0.0,0.0,1.9720896635471237,-0.986044831781975,-0.986044831781975,341.18165004223016,0.0,0.0,0.0,0.0030031249999999954,0.0,0.03875000000000001,0.0,0.0,0.0,-0.0030031249999999954,0.0,0.03875000000000001,0.0,0.0,-0.0015000611766823751,0.0015000611766824248,0.0,0.03871125617244933,0.0,0.0,0.0015000611766824248,-0.0015000611766823751,0.0,0.03871125617244933,0.0,0.0,0.04228830279736794,2.8913916594319744e-08,265314.15102688025,113696.96713568835,766.4893107095268,265249.26928971504,113687.41721919803,767.475355541308
311,0.7775,0.07775,341.3730690589448,1.9743166955559155,-0.9871583477527152,-0.9871583477527152,341.3730690589448,0.0,0.0,1.9743166955559155,-0.9871583477527152,-0.9871583477527152,341.3730690589448,0.0,0.0,0.0,0.00302253124999996,0.0,0.038875,0.0,0.0,0.0,-0.00302253124999996,0.0,0.038875,0.0,0.0,-0.0015097448476206793,0.001509744847620626,0.0,0.03883588032464755,0.0,0.0,0.001509744847620626,-0.0015097448476206793,0.0,0.03883588032464755,0.0,0.0,0.04243126217773889,2.871377091651084e-08,265317.386642624,113695.50467462225,764.7560502915294,265252.25825945195,113685.91938222824,765.7432086392865
312,0.78,0.07800000000000001,341.5640552789729,1.976539992225231,-0.9882699961042013,-0.9882699961042013,341.5640552789729,0.0,0.0,1.976539992225231,-0.9882699961042013,-0.9882699961042013,341.5640552789729,0.0,0.0,0.0,0.003041999999999989,0.0,0.03900000000000001,0.0,0.0,0.0,-0.003041999999999989,0.0,0.03900000000000001,0.0,0.0,-0.0015194595802200052,0.0015194595802199998,0.0,0.0389605020569233,0.0,0.0,0.0015194595802199998,-0.0015194595802200052,0.0,0.03896050205692331,0.0,0.0,0.042574224674000516,2.8515160011011176e-08,265320.6124786603,113694.04719725801,763.0268669197976,265255.23730969254,113684.42651059477,764.0151369159004
313,0.7825,0.07825,341.7546097204032,1.9787595566866782,-0.989379778326511,-0.989379778326511,341.7546097204032,0.0,0.0,1.9787595566866782,-0.989379778326511,-0.989379778326511,341.7546097204032,0.0,0.0,0.0,0.0030615312499999714,0.0,0.039125,0.0,0.0,0.0,-0.0030615312499999714,0.0,0.039125,0.0,0.0,-0.0015292053732709893,0.0015292053732709593,0.0,0.039085121361558735,0.0,0.0,0.0015292053732709593,-0.0015292053732709893,0.0,0.039085121361558735,0.0,0.0,0.042717190278823244,2.831779966072645e-08,265323.82857655425,113692.59468231855,761.3017513626546,265258.20648282865,113682.93858309716,762.2911311409918
314,0.785,0.07850000000000001,341.94473339901896,1.9809753920061253,-0.9904876960114763,-0.9904876960114763,341.94473339901896,0.0,0.0,1.9809753920061253,-0.9904876960114763,-0.9904876960114763,341.94473339901896,0.0,0.0,0.0,0.003081125000000018,0.0,0.03925000000000001,0.0,0.0,0.0,-0.003081125000000018,0.0,0.03925000000000001,0.0,0.0,-0.0015389822255603186,0.0015389822255603327,0.0,0.03920973823083614,0.0,0.0,0.0015389822255603327,-0.0015389822255603186,0.0,0.03920973823083614,0.0,0.0,0.042860158984894155,2.8121633022237802e-08,265327.0349776384,113691.14710864426,759.5806944076612,265261.1658210176,113681.45557865221,760.5711821036724
315,0.7875,0.07875,342.134427328303,1.983187501352139,-0.9915937506760698,-0.9915937506760698,342.134427328303,0.0,0.0,1.983187501352139,-0.9915937506760698,-0.9915937506760698,342.134427328303,0.0,0.0,0.0,0.0031007812500000176,0.0,0.039375,0.0,0.0,0.0,-0.0031007812500000176,0.0,0.039375,0.0,0.0,-0.001548790135870897,0.001548790135870903,0.0,0.03933435265703856,0.0,0.0,0.001548790135870903,-0.001548790135870897,0.0,0.03933435265703856,0.0,0.0,0.04300313078491682,2.7926944312639534e-08,265330.23172302713,113689.70445518757,757.8636868614267,265264.1153661935,113679.97747628843,758.8552806121073
316,0.79,0.07900000000000001,342.323692519442,1.985395887844342,-0.9926979439221708,-0.9926979439221708,342.323692519442,0.0,0.0,1.985395887844342,-0.9926979439221708,-0.9926979439221708,342.323692519442,0.0,0.0,0.0,0.0031204999999999705,0.0,0.03950000000000001,0.0,0.0,0.0,-0.0031204999999999705,0.0,0.03950000000000001,0.0,0.0,-0.0015586291029817596,0.001558629102981727,0.0,0.039458964632449606,0.0,0.0,0.001558629102981727,-0.0015586291029817596,0.0,0.039458964632449606,0.0,0.0,0.04314610567161141,2.7733619845093926e-08,265333.4188536047,113688.26670101743,756.150719549827,265267.05516005773,113678.5042551506,757.1434174937577
317,0.7925,0.07925,342.51252998133157,1.9876005546545528,-0.993800277344106,-0.993800277344106,342.51252998133157,0.0,0.0,1.9876005546545528,-0.993800277344106,-0.993800277344106,342.51252998133157,0.0,0.0,0.0,0.0031402812499999877,0.0,0.039625,0.0,0.0,0.0,-0.0031402812499999877,0.0,0.039625,0.0,0.0,-0.0015684991256681268,0.0015684991256681192,0.0,0.03958357414935351,0.0,0.0,0.0015684991256681192,-0.0015684991256681268,0.0,0.03958357414935352,0.0,0.0,0.04328908363771452,2.754171646301984e-08,265336.59641003894,113686.83382531321,754.4417833178304,265269.985244091,113677.03589449378,755.4355835951725
318,0.795,0.07950000000000002,342.7009407205811,1.9898015049560964,-0.9949007524948785,-0.9949007524948785,342.7009407205811,0.0,0.0,1.9898015049560964,-0.9949007524948785,-0.9949007524948785,342.7009407205811,0.0,0.0,0.0,0.003160124999999958,0.0,0.03975000000000001,0.0,0.0,0.0,-0.003160124999999958,0.0,0.03975000000000001,0.0,0.0,-0.0015784002027014043,0.0015784002027013609,0.0,0.03970818120003533,0.0,0.0,0.0015784002027013609,-0.0015784002027014043,0.0,0.03970818120003534,0.0,0.0,0.04343206467597928,2.735112047957955e-08,265339.76443277113,113685.40580736967,752.7368690292788,265272.90565954504,113675.57237368762,753.7317697817734
319,0.7975,0.07975,342.888925741518,1.9919987419913305,-0.9959993709872497,-0.9959993709872497,342.888925741518,0.0,0.0,1.9919987419913305,-0.9959993709872497,-0.9959993709872497,342.888925741518,0.0,0.0,0.0,0.0031800312499999928,0.0,0.039875,0.0,0.0,0.0,-0.0031800312499999928,0.0,0.039875,0.0,0.0,-0.0015883323328491346,0.0015883323328490873,0.0,0.03983278577678028,0.0,0.0,0.0015883323328490873,-0.0015883323328491346,0.0,0.03983278577678028,0.0,0.0,0.04357504877917517,2.7161661364516476e-08,265342.9229620306,113683.98262658977,751.0359675674263,265275.81644745375,113674.11367221041,752.0319669384187
320,0.8,0.08000000000000002,343.07648604619357,1.9941922689199425,-0.9970961344683876,-0.9970961344683876,343.07648604619357,0.0,0.0,1.9941922689199425,-0.9970961344683876,-0.9970961344683876,343.07648604619357,0.0,0.0,0.0,0.0031999999999999806,0.0,0.04000000000000001,0.0,0.0,0.0,-0.0031999999999999806,0.0,0.04000000000000001,0.0,0.0,-0.0015982955148749788,0.0015982955148749983,0.0,0.03995738787187482,0.0,0.0,0.0015982955148749983,-0.0015982955148749788,0.0,0.03995738787187482,0.0,0.0,0.04371803594008812,2.6973793865181506e-08,265346.07203782146,113682.56426249053,749.3390698341245,265278.7176486251,113672.65976965363,750.3361659685961
321,0.8025,0.08025,343.2636226343863,1.996382089037948,-0.9981910445189736,-0.9981910445189736,343.2636226343863,0.0,0.0,1.996382089037948,-0.9981910445189736,-0.9981910445189736,343.2636226343863,0.0,0.0,0.0,0.0032200312500000328,0.0,0.040125,0.0,0.0,0.0,-0.0032200312500000328,0.0,0.040125,0.0,0.0,-0.0016082897475389144,0.0016082897475389365,0.0,0.04008198747760528,0.0,0.0,0.0016082897475389365,-0.0016082897475389144,0.0,0.04008198747760528,0.0,0.0,0.04386102615152038,2.6787233764480334e-08,265349.211699939,113681.15069469619,747.6461667504918,265281.60930365213,113671.21064571606,748.644357795014
322,0.805,0.08050000000000002,343.4503365036077,1.9985682055755034,-0.9992841027961675,-0.9992841027961675,343.4503365036077,0.0,0.0,1.9985682055755034,-0.9992841027961675,-0.9992841027961675,343.4503365036077,0.0,0.0,0.0,0.003240125000000038,0.0,0.04025000000000001,0.0,0.0,0.0,-0.003240125000000038,0.0,0.04025000000000001,0.0,0.0,-0.0016183150295969277,0.001618315029596964,0.0,0.04020658458625911,0.0,0.0,0.001618315029596964,-0.0016183150295969277,0.0,0.040206584586259114,0.0,0.0,0.044004019406290555,2.6601810532156378e-08,265352.34198795765,113679.74190294289,745.9572492565349,265284.49145290494,113669.76628020788,746.9565333593314
323,0.8075,0.08075,343.6366286491066,2.0007506218149214,-1.0003753108990434,-1.0003753108990434,343.6366286491066,0.0,0.0,2.0007506218149214,-1.0003753108990434,-1.0003753108990434,343.6366286491066,0.0,0.0,0.0,0.0032602812499999967,0.0,0.040375,0.0,0.0,0.0,-0.0032602812499999967,0.0,0.040375,0.0,0.0,-0.001628371359801269,0.0016283713598012613,0.0,0.040331179190124355,0.0,0.0,0.0016283713598012613,-0.001628371359801269,0.0,0.040331179190124355,0.0,0.0,0.044147015697233505,2.641763785504736e-08,265355.4629412432,113678.33786707319,744.2723083109595,265287.36413654184,113668.32665304534,745.272683621853
324,0.81,0.08100000000000002,343.82250006387426,2.0029293410399673,-1.0014646705115673,-1.0014646705115673,343.82250006387426,0.0,0.0,2.0029293410399673,-1.0014646705115673,-1.0014646705115673,343.82250006387426,0.0,0.0,0.0,0.0032805000000000195,0.0,0.04050000000000001,0.0,0.0,0.0,-0.0032805000000000195,0.0,0.04050000000000001,0.0,0.0,-0.0016384587369003272,0.0016384587369003515,0.0,0.04045577128148948,0.0,0.0,0.0016384587369003515,-0.0016384587369003272,0.0,0.040455771281489486,0.0,0.0,0.044290015017200375,2.6234943106828723e-08,265358.5745989459,113676.93856703951,742.5913348916365,265290.227394501,113666.8917442545,743.5927995621572
325,0.8125,0.08125,344.007951738648,2.005104366586544,-1.0025521832764366,-1.0025521832764366,344.007951738648,0.0,0.0,2.005104366586544,-1.0025521832764366,-1.0025521832764366,344.007951738648,0.0,0.0,0.0,0.0033007812499999956,0.0,0.040625,0.0,0.0,0.0,-0.0033007812499999956,0.0,0.040625,0.0,0.0,-0.001648577159638662,0.0016485771596386474,0.0,0.04058036085264384,0.0,0.0,0.0016485771596386474,-0.001648577159638662,0.0,0.04058036085264384,0.0,0.0,0.044433017359058496,2.605332838356844e-08,265361.6770000101,113675.54398289938,740.9143199952669,265293.0812665111,113665.46153396624,741.9168721785403
326,0.8150000000000001,0.08150000000000002,344.1929846619176,2.0072757017583096,-1.0036378508875727,-1.0036378508875727,344.1929846619176,0.0,0.0,2.0072757017583096,-1.0036378508875727,-1.0036378508875727,344.1929846619176,0.0,0.0,0.0,0.003321125000000036,0.0,0.04075000000000001,0.0,0.0,0.0,-0.003321125000000036,0.0,0.04075000000000001,0.0,0.0,-0.0016587266267569843,0.001658726626757018,0.0,0.040704947895877024,0.0,0.0,0.001658726626757018,-0.0016587266267569843,0.0,0.040704947895877024,0.0,0.0,0.04457602271569144,2.5873248432617402e-08,265364.7701831661,113674.15409481902,739.241254637076,265295.9257920843,113664.03600241974,740.2448924879607
327,0.8175,0.08175,344.3775998199283,2.009443349911058,-1.0047216749639465,-1.0047216749639465,344.3775998199283,0.0,0.0,2.009443349911058,-1.0047216749639465,-1.0047216749639465,344.3775998199283,0.0,0.0,0.0,0.0033415312500000294,0.0,0.040875,0.0,0.0,0.0,-0.0033415312500000294,0.0,0.040875,0.0,0.0,-0.0016689071369922317,0.0016689071369922553,0.0,0.04082953240347972,0.0,0.0,0.0016689071369922553,-0.0016689071369922317,0.0,0.04082953240347972,0.0,0.0,0.04471903107999885,2.5694191663205856e-08,265367.85418694123,113672.76888306829,737.5721298514545,265298.7610105262,113662.6151299573,738.5768515264352
328,0.8200000000000001,0.08200000000000002,344.56179819668694,2.01160731441881,-1.0058036572178224,-1.0058036572178224,344.56179819668694,0.0,0.0,2.01160731441881,-1.0058036572178224,-1.0058036572178224,344.56179819668694,0.0,0.0,0.0,0.003361999999999976,0.0,0.04100000000000001,0.0,0.0,0.0,-0.003361999999999976,0.0,0.04100000000000001,0.0,0.0,-0.0016791186890774703,0.001679118689077428,0.0,0.04095411436774293,0.0,0.0,0.001679118689077428,-0.0016791186890774703,0.0,0.04095411436774293,0.0,0.0,0.04486204244489659,2.551649913584697e-08,265370.9290496526,113671.38832802427,735.9069366912008,265301.5869609276,113661.19889702863,736.9127403484317
329,0.8225,0.08225,344.7455807739654,2.013767598674046,-1.0068837993370232,-1.0068837993370232,344.7455807739654,0.0,0.0,2.013767598674046,-1.0068837993370232,-1.0068837993370232,344.7455807739654,0.0,0.0,0.0,0.003382531249999987,0.0,0.041125,0.0,0.0,0.0,-0.003382531249999987,0.0,0.041125,0.0,0.0,-0.0016893612817419086,0.0016893612817418884,0.0,0.041078693780958235,0.0,0.0,0.0016893612817418884,-0.0016893612817419086,0.0,0.041078693780958235,0.0,0.0,0.04500505680331651,2.5340057163703023e-08,265373.994809418,113670.01241016563,734.2456662281329,265304.40368217713,113659.7872841846,735.2525500274681
330,0.8250000000000001,0.08250000000000002,344.9289485313062,2.0159242060537834,-1.0079621030268913,-1.0079621030268913,344.9289485313062,0.0,0.0,2.0159242060537834,-1.0079621030268913,-1.0079621030268913,344.9289485313062,0.0,0.0,0.0,0.0034031249999999513,0.0,0.04125000000000001,0.0,0.0,0.0,-0.0034031249999999513,0.0,0.04125000000000001,0.0,0.0,-0.0016996349137109927,0.0016996349137109433,0.0,0.04120327063541816,0.0,0.0,0.0016996349137109433,-0.0016996349137109927,0.0,0.04120327063541816,0.0,0.0,0.045148074148206596,2.516469521651743e-08,265377.0515041449,113668.64111007786,732.5883095525933,265307.21121295047,113658.38027208246,733.5962716556326
331,0.8275,0.08275,345.1119024460267,2.0180771399702944,-1.0090385699935664,-1.0090385699935664,345.1119024460267,0.0,0.0,2.0180771399702944,-1.0090385699935664,-1.0090385699935664,345.1119024460267,0.0,0.0,0.0,0.00342378124999998,0.0,0.041375,0.0,0.0,0.0,-0.00342378124999998,0.0,0.041375,0.0,0.0,-0.001709939583706327,0.0017099395837063033,0.0,0.041327844923415714,0.0,0.0,0.0017099395837063033,-0.001709939583706327,0.0,0.041327844923415714,0.0,0.0,0.04529109447253079,2.4990583824546775e-08,265380.0991715449,113667.27440844662,730.9348577736382,265310.0095917231,113656.97784147941,731.9438963436309
332,0.8300000000000001,0.08300000000000002,345.29444349322426,2.0202264038709052,-1.010113201935453,-1.010113201935453,345.29444349322426,0.0,0.0,2.0202264038709052,-1.010113201935453,-1.010113201935453,345.29444349322426,0.0,0.0,0.0,0.0034444999999999615,0.0,0.04150000000000001,0.0,0.0,0.0,-0.0034444999999999615,0.0,0.04150000000000001,0.0,0.0,-0.0017202752904456533,0.0017202752904456001,0.0,0.041452416637244464,0.0,0.0,0.0017202752904456001,-0.0017202752904456533,0.0,0.041452416637244464,0.0,0.0,0.04543411776926907,2.48179503614665e-08,265383.13784912403,113665.91228606233,729.2853020188777,265312.79885676183,113655.57997323717,730.2954152208135
333,0.8325,0.08325,345.47657264577964,2.0223720012213424,-1.0111860006022515,-1.0111860006022515,345.47657264577964,0.0,0.0,2.0223720012213424,-1.0111860006022515,-1.0111860006022515,345.47657264577964,0.0,0.0,0.0,0.0034652812500000074,0.0,0.041625,0.0,0.0,0.0,-0.0034652812500000074,0.0,0.041625,0.0,0.0,-0.0017306420326428885,0.0017306420326428933,0.0,0.04157698576919854,0.0,0.0,0.0017306420326428933,-0.0017306420326428885,0.0,0.04157698576919854,0.0,0.0,0.045577144031417306,2.464628323650686e-08,265386.16757419467,113664.55472381428,727.6396334346355,265315.5790461355,113654.1866483163,728.6508194352407
334,0.835,0.0835,345.65829087436356,2.0245139354381716,-1.0122569677106665,-1.0122569677106665,345.65829087436356,0.0,0.0,2.0245139354381716,-1.0122569677106665,-1.0122569677106665,345.65829087436356,0.0,0.0,0.0,0.0034861250000000066,0.0,0.04175,0.0,0.0,0.0,-0.0034861250000000066,0.0,0.04175,0.0,0.0,-0.0017410398090081545,0.0017410398090082063,0.0,0.041701552311573055,0.0,0.0,0.0017410398090082063,-0.0017410398090081545,0.0,0.041701552311573055,0.0,0.0,0.045720173251987344,2.4475809823343297e-08,265389.188383864,113663.20170269562,725.997843185658,265318.35019770684,113652.79784778036,727.0101001533676
335,0.8375,0.08375,345.83959914743946,2.0266522100573363,-1.013326105020249,-1.013326105020249,345.83959914743946,0.0,0.0,2.0266522100573363,-1.013326105020249,-1.013326105020249,345.83959914743946,0.0,0.0,0.0,0.003507031249999959,0.0,0.041875,0.0,0.0,0.0,-0.003507031249999959,0.0,0.041875,0.0,0.0,-0.0017514686182478075,0.0017514686182477117,0.0,0.041826116256663486,0.0,0.0,0.0017514686182477117,-0.0017514686182478075,0.0,0.041826116256663486,0.0,0.0,0.04586320542400689,2.430653012197581e-08,265392.20031504915,113661.85320379757,724.3599224554491,265321.1123491417,113651.41355279148,725.3732485604745
336,0.84,0.084,346.0204984312695,2.0287868285488444,-1.0143934142660023,-1.0143934142660023,346.0204984312695,0.0,0.0,2.0287868285488444,-1.0143934142660023,-1.0143934142660023,346.0204984312695,0.0,0.0,0.0,0.0035279999999999756,0.0,0.042,0.0,0.0,0.0,-0.0035279999999999756,0.0,0.042,0.0,0.0,-0.0017619284590641748,0.0017619284590641418,0.0,0.04195067759676603,0.0,0.0,0.0017619284590641418,-0.0017619284590641748,0.0,0.04195067759676603,0.0,0.0,0.046006240540519494,2.4138500975823263e-08,265395.20340446796,113660.50920831205,722.7258624457463,265323.8655379061,113650.03374461153,723.7402558600203
337,0.8425,0.08425,346.2009896899186,2.0309177944178036,-1.0154588971920606,-1.0154588971920606,346.2009896899186,0.0,0.0,2.0309177944178036,-1.0154588971920606,-1.0154588971920606,346.2009896899186,0.0,0.0,0.0,0.0035490312499999455,0.0,0.042125,0.0,0.0,0.0,-0.0035490312499999455,0.0,0.042125,0.0,0.0,-0.0017724193301559832,0.0017724193301559236,0.0,0.042075236324177485,0.0,0.0,0.0017724193301559236,-0.0017724193301559832,0.0,0.04207523632417748,0.0,0.0,0.04614927859458453,2.397160869804793e-08,265398.1976886447,113659.16969752981,721.0956543769571,265326.6098012686,113648.65840460108,722.1111132741532
338,0.845,0.0845,346.3810738852588,2.0330451112044146,-1.016522555610627,-1.016522555610627,346.3810738852588,0.0,0.0,2.0330451112044146,-1.016522555610627,-1.016522555610627,346.3810738852588,0.0,0.0,0.0,0.0035701249999999796,0.0,0.04225,0.0,0.0,0.0,-0.0035701249999999796,0.0,0.04225,0.0,0.0,-0.0017829412302179967,0.001782941230217983,0.0,0.04219979243119538,0.0,0.0,0.001782941230217983,-0.0017829412302179967,0.0,0.04219979243119538,0.0,0.0,0.04629231957927715,2.3806023818906397e-08,265401.18320391246,113657.83465283948,719.4692894878244,265329.3451763019,113647.28751421883,720.485812043441
339,0.8475,0.08475,346.5607519769744,2.0351687824671205,-1.0175843912251392,-1.0175843912251392,346.5607519769744,0.0,0.0,2.0351687824671205,-1.0175843912251392,-1.0175843912251392,346.5607519769744,0.0,0.0,0.0,0.003591281249999967,0.0,0.042375,0.0,0.0,0.0,-0.003591281249999967,0.0,0.042375,0.0,0.0,-0.0017934941579412454,0.0017934941579412175,0.0,0.04232434591011785,0.0,0.0,0.0017934941579412175,-0.0017934941579412454,0.0,0.04232434591011784,0.0,0.0,0.046435363487688286,2.3641462121304357e-08,265404.1599864102,113656.50405572834,717.8467590355722,265332.07169988257,113645.92105502108,718.8643434267826
340,0.85,0.085,346.74002492256636,2.037288811732106,-1.018644405874474,-1.018644405874474,346.74002492256636,0.0,0.0,2.037288811732106,-1.018644405874474,-1.018644405874474,346.74002492256636,0.0,0.0,0.0,0.0036125000000000185,0.0,0.0425,0.0,0.0,0.0,-0.0036125000000000185,0.0,0.0425,0.0,0.0,-0.0018040781120128666,0.001804078112012887,0.0,0.042448896753243766,0.0,0.0,0.001804078112012887,-0.0018040781120128666,0.0,0.042448896753243766,0.0,0.0,0.04657841031292455,2.3477923605241813e-08,265407.12807208893,113655.17788777949,716.2280542957305,265334.7894086959,113644.55900866025,717.2466987016005
341,0.8525,0.08525,346.9188936773567,2.0394052026279668,-1.019702601313984,-1.019702601313984,346.9188936773567,0.0,0.0,2.0394052026279668,-1.019702601313984,-1.019702601313984,346.9188936773567,0.0,0.0,0.0,0.0036337812500000233,0.0,0.042625,0.0,0.0,0.0,-0.0036337812500000233,0.0,0.042625,0.0,0.0,-0.001814693091116188,0.0018146930911162103,0.0,0.04257344495287256,0.0,0.0,0.0018146930911162103,-0.001814693091116188,0.0,0.04257344495287256,0.0,0.0,0.04672146004810825,2.3315692487813067e-08,265410.08749671007,113653.85613067326,714.6131665621651,265337.4983392326,113643.20135688566,715.6328691634802
342,0.855,0.0855,347.0973591944933,2.0415179587004864,-1.0207589793586638,-1.0207589793586638,347.0973591944933,0.0,0.0,2.0415179587004864,-1.0207589793586638,-1.0207589793586638,347.0973591944933,0.0,0.0,0.0,0.0036551249999999813,0.0,0.04275,0.0,0.0,0.0,-0.0036551249999999813,0.0,0.04275,0.0,0.0,-0.0018253390939307417,0.0018253390939307354,0.0,0.04269799050130417,0.0,0.0,0.0018253390939307354,-0.0018253390939307417,0.0,0.04269799050130417,0.0,0.0,0.046864512686377376,2.3154370865086094e-08,265413.0382958461,113652.53876618564,713.0020871472516,265340.1985277935,113641.84808154176,714.0228461266115
343,0.8575,0.08575,347.2754224249546,2.043627083597862,-1.0218135418241947,-1.0218135418241947,347.2754224249546,0.0,0.0,2.043627083597862,-1.0218135418241947,-1.0218135418241947,347.2754224249546,0.0,0.0,0.0,0.0036765312500000036,0.0,0.042875,0.0,0.0,0.0,-0.0036765312500000036,0.0,0.042875,0.0,0.0,-0.001836016119132253,0.0018360161191322527,0.0,0.04282253339083967,0.0,0.0,0.0018360161191322527,-0.001836016119132253,0.0,0.04282253339083967,0.0,0.0,0.0470075682208855,2.299441348441178e-08,265415.98050488485,113651.22577618729,711.3948073813808,265342.8900104892,113640.49916456788,712.4166209231901
344,0.86,0.08600000000000001,347.4530843175538,2.045732580952821,-1.022866290467989,-1.022866290467989,347.4530843175538,0.0,0.0,2.045732580952821,-1.022866290467989,-1.022866290467989,347.4530843175538,0.0,0.0,0.0,0.003697999999999979,0.0,0.043000000000000003,0.0,0.0,0.0,-0.003697999999999979,0.0,0.043000000000000003,0.0,0.0,-0.001846724165392537,0.0018467241653925305,0.0,0.04294707361378018,0.0,0.0,0.0018467241653925305,-0.001846724165392537,0.0,0.04294707361378018,0.0,0.0,0.047150626644801796,2.2835706658952404e-08,265418.9141590276,113649.91714264416,709.7913186132937,265345.572823242,113639.15458799781,710.814184903752
345,0.8625,0.08625000000000001,347.63034581894345,2.047834454332066,-1.0239172271828774,-1.0239172271828774,347.63034581894345,0.0,0.0,2.047834454332066,-1.0239172271828774,-1.0239172271828774,347.63034581894345,0.0,0.0,0.0,0.003719531250000019,0.0,0.043125000000000004,0.0,0.0,0.0,-0.003719531250000019,0.0,0.043125000000000004,0.0,0.0,-0.001857463231379708,0.001857463231379729,0.0,0.04307161116242801,0.0,0.0,0.001857463231379729,-0.001857463231379708,0.0,0.04307161116242801,0.0,0.0,0.047293687951311,2.2677738797938218e-08,265421.83929329016,113648.61284761575,708.1916122100083,265348.2470017862,113637.81433395887,709.2155294372068
346,0.865,0.08650000000000001,347.8072078736206,2.049932707472096,-1.0249663537276261,-1.0249663537276261,347.8072078736206,0.0,0.0,2.049932707472096,-1.0249663537276261,-1.0249663537276261,347.8072078736206,0.0,0.0,0.0,0.003741125000000012,0.0,0.043250000000000004,0.0,0.0,0.0,-0.003741125000000012,0.0,0.043250000000000004,0.0,0.0,-0.0018682333157579592,0.0018682333157579733,0.0,0.04319614602908584,0.0,0.0,0.0018682333157579733,-0.0018682333157579592,0.0,0.04319614602908584,0.0,0.0,0.047436752133613355,2.252102149213897e-08,265424.7559425093,113647.3128732545,706.595679556689,265350.91258167115,113636.47838467122,707.6206459104304
347,0.8675,0.08675000000000001,347.9836714239305,2.052027343975966,-1.0260136719964061,-1.0260136719964061,347.9836714239305,0.0,0.0,2.052027343975966,-1.0260136719964061,-1.0260136719964061,347.9836714239305,0.0,0.0,0.0,0.003762781249999958,0.0,0.043375000000000004,0.0,0.0,0.0,-0.003762781249999958,0.0,0.043375000000000004,0.0,0.0,-0.0018790344171877595,0.0018790344171876628,0.0,0.04332067820605706,0.0,0.0,0.0018790344171876628,-0.0018790344171877595,0.0,0.04332067820605706,0.0,0.0,0.04757981918492459,2.236561158497352e-08,265427.6641413357,113646.01720180633,705.0035120566608,265353.56959825964,113635.14672244806,706.0295257286722
348,0.87,0.08700000000000001,348.1597374100717,2.0541183675660015,-1.0270591837745775,-1.0270591837745775,348.1597374100717,0.0,0.0,2.0541183675660015,-1.0270591837745775,-1.0270591837745775,348.1597374100717,0.0,0.0,0.0,0.0037844999999999684,0.0,0.043500000000000004,0.0,0.0,0.0,-0.0037844999999999684,0.0,0.043500000000000004,0.0,0.0,-0.0018898665343256046,0.0018898665343255639,0.0,0.04344520768564587,0.0,0.0,0.0018898665343255639,-0.0018898665343256046,0.0,0.04344520768564588,0.0,0.0,0.047722889098475905,2.2210940642253263e-08,265430.56392424274,113644.72581560875,703.4151011314243,265356.21808673226,113633.81932969387,704.4421603151937
349,0.8725,0.08725000000000001,348.33540677010046,2.056205781915288,-1.0281028909492214,-1.0281028909492214,348.33540677010046,0.0,0.0,2.056205781915288,-1.0281028909492214,-1.0281028909492214,348.33540677010046,0.0,0.0,0.0,0.003806281250000043,0.0,0.043625000000000004,0.0,0.0,0.0,-0.003806281250000043,0.0,0.043625000000000004,0.0,0.0,-0.0019007296658243532,0.0019007296658243816,0.0,0.04356973446015695,0.0,0.0,0.0019007296658243816,-0.0019007296658243532,0.0,0.043569734460156946,0.0,0.0,0.04786596186751391,2.2057520254747942e-08,265433.45532552263,113643.43869709084,701.8304382203933,265358.85808208596,113632.49618890461,702.8585411113427
350,0.875,0.08750000000000001,348.5106804399351,2.0582895907150838,-1.029144795357541,-1.029144795357541,348.5106804399351,0.0,0.0,2.0582895907150838,-1.029144795357541,-1.029144795357541,348.5106804399351,0.0,0.0,0.0,0.00382812499999996,0.0,0.043750000000000004,0.0,0.0,0.0,-0.00382812499999996,0.0,0.043750000000000004,0.0,0.0,-0.0019116238103329313,0.0019116238103328844,0.0,0.043694258521895624,0.0,0.0,0.0019116238103328844,-0.0019116238103329313,0.0,0.04369425852189562,0.0,0.0,0.04800903748530062,2.1905066205363255e-08,265436.3383792894,113642.15582877297,700.2495147813315,265361.4896191368,113631.17728266699,701.2786595766962
351,0.8775000000000001,0.08775000000000001,348.68555935336065,2.060369797725316,-1.0301848988626574,-1.0301848988626574,348.68555935336065,0.0,0.0,2.060369797725316,-1.0301848988626574,-1.0301848988626574,348.68555935336065,0.0,0.0,0.0,0.003850031250000052,0.0,0.043875000000000004,0.0,0.0,0.0,-0.003850031250000052,0.0,0.043875000000000004,0.0,0.0,-0.0019225489664965033,0.001922548966496554,0.0,0.043818779863168136,0.0,0.0,0.001922548966496554,-0.0019225489664965033,0.0,0.04381877986316813,0.0,0.0,0.048152115945113386,2.1753805867774645e-08,265439.2131194816,113640.8771932654,698.6723222897854,265364.1127325203,113629.86259365777,699.7025071886331
352,0.88,0.08800000000000001,348.8600444420334,2.062446406673534,-1.031223203345191,-1.031223203345191,348.8600444420334,0.0,0.0,2.062446406673534,-1.031223203345191,-1.031223203345191,348.8600444420334,0.0,0.0,0.0,0.0038719999999999866,0.0,0.044000000000000004,0.0,0.0,0.0,-0.0038719999999999866,0.0,0.044000000000000004,0.0,0.0,-0.0019335051329563715,0.001933505132956363,0.0,0.04394329847628129,0.0,0.0,0.001933505132956363,-0.0019335051329563715,0.0,0.04394329847628129,0.0,0.0,0.048295197240244905,2.1603455024887808e-08,265442.0795798608,113639.60277326821,697.09885223936,265366.72745669336,113628.55210464308,698.1300754427134
353,0.8825000000000001,0.08825000000000001,349.0341366354854,2.0645194213222644,-1.0322597106527083,-1.0322597106527083,349.0341366354854,0.0,0.0,2.0645194213222644,-1.0322597106527083,-1.0322597106527083,349.0341366354854,0.0,0.0,0.0,0.003894031249999985,0.0,0.044125000000000004,0.0,0.0,0.0,-0.003894031249999985,0.0,0.044125000000000004,0.0,0.0,-0.0019444923083500576,0.0019444923083500407,0.0,0.04406781435354252,0.0,0.0,0.0019444923083500407,-0.0019444923083500576,0.0,0.04406781435354252,0.0,0.0,0.048438281364003154,2.1454297893797047e-08,265444.93779401423,113638.33255157083,695.5290961417631,265369.33382593485,113627.245798478,696.5613558524311
354,0.885,0.08850000000000001,349.2078368611287,2.0665888454015966,-1.0332944227092213,-1.0332944227092213,349.2078368611287,0.0,0.0,2.0665888454015966,-1.0332944227092213,-1.0332944227092213,349.2078368611287,0.0,0.0,0.0,0.003916125000000048,0.0,0.044250000000000005,0.0,0.0,0.0,-0.003916125000000048,0.0,0.044250000000000005,0.0,0.0,-0.0019555104913112293,0.0019555104913112965,0.0,0.04419232748725986,0.0,0.0,0.0019555104913112965,-0.0019555104913112293,0.0,0.04419232748725986,0.0,0.0,0.04858136830971138,2.1306277631083503e-08,265447.7877953541,113637.06651105145,693.9630455265433,265371.9318743461,113625.94365810632,694.9963399492613
355,0.8875000000000001,0.08875000000000001,349.38114604426005,2.0686546827439964,-1.0343273413635743,-1.0343273413635743,349.38114604426005,0.0,0.0,2.0686546827439964,-1.0343273413635743,-1.0343273413635743,349.38114604426005,0.0,0.0,0.0,0.003938281249999953,0.0,0.044375000000000005,0.0,0.0,0.0,-0.003938281249999953,0.0,0.044375000000000005,0.0,0.0,-0.001966559680469812,0.0019665596804697713,0.0,0.044316837869742345,0.0,0.0,0.0019665596804697713,-0.001966559680469812,0.0,0.04431683786974235,0.0,0.0,0.048724458070708056,2.115911001965287e-08,265450.6296171231,113635.80463467573,692.4006919411477,265374.5216358544,113624.64566655901,693.4350192825144
356,0.89,0.08900000000000001,349.55406510806546,2.0707169370652463,-1.035358468541048,-1.035358468541048,349.55406510806546,0.0,0.0,2.0707169370652463,-1.035358468541048,-1.035358468541048,349.55406510806546,0.0,0.0,0.0,0.0039605000000000334,0.0,0.044500000000000005,0.0,0.0,0.0,-0.0039605000000000334,0.0,0.044500000000000005,0.0,0.0,-0.001977639874451823,0.0019776398744518584,0.0,0.04444134549329929,0.0,0.0,0.0019776398744518584,-0.001977639874451823,0.0,0.0444413454932993,0.0,0.0,0.04886755064034685,2.1012851902924012e-08,265453.4632923884,113634.54690549766,690.8420269508933,265377.1031442111,113623.35180695477,691.8773854194243
357,0.8925000000000001,0.08925000000000001,349.72659497362446,2.0727756122508674,-1.0363878061254341,-1.0363878061254341,349.72659497362446,0.0,0.0,2.0727756122508674,-1.0363878061254341,-1.0363878061254341,349.72659497362446,0.0,0.0,0.0,0.003982781249999956,0.0,0.044625000000000005,0.0,0.0,0.0,-0.003982781249999956,0.0,0.044625000000000005,0.0,0.0,-0.0019887510718794945,0.0019887510718794577,0.0,0.044565850350240965,0.0,0.0,0.0019887510718794577,-0.0019887510718794945,0.0,0.044565850350240965,0.0,0.0,0.04901064601199659,2.086773065457237e-08,265456.28885405156,113633.2933066572,689.2870421389671,265379.67643299466,113622.06206249878,690.3234299450743
358,0.895,0.08950000000000001,349.89873655991465,2.0748307120696845,-1.037415356034843,-1.037415356034843,349.89873655991465,0.0,0.0,2.0748307120696845,-1.037415356034843,-1.037415356034843,349.89873655991465,0.0,0.0,0.0,0.004005125000000054,0.0,0.044750000000000005,0.0,0.0,0.0,-0.004005125000000054,0.0,0.044750000000000005,0.0,0.0,-0.001999893271371326,0.001999893271371331,0.0,0.04469035243287824,0.0,0.0,0.001999893271371331,-0.001999893271371326,0.0,0.04469035243287824,0.0,0.0,0.04915374417904124,2.072363258776022e-08,265459.1063348414,113632.04382138139,687.7357291063236,265382.24153561174,113620.77641648229,688.7731444623652
359,0.8975,0.08975,350.07049078381624,2.0768822403591622,-1.0384411201964316,-1.0384411201964316,350.07049078381624,0.0,0.0,2.0768822403591622,-1.0384411201964316,-1.0384411201964316,350.07049078381624,0.0,0.0,0.0,0.004027531249999994,0.0,0.044875,0.0,0.0,0.0,-0.004027531249999994,0.0,0.044875,0.0,0.0,-0.002011066471541834,0.0020110664715418287,0.0,0.044814851733522704,0.0,0.0,0.0020110664715418287,-0.002011066471541834,0.0,0.044814851733522704,0.0,0.0,0.04929684513487986,2.058067138932529e-08,265461.9157673205,113630.79843298269,686.18807947186,265384.7984852974,113619.49485228214,687.2265205920577
360,0.9,0.09000000000000001,350.24185856011604,2.0789302009916577,-1.0394651005042537,-1.0394651005042537,350.24185856011604,0.0,0.0,2.0789302009916577,-1.0394651005042537,-1.0394651005042537,350.24185856011604,0.0,0.0,0.0,0.004049999999999998,0.0,0.045000000000000005,0.0,0.0,0.0,-0.004049999999999998,0.0,0.045000000000000005,0.0,0.0,-0.0020222706710018848,0.0020222706710018978,0.0,0.04493934824448649,0.0,0.0,0.0020222706710018978,-0.0020222706710018848,0.0,0.044939348244486484,0.0,0.0,0.049439948872926624,2.0438505998754408e-08,265464.7171838828,113629.55712485962,684.6440848720522,265387.34731511504,113618.21735336089,685.6835499725761
361,0.9025,0.09025,350.41284080151263,2.08097459780713,-1.0404872989119904,-1.0404872989119904,350.41284080151263,0.0,0.0,2.08097459780713,-1.0404872989119904,-1.0404872989119904,350.41284080151263,0.0,0.0,0.0,0.0040725312499999555,0.0,0.045125,0.0,0.0,0.0,-0.0040725312499999555,0.0,0.045125,0.0,0.0,-0.002033505868358484,0.002033505868358441,0.0,0.04506384195808281,0.0,0.0,0.002033505868358441,-0.002033505868358484,0.0,0.04506384195808281,0.0,0.0,0.04958305538661065,2.0297420633141883e-08,265467.51061675994,113628.31988049336,683.1037369612168,265389.88805796346,113616.94390326353,684.1442242601336
362,0.905,0.09050000000000001,350.5834384186203,2.0830154346803584,-1.0415077173401783,-1.0415077173401783,350.5834384186203,0.0,0.0,2.0830154346803584,-1.0415077173401783,-1.0415077173401783,350.5834384186203,0.0,0.0,0.0,0.004095124999999977,0.0,0.045250000000000005,0.0,0.0,0.0,-0.004095124999999977,0.0,0.045250000000000005,0.0,0.0,-0.002044772062214769,0.00204477206221479,0.0,0.045188332866625165,0.0,0.0,0.00204477206221479,-0.002044772062214769,0.0,0.045188332866625165,0.0,0.0,0.049726164669376134,2.015730160564999e-08,265470.2960980137,113627.08668345211,681.5670274112344,265392.4207465683,113615.67448562174,682.6085351285699
363,0.9075,0.09075,350.75365231997364,2.085052715470551,-1.0425263577268498,-1.0425263577268498,350.75365231997364,0.0,0.0,2.085052715470551,-1.0425263577268498,-1.0425263577268498,350.75365231997364,0.0,0.0,0.0,0.004117781249999952,0.0,0.045375,0.0,0.0,0.0,-0.004117781249999952,0.0,0.045375,0.0,0.0,-0.0020560692511701496,0.002056069251170112,0.0,0.04531282096242766,0.0,0.0,0.002056069251170112,-0.0020560692511701496,0.0,0.04531282096242766,0.0,0.0,0.049869276714682206,2.0018319446535315e-08,265473.0736595458,113625.85751738543,680.0339479117101,265394.9454134927,113614.4090841482,681.0764742694452
364,0.91,0.09100000000000001,350.9234834120315,2.0870864440885932,-1.0435432220527225,-1.0435432220527225,350.9234834120315,0.0,0.0,2.0870864440885932,-1.0435432220527225,-1.0435432220527225,350.9234834120315,0.0,0.0,0.0,0.004140499999999991,0.0,0.045500000000000006,0.0,0.0,0.0,-0.004140499999999991,0.0,0.045500000000000006,0.0,0.0,-0.0020673974338201707,0.002067397433820155,0.0,0.04543730623780571,0.0,0.0,0.002067397433820155,-0.0020673974338201707,0.0,0.0454373062378057,0.0,0.0,0.050012391516002994,1.987996256502811e-08,265475.84333309234,113624.63236602777,678.504490169973,265397.4620911295,113613.14768264072,679.5480333920135
365,0.9125,0.09125,351.0929325991823,2.089116624463507,-1.0445583122149011,-1.0445583122149011,351.0929325991823,0.0,0.0,2.089116624463507,-1.0445583122149011,-1.0445583122149011,351.0929325991823,0.0,0.0,0.0,0.004163281249999984,0.0,0.045625,0.0,0.0,0.0,-0.004163281249999984,0.0,0.045625,0.0,0.0,-0.002078756608756532,0.0020787566087565284,0.0,0.04556178868507477,0.0,0.0,0.0020787566087565284,-0.002078756608756532,0.0,0.04556178868507477,0.0,0.0,0.05015550906682745,1.974285623873584e-08,265478.6051502319,113623.41121319422,676.9786459107418,265399.9708117122,113611.89026497696,678.0232042229503
366,0.915,0.09150000000000001,351.2620007837475,2.091143260474838,-1.045571630237419,-1.045571630237419,351.2620007837475,0.0,0.0,2.091143260474838,-1.045571630237419,-1.045571630237419,351.2620007837475,0.0,0.0,0.0,0.0041861250000000405,0.0,0.045750000000000006,0.0,0.0,0.0,-0.0041861250000000405,0.0,0.045750000000000006,0.0,0.0,-0.00209014677456725,0.002090146774567248,0.0,0.04568626829655144,0.0,0.0,0.002090146774567248,-0.00209014677456725,0.0,0.04568626829655144,0.0,0.0,0.05029862936065948,1.9606659407145344e-08,265481.3591423771,113622.19404278403,675.456406876503,265402.4716073052,113610.63681511888,676.5019785067499
367,0.9175,0.09175,351.4306888659865,2.0931663560876665,-1.0465831780354073,-1.0465831780354073,351.4306888659865,0.0,0.0,2.0931663560876665,-1.0465831780354073,-1.0465831780354073,351.4306888659865,0.0,0.0,0.0,0.00420903125000005,0.0,0.045875,0.0,0.0,0.0,-0.00420903125000005,0.0,0.045875,0.0,0.0,-0.002101567929836349,0.002101567929836454,0.0,0.04581074506455297,0.0,0.0,0.002101567929836454,-0.002101567929836349,0.0,0.045810745064552974,0.0,0.0,0.05044175239101778,1.9471144696581177e-08,265484.1053407863,113620.98083877594,673.9377648272202,265404.96450981527,113609.38731710747,674.9843480052494
368,0.92,0.09200000000000001,351.5989977441013,2.095185915217592,-1.0475929576087957,-1.0475929576087957,351.5989977441013,0.0,0.0,2.095185915217592,-1.0475929576087957,-1.0475929576087957,351.5989977441013,0.0,0.0,0.0,0.0042320000000000135,0.0,0.046000000000000006,0.0,0.0,0.0,-0.0042320000000000135,0.0,0.046000000000000006,0.0,0.0,-0.0021130200731442473,0.0021130200731442764,0.0,0.045935218981396894,0.0,0.0,0.0021130200731442764,-0.0021130200731442473,0.0,0.045935218981396894,0.0,0.0,0.050584878151435905,1.933699422806967e-08,265486.84377655364,113619.77158523192,672.4227115402609,265407.4495509826,113608.14175506674,673.4703044978676
369,0.9225,0.09225,351.7669283142398,2.097201941848858,-1.0486009709075752,-1.0486009709075752,351.7669283142398,0.0,0.0,2.097201941848858,-1.0486009709075752,-1.0486009709075752,351.7669283142398,0.0,0.0,0.0,0.004255031250000041,0.0,0.046125,0.0,0.0,0.0,-0.004255031250000041,0.0,0.046125,0.0,0.0,-0.0021245032030674372,0.00212450320306746,0.0,0.046059690039402156,0.0,0.0,0.00212450320306746,-0.0021245032030674372,0.0,0.046059690039402156,0.0,0.0,0.050728006635462154,1.9203582724003354e-08,265489.574480621,113618.56626629239,670.9112388106441,265409.92676239123,113606.90011319896,671.9598397815412
370,0.925,0.09250000000000001,351.93448147050134,2.0992144398993777,-1.0496072199581157,-1.0496072199581157,351.93448147050134,0.0,0.0,2.0992144398993777,-1.0496072199581157,-1.0496072199581157,351.93448147050134,0.0,0.0,0.0,0.0042781250000000215,0.0,0.046250000000000006,0.0,0.0,0.0,-0.0042781250000000215,0.0,0.046250000000000006,0.0,0.0,-0.0021360173181785382,0.0021360173181785677,0.0,0.04618415823088755,0.0,0.0,0.0021360173181785677,-0.0021360173181785382,0.0,0.04618415823088755,0.0,0.0,0.05087113783665962,1.907102387121995e-08,265492.297483768,113617.36486617982,669.4033384506474,265412.39617546153,113605.6623757882,670.4529456706075
371,0.9275,0.09275,352.1016581049404,2.1012234133894214,-1.0506117066947098,-1.0506117066947098,352.1016581049404,0.0,0.0,2.1012234133894214,-1.0506117066947098,-1.0506117066947098,352.1016581049404,0.0,0.0,0.0,0.004301281249999955,0.0,0.046375,0.0,0.0,0.0,-0.004301281249999955,0.0,0.046375,0.0,0.0,-0.002147562417046553,0.002147562417046502,0.0,0.046308623548173625,0.0,0.0,0.002147562417046502,-0.002147562417046553,0.0,0.046308623548173625,0.0,0.0,0.05101427174860605,1.89395450433949e-08,265495.01281662524,113616.16736919385,667.8990022900834,265414.8578214598,113604.42852719536,668.9496139967764
372,0.93,0.09300000000000001,352.268459107571,2.103228866272858,-1.0516144331448565,-1.0516144331448565,352.268459107571,0.0,0.0,2.103228866272858,-1.0516144331448565,-1.0516144331448565,352.268459107571,0.0,0.0,0.0,0.004324499999999953,0.0,0.04650000000000001,0.0,0.0,0.0,-0.004324499999999953,0.0,0.04650000000000001,0.0,0.0,-0.002159138498236485,0.0021591384982364782,0.0,0.046433085983580674,0.0,0.0,0.0021591384982364782,-0.002159138498236485,0.0,0.046433085983580674,0.0,0.0,0.05115740836489398,1.880869149317732e-08,265497.72050966107,113614.97375971609,666.3982221761107,265417.3117314893,113603.19855186314,667.4498366092649
373,0.9325,0.09325,352.4348853663715,2.105230802589096,-1.0526154012945477,-1.0526154012945477,352.4348853663715,0.0,0.0,2.105230802589096,-1.0526154012945477,-1.0526154012945477,352.4348853663715,0.0,0.0,0.0,0.004347781250000016,0.0,0.046625,0.0,0.0,0.0,-0.004347781250000016,0.0,0.046625,0.0,0.0,-0.0021707455603096866,0.0021707455603096983,0.0,0.046557545529430096,0.0,0.0,0.0021707455603096983,-0.0021707455603096866,0.0,0.046557545529430096,0.0,0.0,0.05130054767913048,1.8678917967918096e-08,265500.4205931984,113613.78402220327,664.9009899733355,265419.7579365024,113601.97243430934,665.9536053746269
374,0.935,0.09350000000000001,352.6009377672883,2.107229226311111,-1.0536146131724122,-1.0536146131724122,352.6009377672883,0.0,0.0,2.107229226311111,-1.0536146131724122,-1.0536146131724122,352.6009377672883,0.0,0.0,0.0,0.004371125000000031,0.0,0.04675000000000001,0.0,0.0,0.0,-0.004371125000000031,0.0,0.04675000000000001,0.0,0.0,-0.002182383601823573,0.0021823836018235922,0.0,0.04668200217804425,0.0,0.0,0.0021823836018235922,-0.002182383601823573,0.0,0.04668200217804425,0.0,0.0,0.05144368968493737,1.855033815445495e-08,265503.1130973994,113612.59814119349,663.407297563419,265422.1964672902,113600.75015913261,664.4609121765998
375,0.9375,0.09375,352.7666171942402,2.1092241415142503,-1.054612070765554,-1.054612070765554,352.7666171942402,0.0,0.0,2.1092241415142503,-1.054612070765554,-1.054612070765554,352.7666171942402,0.0,0.0,0.0,0.00439453125,0.0,0.046875,0.0,0.0,0.0,-0.00439453125,0.0,0.046875,0.0,0.0,-0.0021940526213318394,0.0021940526213318386,0.0,0.04680645592174579,0.0,0.0,0.0021940526213318386,-0.0021940526213318394,0.0,0.04680645592174579,0.0,0.0,0.05158683437595097,1.8422213088342687e-08,265505.798052282,113611.41610129946,661.91713684563,265424.6273544941,113599.53171100625,662.9717489163992
376,0.9400000000000001,0.09400000000000001,352.9319245291238,2.111215552190584,-1.0556077760952913,-1.0556077760952913,352.9319245291238,0.0,0.0,2.111215552190584,-1.0556077760952913,-1.0556077760952913,352.9319245291238,0.0,0.0,0.0,0.004418000000000033,0.0,0.04700000000000001,0.0,0.0,0.0,-0.004418000000000033,0.0,0.04700000000000001,0.0,0.0,-0.0022057526173843408,0.002205752617384384,0.0,0.0469309067528584,0.0,0.0,0.002205752617384384,-0.0022057526173843408,0.0,0.046930906752858395,0.0,0.0,0.051729981745822225,1.8295338577445364e-08,265508.47548770637,113610.23788721369,660.4304997363361,265427.0506285976,113598.31707468272,661.4861075124389
377,0.9425,0.09425,353.09686065181614,2.1132034623839373,-1.0566017312088265,-1.0566017312088265,353.09686065181614,0.0,0.0,2.1132034623839373,-1.0566017312088265,-1.0566017312088265,353.09686065181614,0.0,0.0,0.0,0.004441531250000019,0.0,0.047125,0.0,0.0,0.0,-0.004441531250000019,0.0,0.047125,0.0,0.0,-0.0022174835885271815,0.002217483588527157,0.0,0.047055354663706306,0.0,0.0,0.002217483588527157,-0.0022174835885271815,0.0,0.04705535466370631,0.0,0.0,0.051873131788216564,1.816920303099323e-08,265511.14543338865,113609.0634837026,658.947378169134,265429.466319936,113597.10623498855,660.0039799003262
378,0.9450000000000001,0.09450000000000001,353.2614264401803,2.115187876172865,-1.057593938078003,-1.057593938078003,353.2614264401803,0.0,0.0,2.115187876172865,-1.057593938078003,-1.057593938078003,353.2614264401803,0.0,0.0,0.0,0.004465124999999959,0.0,0.04725000000000001,0.0,0.0,0.0,-0.004465124999999959,0.0,0.04725000000000001,0.0,0.0,-0.0022292455333025357,0.002229245533302501,0.0,0.04717979964661464,0.0,0.0,0.002229245533302501,-0.0022292455333025357,0.0,0.047179799646614645,0.0,0.0,0.05201628449681397,1.804392013582401e-08,265513.80791889125,113607.89287561142,657.4677640948066,265431.8744586874,113595.89917682848,658.5253580328813
379,0.9475,0.09475,353.42562277006914,2.1171687975865026,-1.0585843988016808,-1.0585843988016808,353.42562277006914,0.0,0.0,2.1171687975865026,-1.0585843988016808,-1.0585843988016808,353.42562277006914,0.0,0.0,0.0,0.004488781249999962,0.0,0.047375,0.0,0.0,0.0,-0.004488781249999962,0.0,0.047375,0.0,0.0,-0.002241038450248911,0.0022410384502489313,0.0,0.04730424169390903,0.0,0.0,0.0022410384502489313,-0.002241038450248911,0.0,0.04730424169390903,0.0,0.0,0.05215943986530884,1.7919546735356562e-08,265516.4629736325,113606.72604785851,655.9916494813806,265434.2750748842,113594.69588518055,657.0502338801903
380,0.9500000000000001,0.09500000000000001,353.58945051532953,2.119146230739295,-1.0595731153612173,-1.0595731153612173,353.58945051532953,0.0,0.0,2.119146230739295,-1.0595731153612173,-1.0595731153612173,353.58945051532953,0.0,0.0,0.0,0.00451250000000003,0.0,0.04750000000000001,0.0,0.0,0.0,-0.00451250000000003,0.0,0.04750000000000001,0.0,0.0,-0.0022528623379009733,0.002252862337901057,0.0,0.047428680797915936,0.0,0.0,0.002252862337901057,-0.0022528623379009733,0.0,0.047428680797915936,0.0,0.0,0.052302597887410075,1.7795798612496583e-08,265519.1106268807,113605.5629854396,654.5190263139957,265436.6681984044,113593.49634509964,655.5785994293597
381,0.9525,0.09525,353.7529105478073,2.121120179679387,-1.0605600898312644,-1.0605600898312644,353.7529105478073,0.0,0.0,2.121120179679387,-1.0605600898312644,-1.0605600898312644,353.7529105478073,0.0,0.0,0.0,0.0045362812500000516,0.0,0.047625,0.0,0.0,0.0,-0.0045362812500000516,0.0,0.047625,0.0,0.0,-0.0022647171947895797,0.0022647171947896504,0.0,0.04755311695096251,0.0,0.0,0.0022647171947896504,-0.0022647171947895797,0.0,0.04755311695096251,0.0,0.0,0.052445758556840916,1.7673073671176098e-08,265521.75090776087,113604.403673423,653.0498865948175,265439.0538589819,113592.30054171305,654.1104466846491
382,0.9550000000000001,0.09550000000000002,353.91600373735037,2.12309064850648,-1.0615453242532407,-1.0615453242532407,353.91600373735037,0.0,0.0,2.12309064850648,-1.0615453242532407,-1.0615453242532407,353.91600373735037,0.0,0.0,0.0,0.004560125000000026,0.0,0.04775000000000001,0.0,0.0,0.0,-0.004560125000000026,0.0,0.04775000000000001,0.0,0.0,-0.002276603019441743,0.0022766030194417766,0.0,0.047677550145376855,0.0,0.0,0.0022766030194417766,-0.002276603019441743,0.0,0.047677550145376855,0.0,0.0,0.05258892186733905,1.7551258224557387e-08,265524.3838452487,113603.24809695374,651.5842223432119,265441.4320861967,113591.10846022455,652.6457676674644
383,0.9575,0.09575,354.0787309518141,2.1250576413551494,-1.0625288206775743,-1.0625288206775743,354.0787309518141,0.0,0.0,2.1250576413551494,-1.0625288206775743,-1.0625288206775743,354.0787309518141,0.0,0.0,0.0,0.004584031249999954,0.0,0.047875,0.0,0.0,0.0,-0.004584031249999954,0.0,0.047875,0.0,0.0,-0.002288519810380711,0.002288519810380673,0.0,0.04780198037348746,0.0,0.0,0.002288519810380673,-0.002288519810380711,0.0,0.04780198037348746,0.0,0.0,0.05273208781265647,1.7430352272640448e-08,265527.0094681812,113602.09624124788,650.1220255954831,265443.80290948733,113589.92008590898,651.1845544161481
384,0.96,0.096,354.24109305706486,2.127021162344072,-1.0635105811551762,-1.0635105811551762,354.24109305706486,0.0,0.0,2.127021162344072,-1.0635105811551762,-1.0635105811551762,354.24109305706486,0.0,0.0,0.0,0.0046079999999999455,0.0,0.048,0.0,0.0,0.0,-0.0046079999999999455,0.0,0.048,0.0,0.0,-0.002300467566125942,0.0023004675661258914,0.0,0.047926407627624,0.0,0.0,0.0023004675661258914,-0.002300467566125942,0.0,0.047926407627624,0.0,0.0,0.052875256386559495,1.73101852851687e-08,265529.62780524744,113600.94809159703,648.663288405005,265446.1663581417,113588.73540411625,649.7267989861624
385,0.9625,0.09625,354.4030909169846,2.128981215542451,-1.0644906077796559,-1.0644906077796559,354.4030909169846,0.0,0.0,2.128981215542451,-1.0644906077796559,-1.0644906077796559,354.4030909169846,0.0,0.0,0.0,0.004632031250000002,0.0,0.048125,0.0,0.0,0.0,-0.004632031250000002,0.0,0.048125,0.0,0.0,-0.002312446285193081,0.0023124462851931006,0.0,0.04805083190011619,0.0,0.0,0.0023124462851931006,-0.002312446285193081,0.0,0.048050831900116185,0.0,0.0,0.05301842758282874,1.7190870948979864e-08,265532.2388849949,113599.80363336459,647.2080028421478,265448.52246130514,113587.55440026769,648.2724934499302
386,0.965,0.0965,354.56472539347516,2.130937805138516,-1.0654689025776898,-1.0654689025776898,354.56472539347516,0.0,0.0,2.130937805138516,-1.0654689025776898,-1.0654689025776898,354.56472539347516,0.0,0.0,0.0,0.004656125000000011,0.0,0.04825,0.0,0.0,0.0,-0.004656125000000011,0.0,0.04825,0.0,0.0,-0.00232445596609399,0.0023244559660940086,0.0,0.04817525318329532,0.0,0.0,0.0023244559660940086,-0.00232445596609399,0.0,0.04817525318329531,0.0,0.0,0.05316160139525906,1.7072579794330522e-08,265534.84273583116,113598.66285198655,645.7561609941768,265450.87124797754,113586.37705985727,646.8216298967584
387,0.9675,0.09675,354.7259973464619,2.1328909352709573,-1.0664454676270476,-1.0664454676270476,354.7259973464619,0.0,0.0,2.1328909352709573,-1.0664454676270476,-1.0664454676270476,354.7259973464619,0.0,0.0,0.0,0.0046802812499999735,0.0,0.048375,0.0,0.0,0.0,-0.0046802812499999735,0.0,0.048375,0.0,0.0,-0.002336496607336708,0.002336496607336684,0.0,0.04829967146949284,0.0,0.0,0.002336496607336684,-0.002336496607336708,0.0,0.048299671469492836,0.0,0.0,0.05330477781765954,1.695485707386979e-08,265537.4393860214,113597.52573297112,644.3077549653826,265453.21274701506,113585.20336845086,645.3742004330124
388,0.97,0.097,354.88690763389894,2.134840610079473,-1.0674203050397357,-1.0674203050397357,354.88690763389894,0.0,0.0,2.134840610079473,-1.0674203050397357,-1.0674203050397357,354.88690763389894,0.0,0.0,0.0,0.0047045,0.0,0.0485,0.0,0.0,0.0,-0.0047045,0.0,0.0485,0.0,0.0,-0.002348568207425481,0.002348568207425489,0.0,0.04842408675104098,0.0,0.0,0.002348568207425489,-0.002348568207425481,0.0,0.04842408675104098,0.0,0.0,0.053447956843853485,1.683810069152969e-08,265540.0288636915,113596.39226189775,642.8627768768638,265455.54698713147,113584.03331168549,643.9301971818857
389,0.9725,0.09725,355.0474571117724,2.136786833721647,-1.0683934168692562,-1.0683934168692562,355.0474571117724,0.0,0.0,2.136786833721647,-1.0683934168692562,-1.0683934168692562,355.0474571117724,0.0,0.0,0.0,0.00472878124999998,0.0,0.048625,0.0,0.0,0.0,-0.00472878124999998,0.0,0.048625,0.0,0.0,-0.002360670764860773,0.002360670764860756,0.0,0.0485484990202731,0.0,0.0,0.002360670764860756,-0.002360670764860773,0.0,0.04854849902027309,0.0,0.0,0.05359113846767833,1.672196958679706e-08,265542.61119682755,113595.26242441741,641.4212188666424,265457.87399689865,113582.86687526909,642.489612283506
390,0.975,0.0975,355.2076466341054,2.138729610406665,-1.069364805203334,-1.069364805203334,355.2076466341054,0.0,0.0,2.138729610406665,-1.069364805203334,-1.069364805203334,355.2076466341054,0.0,0.0,0.0,0.004753125000000025,0.0,0.04875,0.0,0.0,0.0,-0.004753125000000025,0.0,0.04875,0.0,0.0,-0.002372804278139225,0.002372804278139297,0.0,0.04867290826952296,0.0,0.0,0.002372804278139297,-0.002372804278139225,0.0,0.04867290826952297,0.0,0.0,0.05373432268298567,1.6606918507022783e-08,265545.1864132792,113594.13620625119,639.9830730894173,265460.1938047475,113581.70404498,641.0524378946277
391,0.9775,0.09775,355.36747705296153,2.140668944294126,-1.0703344721470631,-1.0703344721470631,355.36747705296153,0.0,0.0,2.140668944294126,-1.0703344721470631,-1.0703344721470631,355.36747705296153,0.0,0.0,0.0,0.004777531250000022,0.0,0.048875,0.0,0.0,0.0,-0.004777531250000022,0.0,0.048875,0.0,0.0,-0.002384968745753743,0.002384968745753772,0.0,0.04879731449112506,0.0,0.0,0.002384968745753772,-0.002384968745753743,0.0,0.04879731449112506,0.0,0.0,0.05387750948364119,1.6492435861437116e-08,265547.7545407577,113593.01359319066,638.5483317169565,265462.50643896917,113580.54480666653,639.6186661891124
392,0.98,0.098,355.52694921844966,2.1426048395614736,-1.0713024197807368,-1.0713024197807368,355.52694921844966,0.0,0.0,2.1426048395614736,-1.0713024197807368,-1.0713024197807368,355.52694921844966,0.0,0.0,0.0,0.004801999999999973,0.0,0.049,0.0,0.0,0.0,-0.004801999999999973,0.0,0.049,0.0,0.0,-0.0023971641661933297,0.002397164166193309,0.0,0.04892171767741487,0.0,0.0,0.002397164166193309,-0.0023971641661933297,0.0,0.04892171767741488,0.0,0.0,0.054020698863524653,1.637886271055322e-08,265550.3156068367,113591.8945710976,637.1169869376317,265464.8119277154,113579.38914624677,638.1882893574077
393,0.9825,0.09825,355.68606397872793,2.1445373004208843,-1.0722686502104408,-1.0722686502104408,355.68606397872793,0.0,0.0,2.1445373004208843,-1.0722686502104408,-1.0722686502104408,355.68606397872793,0.0,0.0,0.0,0.004826531249999988,0.0,0.049125,0.0,0.0,0.0,-0.004826531249999988,0.0,0.049125,0.0,0.0,-0.0024093905379432893,0.0024093905379432754,0.0,0.04904611782072851,0.0,0.0,0.0024093905379432754,-0.0024093905379432893,0.0,0.049046117820728506,0.0,0.0,0.054163890816529864,1.6266085367533378e-08,265552.86963895644,113590.77912590245,635.689030956506,265467.1102989997,113578.23704970766,636.7612996067312
394,0.985,0.0985,355.8448221800075,2.1464663311023613,-1.0732331655343166,-1.0732331655343166,355.8448221800075,0.0,0.0,2.1464663311023613,-1.0732331655343166,-1.0732331655343166,355.8448221800075,0.0,0.0,0.0,0.004851124999999956,0.0,0.04925,0.0,0.0,0.0,-0.004851124999999956,0.0,0.04925,0.0,0.0,-0.002421647859485094,0.002421647859485031,0.0,0.049170514913402893,0.0,0.0,0.002421647859485031,-0.002421647859485094,0.0,0.04917051491340289,0.0,0.0,0.05430708533656465,1.6153876458702143e-08,265555.41666442156,113589.66724360509,634.2644559955224,265469.4015806978,113577.08850310526,635.337689161055
395,0.9875,0.09875,356.00322466655774,2.1483919357694456,-1.0741959678931547,-1.0741959678931547,356.00322466655774,0.0,0.0,2.1483919357694456,-1.0741959678931547,-1.0741959678931547,356.00322466655774,0.0,0.0,0.0,0.004875781249999989,0.0,0.049375,0.0,0.0,0.0,-0.004875781249999989,0.0,0.049375,0.0,0.0,-0.002433936129296405,0.002433936129296397,0.0,0.04929490894777536,0.0,0.0,0.002433936129296397,-0.002433936129296405,0.0,0.04929490894777536,0.0,0.0,0.05445028241755081,1.6042747574829264e-08,265557.95671040134,113588.55891027389,632.8432542931405,265471.68580054905,113575.9434925637,633.917450261034
396,0.99,0.099,356.1612722807092,2.150314118704693,-1.075157059360777,-1.075157059360777,356.1612722807092,0.0,0.0,2.150314118704693,-1.075157059360777,-1.075157059360777,356.1612722807092,0.0,0.0,0.0,0.004900499999999974,0.0,0.0495,0.0,0.0,0.0,-0.004900499999999974,0.0,0.0495,0.0,0.0,-0.0024462553458511342,0.0024462553458511117,0.0,0.04941929991618455,0.0,0.0,0.0024462553458511117,-0.0024462553458511342,0.0,0.04941929991618455,0.0,0.0,0.054593482053424104,1.5932300811982714e-08,265560.4898039344,113587.45411204507,631.4254181045544,265473.96298615664,113574.802004275,632.500575163911
397,0.9925,0.09925,356.3189658628586,2.1522328841241456,-1.076116442062073,-1.076116442062073,356.3189658628586,0.0,0.0,2.1522328841241456,-1.076116442062073,-1.076116442062073,356.3189658628586,0.0,0.0,0.0,0.004925281250000024,0.0,0.049625,0.0,0.0,0.0,-0.004925281250000024,0.0,0.049625,0.0,0.0,-0.0024586055076193532,0.0024586055076193927,0.0,0.04954368781096955,0.0,0.0,0.0024586055076193927,-0.0024586055076193532,0.0,0.04954368781096955,0.0,0.0,0.05473668423813422,1.5822536170162493e-08,265563.01597192505,113586.35283512302,630.0109397016495,265476.2331649889,113573.6640244989,631.0870561437022
398,0.995,0.0995,356.4763062514727,2.154148236244839,-1.0770741181392836,-1.0770741181392836,356.4763062514727,0.0,0.0,2.154148236244839,-1.0770741181392836,-1.0770741181392836,356.4763062514727,0.0,0.0,0.0,0.004950125000000027,0.0,0.04975,0.0,0.0,0.0,-0.004950125000000027,0.0,0.04975,0.0,0.0,-0.0024709866130673986,0.0024709866130674185,0.0,0.0496680726244704,0.0,0.0,0.0024709866130674185,-0.0024709866130673986,0.0,0.0496680726244704,0.0,0.0,0.05487988896564474,1.5713510492787464e-08,265565.53524114686,113585.25506577897,628.599811372711,265478.4963643806,113572.52953956186,629.6768854908502
399,0.9975,0.09975,356.6332942830925,2.156060179369044,-1.078030089692956,-1.078030089692956,356.6332942830925,0.0,0.0,2.156060179369044,-1.078030089692956,-1.078030089692956,356.6332942830925,0.0,0.0,0.0,0.004975031249999984,0.0,0.049875,0.0,0.0,0.0,-0.004975031249999984,0.0,0.049875,0.0,0.0,-0.0024833986606577164,0.0024833986606577173,0.0,0.04979245434902734,0.0,0.0,0.0024833986606577173,-0.0024833986606577164,0.0,0.04979245434902734,0.0,0.0,0.055023096229933094,1.560550799695193e-08,265568.0476382435,113584.16079035115,627.192025422788,265480.75261153193,113571.3985358573,628.2700555124801
400,1.0,0.1,356.78993079233715,2.1579687177325546,-1.0789843588494121,-1.0789843588494121,356.78993079233715,0.0,0.0,2.1579687177325546,-1.0789843588494121,-1.0789843588494121,356.78993079233715,0.0,0.0,0.0,0.0050000000000000044,0.0,0.05,0.0,0.0,0.0,-0.0050000000000000044,0.0,0.05,0.0,0.0,-0.0024958416488491146,0.0024958416488491254,0.0,0.04991683297698231,0.0,0.0,0.0024958416488491254,-0.0024958416488491146,0.0,0.049916832976982316,0.0,0.0,0.055166306024990557,1.5498073935305e-08,265570.5531897275,113583.0699952444,625.7875741733442,265483.00193351175,113570.2709998447,626.8665585321927
