step,time,loading,path_conjugate_stress,cauchy_11,cauchy_22,cauchy_33,cauchy_12,cauchy_23,cauchy_13,kirchhoff_11,kirchhoff_22,kirchhoff_33,kirchhoff_12,kirchhoff_23,kirchhoff_13,green_lagrange_11,green_lagrange_22,green_lagrange_33,green_lagrange_12,green_lagrange_23,green_lagrange_13,euler_almansi_11,euler_almansi_22,euler_almansi_33,euler_almansi_12,euler_almansi_23,euler_almansi_13,material_log_11,material_log_22,material_log_33,material_log_12,material_log_23,material_log_13,spatial_log_11,spatial_log_22,spatial_log_33,spatial_log_12,spatial_log_23,spatial_log_13,equivalent_plastic_strain,yield_residual,A_1111,A_1122,A_1212,D_1111,D_1122,D_1212
0,0.0,0.0,0.0,0.0,0.0,0.0,0.0,0.0,0.0,0.0,0.0,0.0,0.0,0.0,0.0,0.0,0.0,0.0,0.0,0.0,0.0,0.0,0.0,0.0,0.0,0.0,0.0,0.0,0.0,0.0,0.0,0.0,0.0,0.0,0.0,0.0,0.0,0.0,0.0,0.0,-367.4234614174767,271135.06666666665,110747.46666666666,80193.8,271135.06666666665,110747.46666666666,80193.8
1,0.0025,0.00025,60.15287004848708,40.101913365694514,-20.050956682792567,-20.050956682792567,0.0,0.0,0.0,40.10191336569452,-20.05095668279257,-20.05095668279257,0.0,0.0,0.0,0.0002500625104180365,-0.00012498437630198422,-0.00012498437630198422,0.0,0.0,0.0,0.0002499375104154655,-0.00012501562630207186,-0.00012501562630207186,0.0,0.0,0.0,0.0002500000000000676,-0.00012499999999998225,-0.00012499999999998225,0.0,0.0,0.0,0.0002500000000000676,-0.00012499999999998225,-0.00012499999999998225,0.0,0.0,0.0,0.0,-318.30884868989716,270986.1790771279,110720.25512359623,80193.79999999999,271081.6041322194,110734.0960205247,80193.8050125302
2,0.005,0.0005,120.32078771445475,80.21385847630317,-40.10692923815159,-40.10692923815159,0.0,0.0,0.0,80.21385847630317,-40.10692923815159,-40.10692923815159,0.0,0.0,0.0,0.0005002500833540813,-0.0002499375104153545,-0.0002499375104153545,0.0,0.0,0.0,0.000499750083312378,-0.0002500625104180365,-0.0002500625104180365,0.0,0.0,0.0,0.0004999999999999106,-0.00024999999999998976,-0.00024999999999998976,0.0,0.0,0.0,0.0004999999999999106,-0.00024999999999998976,-0.00024999999999998976,0.0,0.0,0.0,0.0,-269.18194963409366,270837.38260311953,110693.03862687702,80193.8,271028.1415910885,110720.71534597946,80193.82005179267
3,0.0075,0.00075,180.50376428226633,120.33584285485016,-60.167921427416175,-60.167921427416175,0.0,0.0,0.0,120.33584285485016,-60.167921427416175,-60.167921427416175,0.0,0.0,0.0,0.000750562781355546,-0.00037485941014969715,-0.00037485941014969715,0.0,0.0,0.0,0.0007494377811446129,-0.00037514066016286485,-0.00037514066016286485,0.0,0.0,0.0,0.0007500000000000456,-0.000375000000000038,-0.000375000000000038,0.0,0.0,0.0,0.0007500000000000456,-0.000375000000000038,-0.000375000000000038,0.0,0.0,0.0,0.0,-220.04275503642205,270688.67718658195,110665.81717524726,80193.8,270974.67903658835,110707.32463885099,80193.84512029609
4,0.01,0.001,240.70181104084367,160.46787402724098,-80.23393701360267,-80.23393701360267,0.0,0.0,0.0,160.46787402724098,-80.23393701360267,-80.23393701360267,0.0,0.0,0.0,0.0010010006670001514,-0.000499750083312489,-0.000499750083312489,0.0,0.0,0.0,0.0009990006663335715,-0.0005002500833540813,-0.0005002500833540813,0.0,0.0,0.0,0.001000000000000018,-0.0004999999999999848,-0.0004999999999999848,0.0,0.0,0.0,0.001000000000000018,-0.0004999999999999848,-0.0004999999999999848,0.0,0.0,0.0,0.0,-170.89125567951626,270540.06276949425,110638.59076744388,80193.8,270921.2164620321,110693.92389495672,80193.88022055132
5,0.0125,0.0012500000000000002,300.91493928395187,200.60995952267697,-100.3049797612749,-100.3049797612749,0.0,0.0,0.0,200.60995952267703,-100.30497976127492,-100.30497976127492,0.0,0.0,0.0,0.0012515638028975928,-0.0006246095377095418,-0.0006246095377095418,0.0,0.0,0.0,0.0012484388012700132,-0.0006253907878112086,-0.0006253907878112086,0.0,0.0,0.0,0.0012500000000000501,-0.000624999999999975,-0.000624999999999975,0.0,0.0,0.0,0.0012500000000000501,-0.000624999999999975,-0.000624999999999975,0.0,0.0,0.0,0.0,-121.72744234205564,270391.5392938739,110611.3594022029,80193.79999999999,270867.753860731,110680.51311011187,80193.92535507091
6,0.015,0.0015,361.1431603100217,240.76210687338428,-120.38105343663744,-120.38105343663744,0.0,0.0,0.0,240.76210687338434,-120.38105343663747,-120.38105343663747,0.0,0.0,0.0,0.0015022522516886516,-0.0007494377811445019,-0.0007494377811445019,0.0,0.0,0.0,0.0014977522483136108,-0.000750562781355546,-0.000750562781355546,0.0,0.0,0.0,0.0015000000000001382,-0.0007499999999999389,-0.0007499999999999389,0.0,0.0,0.0,0.0015000000000001382,-0.0007499999999999389,-0.0007499999999999389,0.0,0.0,0.0,0.0,-72.55130579891022,270243.1067017762,110584.12307825907,80193.8,270814.29122599494,110667.09228012926,80193.98052636952
7,0.0175,0.0017500000000000003,421.3864854221668,280.92432361477785,-140.46216180738895,-140.46216180738895,0.0,0.0,0.0,280.92432361477785,-140.46216180738895,-140.46216180738895,0.0,0.0,0.0,0.0017530660760451955,-0.0008742348214192397,-0.0008742348214192397,0.0,0.0,0.0,0.001746941069792618,-0.0008757660718100579,-0.0008757660718100579,0.0,0.0,0.0,0.001750000000000037,-0.0008749999999999818,-0.0008749999999999818,0.0,0.0,0.0,0.001750000000000037,-0.0008749999999999818,-0.0008749999999999818,0.0,0.0,0.0,0.0,-23.36283682112645,270094.76493529556,110556.88179434623,80193.8,270760.8285511317,110653.66140081939,80194.04573696354
8,0.02,0.002,450.59507442063796,300.39671628042527,-150.19835814021266,-150.19835814021266,0.0,0.0,0.0,300.39671628042527,-150.19835814021266,-150.19835814021266,0.0,0.0,0.0,0.0020040053386709555,-0.0009990006663334605,-0.0009990006663334605,0.0,0.0,0.0,0.001996005328004258,-0.0010010006670001514,-0.0010010006670001514,0.0,0.0,0.0,0.002000000000000019,-0.000999999999999994,-0.000999999999999994,0.0,0.0,0.0,0.002000000000000019,-0.000999999999999994,-0.000999999999999994,0.0,0.0,0.0,0.00012906121265308105,0.0,165259.87139655754,163040.5621694035,75024.00489205403,165621.83800937067,163203.68427903423,75024.30518843791
9,0.0225,0.00225,451.72493185654434,301.14995457102185,-150.57497728552252,-150.57497728552252,0.0,0.0,0.0,301.1499545710218,-150.5749772855225,-150.5749772855225,0.0,0.0,0.0,0.002255070102300638,-0.0011237353236850933,-0.0011237353236850933,0.0,0.0,0.0,0.002244945085214667,-0.0011262665747528988,-0.0011262665747528988,0.0,0.0,0.0,0.002249999999999975,-0.0011250000000000387,-0.0011250000000000387,0.0,0.0,0.0,0.002249999999999975,-0.0011250000000000387,-0.0011250000000000387,0.0,0.0,0.0,0.0003748642885023531,-1.1368683772161603e-13,165168.8173492238,163024.04383460202,70919.91034414984,165612.60191832596,163207.54908626594,70911.09490462279
10,0.025,0.0025000000000000005,452.8503193954086,301.9002129302983,-150.95010646511025,-150.95010646511025,0.0,0.0,0.0,301.9002129302984,-150.95010646511028,-150.95010646511028,0.0,0.0,0.0,0.002506260429700591,-0.0012484388012699021,-0.0012484388012699021,0.0,0.0,0.0,0.0024937604036590066,-0.0012515638028975928,-0.0012515638028975928,0.0,0.0,0.0,0.002500000000000059,-0.001249999999999964,-0.001249999999999964,0.0,0.0,0.0,0.002500000000000059,-0.001249999999999964,-0.001249999999999964,0.0,0.0,0.0,0.0006206871178524671,0.0,165077.614758784,163007.62808255214,70957.06369632063,165603.1695332523,163211.51502044374,70930.84269970038
11,0.0275,0.0027500000000000003,453.9712545299623,302.6475030199619,-151.32375151000042,-151.32375151000042,0.0,0.0,0.0,302.64750301996185,-151.3237515100004,-151.3237515100004,0.0,0.0,0.0,0.0027575763836681366,-0.0013731111068821522,-0.0013731111068821522,0.0,0.0,0.0,0.0027424513455405197,-0.0013768923592650806,-0.0013768923592650806,0.0,0.0,0.0,0.0027500000000000115,-0.0013750000000000684,-0.0013750000000000684,0.0,0.0,0.0,0.0027500000000000115,-0.0013750000000000684,-0.0013750000000000684,0.0,0.0,0.0,0.0008665296233480948,-5.684341886080802e-14,164986.49590426372,162991.19838558775,70994.06760958972,165593.7741307033,163215.46543162837,70950.4258755848
12,0.03,0.003,455.08775469023,303.39183646014277,-151.6959182300872,-151.6959182300872,0.0,0.0,0.0,303.39183646014277,-151.6959182300872,-151.6959182300872,0.0,0.0,0.0,0.003009018027032462,-0.0014977522483134997,-0.0014977522483134997,0.0,0.0,0.0,0.0029910179730324726,-0.0015022522516886516,-0.0015022522516886516,0.0,0.0,0.0,0.003000000000000029,-0.0014999999999999877,-0.0014999999999999877,0.0,0.0,0.0,0.003000000000000029,-0.0014999999999999877,-0.0014999999999999877,0.0,0.0,0.0,0.0011123917279131203,-5.684341886080802e-14,164895.46058562928,162974.75480496304,71030.92386103705,165584.4155761251,163219.40037547736,70969.84632744182
13,0.0325,0.0032500000000000003,456.19983724370445,304.1332248291258,-152.06661241457866,-152.06661241457866,0.0,0.0,0.0,304.1332248291258,-152.06661241457866,-152.06661241457866,0.0,0.0,0.0,0.00326058542265395,-0.0016223622333542687,-0.0016223622333542687,0.0,0.0,0.0,0.003239460348276213,-0.0016276434880029278,-0.0016276434880029278,0.0,0.0,0.0,0.0032500000000000827,-0.0016249999999999754,-0.0016249999999999754,0.0,0.0,0.0,0.0032500000000000827,-0.0016249999999999754,-0.0016249999999999754,0.0,0.0,0.0,0.0013582733547489539,0.0,164804.50860347765,162958.2974017614,71067.63420083396,165575.09373532885,163223.31990750646,70989.105921766
14,0.035,0.0035000000000000005,457.3075194955291,304.87167966371203,-152.43583983181708,-152.43583983181708,0.0,0.0,0.0,304.8716796637121,-152.4358398318171,-152.4358398318171,0.0,0.0,0.0,0.003512278633424404,-0.001746941069792507,-0.001746941069792507,0.0,0.0,0.0,0.0034877785333824463,-0.0017530660760451955,-0.0017530660760451955,0.0,0.0,0.0,0.0035000000000001254,-0.0017499999999999552,-0.0017499999999999552,0.0,0.0,0.0,0.0035000000000001254,-0.0017499999999999552,-0.0017499999999999552,0.0,0.0,0.0,0.0016041744273347872,-5.684341886080802e-14,164713.63975909038,162941.8262368697,71104.20035268679,165565.80847454543,163227.22408306372,71008.20649685687
15,0.0375,0.00375,458.4108186886728,305.6072124591152,-152.8036062295576,-152.8036062295576,0.0,0.0,0.0,305.6072124591152,-152.8036062295576,-152.8036062295576,0.0,0.0,0.0,0.0037640977222669347,-0.0018714887654144308,-0.0018714887654144308,0.0,0.0,0.0,0.003735972590430736,-0.0018785200236541844,-0.0018785200236541844,0.0,0.0,0.0,0.0037499999999999656,-0.0018749999999999657,-0.0018749999999999657,0.0,0.0,0.0,0.0037499999999999656,-0.0018749999999999657,-0.0018749999999999657,0.0,0.0,0.0,0.0018500948694258293,5.684341886080802e-14,164622.85385440354,162925.34137099097,71140.6240144019,165556.55966039732,163231.11295734227,71027.14986341639
16,0.04,0.004,459.5097520041099,306.33983466940134,-153.16991733470854,-153.16991733470854,0.0,0.0,0.0,306.33983466940134,-153.16991733470854,-153.16991733470854,0.0,0.0,0.0,0.004016042752136739,-0.001996005328004258,-0.001996005328004258,0.0,0.0,0.0,0.003984042581469671,-0.0020040053386709555,-0.0020040053386709555,0.0,0.0,0.0,0.0040000000000000235,-0.001999999999999994,-0.001999999999999994,0.0,0.0,0.0,0.0040000000000000235,-0.001999999999999994,-0.001999999999999994,0.0,0.0,0.0,0.0020960346050532337,-5.684341886080802e-14,164532.15069202668,162908.8428646364,71176.90685831511,165547.34715991764,163234.98658537184,71045.93780500971
17,0.0425,0.00425,460.60433656099667,307.0695577073206,-153.53477885367604,-153.53477885367604,0.0,0.0,0.0,307.0695577073206,-153.53477885367604,-153.53477885367604,0.0,0.0,0.0,0.004268113786019767,-0.0021204907653442073,-0.0021204907653442073,0.0,0.0,0.0,0.004231988568516587,-0.0021295220289381245,-0.0021295220289381245,0.0,0.0,0.0,0.0042499999999999925,-0.0021249999999999737,-0.0021249999999999737,0.0,0.0,0.0,0.0042499999999999925,-0.0021249999999999737,-0.0021249999999999737,0.0,0.0,0.0,0.002341993558522517,0.0,164441.53007521632,162892.3307781363,71213.0505318174,165538.1708405254,163238.84502202994,71064.57207862166
18,0.045,0.0045,461.69458941685195,307.79639294456797,-153.89819647228398,-153.89819647228398,0.0,0.0,0.0,307.79639294456797,-153.89819647228398,-153.89819647228398,0.0,0.0,0.0,0.0045203108869338315,-0.002244945085214667,-0.002244945085214667,0.0,0.0,0.0,0.004479810613558066,-0.002255070102300638,-0.002255070102300638,0.0,0.0,0.0,0.004499999999999925,-0.0022499999999999526,-0.0022499999999999526,0.0,0.0,0.0,0.004499999999999925,-0.0022499999999999526,-0.0022499999999999526,0.0,0.0,0.0,0.0025879716544137416,-5.684341886080802e-14,164350.99180788756,162875.80517163483,71249.05665776081,165529.03057003813,163242.6883220364,71083.05441509305
19,0.0475,0.004750000000000001,462.78052756773207,308.52035171182666,-154.26017585590537,-154.26017585590537,0.0,0.0,0.0,308.52035171182666,-154.26017585590537,-154.26017585590537,0.0,0.0,0.0,0.004772634117928387,-0.002369368295394081,-0.002369368295394081,0.0,0.0,0.0,0.004727508778549716,-0.0023806495666051086,-0.0023806495666051086,0.0,0.0,0.0,0.004749999999999998,-0.0023749999999999804,-0.0023749999999999804,0.0,0.0,0.0,0.004749999999999998,-0.0023749999999999804,-0.0023749999999999804,0.0,0.0,0.0,0.00283396881757979,5.684341886080802e-14,164260.53569462325,162859.26610508398,71284.92683497595,165519.92621668213,163246.5165399471,71101.3865196673
20,0.05,0.005000000000000001,463.86216794840885,309.24144529890805,-154.6207226495008,-154.6207226495008,0.0,0.0,0.0,309.241445298908,-154.62072264950078,-154.62072264950078,0.0,0.0,0.0,0.0050250835420839746,-0.0024937604036588956,-0.0024937604036588956,0.0,0.0,0.0,0.004975083125415836,-0.002506260429700591,-0.002506260429700591,0.0,0.0,0.0,0.004999999999999946,-0.0025000000000000525,-0.0025000000000000525,0.0,0.0,0.0,0.004999999999999946,-0.0025000000000000525,-0.0025000000000000525,0.0,0.0,0.0,0.003079984973145931,1.1368683772161603e-13,164170.16154065536,162842.71363825302,71320.66263867359,165510.8576490749,163250.32973016353,71119.57007242103
21,0.0525,0.00525,464.93952743254846,309.9596849550141,-154.97984247753436,-154.97984247753436,0.0,0.0,0.0,309.95968495501404,-154.97984247753433,-154.97984247753433,0.0,0.0,0.0,0.005277659222513109,-0.0026181214177835033,-0.0026181214177835033,0.0,0.0,0.0,0.005222533716050248,-0.0026319026994373607,-0.0026319026994373607,0.0,0.0,0.0,0.005249999999999925,-0.002625000000000054,-0.002625000000000054,0.0,0.0,0.0,0.005249999999999925,-0.002625000000000054,-0.002625000000000054,0.0,0.0,0.0,0.0033260200465091267,5.684341886080802e-14,164079.86915186944,162826.14783072562,71356.26562088754,165501.82473623066,163254.12794692963,71137.6067287349
22,0.055,0.0055000000000000005,466.0126228328884,310.675081888587,-155.3375409443014,-155.3375409443014,0.0,0.0,0.0,310.675081888587,-155.3375409443014,-155.3375409443014,0.0,0.0,0.0,0.005530361222359836,-0.0027424513455405197,-0.0027424513455405197,0.0,0.0,0.0,0.005469860612315747,-0.0027575763836681366,-0.0027575763836681366,0.0,0.0,0.0,0.005500000000000058,-0.0027500000000000376,-0.0027500000000000376,0.0,0.0,0.0,0.005500000000000058,-0.0027500000000000376,-0.0027500000000000376,0.0,0.0,0.0,0.0035720739633372293,0.0,163989.65833480094,162809.5687419004,71391.73731090329,165492.82734755802,163257.91124433235,71155.49811975007
23,0.0575,0.005750000000000001,467.081470901413,311.3876472676062,-155.69382363380677,-155.69382363380677,0.0,0.0,0.0,311.38764726760616,-155.69382363380674,-155.69382363380674,0.0,0.0,0.0,0.005783189604799288,-0.002866750194700618,-0.002866750194700618,0.0,0.0,0.0,0.005717063876043482,-0.0028832814902477466,-0.0028832814902477466,0.0,0.0,0.0,0.005749999999999978,-0.002875000000000056,-0.002875000000000056,0.0,0.0,0.0,0.005749999999999978,-0.002875000000000056,-0.002875000000000056,0.0,0.0,0.0,0.0038181466495677864,-5.684341886080802e-14,163899.52889663036,162792.9764309939,71427.07921568627,165483.8653528558,163261.67967630443,71173.24585282317
24,0.06,0.006,468.14608832953286,312.0973922196886,-156.0486961098443,-156.0486961098443,0.0,0.0,0.0,312.0973922196886,-156.0486961098443,-156.0486961098443,0.0,0.0,0.0,0.006036144433038904,-0.0029910179730323616,-0.0029910179730323616,0.0,0.0,0.0,0.005964143569034852,-0.003009018027032462,-0.003009018027032462,0.0,0.0,0.0,0.006000000000000026,-0.002999999999999994,-0.002999999999999994,0.0,0.0,0.0,0.006000000000000026,-0.002999999999999994,-0.002999999999999994,0.0,0.0,0.0,0.004064238031407873,5.684341886080802e-14,163809.48064521266,162776.37095702445,71462.2928202547,165474.93862234417,163265.43329660821,71190.85151192558
25,0.0625,0.00625,469.2064917482595,312.80432783216776,-156.40216391609178,-156.40216391609178,0.0,0.0,0.0,312.80432783216776,-156.40216391609178,-156.40216391609178,0.0,0.0,0.0,0.006289225770317208,-0.003115254688302649,-0.003115254688302649,0.0,0.0,0.0,0.006211099753059335,-0.003134786001880885,-0.003134786001880885,0.0,0.0,0.0,0.006250000000000019,-0.0031250000000000145,-0.0031250000000000145,0.0,0.0,0.0,0.006250000000000019,-0.0031250000000000145,-0.0031250000000000145,0.0,0.0,0.0,0.004310348035332791,-1.1368683772161603e-13,163719.51338901778,162759.7523788417,71497.37958811448,165466.04702660558,163269.17215886505,71208.31665810413
26,0.065,0.006500000000000001,470.2626977283842,313.5084651522561,-156.75423257612803,-156.75423257612803,0.0,0.0,0.0,313.5084651522561,-156.75423257612803,-156.75423257612803,0.0,0.0,0.0,0.00654243367990448,-0.003239460348276102,-0.003239460348276102,0.0,0.0,0.0,0.006457932489856211,-0.003260585422653728,-0.003260585422653728,0.0,0.0,0.0,0.0064999999999999026,-0.003249999999999944,-0.003249999999999944,0.0,0.0,0.0,0.0064999999999999026,-0.003249999999999944,-0.003249999999999944,0.0,0.0,0.0,0.004556476588085582,-5.684341886080802e-14,163629.62693717447,162743.12075510397,71532.34096162133,165457.1904366302,163272.8963165326,71225.64282986839
27,0.0675,0.006750000000000001,471.31472278065223,314.2098151870833,-157.10490759356898,-157.10490759356898,0.0,0.0,0.0,314.2098151870832,-157.10490759356895,-157.10490759356895,0.0,0.0,0.0,0.006795768225102972,-0.0033636349607158444,-0.0033636349607158444,0.0,0.0,0.0,0.006704641841133674,-0.0033864162972135903,-0.0033864162972135903,0.0,0.0,0.0,0.006749999999999944,-0.0033750000000000537,-0.0033750000000000537,0.0,0.0,0.0,0.006749999999999944,-0.0033750000000000537,-0.0033750000000000537,0.0,0.0,0.0,0.004802623616676035,5.684341886080802e-14,163539.82109946068,162726.47614428296,71567.17836237833,165448.3687238071,163276.60582290933,71242.83154361293
28,0.07,0.007000000000000001,472.362583355939,314.90838890396986,-157.45419445196913,-157.45419445196913,0.0,0.0,0.0,314.90838890396986,-157.45419445196913,-157.45419445196913,0.0,0.0,0.0,0.007049229469246243,-0.0034877785333824463,-0.0034877785333824463,0.0,0.0,0.0,0.006951227868569054,-0.003512278633424404,-0.003512278633424404,0.0,0.0,0.0,0.0070000000000000695,-0.0034999999999999988,-0.0034999999999999988,0.0,0.0,0.0,0.0070000000000000695,-0.0034999999999999988,-0.0034999999999999988,0.0,0.0,0.0,0.005048789048379738,0.0,163450.09568628707,162709.818604671,71601.89319160621,165439.5817599089,163280.30073114161,71259.88429401172
29,0.0725,0.0072499999999999995,473.406295845429,315.60419723027303,-157.80209861515596,-157.80209861515596,0.0,0.0,0.0,315.604197230273,-157.80209861515593,-157.80209861515593,0.0,0.0,0.0,0.007302817475699275,-0.003611891074035145,-0.003611891074035145,0.0,0.0,0.0,0.007197690633808818,-0.0036381724391526538,-0.0036381724391526538,0.0,0.0,0.0,0.00724999999999995,-0.0036250000000000444,-0.0036250000000000444,0.0,0.0,0.0,0.00724999999999995,-0.0036250000000000444,-0.0036250000000000444,0.0,0.0,0.0,0.005294972810737691,0.0,163360.450508717,162693.14819437018,71636.48683049036,165430.82941711316,163283.9810942131,71276.80255438897
30,0.075,0.0075,474.4458765807897,316.297251053831,-158.14862552695863,-158.14862552695863,0.0,0.0,0.0,316.29725105383096,-158.1486255269586,-158.1486255269586,0.0,0.0,0.0,0.007556532307859465,-0.003735972590430847,-0.003735972590430847,0.0,0.0,0.0,0.007444030198468565,-0.0037640977222669347,-0.0037640977222669347,0.0,0.0,0.0,0.0074999999999999754,-0.0037500000000000627,-0.0037500000000000627,0.0,0.0,0.0,0.0074999999999999754,-0.0037500000000000627,-0.0037500000000000627,0.0,0.0,0.0,0.005541174831555438,5.684341886080802e-14,163270.8853784439,162676.4649713043,71670.9606405525,165422.11156798012,163287.64696495605,71293.58777711357
31,0.0775,0.00775,475.4813418343473,316.9875612228876,-158.49378061145967,-158.49378061145967,0.0,0.0,0.0,316.9875612228876,-158.49378061145967,-158.49378061145967,0.0,0.0,0.0,0.007810374029155298,-0.0038600230903245714,-0.0038600230903245714,0.0,0.0,0.0,0.007690246624133479,-0.0038900544906376178,-0.0038900544906376178,0.0,0.0,0.0,0.007749999999999925,-0.0038749999999999774,-0.0038749999999999774,0.0,0.0,0.0,0.007749999999999925,-0.0038749999999999774,-0.0038749999999999774,0.0,0.0,0.0,0.005787395038902001,0.0,163181.40010779203,162659.7689932166,71705.31596400647,165413.42808545535,163291.29839604942,71310.24139397776
32,0.08,0.008,476.5127078192622,317.6751385461642,-158.83756927309798,-158.83756927309798,0.0,0.0,0.0,317.6751385461642,-158.83756927309798,-158.83756927309798,0.0,0.0,0.0,0.008064342703047456,-0.003984042581469671,-0.003984042581469671,0.0,0.0,0.0,0.007936339972357542,-0.004016042752136739,-0.004016042752136739,0.0,0.0,0.0,0.008000000000000044,-0.003999999999999986,-0.003999999999999986,0.0,0.0,0.0,0.008000000000000044,-0.003999999999999986,-0.003999999999999986,0.0,0.0,0.0,0.006033633361109082,-1.1368683772161603e-13,163091.99450973386,162643.06031766123,71739.55412409117,165404.77884288778,163294.93544000998,71326.76481655223
33,0.0825,0.00825,477.53999068970484,318.3599937931078,-159.17999689659703,-159.17999689659703,0.0,0.0,0.0,318.3599937931077,-159.179996896597,-159.179996896597,0.0,0.0,0.0,0.008318438393027705,-0.00410803107161728,-0.00410803107161728,0.0,0.0,0.0,0.008182310304663709,-0.004142062514638778,-0.004142062514638778,0.0,0.0,0.0,0.008249999999999936,-0.0041250000000000045,-0.0041250000000000045,0.0,0.0,0.0,0.008249999999999936,-0.0041250000000000045,-0.0041250000000000045,0.0,0.0,0.0,0.006279889726770451,0.0,163002.66839787125,162626.33900201204,71773.67642539865,165396.16371401178,163298.55814920098,71343.15943653576
34,0.085,0.0085,478.5632065410323,319.0421376940321,-159.5210688470002,-159.5210688470002,0.0,0.0,0.0,319.0421376940321,-159.5210688470002,-159.5210688470002,0.0,0.0,0.0,0.008572661162620343,-0.004231988568516587,-0.004231988568516587,0.0,0.0,0.0,0.008428157682545179,-0.004268113786019767,-0.004268113786019767,0.0,0.0,0.0,0.00849999999999997,-0.00424999999999994,-0.00424999999999994,0.0,0.0,0.0,0.00849999999999997,-0.00424999999999994,-0.00424999999999994,0.0,0.0,0.0,0.006526164064741681,0.0,162913.42158643223,162609.60510346372,71807.68415419091,165387.58257294542,163302.16657583325,71359.42662609355
35,0.08750000000000001,0.00875,479.5823714099606,319.7215809399661,-159.86079046999453,-159.86079046999453,0.0,0.0,0.0,319.72158093996603,-159.8607904699945,-159.8607904699945,0.0,0.0,0.0,0.008827011075380864,-0.004355915079915174,-0.004355915079915174,0.0,0.0,0.0,0.008673882167463398,-0.004394196574158182,-0.004394196574158182,0.0,0.0,0.0,0.008749999999999947,-0.004375000000000032,-0.004375000000000032,0.0,0.0,0.0,0.008749999999999947,-0.004375000000000032,-0.004375000000000032,0.0,0.0,0.0,0.006772456304138202,-5.684341886080802e-14,162824.25389029385,162592.85867901935,71841.57857877416,165379.0352942144,163305.76077195274,71375.56773825178
36,0.09,0.009,480.5975012747414,320.3983341831768,-160.1991670915646,-160.1991670915646,0.0,0.0,0.0,320.3983341831768,-160.1991670915646,-160.1991670915646,0.0,0.0,0.0,0.009081488194896958,-0.004479810613558177,-0.004479810613558177,0.0,0.0,0.0,0.008919483820849672,-0.0045203108869338315,-0.0045203108869338315,0.0,0.0,0.0,0.009000000000000076,-0.004500000000000008,-0.004500000000000008,0.0,0.0,0.0,0.009000000000000076,-0.004500000000000008,-0.004500000000000008,0.0,0.0,0.0,0.007018766374335471,5.684341886080802e-14,162735.16512494266,162576.0997855104,71875.36094974465,165370.52175271307,163309.34078946032,71391.58410716424
37,0.0925,0.00925,481.6086120553347,321.0724080368898,-160.5362040184449,-160.5362040184449,0.0,0.0,0.0,321.0724080368898,-160.5362040184449,-160.5362040184449,0.0,0.0,0.0,0.009336092584787514,-0.0046036751771891815,-0.0046036751771891815,0.0,0.0,0.0,0.009164962704104218,-0.004646456732229298,-0.004646456732229298,0.0,0.0,0.0,0.009249999999999972,-0.004624999999999984,-0.004624999999999984,0.0,0.0,0.0,0.009249999999999972,-0.004624999999999984,-0.004624999999999984,0.0,0.0,0.0,0.007265094204967496,-5.684341886080802e-14,162646.15510650762,162559.32847957883,71909.03250034877,165362.04182373887,163312.90668009367,71407.47704849213
38,0.095,0.009500000000000001,482.6157196135863,321.7438130757136,-160.8719065378727,-160.8719065378727,0.0,0.0,0.0,321.7438130757136,-160.8719065378727,-160.8719065378727,0.0,0.0,0.0,0.009590824308703949,-0.004727508778549716,-0.004727508778549716,0.0,0.0,0.0,0.009410318878597002,-0.004772634117928387,-0.004772634117928387,0.0,0.0,0.0,0.009499999999999944,-0.004749999999999952,-0.004749999999999952,0.0,0.0,0.0,0.009499999999999944,-0.004749999999999952,-0.004749999999999952,0.0,0.0,0.0,0.007511439725926774,0.0,162557.22365172824,162542.54481769327,71942.59444673861,165353.5953829614,163316.45849544357,71423.24785967931
39,0.0975,0.009750000000000002,483.61883975339833,322.4125598355754,-161.20627991782297,-161.20627991782297,0.0,0.0,0.0,322.41255983557534,-161.20627991782294,-161.20627991782294,0.0,0.0,0.0,0.0098456834303291,-0.004851311425379479,-0.004851311425379479,0.0,0.0,0.0,0.00965555240566679,-0.004898843051917234,-0.004898843051917234,0.0,0.0,0.0,0.009749999999999903,-0.004875000000000012,-0.004875000000000012,0.0,0.0,0.0,0.009749999999999903,-0.004875000000000012,-0.004875000000000012,0.0,0.0,0.0,0.007757802867362776,5.684341886080802e-14,162468.37057797294,162525.7488561389,71976.04798831337,165345.18230644162,163319.99628694358,71438.89782031247
40,0.1,0.010000000000000002,484.617988220907,323.0786588139198,-161.53932940698724,-161.53932940698724,0.0,0.0,0.0,323.07865881391973,-161.5393294069872,-161.5393294069872,0.0,0.0,0.0,0.010100670013377777,-0.004975083125415947,-0.004975083125415947,0.0,0.0,0.0,0.009900663346622318,-0.0050250835420839746,-0.0050250835420839746,0.0,0.0,0.0,0.009999999999999875,-0.004999999999999973,-0.004999999999999973,0.0,0.0,0.0,0.009999999999999875,-0.004999999999999973,-0.004999999999999973,0.0,0.0,0.0,0.008004183559681875,5.684341886080802e-14,162379.59570324002,162508.94065101637,72009.39430796124,165336.8024706344,163323.52010586875,71454.42819238231
41,0.10250000000000001,0.010250000000000002,485.61318070465404,323.74212046977465,-161.8710602348794,-161.8710602348794,0.0,0.0,0.0,323.74212046977465,-161.8710602348794,-161.8710602348794,0.0,0.0,0.0,0.010355784121596656,-0.0050988238863949875,-0.0050988238863949875,0.0,0.0,0.0,0.010145651762741015,-0.00515135559631863,-0.00515135559631863,0.0,0.0,0.0,0.010249999999999888,-0.005124999999999973,-0.005124999999999973,0.0,0.0,0.0,0.010249999999999888,-0.005124999999999973,-0.005124999999999973,0.0,0.0,0.0,0.008250581733546161,0.0,162290.89884614423,162492.12025824853,72042.63457237836,165328.4557523756,163327.03000334246,71469.8402206203
42,0.105,0.0105,486.60443283575955,324.4029552238291,-162.20147761193041,-162.20147761193041,0.0,0.0,0.0,324.4029552238291,-162.20147761193041,-162.20147761193041,0.0,0.0,0.0,0.010611025818764386,-0.005222533716050359,-0.005222533716050359,0.0,0.0,0.0,0.010390517715270275,-0.005277659222513109,-0.005277659222513109,0.0,0.0,0.0,0.010500000000000058,-0.0052499999999999734,-0.0052499999999999734,0.0,0.0,0.0,0.010500000000000058,-0.0052499999999999734,-0.0052499999999999734,0.0,0.0,0.0,0.008496997319872347,0.0,162202.2798259251,162475.2877335745,72075.76993234218,165320.14202889195,163330.52603033022,71485.13513279021
43,0.1075,0.010750000000000001,487.5917601880959,325.0611734587306,-162.53058672936533,-162.53058672936533,0.0,0.0,0.0,325.0611734587306,-162.53058672936533,-162.53058672936533,0.0,0.0,0.0,0.010866395168690923,-0.005346212622113933,-0.005346212622113933,0.0,0.0,0.0,0.010635261265426188,-0.005403994428561543,-0.005403994428561543,0.0,0.0,0.0,0.01074999999999993,-0.005374999999999978,-0.005374999999999978,0.0,0.0,0.0,0.01074999999999993,-0.005374999999999978,-0.005374999999999978,0.0,0.0,0.0,0.008743430249831319,-1.1368683772161603e-13,162113.73846242053,162458.44313256402,72108.8015229621,165311.86117777473,163334.0082376539,71500.31413995633
44,0.11,0.011000000000000001,488.57517827846516,325.71678551897145,-162.8583927594937,-162.8583927594937,0.0,0.0,0.0,325.71678551897145,-162.8583927594937,-162.8583927594937,0.0,0.0,0.0,0.011121892235218978,-0.005469860612315636,-0.005469860612315636,0.0,0.0,0.0,0.010879882474394864,-0.005530361222359836,-0.005530361222359836,0.0,0.0,0.0,0.010999999999999862,-0.005499999999999985,-0.005499999999999985,0.0,0.0,0.0,0.010999999999999862,-0.005499999999999985,-0.005499999999999985,0.0,0.0,0.0,0.008989880454848068,5.684341886080802e-14,162025.27457610957,162441.5865105941,72141.73046393356,165303.6130770251,163337.47667596847,71515.37843675514
45,0.1125,0.011250000000000001,489.5547025667646,326.3698017111764,-163.1849008555882,-163.1849008555882,0.0,0.0,0.0,326.3698017111764,-163.1849008555882,-163.1849008555882,0.0,0.0,0.0,0.011377517082222899,-0.005593477694383453,-0.005593477694383453,0.0,0.0,0.0,0.011124381403331662,-0.005656759611805673,-0.005656759611805673,0.0,0.0,0.0,0.01124999999999994,-0.005624999999999978,-0.005624999999999978,0.0,0.0,0.0,0.01124999999999994,-0.005624999999999978,-0.005624999999999978,0.0,0.0,0.0,0.009236347866599588,0.0,161936.8879880659,162424.7179228725,72174.5578598625,165295.39760500717,163340.93139578527,71530.32920173583
46,0.115,0.011500000000000002,490.5303484561652,327.02023230411544,-163.51011615204976,-163.51011615204976,0.0,0.0,0.0,327.02023230411544,-163.51011615204976,-163.51011615204976,0.0,0.0,0.0,0.011633269773608679,-0.005717063876043482,-0.005717063876043482,0.0,0.0,0.0,0.011368758113361466,-0.005783189604799288,-0.005783189604799288,0.0,0.0,0.0,0.011499999999999943,-0.005749999999999989,-0.005749999999999989,0.0,0.0,0.0,0.011499999999999943,-0.005749999999999989,-0.005749999999999989,0.0,0.0,0.0,0.009482832417015117,-5.684341886080802e-14,161848.57851998627,162407.83742442276,72207.28480044608,165287.21464047834,163344.37244745673,71545.16759755851
47,0.11750000000000001,0.011750000000000002,491.5021312932804,327.6680875288536,-163.8340437644268,-163.8340437644268,0.0,0.0,0.0,327.6680875288536,-163.8340437644268,-163.8340437644268,0.0,0.0,0.0,0.011889150373314505,-0.005840619165019767,-0.005840619165019767,0.0,0.0,0.0,0.01161301266557807,-0.005909651209242361,-0.005909651209242361,0.0,0.0,0.0,0.011749999999999886,-0.005874999999999923,-0.005874999999999923,0.0,0.0,0.0,0.011749999999999886,-0.005874999999999923,-0.005874999999999923,0.0,0.0,0.0,0.009729334038274522,0.0,161760.34599417823,162390.94507008983,72239.91236078154,165279.06406257773,163347.79988118226,71559.8947713185
48,0.12,0.012,492.47006636834146,328.3133775788837,-164.15668878945777,-164.15668878945777,0.0,0.0,0.0,328.3133775788837,-164.15668878945777,-164.15668878945777,0.0,0.0,0.0,0.012145158945310874,-0.005964143569034741,-0.005964143569034741,0.0,0.0,0.0,0.011857145121045354,-0.006036144433038904,-0.006036144433038904,0.0,0.0,0.0,0.012000000000000104,-0.006000000000000011,-0.006000000000000011,0.0,0.0,0.0,0.012000000000000104,-0.006000000000000011,-0.006000000000000011,0.0,0.0,0.0,0.00997585266280851,1.1368683772161603e-13,161672.190233554,162374.04091454262,72272.44160155325,165270.9457508212,163351.21374701057,71574.51185475003
49,0.1225,0.01225,493.4341689153664,328.9561126102496,-164.47805630511684,-164.47805630511684,0.0,0.0,0.0,328.9561126102496,-164.47805630511684,-164.47805630511684,0.0,0.0,0.0,0.012401295553599478,-0.006087637095808451,-0.006087637095808451,0.0,0.0,0.0,0.012101155540796493,-0.00616266928409448,-0.00616266928409448,0.0,0.0,0.0,0.01225000000000016,-0.006125000000000023,-0.006125000000000023,0.0,0.0,0.0,0.01225000000000016,-0.006125000000000023,-0.006125000000000023,0.0,0.0,0.0,0.010222388223296953,0.0,161584.11106162582,162357.12501227576,72304.87356933221,165262.85958509732,163354.61409484106,71589.01996454051
50,0.125,0.0125,494.3944541123343,329.5963027415562,-164.79815137077807,-164.79815137077807,0.0,0.0,0.0,329.5963027415562,-164.79815137077807,-164.79815137077807,0.0,0.0,0.0,0.012657560262214429,-0.006211099753059335,-0.006211099753059335,0.0,0.0,0.0,0.012345043985833637,-0.006289225770317208,-0.006289225770317208,0.0,0.0,0.0,0.012500000000000008,-0.00625000000000005,-0.00625000000000005,0.0,0.0,0.0,0.012500000000000008,-0.00625000000000005,-0.00625000000000005,0.0,0.0,0.0,0.010468940652668563,0.0,161496.10830253433,162340.19741759505,72337.20929676868,165254.80544569765,163358.0009744096,71603.42020253913
51,0.1275,0.012750000000000001,495.35093708135537,330.2339580542734,-165.116979027082,-165.116979027082,0.0,0.0,0.0,330.23395805427344,-165.11697902708204,-165.11697902708204,0.0,0.0,0.0,0.012913953135222367,-0.0063345315485036635,-0.0063345315485036635,0.0,0.0,0.0,0.012588810517129567,-0.00641581389961654,-0.00641581389961654,0.0,0.0,0.0,0.012750000000000103,-0.006374999999999946,-0.006374999999999946,0.0,0.0,0.0,0.012750000000000103,-0.006374999999999946,-0.006374999999999946,0.0,0.0,0.0,0.010715509884100222,0.0,161408.18178100314,162323.25818463942,72369.44980283354,165246.78321327147,163361.3744353101,71617.7136560128
52,0.13,0.013000000000000001,496.3036328888434,330.869088592557,-165.43454429628645,-165.43454429628645,0.0,0.0,0.0,330.869088592557,-165.43454429628645,-165.43454429628645,0.0,0.0,0.0,0.01317047423672113,-0.006457932489856211,-0.006457932489856211,0.0,0.0,0.0,0.012832455195625314,-0.00654243367990448,-0.00654243367990448,0.0,0.0,0.0,0.01300000000000007,-0.006500000000000002,-0.006500000000000002,0.0,0.0,0.0,0.01300000000000007,-0.006500000000000002,-0.006500000000000002,0.0,0.0,0.0,0.010962095851015943,0.0,161320.33132236876,162306.30736736514,72401.59609305598,165238.79276885735,163364.73452697875,71631.90139789868
53,0.1325,0.013250000000000001,497.252556545685,331.5017043638006,-165.7508521818844,-165.7508521818844,0.0,0.0,0.0,331.5017043638006,-165.7508521818844,-165.7508521818844,0.0,0.0,0.0,0.013427123630841087,-0.006581302584829307,-0.006581302584829307,0.0,0.0,0.0,0.013075978082232431,-0.006669085119094809,-0.006669085119094809,0.0,0.0,0.0,0.013250000000000001,-0.006624999999999987,-0.006624999999999987,0.0,0.0,0.0,0.013250000000000001,-0.006624999999999987,-0.006624999999999987,0.0,0.0,0.0,0.011208698487086149,5.684341886080802e-14,161232.55675255862,162289.34501955757,72433.64915973479,165230.83399386125,163368.08129870557,71645.9844870295
54,0.135,0.013500000000000002,498.1977230074117,332.1318153383109,-166.06590766910077,-166.06590766910077,0.0,0.0,0.0,332.13181533831096,-166.0659076691008,-166.0659076691008,0.0,0.0,0.0,0.0136839013817448,-0.006704641841133674,-0.006704641841133674,0.0,0.0,0.0,0.013319379237831719,-0.006795768225102972,-0.006795768225102972,0.0,0.0,0.0,0.013500000000000102,-0.006749999999999991,-0.006749999999999991,0.0,0.0,0.0,0.013500000000000102,-0.006749999999999991,-0.006749999999999991,0.0,0.0,0.0,0.011455317726227017,-5.684341886080802e-14,161144.8578981196,162272.3711948149,72465.60998215344,165222.90677008755,163371.41479961807,71659.9639683633
55,0.1375,0.013750000000000002,499.1391471743705,332.7594314496274,-166.3797157247431,-166.3797157247431,0.0,0.0,0.0,332.75943144962747,-166.37971572474314,-166.37971572474314,0.0,0.0,0.0,0.013940807553626366,-0.006827950266477978,-0.006827950266477978,0.0,0.0,0.0,0.013562658723273058,-0.006922483005846969,-0.006922483005846969,0.0,0.0,0.0,0.013750000000000038,-0.0068749999999999775,-0.0068749999999999775,0.0,0.0,0.0,0.013750000000000038,-0.0068749999999999775,-0.0068749999999999775,0.0,0.0,0.0,0.011701953502599496,5.684341886080802e-14,161057.23458616933,162255.38594657244,72497.47952680354,165215.01097968977,163374.73507870562,71673.84087322024
56,0.14,0.014000000000000002,500.076843891894,333.3845625945831,-166.69228129731093,-166.69228129731093,0.0,0.0,0.0,333.38456259458303,-166.6922812973109,-166.6922812973109,0.0,0.0,0.0,0.014197842210712408,-0.006951227868569054,-0.006951227868569054,0.0,0.0,0.0,0.013805816599376464,-0.007049229469246243,-0.007049229469246243,0.0,0.0,0.0,0.01399999999999989,-0.007000000000000006,-0.007000000000000006,0.0,0.0,0.0,0.01399999999999989,-0.007000000000000006,-0.007000000000000006,0.0,0.0,0.0,0.011948605750608856,0.0,160969.68664444523,162238.389328078,72529.25874757627,165207.146505222,163378.04218479438,71687.61621948799
57,0.14250000000000002,0.014250000000000002,501.01082795047154,334.00721863365834,-167.0036093168132,-167.0036093168132,0.0,0.0,0.0,334.00721863365834,-167.0036093168132,-167.0036093168132,0.0,0.0,0.0,0.014455005417261968,-0.00707447465511174,-0.00707447465511174,0.0,0.0,0.0,0.014048852926931754,-0.007176007623222569,-0.007176007623222569,0.0,0.0,0.0,0.014250000000000018,-0.007125000000000063,-0.007125000000000063,0.0,0.0,0.0,0.014250000000000018,-0.007125000000000063,-0.007125000000000063,0.0,0.0,0.0,0.01219527440490417,-5.684341886080802e-14,160882.213901261,162221.38139241326,72560.9485859698,165199.31322959502,163381.33616656886,71701.291011842
58,0.145,0.014499999999999999,501.9411140859135,334.62740939061433,-167.31370469529918,-167.31370469529918,0.0,0.0,0.0,334.62740939061433,-167.31370469529918,-167.31370469529918,0.0,0.0,0.0,0.014712297237565286,-0.007197690633808818,-0.007197690633808818,0.0,0.0,0.0,0.014291767766697494,-0.007302817475699275,-0.007302817475699275,0.0,0.0,0.0,0.01449999999999988,-0.007250000000000005,-0.007250000000000005,0.0,0.0,0.0,0.01449999999999988,-0.007250000000000005,-0.007250000000000005,0.0,0.0,0.0,0.012441959400375775,5.684341886080802e-14,160794.8161855361,162204.36219247736,72592.54997135258,165191.51103610802,163384.61707255538,71714.86624202167
59,0.1475,0.01475,502.86771697953077,335.2451446530258,-167.62257232650495,-167.62257232650495,0.0,0.0,0.0,335.2451446530258,-167.62257232650495,-167.62257232650495,0.0,0.0,0.0,0.014969717735945798,-0.007320875812361405,-0.007320875812361405,0.0,0.0,0.0,0.014534561179402883,-0.007429659034602465,-0.007429659034602465,0.0,0.0,0.0,0.014749999999999939,-0.007374999999999952,-0.007374999999999952,0.0,0.0,0.0,0.014749999999999939,-0.007374999999999952,-0.007374999999999952,0.0,0.0,0.0,0.012688660672157502,1.1368683772161603e-13,160707.49332677017,162187.33178100034,72624.06382101138,165183.73980842344,163387.88495113526,71728.34288889263
60,0.15,0.015,503.7906512582947,335.86043417216234,-167.9302170861324,-167.9302170861324,0.0,0.0,0.0,335.8604341721623,-167.93021708613236,-167.93021708613236,0.0,0.0,0.0,0.015227266976758358,-0.007444030198468676,-0.007444030198468676,0.0,0.0,0.0,0.014777233225745812,-0.007556532307859465,-0.007556532307859465,0.0,0.0,0.0,0.014999999999999932,-0.0075000000000000075,-0.0075000000000000075,0.0,0.0,0.0,0.014999999999999932,-0.0075000000000000075,-0.0075000000000000075,0.0,0.0,0.0,0.012935378155623244,0.0,160620.24515506416,162170.29021053156,72655.49104052108,165175.99943058912,163391.13985053325,71741.7219188268
61,0.1525,0.01525,504.7099314950132,336.47328766332924,-168.23664383168398,-168.23664383168398,0.0,0.0,0.0,336.4732876633292,-168.23664383168395,-168.23664383168395,0.0,0.0,0.0,0.015484945024390462,-0.007567153799827642,-0.007567153799827642,0.0,0.0,0.0,0.015019783966394695,-0.0076834373034000425,-0.0076834373034000425,0.0,0.0,0.0,0.015250000000000038,-0.0076250000000000285,-0.0076250000000000285,0.0,0.0,0.0,0.015250000000000038,-0.0076250000000000285,-0.0076250000000000285,0.0,0.0,0.0,0.013182111786388085,-5.684341886080802e-14,160533.07150108123,162153.23753345915,72686.83252379151,165168.2897869995,163394.3818188369,71755.00428576353
62,0.155,0.0155,505.6255722084919,337.08371480570304,-168.54185740278885,-168.54185740278885,0.0,0.0,0.0,337.0837148057031,-168.54185740278888,-168.54185740278888,0.0,0.0,0.0,0.015742751943261468,-0.007690246624133479,-0.007690246624133479,0.0,0.0,0.0,0.015262213461987084,-0.007810374029155298,-0.007810374029155298,0.0,0.0,0.0,0.015500000000000107,-0.007749999999999969,-0.007749999999999969,0.0,0.0,0.0,0.015500000000000107,-0.007749999999999969,-0.007749999999999969,0.0,0.0,0.0,0.013428861500305611,-5.684341886080802e-14,160445.9721961057,162136.17380197943,72718.08915337194,165160.61076245736,163397.61090396577,71768.19093152443
63,0.1575,0.01575,506.5375878637107,337.6917252424791,-168.84586262123162,-168.84586262123162,0.0,0.0,0.0,337.6917252424791,-168.84586262123162,-168.84586262123162,0.0,0.0,0.0,0.016000687797822932,-0.00781330867907959,-0.00781330867907959,0.0,0.0,0.0,0.015504521773130109,-0.00793734249305933,-0.00793734249305933,0.0,0.0,0.0,0.01574999999999997,-0.007874999999999927,-0.007874999999999927,0.0,0.0,0.0,0.01574999999999997,-0.007874999999999927,-0.007874999999999927,0.0,0.0,0.0,0.013675627233469125,-5.684341886080802e-14,160358.94707198194,162119.0990681268,72749.26180051222,165152.96224211223,163400.8271537014,71781.28278588831
64,0.16,0.016,507.4459928719866,338.2973285813662,-169.14866429062042,-169.14866429062042,0.0,0.0,0.0,338.29732858136623,-169.14866429062045,-169.14866429062045,0.0,0.0,0.0,0.016258752652559272,-0.007936339972357431,-0.007936339972357431,0.0,0.0,0.0,0.015746708960401312,-0.008064342703047456,-0.008064342703047456,0.0,0.0,0.0,0.01600000000000006,-0.007999999999999988,-0.007999999999999988,0.0,0.0,0.0,0.01600000000000006,-0.007999999999999988,-0.007999999999999988,0.0,0.0,0.0,0.013922408922209686,-1.1368683772161603e-13,160271.9959611435,162102.0133837603,72780.35132543925,165145.34411149047,163404.03061567352,71794.28076687726
65,0.1625,0.01625,508.35080159114307,338.90053439406654,-169.45026719707653,-169.45026719707653,0.0,0.0,0.0,338.9005343940665,-169.4502671970765,-169.4502671970765,0.0,0.0,0.0,0.016516946571986213,-0.008059340511656354,-0.008059340511656354,0.0,0.0,0.0,0.015988775084346818,-0.008191374667057216,-0.008191374667057216,0.0,0.0,0.0,0.01624999999999991,-0.008125000000000042,-0.008125000000000042,0.0,0.0,0.0,0.01624999999999991,-0.008125000000000042,-0.008125000000000042,0.0,0.0,0.0,0.01416920650309542,5.684341886080802e-14,160185.11869660817,162084.91680056314,72811.35857749343,165137.7562564924,163407.22133735978,71807.18578090587
66,0.165,0.0165,509.25202832567993,339.50135221712,-169.75067610856,-169.75067610856,0.0,0.0,0.0,339.50135221712,-169.75067610856,-169.75067610856,0.0,0.0,0.0,0.01677526962065279,-0.00818231030466382,-0.00818231030466382,0.0,0.0,0.0,0.01623072020548416,-0.008318438393027705,-0.008318438393027705,0.0,0.0,0.0,0.01650000000000005,-0.008250000000000016,-0.008250000000000016,0.0,0.0,0.0,0.01650000000000005,-0.008250000000000016,-0.008250000000000016,0.0,0.0,0.0,0.01441601991293182,0.0,160098.31511195743,162067.80937005472,72842.28439526953,165130.19856337097,163410.39936609735,71819.99872293275
67,0.1675,0.01675,510.1496873269375,340.09979155125524,-170.0498957756823,-170.0498957756823,0.0,0.0,0.0,340.0997915512552,-170.04989577568227,-170.04989577568227,0.0,0.0,0.0,0.01703372186313923,-0.00830524935906557,-0.00830524935906557,0.0,0.0,0.0,0.016472544384298515,-0.008445533888901013,-0.008445533888901013,0.0,0.0,0.0,0.016749999999999966,-0.008375000000000039,-0.008375000000000039,0.0,0.0,0.0,0.016749999999999966,-0.008375000000000039,-0.008375000000000039,0.0,0.0,0.0,0.014662849088759452,-1.1368683772161603e-13,160011.58504137158,162050.6911435711,72873.12960686606,165122.6709187699,163413.56474906363,71832.72047672069
68,0.17,0.017,511.04379279326537,340.6958618621769,-170.34793093108846,-170.34793093108846,0.0,0.0,0.0,340.6958618621769,-170.34793093108846,-170.34793093108846,0.0,0.0,0.0,0.017292303364058847,-0.008428157682545179,-0.008428157682545179,0.0,0.0,0.0,0.016714247681246686,-0.008572661162620343,-0.008572661162620343,0.0,0.0,0.0,0.016999999999999904,-0.008499999999999995,-0.008499999999999995,0.0,0.0,0.0,0.016999999999999904,-0.008499999999999995,-0.008499999999999995,0.0,0.0,0.0,0.014909693967854265,-5.684341886080802e-14,159924.92831959375,162033.56217228336,72903.89502996941,165115.17320968717,163416.7175332942,71845.3519149319
69,0.17250000000000001,0.01725,511.9343588701897,341.28957258013185,-170.6447862900579,-170.6447862900579,0.0,0.0,0.0,341.28957258013185,-170.6447862900579,-170.6447862900579,0.0,0.0,0.0,0.017551014188057268,-0.008551035282784503,-0.008551035282784503,0.0,0.0,0.0,0.01695583015675428,-0.008699820222131227,-0.008699820222131227,0.0,0.0,0.0,0.0172500000000001,-0.008624999999999973,-0.008624999999999973,0.0,0.0,0.0,0.0172500000000001,-0.008624999999999973,-0.008624999999999973,0.0,0.0,0.0,0.015156554487726494,5.684341886080802e-14,159838.34478194237,162016.42250718994,72934.58147206077,165107.70532348915,163419.8577656753,71857.8938993454
70,0.17500000000000002,0.0175,512.8213996505779,341.8809331003853,-170.9404665501926,-170.9404665501926,0.0,0.0,0.0,341.8809331003853,-170.9404665501926,-170.9404665501926,0.0,0.0,0.0,0.01780985439981153,-0.008673882167463398,-0.008673882167463398,0.0,0.0,0.0,0.017197291871216602,-0.008827011075380864,-0.008827011075380864,0.0,0.0,0.0,0.017499999999999905,-0.008749999999999977,-0.008749999999999977,0.0,0.0,0.0,0.017499999999999905,-0.008749999999999977,-0.008749999999999977,0.0,0.0,0.0,0.015403430586119635,1.1368683772161603e-13,159751.83426431412,161999.27219911557,72965.18973057218,165100.26714791427,163422.98549294248,71870.34728102319
71,0.1775,0.01775,513.7049291748085,342.4699527832217,-171.23497639158686,-171.23497639158686,0.0,0.0,0.0,342.4699527832217,-171.23497639158686,-171.23497639158686,0.0,0.0,0.0,0.01806882406403243,-0.008796698344259724,-0.008796698344259724,0.0,0.0,0.0,0.01743863288499975,-0.008954233730318895,-0.008954233730318895,0.0,0.0,0.0,0.017750000000000037,-0.008874999999999935,-0.008874999999999935,0.0,0.0,0.0,0.017750000000000037,-0.008874999999999935,-0.008874999999999935,0.0,0.0,0.0,0.0156503222010108,0.0,159665.39660316336,161982.11129872076,72995.72059300136,165092.85857105316,163426.10076169024,71882.71290043596
72,0.18,0.018,514.5849614309343,343.0566409539327,-171.52832047700167,-171.52832047700167,0.0,0.0,0.0,343.05664095393263,-171.52832047700164,-171.52832047700164,0.0,0.0,0.0,0.01832792324546184,-0.008919483820849672,-0.008919483820849672,0.0,0.0,0.0,0.01767985325843846,-0.009081488194896958,-0.009081488194896958,0.0,0.0,0.0,0.017999999999999978,-0.00900000000000003,-0.00900000000000003,0.0,0.0,0.0,0.017999999999999978,-0.00900000000000003,-0.00900000000000003,0.0,0.0,0.0,0.015897229270608566,-5.684341886080802e-14,159579.0316355378,161964.9398564831,73026.1748371414,165085.4794813864,163429.20361835283,71894.99158770156
73,0.1825,0.01825,515.4615103548472,343.6410069032261,-171.82050345162108,-171.82050345162108,0.0,0.0,0.0,343.6410069032261,-171.82050345162108,-171.82050345162108,0.0,0.0,0.0,0.01858715200887484,-0.009042238604907049,-0.009042238604907049,0.0,0.0,0.0,0.01792095305183794,-0.009208774477067805,-0.009208774477067805,0.0,0.0,0.0,0.018249999999999992,-0.009124999999999975,-0.009124999999999975,0.0,0.0,0.0,0.018249999999999992,-0.009124999999999975,-0.009124999999999975,0.0,0.0,0.0,0.016144151733352707,-5.684341886080802e-14,159492.73919902122,161947.75792272642,73056.55323117414,165078.12976772612,163432.29410923374,71907.18416268902
74,0.185,0.0185,516.3345898304478,344.2230598869812,-172.11152994346662,-172.11152994346662,0.0,0.0,0.0,344.2230598869812,-172.11152994346662,-172.11152994346662,0.0,0.0,0.0,0.018846510419078477,-0.009164962704104218,-0.009164962704104218,0.0,0.0,0.0,0.018161932325473196,-0.009336092584787514,-0.009336092584787514,0.0,0.0,0.0,0.018499999999999944,-0.009249999999999958,-0.009249999999999958,0.0,0.0,0.0,0.018499999999999944,-0.009249999999999958,-0.009249999999999958,0.0,0.0,0.0,0.016391089527914106,1.1368683772161603e-13,159406.51913177854,161930.56554759652,73086.85653381229,165070.80931926373,163435.37228048116,71919.29143517054
75,0.1875,0.018750000000000003,517.2042136898073,344.8028091265693,-172.40140456323795,-172.40140456323795,0.0,0.0,0.0,344.80280912656934,-172.40140456323797,-172.40140456323797,0.0,0.0,0.0,0.01910599854091266,-0.009287656126111432,-0.009287656126111432,0.0,0.0,0.0,0.018402791139589203,-0.009463442526013055,-0.009463442526013055,0.0,0.0,0.0,0.018750000000000124,-0.009374999999999977,-0.009374999999999977,0.0,0.0,0.0,0.018750000000000124,-0.009374999999999977,-0.009374999999999977,0.0,0.0,0.0,0.016638042593193347,0.0,159320.37127255587,161913.36278106127,73117.0854944847,165063.5180255715,163438.43817808782,71931.3142050154
76,0.19,0.019000000000000003,518.0703957133328,345.3802638088939,-172.69013190443894,-172.69013190443894,0.0,0.0,0.0,345.3802638088939,-172.69013190443894,-172.69013190443894,0.0,0.0,0.0,0.019365616439248945,-0.009410318878597002,-0.009410318878597002,0.0,0.0,0.0,0.01864352955440035,-0.009590824308703949,-0.009590824308703949,0.0,0.0,0.0,0.019000000000000076,-0.009500000000000005,-0.009500000000000005,0.0,0.0,0.0,0.019000000000000076,-0.009500000000000005,-0.009500000000000005,0.0,0.0,0.0,0.016885010868319915,0.0,159234.29546062453,161896.14967293813,73147.24085346097,165056.25577654465,163441.49184791875,71943.2532623242
77,0.1925,0.019250000000000003,518.9331496299333,345.9554330866146,-172.97771654331865,-172.97771654331865,0.0,0.0,0.0,345.95543308661456,-172.97771654331862,-172.97771654331862,0.0,0.0,0.0,0.019625364178992077,-0.00953295096922735,-0.00953295096922735,0.0,0.0,0.0,0.01888414763009133,-0.009718237940821717,-0.009718237940821717,0.0,0.0,0.0,0.01925000000000006,-0.00962500000000004,-0.00962500000000004,0.0,0.0,0.0,0.01925000000000006,-0.00962500000000004,-0.00962500000000004,0.0,0.0,0.0,0.01713199429265174,5.684341886080802e-14,159148.29153584663,161878.9262728612,73177.32334197976,165049.02246247084,163444.5333356779,71955.1093875663
78,0.195,0.019500000000000003,519.7924891171825,346.52832607813235,-173.26416303905017,-173.26416303905017,0.0,0.0,0.0,346.52832607813235,-173.26416303905017,-173.26416303905017,0.0,0.0,0.0,0.019885241825078892,-0.0096555524056669,-0.0096555524056669,0.0,0.0,0.0,0.019124645426816633,-0.009845683430329322,-0.009845683430329322,0.0,0.0,0.0,0.01949999999999998,-0.009750000000000002,-0.009750000000000002,0.0,0.0,0.0,0.01949999999999998,-0.009750000000000002,-0.009750000000000002,0.0,0.0,0.0,0.01737899280577461,0.0,159062.3593386331,161861.69263030103,73207.33368239108,165041.8179739876,163447.56268692808,71966.88335173119
79,0.1975,0.019750000000000004,520.6484278014842,347.0989518676562,-173.54947593382803,-173.54947593382803,0.0,0.0,0.0,347.0989518676562,-173.54947593382803,-173.54947593382803,0.0,0.0,0.0,0.020145249442478974,-0.009778123195578303,-0.009778123195578303,0.0,0.0,0.0,0.019365023004700777,-0.009973160785192059,-0.009973160785192059,0.0,0.0,0.0,0.019749999999999993,-0.009874999999999948,-0.009874999999999948,0.0,0.0,0.0,0.019749999999999993,-0.009874999999999948,-0.009874999999999948,0.0,0.0,0.0,0.017626006347500944,0.0,158976.4987099535,161844.44879455934,73237.27258830941,165034.64220209373,163450.5799470855,71978.57591648994
80,0.2,0.020000000000000004,521.5009792582364,347.667319505491,-173.83365975274546,-173.83365975274546,0.0,0.0,0.0,347.667319505491,-173.83365975274546,-173.83365975274546,0.0,0.0,0.0,0.020405387096194105,-0.009900663346622318,-0.009900663346622318,0.0,0.0,0.0,0.019605280423838356,-0.010100670013377777,-0.010100670013377777,0.0,0.0,0.0,0.019999999999999993,-0.009999999999999969,-0.009999999999999969,0.0,0.0,0.0,0.019999999999999993,-0.009999999999999969,-0.009999999999999969,0.0,0.0,0.0,0.017873034857869813,5.684341886080802e-14,158890.70949132598,161827.19481477412,73267.14076470974,165027.49503813934,163453.58516142482,71990.18783430052
81,0.2025,0.020250000000000004,522.3501570119923,348.2334380079713,-174.116719004021,-174.116719004021,0.0,0.0,0.0,348.23343800797124,-174.11671900402098,-174.11671900402098,0.0,0.0,0.0,0.020665654851258708,-0.010023172866457708,-0.010023172866457708,0.0,0.0,0.0,0.019845417744293492,-0.010228211122855768,-0.010228211122855768,0.0,0.0,0.0,0.020249999999999976,-0.010125000000000066,-0.010125000000000066,0.0,0.0,0.0,0.020249999999999976,-0.010125000000000066,-0.010125000000000066,0.0,0.0,0.0,0.018120078277145353,0.0,158804.99152483267,161809.930739911,73296.93890810468,165020.3763738432,163456.57837507036,72001.71984859247
82,0.20500000000000002,0.020500000000000004,523.1959745366241,348.79731635773874,-174.39865817888537,-174.39865817888537,0.0,0.0,0.0,348.79731635773874,-174.39865817888537,-174.39865817888537,0.0,0.0,0.0,0.020926052772739734,-0.010145651762741015,-0.010145651762741015,0.0,0.0,0.0,0.020085435026100495,-0.010355784121596656,-0.010355784121596656,0.0,0.0,0.0,0.02049999999999996,-0.010249999999999931,-0.010249999999999931,0.0,0.0,0.0,0.02049999999999996,-0.010249999999999931,-0.010249999999999931,0.0,0.0,0.0,0.018367136545816013,1.7053025658242404e-13,158719.34465310248,161792.65661877164,73326.66770664771,165013.28610127576,163459.5596330044,72013.17269387883
83,0.20750000000000002,0.020750000000000005,524.0384452554895,349.35896350365965,-174.6794817518298,-174.6794817518298,0.0,0.0,0.0,349.35896350365965,-174.6794817518298,-174.6794817518298,0.0,0.0,0.0,0.021186580925736664,-0.01026810004312756,-0.01026810004312756,0.0,0.0,0.0,0.020325332329263757,-0.010483389017574507,-0.010483389017574507,0.0,0.0,0.0,0.020749999999999942,-0.01037499999999996,-0.01037499999999996,0.0,0.0,0.0,0.020749999999999942,-0.01037499999999996,-0.01037499999999996,0.0,0.0,0.0,0.018614209604595058,5.684341886080802e-14,158633.7687193119,161775.37249999246,73356.32784022021,165006.2241128608,163462.5289800659,72024.54709585235
84,0.21,0.021,524.8775825415898,349.91838836104927,-174.9591941805406,-174.9591941805406,0.0,0.0,0.0,349.91838836104927,-174.9591941805406,-174.9591941805406,0.0,0.0,0.0,0.02144723937538151,-0.010390517715270164,-0.010390517715270164,0.0,0.0,0.0,0.020565109713757634,-0.010611025818764164,-0.010611025818764164,0.0,0.0,0.0,0.020999999999999897,-0.010499999999999957,-0.010499999999999957,0.0,0.0,0.0,0.020999999999999897,-0.010499999999999957,-0.010499999999999957,0.0,0.0,0.0,0.018861297394418643,-1.1368683772161603e-13,158548.26356720045,161758.0784320367,73385.91998062815,164999.19030139304,163465.4864609424,72035.84377158845
85,0.2125,0.02125,525.713399717735,350.4755998118051,-175.2377999059299,-175.2377999059299,0.0,0.0,0.0,350.47559981180507,-175.23779990592988,-175.23779990592988,0.0,0.0,0.0,0.021708028186839035,-0.010512904786820043,-0.010512904786820043,0.0,0.0,0.0,0.02080476723952651,-0.010738694533143356,-0.010738694533143356,0.0,0.0,0.0,0.021249999999999963,-0.010625000000000032,-0.010625000000000032,0.0,0.0,0.0,0.021249999999999963,-0.010625000000000032,-0.010625000000000032,0.0,0.0,0.0,0.01910839985644538,1.1368683772161603e-13,158462.82904103404,161740.77446321247,73415.44479167768,164992.1845600003,163468.432120188,72047.06342962972
86,0.215,0.021500000000000002,526.5459100567033,351.0306067045,-175.5153033522033,-175.5153033522033,0.0,0.0,0.0,351.03060670450003,-175.51530335220332,-175.51530335220332,0.0,0.0,0.0,0.021968947425306418,-0.010635261265426188,-0.010635261265426188,0.0,0.0,0.0,0.02104430496648474,-0.010866395168690923,-0.010866395168690923,0.0,0.0,0.0,0.02150000000000012,-0.01074999999999998,-0.01074999999999998,0.0,0.0,0.0,0.02150000000000012,-0.01074999999999998,-0.01074999999999998,0.0,0.0,0.0,0.01935551693205581,-5.684341886080802e-14,158377.46498564523,161723.460641652,73444.90292929701,164985.2067821866,163471.36600220235,72058.20677011533
87,0.2175,0.021750000000000002,527.3751267814044,351.58341785425137,-175.79170892715305,-175.79170892715305,0.0,0.0,0.0,351.5834178542513,-175.79170892715302,-175.79170892715302,0.0,0.0,0.0,0.022229997156013037,-0.010757587158736148,-0.010757587158736148,0.0,0.0,0.0,0.021283722954516582,-0.010994127733388592,-0.010994127733388592,0.0,0.0,0.0,0.021749999999999953,-0.010875000000000076,-0.010875000000000076,0.0,0.0,0.0,0.021749999999999953,-0.010875000000000076,-0.010875000000000076,0.0,0.0,0.0,0.019602648562851165,-5.684341886080802e-14,158292.17124639353,161706.1370153302,73474.29504167382,164978.25686179224,163474.28815124958,72069.274484926
88,0.22,0.022000000000000002,528.2010630650411,352.13404204336075,-176.06702102168038,-176.06702102168038,0.0,0.0,0.0,352.13404204336075,-176.06702102168038,-176.06702102168038,0.0,0.0,0.0,0.0224911774442218,-0.010879882474394975,-0.010879882474394975,0.0,0.0,0.0,0.02152302126347666,-0.011121892235218978,-0.011121892235218978,0.0,0.0,0.0,0.021999999999999912,-0.010999999999999998,-0.010999999999999998,0.0,0.0,0.0,0.021999999999999912,-0.010999999999999998,-0.010999999999999998,0.0,0.0,0.0,0.019849794690653462,-1.7053025658242404e-13,158206.9476691923,161688.80363205273,73503.62176933035,164971.334693022,163477.1986114456,72080.26725776662
89,0.2225,0.022250000000000002,529.0237320312713,352.68248802083684,-176.34124401043445,-176.34124401043445,0.0,0.0,0.0,352.68248802083684,-176.34124401043445,-176.34124401043445,0.0,0.0,0.0,0.022752488355227696,-0.011002147220046332,-0.011002147220046332,0.0,0.0,0.0,0.02176219995318951,-0.011249688682168246,-0.011249688682168246,0.0,0.0,0.0,0.022249999999999926,-0.011124999999999954,-0.011124999999999954,0.0,0.0,0.0,0.022249999999999926,-0.011124999999999954,-0.011124999999999954,0.0,0.0,0.0,0.020096955257504517,0.0,158121.79410049247,161671.4605394615,73532.883745268,164964.44017042994,163480.0974267642,72091.18576431845
90,0.225,0.022500000000000003,529.8431467543649,353.2287645029463,-176.6143822514185,-176.6143822514185,0.0,0.0,0.0,353.2287645029464,-176.61438225141853,-176.61438225141853,0.0,0.0,0.0,0.02301392995435858,-0.011124381403331773,-0.011124381403331773,0.0,0.0,0.0,0.022001259083450186,-0.011377517082222899,-0.011377517082222899,0.0,0.0,0.0,0.022500000000000103,-0.011249999999999954,-0.011249999999999954,0.0,0.0,0.0,0.022500000000000103,-0.011249999999999954,-0.011249999999999954,0.0,0.0,0.0,0.020344130205664706,-1.7053025658242404e-13,158036.71038727436,161654.1077850397,73562.08159508611,164957.57318891134,163482.9846410415,72102.03067236404
91,0.2275,0.022750000000000003,530.6593202593681,353.77288017291204,-176.88644008645605,-176.88644008645605,0.0,0.0,0.0,353.77288017291204,-176.88644008645605,-176.88644008645605,0.0,0.0,0.0,0.023275502306974505,-0.011246585031890965,-0.011246585031890965,0.0,0.0,0.0,0.02224019871402283,-0.011505377443372877,-0.011505377443372877,0.0,0.0,0.0,0.022750000000000117,-0.011375000000000027,-0.011375000000000027,0.0,0.0,0.0,0.022750000000000117,-0.011375000000000027,-0.011375000000000027,0.0,0.0,0.0,0.020591319477612606,5.684341886080802e-14,157951.69637707222,161636.74541609816,73591.21593706311,164950.73364372944,163485.86029796238,72112.80264187671
92,0.23,0.023000000000000003,531.4722655222604,354.3148436815487,-177.15742184071166,-177.15742184071166,0.0,0.0,0.0,354.3148436815488,-177.1574218407117,-177.1574218407117,0.0,0.0,0.0,0.023537205478468715,-0.011368758113361466,-0.011368758113361466,0.0,0.0,0.0,0.022479018904642822,-0.011633269773608679,-0.011633269773608679,0.0,0.0,0.0,0.023000000000000118,-0.011500000000000003,-0.011500000000000003,0.0,0.0,0.0,0.023000000000000118,-0.011500000000000003,-0.011500000000000003,0.0,0.0,0.0,0.020838523016044226,1.1368683772161603e-13,157866.75191794377,161619.3734797914,73620.28738227628,164943.92143048436,163488.7244410764,72123.50232514646
93,0.2325,0.023250000000000003,532.281995470118,354.85466364675597,-177.427331823362,-177.427331823362,0.0,0.0,0.0,354.85466364675597,-177.427331823362,-177.427331823362,0.0,0.0,0.0,0.023799039534266764,-0.011490900655379166,-0.011490900655379166,0.0,0.0,0.0,0.02271771971501474,-0.011761194080924353,-0.011761194080924353,0.0,0.0,0.0,0.02324999999999987,-0.011624999999999953,-0.011624999999999953,0.0,0.0,0.0,0.02324999999999987,-0.011624999999999953,-0.011624999999999953,0.0,0.0,0.0,0.021085740763872485,1.7053025658242404e-13,157781.87685848578,161601.99202310754,73649.29653469908,164937.13644513083,163491.57711378782,72134.13036688487
94,0.23500000000000001,0.023500000000000004,533.0885229812712,355.39234865418086,-177.6961743270904,-177.6961743270904,0.0,0.0,0.0,355.39234865418086,-177.6961743270904,-177.6961743270904,0.0,0.0,0.0,0.024061004539827846,-0.01161301266557807,-0.01161301266557807,0.0,0.0,0.0,0.0229563012048144,-0.011889150373314505,-0.011889150373314505,0.0,0.0,0.0,0.023500000000000024,-0.01174999999999998,-0.01174999999999998,0.0,0.0,0.0,0.023500000000000024,-0.01174999999999998,-0.01174999999999998,0.0,0.0,0.0,0.021332972664226613,5.684341886080802e-14,157697.07104783063,161584.60109287134,73678.24399130633,164930.37858397528,163494.4183593582,72144.68740433625
95,0.23750000000000002,0.023750000000000004,533.8918608854635,355.9279072569757,-177.96395362848784,-177.96395362848784,0.0,0.0,0.0,355.9279072569757,-177.96395362848784,-177.96395362848784,0.0,0.0,0.0,0.024323100560642685,-0.01173509415159013,-0.01173509415159013,0.0,0.0,0.0,0.02319476343368687,-0.012017138658777071,-0.012017138658777071,0.0,0.0,0.0,0.02375000000000008,-0.011875000000000026,-0.011875000000000026,0.0,0.0,0.0,0.02375000000000008,-0.011875000000000026,-0.011875000000000026,0.0,0.0,0.0,0.021580218660450862,0.0,157612.33433563003,161567.20073575084,73707.13034219624,164923.64774365939,163497.24822091332,72155.17406740633
96,0.24,0.024,534.6920219640087,356.46134797600047,-178.2306739880083,-178.2306739880083,0.0,0.0,0.0,356.46134797600047,-178.2306739880083,-178.2306739880083,0.0,0.0,0.0,0.0245853276622352,-0.011857145121045354,-0.011857145121045354,0.0,0.0,0.0,0.023433106461247633,-0.012145158945310874,-0.012145158945310874,0.0,0.0,0.0,0.023999999999999945,-0.01200000000000001,-0.01200000000000001,0.0,0.0,0.0,0.023999999999999945,-0.01200000000000001,-0.01200000000000001,0.0,0.0,0.0,0.02182747869610371,-5.684341886080802e-14,157527.66657207612,161549.7909982468,73735.95617067486,164916.94382118378,163500.06674143212,72165.5909787534
97,0.2425,0.02425,535.4890189499549,356.992679299986,-178.496339649969,-178.496339649969,0.0,0.0,0.0,356.992679299986,-178.496339649969,-178.496339649969,0.0,0.0,0.0,0.02484768591016251,-0.011979165581571971,-0.011979165581571971,0.0,0.0,0.0,0.02367133034708252,-0.012273211240917181,-0.012273211240917181,0.0,0.0,0.0,0.024249999999999952,-0.012124999999999978,-0.012124999999999978,0.0,0.0,0.0,0.024249999999999952,-0.012124999999999978,-0.012124999999999978,0.0,0.0,0.0,0.022074752714958314,1.1368683772161603e-13,157443.0676078759,161532.37192670474,73764.72205331684,164910.26671388192,163502.8739637591,72175.93875385619
98,0.245,0.0245,536.282864528238,357.52190968549195,-178.76095484274597,-178.76095484274597,0.0,0.0,0.0,357.52190968549195,-178.76095484274597,-178.76095484274597,0.0,0.0,0.0,0.025110175370014143,-0.012101155540796382,-0.012101155540796382,0.0,0.0,0.0,0.02390943515074767,-0.012401295553599478,-0.012401295553599478,0.0,0.0,0.0,0.024500000000000067,-0.01225000000000005,-0.01225000000000005,0.0,0.0,0.0,0.024500000000000067,-0.01225000000000005,-0.01225000000000005,0.0,0.0,0.0,0.02232204066100087,0.0,157358.53729428662,161514.9435672966,73793.42856012391,164903.61631945803,163505.6699305855,72186.21800117723
99,0.2475,0.02475,537.0735713358391,358.0490475572207,-179.02452377861837,-179.02452377861837,0.0,0.0,0.0,358.0490475572207,-179.02452377861837,-179.02452377861837,0.0,0.0,0.0,0.025372796107412277,-0.012223115006342766,-0.012223115006342766,0.0,0.0,0.0,0.02414742093176897,-0.012529411891362585,-0.012529411891362585,0.0,0.0,0.0,0.024750000000000105,-0.012375000000000032,-0.012375000000000032,0.0,0.0,0.0,0.024750000000000105,-0.012375000000000032,-0.012375000000000032,0.0,0.0,0.0,0.022569342478429438,0.0,157274.0754830612,161497.50596604863,73822.07625460536,164896.99253593094,163508.4546844773,72196.42932224988
100,0.25,0.025,537.861151961947,358.5741013079594,-179.28705065398768,-179.28705065398768,0.0,0.0,0.0,358.5741013079594,-179.28705065398768,-179.28705065398768,0.0,0.0,0.0,0.02563554818801206,-0.012345043985833637,-0.012345043985833637,0.0,0.0,0.0,0.024385287749643048,-0.012657560262214429,-0.012657560262214429,0.0,0.0,0.0,0.025000000000000036,-0.012499999999999971,-0.012499999999999971,0.0,0.0,0.0,0.025000000000000036,-0.012499999999999971,-0.012499999999999971,0.0,0.0,0.0,0.022816658111654793,5.684341886080802e-14,157189.68202648865,161480.05916881957,73850.66569381068,164890.39526167736,163511.22826785335,72206.57331171828
101,0.2525,0.02525,538.6456189481103,359.09707929872195,-179.54853964938835,-179.54853964938835,0.0,0.0,0.0,359.0970792987219,-179.54853964938832,-179.54853964938832,0.0,0.0,0.0,0.02589843167750161,-0.012466942486889676,-0.012466942486889676,0.0,0.0,0.0,0.0246230356638365,-0.012785740674163937,-0.012785740674163937,0.0,0.0,0.0,0.025249999999999953,-0.012624999999999989,-0.012624999999999989,0.0,0.0,0.0,0.025249999999999953,-0.012624999999999989,-0.012624999999999989,0.0,0.0,0.0,0.02306398750529812,0.0,157105.35677737743,161462.60322130896,73879.1974285144,164883.82439541555,163513.99072299345,72216.65055752608
102,0.255,0.025500000000000002,539.4269847883977,359.61798985893176,-179.8089949294659,-179.8089949294659,0.0,0.0,0.0,359.61798985893176,-179.8089949294659,-179.8089949294659,0.0,0.0,0.0,0.026161446641601915,-0.012588810517129456,-0.012588810517129456,0.0,0.0,0.0,0.02486066473378651,-0.012913953135222367,-0.012913953135222367,0.0,0.0,0.0,0.02549999999999996,-0.012750000000000001,-0.012750000000000001,0.0,0.0,0.0,0.02549999999999996,-0.012750000000000001,-0.012750000000000001,0.0,0.0,0.0,0.02331133060419149,-5.684341886080802e-14,157021.0995890578,161445.13816905575,73907.67200322343,164877.27983620847,163516.74209203685,72226.66164093143
103,0.2575,0.025750000000000002,540.2052619295525,360.1368412863448,-180.06842064320773,-180.06842064320773,0.0,0.0,0.0,360.13684128634475,-180.0684206432077,-180.0684206432077,0.0,0.0,0.0,0.0264245931460666,-0.012710648084169773,-0.012710648084169773,0.0,0.0,0.0,0.025098175018900104,-0.013042197653402976,-0.013042197653402976,0.0,0.0,0.0,0.025749999999999947,-0.012875000000000051,-0.012875000000000051,0.0,0.0,0.0,0.025749999999999947,-0.012875000000000051,-0.012875000000000051,0.0,0.0,0.0,0.02355868735337621,1.1368683772161603e-13,156936.91031537493,161427.66405744065,73936.08995632811,164870.7614834577,163519.4824169848,72236.60713666253
104,0.26,0.026000000000000002,540.9804627711504,360.6536418474207,-180.3268209237297,-180.3268209237297,0.0,0.0,0.0,360.65364184742066,-180.32682092372968,-180.32682092372968,0.0,0.0,0.0,0.02668787125668226,-0.012832455195625314,-0.012832455195625314,0.0,0.0,0.0,0.02533556657855518,-0.01317047423672113,-0.01317047423672113,0.0,0.0,0.0,0.025999999999999884,-0.012999999999999977,-0.012999999999999977,0.0,0.0,0.0,0.025999999999999884,-0.012999999999999977,-0.012999999999999977,0.0,0.0,0.0,0.023806057698103004,-5.684341886080802e-14,156852.78881068443,161410.18093168893,73964.45182013483,164864.26923689927,163522.21173970288,72246.48761295683
105,0.2625,0.026250000000000002,541.7525996657547,361.16839977718047,-180.5841998885742,-180.5841998885742,0.0,0.0,0.0,361.16839977718047,-180.5841998885742,-180.5841998885742,0.0,0.0,0.0,0.026951281039268582,-0.012954231859109211,-0.012954231859109211,0.0,0.0,0.0,0.025572839472099318,-0.013298782893193972,-0.013298782893193972,0.0,0.0,0.0,0.02624999999999992,-0.01312499999999997,-0.01312499999999997,0.0,0.0,0.0,0.02624999999999992,-0.01312499999999997,-0.01312499999999997,0.0,0.0,0.0,0.024053441583830545,0.0,156768.73492986718,161392.68883686163,73992.75812099995,164857.80299662086,163524.93010191235,72256.30363169967
106,0.265,0.026500000000000003,542.5216849190723,361.6811232793708,-180.84056163970146,-180.84056163970146,0.0,0.0,0.0,361.6811232793708,-180.84056163970146,-180.84056163970146,0.0,0.0,0.0,0.027214822559677998,-0.013075978082232431,-0.013075978082232431,0.0,0.0,0.0,0.025809993758850902,-0.013427123630841087,-0.013427123630841087,0.0,0.0,0.0,0.02650000000000004,-0.013249999999999951,-0.013249999999999951,0.0,0.0,0.0,0.02650000000000004,-0.013249999999999951,-0.013249999999999951,0.0,0.0,0.0,0.024300838956225368,5.684341886080802e-14,156684.74852831638,161375.1878178618,74021.00937937255,164851.36266304879,163527.63754519625,72266.05574847347
107,0.2675,0.026750000000000003,543.2877307901083,362.1918205267206,-181.09591026338768,-181.09591026338768,0.0,0.0,0.0,362.19182052672056,-181.09591026338765,-181.09591026338765,0.0,0.0,0.0,0.027478495883795584,-0.013197693872604221,-0.013197693872604221,0.0,0.0,0.0,0.026047029498098395,-0.013555496457683613,-0.013555496457683613,0.0,0.0,0.0,0.026749999999999958,-0.013375000000000034,-0.013375000000000034,0.0,0.0,0.0,0.026749999999999958,-0.013375000000000034,-0.013375000000000034,0.0,0.0,0.0,0.02454824976116071,0.0,156600.8294619163,161357.6779194453,74049.20610990904,164844.94813692605,163530.33411101022,72275.74451267654
108,0.27,0.027000000000000003,544.0507494913222,362.7004996608815,-181.35024983044073,-181.35024983044073,0.0,0.0,0.0,362.7004996608815,-181.35024983044073,-181.35024983044073,0.0,0.0,0.0,0.027742301077540055,-0.013319379237831608,-0.013319379237831608,0.0,0.0,0.0,0.02628394674910084,-0.013683901381744579,-0.013683901381744579,0.0,0.0,0.0,0.02700000000000003,-0.013500000000000003,-0.013500000000000003,0.0,0.0,0.0,0.02700000000000003,-0.013500000000000003,-0.013500000000000003,0.0,0.0,0.0,0.02479567394471627,-5.684341886080802e-14,156516.97758708594,161340.15918619776,74077.34882152601,164838.55931936012,163533.01984065902,72285.37046758237
109,0.2725,0.027250000000000003,544.8107531887819,363.2071687925266,-181.6035843962553,-181.6035843962553,0.0,0.0,0.0,363.2071687925266,-181.6035843962553,-181.6035843962553,0.0,0.0,0.0,0.028006238206862544,-0.013441034185520062,-0.013441034185520062,0.0,0.0,0.0,0.02652074557108758,-0.013812338411049785,-0.013812338411049785,0.0,0.0,0.0,0.027250000000000107,-0.013624999999999996,-0.013624999999999996,0.0,0.0,0.0,0.027250000000000107,-0.013624999999999996,-0.013624999999999996,0.0,0.0,0.0,0.025043111453177034,-5.684341886080802e-14,156433.19276073744,161322.63166255542,74105.438017509,164832.1961117794,163535.69477531777,72294.9341504527
110,0.275,0.027500000000000004,545.5677540023171,363.7118360015812,-181.8559180007359,-181.8559180007359,0.0,0.0,0.0,363.7118360015813,-181.85591800073593,-181.85591800073593,0.0,0.0,0.0,0.02827030733774727,-0.013562658723272947,-0.013562658723272947,0.0,0.0,0.0,0.026757426023258146,-0.013940807553626144,-0.013940807553626144,0.0,0.0,0.0,0.027500000000000118,-0.01374999999999994,-0.01374999999999994,0.0,0.0,0.0,0.027500000000000118,-0.01374999999999994,-0.01374999999999994,0.0,0.0,0.0,0.02529056223303281,-1.7053025658242404e-13,156349.47484029716,161305.09539279394,74133.47419556795,164825.85841595667,163538.35895602018,72304.43609259857
111,0.2775,0.027750000000000004,546.3217640056755,364.2145093371588,-182.1072546685167,-182.1072546685167,0.0,0.0,0.0,364.21450933715886,-182.10725466851673,-182.10725466851673,0.0,0.0,0.0,0.028534508536211423,-0.013684252858691903,-0.013684252858691903,0.0,0.0,0.0,0.026993988164782656,-0.014069308817503345,-0.014069308817503345,0.0,0.0,0.0,0.027749999999999983,-0.013874999999999945,-0.013874999999999945,0.0,0.0,0.0,0.027749999999999983,-0.013874999999999945,-0.013874999999999945,0.0,0.0,0.0,0.025538026230977704,0.0,156265.82368368615,161287.5504210376,74161.45784791793,164819.5461339895,163541.01242366823,72313.8768194662
112,0.28,0.028000000000000004,547.0727952266747,364.7151968177778,-182.35759840889688,-182.35759840889688,0.0,0.0,0.0,364.7151968177778,-182.35759840889688,-182.35759840889688,0.0,0.0,0.0,0.028798841868305614,-0.013805816599376575,-0.013805816599376575,0.0,0.0,0.0,0.027230432054801912,-0.014197842210712408,-0.014197842210712408,0.0,0.0,0.0,0.027999999999999987,-0.014000000000000021,-0.014000000000000021,0.0,0.0,0.0,0.027999999999999987,-0.014000000000000021,-0.014000000000000021,0.0,0.0,0.0,0.02578550339390927,5.684341886080802e-14,156182.23914934063,161269.99679124885,74189.38946136305,164813.25916832237,163543.65521902105,72323.25685072536
113,0.28250000000000003,0.028250000000000004,547.8208596473554,365.21390643155206,-182.60695321580337,-182.60695321580337,0.0,0.0,0.0,365.213906431552,-182.60695321580334,-182.60695321580334,0.0,0.0,0.0,0.02906330740011298,-0.013927349952924606,-0.013927349952924606,0.0,0.0,0.0,0.02746675775242663,-0.014326407741287017,-0.014326407741287017,0.0,0.0,0.0,0.028249999999999952,-0.014125000000000077,-0.014125000000000077,0.0,0.0,0.0,0.028249999999999952,-0.014125000000000077,-0.014125000000000077,0.0,0.0,0.0,0.026032993668927768,-1.1368683772161603e-13,156098.72109618352,161252.43454724256,74217.26951736846,164806.99742171777,163546.2873827095,72332.57670034647
114,0.28500000000000003,0.028500000000000004,548.5659692041359,365.71064613609593,-182.85532306803992,-182.85532306803992,0.0,0.0,0.0,365.71064613609593,-182.85532306803992,-182.85532306803992,0.0,0.0,0.0,0.02932790519775008,-0.014048852926931754,-0.014048852926931754,0.0,0.0,0.0,0.02770296531673838,-0.014455005417261968,-0.014455005417261968,0.0,0.0,0.0,0.028500000000000036,-0.014250000000000035,-0.014250000000000035,0.0,0.0,0.0,0.028500000000000036,-0.014250000000000035,-0.014250000000000035,0.0,0.0,0.0,0.02628049700333538,1.1368683772161603e-13,156015.2693836492,161234.86373267244,74245.09849213442,164800.76079728332,163548.90895522223,72341.83687667936
115,0.28750000000000003,0.028750000000000005,549.3081357879629,366.2054238586366,-183.10271192932632,-183.10271192932632,0.0,0.0,0.0,366.2054238586366,-183.10271192932632,-183.10271192932632,0.0,0.0,0.0,0.029592635327366,-0.014170325528992056,-0.014170325528992056,0.0,0.0,0.0,0.02793905480678882,-0.014583635246674942,-0.014583635246674942,0.0,0.0,0.0,0.028749999999999897,-0.014374999999999995,-0.014374999999999995,0.0,0.0,0.0,0.028749999999999897,-0.014374999999999995,-0.014374999999999995,0.0,0.0,0.0,0.026528013344635944,-5.684341886080802e-14,155931.8838716701,161217.28439103742,74272.87685665395,164794.5491984585,163551.51997691212,72351.03788251623
116,0.29,0.028999999999999998,550.047371244468,366.6982474962959,-183.34912374817208,-183.34912374817208,0.0,0.0,0.0,366.6982474962959,-183.34912374817208,-183.34912374817208,0.0,0.0,0.0,0.02985749785514369,-0.014291767766697605,-0.014291767766697605,0.0,0.0,0.0,0.02817502628160068,-0.014712297237565508,-0.014712297237565508,0.0,0.0,0.0,0.028999999999999925,-0.014500000000000018,-0.014500000000000018,0.0,0.0,0.0,0.028999999999999925,-0.014500000000000018,-0.014500000000000018,0.0,0.0,0.0,0.02677554264053444,0.0,155848.5644206669,161199.6965656865,74300.60507678989,164788.3625290052,163554.12048800112,72360.18021517286
117,0.2925,0.029249999999999998,550.7836873741119,367.18912491607995,-183.59456245803193,-183.59456245803193,0.0,0.0,0.0,367.18912491607995,-183.59456245803193,-183.59456245803193,0.0,0.0,0.0,0.03012249284729862,-0.014413179647638441,-0.014413179647638441,0.0,0.0,0.0,0.02841087980016671,-0.014840991397974568,-0.014840991397974568,0.0,0.0,0.0,0.02924999999999997,-0.014624999999999999,-0.014624999999999999,0.0,0.0,0.0,0.02924999999999997,-0.014624999999999999,-0.014624999999999999,0.0,0.0,0.0,0.027023084838934917,5.684341886080802e-14,155765.31089155123,161182.100299817,74328.28361339166,164782.2006930111,163556.71052857835,72369.2643666088
118,0.295,0.0295,551.5170959323436,367.67806395489043,-183.83903197745326,-183.83903197745326,0.0,0.0,0.0,367.67806395489043,-183.83903197745326,-183.83903197745326,0.0,0.0,0.0,0.030387620370079582,-0.014534561179402883,-0.014534561179402883,0.0,0.0,0.0,0.02864661542145025,-0.014969717735945798,-0.014969717735945798,0.0,0.0,0.0,0.02950000000000007,-0.014750000000000017,-0.014750000000000017,0.0,0.0,0.0,0.02950000000000007,-0.014750000000000017,-0.014750000000000017,0.0,0.0,0.0,0.027270639887941504,0.0,155682.12314575168,161164.49563646046,74355.91292227217,164776.063594919,163559.29013858564,72378.2908234114
119,0.2975,0.02975,552.2476086297478,368.16507241981896,-184.0825362099288,-184.0825362099288,0.0,0.0,0.0,368.1650724198189,-184.08253620992878,-184.08253620992878,0.0,0.0,0.0,0.03065288048976811,-0.01465591236957725,-0.01465591236957725,0.0,0.0,0.0,0.028882233204384933,-0.015098476259524651,-0.015098476259524651,0.0,0.0,0.0,0.029749999999999898,-0.014875000000000046,-0.014875000000000046,0.0,0.0,0.0,0.029749999999999898,-0.014875000000000046,-0.014875000000000046,0.0,0.0,0.0,0.027518207735856563,0.0,155599.00104515947,161146.88261851046,74383.49345435984,164769.95113946887,163561.8593578457,72387.26006694954
120,0.3,0.03,552.9752371321979,368.65015808812126,-184.3250790440767,-184.3250790440767,0.0,0.0,0.0,368.65015808812126,-184.3250790440767,-184.3250790440767,0.0,0.0,0.0,0.03091827327267993,-0.014777233225745923,-0.014777233225745923,0.0,0.0,0.0,0.02911773320787564,-0.015227266976758358,-0.015227266976758358,0.0,0.0,0.0,0.030000000000000113,-0.015000000000000012,-0.015000000000000012,0.0,0.0,0.0,0.030000000000000113,-0.015000000000000012,-0.015000000000000012,0.0,0.0,0.0,0.027765788331181165,0.0,155515.94445218047,161129.26128869512,74411.02565569681,164763.86323175518,163564.41822603426,72396.1725733785
121,0.3025,0.03025,553.699993061004,369.13332870731773,-184.5666643536862,-184.5666643536862,0.0,0.0,0.0,369.1333287073177,-184.56666435368618,-184.56666435368618,0.0,0.0,0.0,0.03118379878516242,-0.014898523755491555,-0.014898523755491555,0.0,0.0,0.0,0.02935311549079711,-0.015356089895696479,-0.015356089895696479,0.0,0.0,0.0,0.030249999999999933,-0.01512500000000002,-0.01512500000000002,0.0,0.0,0.0,0.030249999999999933,-0.01512500000000002,-0.01512500000000002,0.0,0.0,0.0,0.02801338162261289,0.0,155432.95322968415,161111.6316896031,74438.50996758284,164757.7997771729,163566.96678270615,72405.02881378568
122,0.305,0.0305,554.4218879930661,369.61459199541923,-184.80729599764686,-184.80729599764686,0.0,0.0,0.0,369.6145919954193,-184.8072959976469,-184.8072959976469,0.0,0.0,0.0,0.0314494570935977,-0.015019783966394695,-0.015019783966394695,0.0,0.0,0.0,0.02958838011199516,-0.015484945024390462,-0.015484945024390462,0.0,0.0,0.0,0.030500000000000062,-0.015249999999999958,-0.015249999999999958,0.0,0.0,0.0,0.030500000000000062,-0.015249999999999958,-0.015249999999999958,0.0,0.0,0.0,0.028260987559046696,5.684341886080802e-14,155350.0272410478,161093.99386366055,74465.94682654897,164751.76068146544,163569.505067272,72413.82925417101
123,0.3075,0.03075,555.1409334610221,370.0939556406868,-185.04697782033534,-185.04697782033534,0.0,0.0,0.0,370.0939556406868,-185.04697782033534,-185.04697782033534,0.0,0.0,0.0,0.031715248264399754,-0.01514101386603428,-0.01514101386603428,0.0,0.0,0.0,0.029823527130285687,-0.015613832370893532,-0.015613832370893532,0.0,0.0,0.0,0.03074999999999994,-0.015375000000000005,-0.015375000000000005,0.0,0.0,0.0,0.03074999999999994,-0.015375000000000005,-0.015375000000000005,0.0,0.0,0.0,0.028508606089573063,5.684341886080802e-14,155267.16635012554,161076.34785314562,74493.33666450145,164745.74585069303,163572.0331190128,72422.57435559304
124,0.31,0.031,555.8571409533987,370.5714273022529,-185.28571365114576,-185.28571365114576,0.0,0.0,0.0,370.57142730225286,-185.28571365114573,-185.28571365114573,0.0,0.0,0.0,0.031981172364016874,-0.015262213461987084,-0.015262213461987084,0.0,0.0,0.0,0.030058556604455555,-0.015742751943261468,-0.015742751943261468,0.0,0.0,0.0,0.031000000000000038,-0.01550000000000006,-0.01550000000000006,0.0,0.0,0.0,0.031000000000000038,-0.01550000000000006,-0.01550000000000006,0.0,0.0,0.0,0.02875623716347812,0.0,155184.37042125425,161058.69370018685,74520.67990872539,164739.75519123915,163574.55097707812,72431.2645741778
125,0.3125,0.03125,556.5705219147592,371.04701460987593,-185.52350730488328,-185.52350730488328,0.0,0.0,0.0,371.047014609876,-185.5235073048833,-185.5235073048833,0.0,0.0,0.0,0.03224722945892977,-0.015383382761827935,-0.015383382761827935,0.0,0.0,0.0,0.03029346859326215,-0.01587170374955127,-0.01587170374955127,0.0,0.0,0.0,0.031250000000000056,-0.015624999999999976,-0.015624999999999976,0.0,0.0,0.0,0.031250000000000056,-0.015624999999999976,-0.015624999999999976,0.0,0.0,0.0,0.029003880730242595,0.0,155101.63931925525,161041.03144676058,74547.97698198061,164733.78860981375,163577.05868048346,72439.900361218
126,0.315,0.0315,557.2810877458537,371.52072516390245,-185.76036258195123,-185.76036258195123,0.0,0.0,0.0,371.52072516390245,-185.76036258195123,-185.76036258195123,0.0,0.0,0.0,0.03251341961565268,-0.015504521773130109,-0.015504521773130109,0.0,0.0,0.0,0.030528263155433277,-0.016000687797822932,-0.016000687797822932,0.0,0.0,0.0,0.03149999999999995,-0.01574999999999995,-0.01574999999999995,0.0,0.0,0.0,0.03149999999999995,-0.01574999999999995,-0.01574999999999995,0.0,0.0,0.0,0.029251536739540975,0.0,155018.9729094259,161023.36113469413,74575.22830255586,164727.8460134453,163579.55626811343,72448.48216323157
127,0.3175,0.03175,557.9888498037677,371.9925665358709,-185.9962832678968,-185.9962832678968,0.0,0.0,0.0,371.99256653587094,-185.99628326789684,-185.99628326789684,0.0,0.0,0.0,0.03277974290073349,-0.01562563050346477,-0.01562563050346477,0.0,0.0,0.0,0.030762940349668033,-0.016129704096137676,-0.016129704096137676,0.0,0.0,0.0,0.031750000000000056,-0.015874999999999962,-0.015874999999999962,0.0,0.0,0.0,0.031750000000000056,-0.015874999999999962,-0.015874999999999962,0.0,0.0,0.0,0.029499205141241654,-5.684341886080802e-14,154936.37105754935,161005.68280566274,74602.43428429888,164721.92730949164,163582.04377871845,72457.01042199583
128,0.32,0.032,558.6938194020688,372.4625462680512,-186.23127313401756,-186.23127313401756,0.0,0.0,0.0,372.4625462680512,-186.23127313401756,-186.23127313401756,0.0,0.0,0.0,0.03304619938075248,-0.0157467089604012,-0.0157467089604012,0.0,0.0,0.0,0.030997500234635156,-0.01625875265255905,-0.01625875265255905,0.0,0.0,0.0,0.03199999999999987,-0.015999999999999993,-0.015999999999999993,0.0,0.0,0.0,0.03199999999999987,-0.015999999999999993,-0.015999999999999993,0.0,0.0,0.0,0.029746885885405052,0.0,154853.8336298725,160987.99650119778,74629.59533673464,164716.03240561773,163584.52125092308,72465.4855746685
129,0.3225,0.03225,559.3960078109567,372.93067187393467,-186.46533593702208,-186.46533593702208,0.0,0.0,0.0,372.9306718739346,-186.46533593702205,-186.46533593702205,0.0,0.0,0.0,0.03331278912232438,-0.01586775715150679,-0.01586775715150679,0.0,0.0,0.0,0.03123194286897507,-0.016387833475153046,-0.016387833475153046,0.0,0.0,0.0,0.032249999999999945,-0.01612500000000003,-0.01612500000000003,0.0,0.0,0.0,0.032249999999999945,-0.01612500000000003,-0.01612500000000003,0.0,0.0,0.0,0.02999457892228416,0.0,154771.36049313884,160970.30226267135,74656.71186505146,164710.1612098313,163586.9887232103,72473.90805377917
130,0.325,0.0325,560.0954262574085,373.3969508382616,-186.6984754191469,-186.6984754191469,0.0,0.0,0.0,373.3969508382616,-186.6984754191469,-186.6984754191469,0.0,0.0,0.0,0.03357951219209632,-0.01598877508434693,-0.01598877508434693,0.0,0.0,0.0,0.031466268311298284,-0.016516946571986213,-0.016516946571986213,0.0,0.0,0.0,0.0325,-0.016249999999999952,-0.016249999999999952,0.0,0.0,0.0,0.0325,-0.016249999999999952,-0.016249999999999952,0.0,0.0,0.0,0.030242284202322896,-5.684341886080802e-14,154688.95151455046,160952.60013131492,74683.78427022124,164704.31363044307,163589.44623394017,72482.27828735148
131,0.3275,0.03275,560.7920859253288,373.86139061689124,-186.93069530843755,-186.93069530843755,0.0,0.0,0.0,373.86139061689124,-186.93069530843755,-186.93069530843755,0.0,0.0,0.0,0.03384636865674906,-0.016109762766485458,-0.016109762766485458,0.0,0.0,0.0,0.03170047662018616,-0.016646091951128983,-0.016646091951128983,0.0,0.0,0.0,0.03275000000000004,-0.01637499999999998,-0.01637499999999998,0.0,0.0,0.0,0.03275000000000004,-0.01637499999999998,-0.01637499999999998,0.0,0.0,0.0,0.0304900016761563,-5.684341886080802e-14,154606.6065617776,160934.89014821325,74710.81294900259,164698.48957607846,163591.89382134387,72490.59669891163
132,0.33,0.033,561.4859979556932,374.32399863713414,-187.16199931855905,-187.16199931855905,0.0,0.0,0.0,374.32399863713414,-187.16199931855905,-187.16199931855905,0.0,0.0,0.0,0.0341133585829968,-0.01623072020548405,-0.01623072020548405,0.0,0.0,0.0,0.03193456785419069,-0.01677526962065279,-0.01677526962065279,0.0,0.0,0.0,0.03300000000000013,-0.016500000000000056,-0.016500000000000056,0.0,0.0,0.0,0.03300000000000013,-0.016500000000000056,-0.016500000000000056,0.0,0.0,0.0,0.030737731294609064,1.1368683772161603e-13,154524.32550297966,160917.1723542939,74737.79829404286,164692.68895570023,163594.33152351275,72498.86370759239
133,0.3325,0.03325,562.1771734466963,374.784782297834,-187.39239114886232,-187.39239114886232,0.0,0.0,0.0,374.78478229783406,-187.39239114886234,-187.39239114886234,0.0,0.0,0.0,0.03438048203758681,-0.016351647408902326,-0.016351647408902326,0.0,0.0,0.0,0.032168542071834616,-0.01690447958863084,-0.01690447958863084,0.0,0.0,0.0,0.03325000000000007,-0.016624999999999956,-0.016624999999999956,0.0,0.0,0.0,0.03325000000000007,-0.016624999999999956,-0.016624999999999956,0.0,0.0,0.0,0.030985473008695346,5.684341886080802e-14,154442.10820677248,160899.44679034376,74764.740693895,164686.91167857454,163596.75937841507,72507.0797281547
134,0.335,0.0335,562.8656234539003,375.24374896926685,-187.62187448463342,-187.62187448463342,0.0,0.0,0.0,375.24374896926685,-187.62187448463342,-187.62187448463342,0.0,0.0,0.0,0.03464773908730001,-0.016472544384298515,-0.016472544384298515,0.0,0.0,0.0,0.03240239933161165,-0.01703372186313923,-0.01703372186313923,0.0,0.0,0.0,0.03349999999999992,-0.01674999999999997,-0.01674999999999997,0.0,0.0,0.0,0.03349999999999992,-0.01674999999999997,-0.01674999999999997,0.0,0.0,0.0,0.031233226769618472,0.0,154359.9545422392,160881.71349700197,74791.6405330749,164681.15765428392,163599.17742388876,72515.24517104839
135,0.3375,0.03375,563.5513589903775,375.7009059935614,-187.85045299681607,-187.85045299681607,0.0,0.0,0.0,375.7009059935613,-187.85045299681605,-187.85045299681605,0.0,0.0,0.0,0.03491512979895106,-0.01659341113922863,-0.01659341113922863,0.0,0.0,0.0,0.0326361396919862,-0.017162996452255386,-0.017162996452255386,0.0,0.0,0.0,0.03375000000000004,-0.016875000000000043,-0.016875000000000043,0.0,0.0,0.0,0.03375000000000004,-0.016875000000000043,-0.016875000000000043,0.0,0.0,0.0,0.03148099252876982,0.0,154277.86437893473,160863.97251475896,74818.49819213588,164675.42679273212,163601.58569764034,72523.36044248923
136,0.34,0.034,564.2343910268544,376.15626068456424,-188.07813034229017,-188.07813034229017,0.0,0.0,0.0,376.15626068456424,-188.07813034229017,-188.07813034229017,0.0,0.0,0.0,0.03518265423938716,-0.016714247681246686,-0.016714247681246686,0.0,0.0,0.0,0.03286976321139323,-0.017292303364058847,-0.017292303364058847,0.0,0.0,0.0,0.033999999999999975,-0.01700000000000001,-0.01700000000000001,0.0,0.0,0.0,0.033999999999999975,-0.01700000000000001,-0.01700000000000001,0.0,0.0,0.0,0.03172877023772749,0.0,154195.83758687315,160846.22388396112,74845.3140477272,164669.71900413194,163603.98423724947,72531.42594452068
137,0.3425,0.03425,564.9147304918624,376.60982032786643,-188.30491016399597,-188.30491016399597,0.0,0.0,0.0,376.6098203278664,-188.30491016399594,-188.30491016399594,0.0,0.0,0.0,0.035450312475489576,-0.016835054017905138,-0.016835054017905138,0.0,0.0,0.0,0.03310326994823848,-0.017421642606631704,-0.017421642606631704,0.0,0.0,0.0,0.03424999999999989,-0.01712500000000006,-0.01712500000000006,0.0,0.0,0.0,0.03424999999999989,-0.01712500000000006,-0.01712500000000006,0.0,0.0,0.0,0.03197655984825708,1.1368683772161603e-13,154113.87403653533,160828.46764480657,74872.08847258403,164664.03419901436,163606.3730801648,72539.44207500941
138,0.34500000000000003,0.0345,565.592388271877,377.0615921812567,-188.53079609062027,-188.53079609062027,0.0,0.0,0.0,377.0615921812567,-188.53079609062027,-188.53079609062027,0.0,0.0,0.0,0.035718104574173126,-0.01695583015675417,-0.01695583015675417,0.0,0.0,0.0,0.03333665996089896,-0.017551014188057046,-0.017551014188057046,0.0,0.0,0.0,0.034500000000000024,-0.017249999999999963,-0.017249999999999963,0.0,0.0,0.0,0.034500000000000024,-0.017249999999999963,-0.017249999999999963,0.0,0.0,0.0,0.03222436131231005,-1.1368683772161603e-13,154031.97359886003,160810.70383735033,74898.821835646,164658.37228821946,163608.752263709,72547.4092277642
139,0.34750000000000003,0.03475,566.2673752114666,377.51158347434756,-188.75579173711907,-188.75579173711907,0.0,0.0,0.0,377.5115834743476,-188.7557917371191,-188.7557917371191,0.0,0.0,0.0,0.03598603060238559,-0.017076576105342522,-0.017076576105342522,0.0,0.0,0.0,0.033569933307722066,-0.01768041811642107,-0.01768041811642107,0.0,0.0,0.0,0.03475000000000013,-0.017374999999999963,-0.017374999999999963,0.0,0.0,0.0,0.03475000000000013,-0.017374999999999963,-0.017374999999999963,0.0,0.0,0.0,0.032472174582023686,-1.1368683772161603e-13,153950.13614525436,160792.93250149715,74925.51450206191,164652.73318290905,163611.12182507126,72555.3277925462
140,0.35000000000000003,0.035,566.9397021134325,377.9598014089808,-188.97990070445178,-188.97990070445178,0.0,0.0,0.0,377.95980140898087,-188.9799007044518,-188.9799007044518,0.0,0.0,0.0,0.03625409062710827,-0.017197291871216713,-0.017197291871216713,0.0,0.0,0.0,0.03380309004702592,-0.01780985439981153,-0.01780985439981153,0.0,0.0,0.0,0.03500000000000003,-0.01749999999999995,-0.01749999999999995,0.0,0.0,0.0,0.03500000000000003,-0.01749999999999995,-0.01749999999999995,0.0,0.0,0.0,0.032719999609719636,0.0,153868.36154757507,160775.15367701158,74952.16683327623,164647.11679454695,163613.48180131766,72563.19815515673
141,0.3525,0.03525,567.6093797389562,378.40625315928054,-189.20312657967568,-189.20312657967568,0.0,0.0,0.0,378.4062531592805,-189.20312657967565,-189.20312657967565,0.0,0.0,0.0,0.03652228471535646,-0.017317977461921596,-0.017317977461921596,0.0,0.0,0.0,0.03403613023709984,-0.017939323046318068,-0.017939323046318068,0.0,0.0,0.0,0.03524999999999998,-0.01762500000000005,-0.01762500000000005,0.0,0.0,0.0,0.03524999999999998,-0.01762500000000005,-0.01762500000000005,0.0,0.0,0.0,0.03296783634790415,0.0,153786.64967813305,160757.36740351518,74978.77918703138,164641.5230349049,163615.83222938824,72571.02069744426
142,0.355,0.0355,568.2764188077397,378.8509458718372,-189.4254729359025,-189.4254729359025,0.0,0.0,0.0,378.8509458718372,-189.4254729359025,-189.4254729359025,0.0,0.0,0.0,0.036790612934178735,-0.01743863288499975,-0.01743863288499975,0.0,0.0,0.0,0.034269053936204,-0.01806882406403243,-0.01806882406403243,0.0,0.0,0.0,0.03550000000000004,-0.01774999999999998,-0.01774999999999998,0.0,0.0,0.0,0.03550000000000004,-0.01774999999999998,-0.01774999999999998,0.0,0.0,0.0,0.03321568474926711,-5.684341886080802e-14,153705.00040970094,160739.57372048238,75005.35191744652,164635.9518160713,163618.17314609248,72578.7957973853
143,0.3575,0.03575,568.9408299981512,379.2938866654105,-189.64694333274068,-189.64694333274068,0.0,0.0,0.0,379.29388666541047,-189.64694333274065,-189.64694333274065,0.0,0.0,0.0,0.03705907535065689,-0.017559258147992418,-0.017559258147992418,0.0,0.0,0.0,0.03450186120256904,-0.018198357461048476,-0.018198357461048476,0.0,0.0,0.0,0.03574999999999996,-0.01787500000000003,-0.01787500000000003,0.0,0.0,0.0,0.03574999999999996,-0.01787500000000003,-0.01787500000000003,0.0,0.0,0.0,0.03346354476668113,-5.684341886080802e-14,153623.4136155138,160721.77266723898,75031.88537506292,164630.40305045331,163620.5045881079,72586.52382913306
144,0.36,0.036,569.6026239473651,379.73508263158215,-189.86754131578294,-189.86754131578294,0.0,0.0,0.0,379.73508263158215,-189.86754131578294,-189.86754131578294,0.0,0.0,0.0,0.03732767203190679,-0.01767985325843846,-0.01767985325843846,0.0,0.0,0.0,0.034734552094397075,-0.01832792324546184,-0.01832792324546184,0.0,0.0,0.0,0.03599999999999998,-0.017999999999999974,-0.017999999999999974,0.0,0.0,0.0,0.03599999999999998,-0.017999999999999974,-0.017999999999999974,0.0,0.0,0.0,0.03371141635320113,1.1368683772161603e-13,153541.88916923452,160703.96428298033,75058.3799068763,164624.87665074007,163622.82659199837,72594.20516305268
145,0.3625,0.03625,570.2618112515072,380.1745408343328,-190.08727041717444,-190.08727041717444,0.0,0.0,0.0,380.1745408343328,-190.08727041717444,-190.08727041717444,0.0,0.0,0.0,0.0375964030450775,-0.017800418223875236,-0.017800418223875236,0.0,0.0,0.0,0.03496712666986074,-0.018457521425370715,-0.018457521425370715,0.0,0.0,0.0,0.036250000000000004,-0.01812499999999998,-0.01812499999999998,0.0,0.0,0.0,0.036250000000000004,-0.01812499999999998,-0.01812499999999998,0.0,0.0,0.0,0.033959299462064,-5.684341886080802e-14,153460.42694500217,160686.14860674544,75084.83585637677,164619.37252995578,163625.1391941878,72601.84016576486
146,0.365,0.0365,570.918402465794,380.6122683105293,-190.30613415526466,-190.30613415526466,0.0,0.0,0.0,380.6122683105293,-190.30613415526466,-190.30613415526466,0.0,0.0,0.0,0.03786526845735172,-0.01792095305183794,-0.01792095305183794,0.0,0.0,0.0,0.03519958498710363,-0.01858715200887484,-0.01858715200887484,0.0,0.0,0.0,0.036499999999999984,-0.018249999999999933,-0.018249999999999933,0.0,0.0,0.0,0.036499999999999984,-0.018249999999999933,-0.018249999999999933,0.0,0.0,0.0,0.03420719404668737,0.0,153379.02681738453,160668.32567744152,75111.25356362217,164613.89060140925,163627.44243098487,72609.42920022068
147,0.3675,0.03675,571.5724081046759,381.04827206977853,-190.52413603489734,-190.52413603489734,0.0,0.0,0.0,381.04827206977853,-190.52413603489734,-190.52413603489734,0.0,0.0,0.0,0.03813426833594602,-0.018041457749860157,-0.018041457749860157,0.0,0.0,0.0,0.035431927104240424,-0.01871681500407607,-0.01871681500407607,0.0,0.0,0.0,0.036750000000000116,-0.018374999999999996,-0.018374999999999996,0.0,0.0,0.0,0.036750000000000116,-0.018374999999999996,-0.018374999999999996,0.0,0.0,0.0,0.03445510006066948,5.684341886080802e-14,153297.6886614117,160650.49553382595,75137.63336524664,164608.4307787311,163629.73633856466,72616.97262571438
148,0.37,0.037,572.2238386419776,381.4825590946517,-190.74127954732586,-190.74127954732586,0.0,0.0,0.0,381.4825590946517,-190.74127954732586,-190.74127954732586,0.0,0.0,0.0,0.03840340274811005,-0.018161932325473307,-0.018161932325473307,0.0,0.0,0.0,0.03566415307935644,-0.018846510419078477,-0.018846510419078477,0.0,0.0,0.0,0.037000000000000095,-0.018500000000000034,-0.018500000000000034,0.0,0.0,0.0,0.037000000000000095,-0.018500000000000034,-0.018500000000000034,0.0,0.0,0.0,0.034703017457788296,0.0,153216.4123525491,160632.65821452008,75163.97559452652,164602.9929758453,163632.02095298268,72624.47079795122
149,0.3725,0.03725,572.8727045110393,381.91513634069827,-190.95756817034106,-190.95756817034106,0.0,0.0,0.0,381.91513634069827,-190.95756817034106,-190.95756817034106,0.0,0.0,0.0,0.03867267176112754,-0.018282376786207033,-0.018282376786207033,0.0,0.0,0.0,0.03589626297050841,-0.01897623826198802,-0.01897623826198802,0.0,0.0,0.0,0.037250000000000054,-0.018625000000000034,-0.018625000000000034,0.0,0.0,0.0,0.037250000000000054,-0.018625000000000034,-0.018625000000000034,0.0,0.0,0.0,0.03495094619200083,0.0,153135.19776671342,160614.8137580002,75190.28058141707,164597.57710698762,163634.2963101655,72631.92406908722
150,0.375,0.037500000000000006,573.5190161048571,382.34601073660247,-191.17300536825462,-191.17300536825462,0.0,0.0,0.0,382.3460107366025,-191.17300536825465,-191.17300536825465,0.0,0.0,0.0,0.03894207544231576,-0.018402791139589092,-0.018402791139589092,0.0,0.0,0.0,0.03612825683572363,-0.01910599854091244,-0.01910599854091244,0.0,0.0,0.0,0.03749999999999999,-0.018749999999999975,-0.018749999999999975,0.0,0.0,0.0,0.03749999999999999,-0.018749999999999975,-0.018749999999999975,0.0,0.0,0.0,0.03519888621744266,5.684341886080802e-14,153054.04478026592,160596.96220260096,75216.54865258717,164592.18308669867,163636.56244591417,72639.3327877668
151,0.3775,0.037750000000000006,574.1627837762248,382.7751891841553,-191.3875945920696,-191.3875945920696,0.0,0.0,0.0,382.7751891841553,-191.3875945920696,-191.3875945920696,0.0,0.0,0.0,0.03921161385902572,-0.018523175393145463,-0.018523175393145463,0.0,0.0,0.0,0.03636013473300059,-0.019235791263962243,-0.019235791263962243,0.0,0.0,0.0,0.03775,-0.018874999999999937,-0.018874999999999937,0.0,0.0,0.0,0.03775,-0.018874999999999937,-0.018874999999999937,0.0,0.0,0.0,0.035446837488427904,5.684341886080802e-14,152972.95326999636,160579.10358652286,75242.78013144765,164586.81082980795,163638.81939591188,72646.69729915433
152,0.38,0.038000000000000006,574.8040178378701,383.2026785585619,-191.60133927930826,-191.60133927930826,0.0,0.0,0.0,383.20267855856184,-191.60133927930823,-191.60133927930823,0.0,0.0,0.0,0.03948128707864185,-0.01864352955440024,-0.01864352955440024,0.0,0.0,0.0,0.03659189672030877,-0.019365616439248945,-0.019365616439248945,0.0,0.0,0.0,0.03799999999999991,-0.019000000000000003,-0.019000000000000003,0.0,0.0,0.0,0.03799999999999991,-0.019000000000000003,-0.019000000000000003,0.0,0.0,0.0,0.03569479995944699,0.0,152891.9231131522,160561.23794781748,75268.9753382554,164581.4602514657,163641.06719570857,72654.01794503834
153,0.3825,0.038250000000000006,575.4427285625968,383.6284857084343,-191.81424285416247,-191.81424285416247,0.0,0.0,0.0,383.62848570843437,-191.8142428541625,-191.8142428541625,0.0,0.0,0.0,0.039751095168582884,-0.01876385363087535,-0.01876385363087535,0.0,0.0,0.0,0.036823542855588975,-0.01949547407488683,-0.01949547407488683,0.0,0.0,0.0,0.038250000000000124,-0.019124999999999958,-0.019124999999999958,0.0,0.0,0.0,0.038250000000000124,-0.019124999999999958,-0.019124999999999958,0.0,0.0,0.0,0.035942773585167634,-5.684341886080802e-14,152810.95418740544,160543.3653244039,75295.13459005972,164576.131267108,163643.30588073778,72661.295063784
154,0.385,0.038500000000000006,576.0789261834237,384.0526174556212,-192.02630872780253,-192.02630872780253,0.0,0.0,0.0,384.0526174556212,-192.02630872780253,-192.02630872780253,0.0,0.0,0.0,0.040021038196300096,-0.01888414763009122,-0.01888414763009122,0.0,0.0,0.0,0.037055073196752164,-0.019625364178992077,-0.019625364178992077,0.0,0.0,0.0,0.038499999999999944,-0.019249999999999982,-0.019249999999999982,0.0,0.0,0.0,0.038499999999999944,-0.019249999999999982,-0.019249999999999982,0.0,0.0,0.0,0.03619075832043328,-5.684341886080802e-14,152730.04637086944,160525.48575405846,75321.25820081531,164570.82379247632,163645.53548630627,72668.52899044627
155,0.3875,0.03875000000000001,576.7126208937226,384.47508059579144,-192.23754029793113,-192.23754029793113,0.0,0.0,0.0,384.4750805957914,-192.2375402979311,-192.2375402979311,0.0,0.0,0.0,0.04029111622927983,-0.01900441155956617,-0.01900441155956617,0.0,0.0,0.0,0.03728648780168148,-0.019755286759682633,-0.019755286759682633,0.0,0.0,0.0,0.038749999999999916,-0.019375000000000017,-0.019375000000000017,0.0,0.0,0.0,0.038749999999999916,-0.019375000000000017,-0.019375000000000017,0.0,0.0,0.0,0.03643875412026307,-2.2737367544323206e-13,152649.1995420984,160507.59927441683,75347.34648137656,164565.53774361705,163647.7560475956,72675.72005676788
156,0.39,0.03900000000000001,577.3438228473568,384.89588189823246,-192.44794094912433,-192.44794094912433,0.0,0.0,0.0,384.89588189823246,-192.44794094912433,-192.44794094912433,0.0,0.0,0.0,0.04056132933504153,-0.019124645426816633,-0.019124645426816633,0.0,0.0,0.0,0.03751778672823036,-0.019885241825078892,-0.019885241825078892,0.0,0.0,0.0,0.038999999999999965,-0.019499999999999993,-0.019499999999999993,0.0,0.0,0.0,0.038999999999999965,-0.019499999999999993,-0.019499999999999993,0.0,0.0,0.0,0.036686760939850745,0.0,152568.41358006882,160489.70592298184,75373.39973956607,164560.27303686258,163649.96759967043,72682.86859124937
157,0.3925,0.03925000000000001,577.9725421588189,385.31502810586636,-192.6575140529525,-192.6575140529525,0.0,0.0,0.0,385.3150281058663,-192.65751405295248,-192.65751405295248,0.0,0.0,0.0,0.04083167758113826,-0.01924484923935732,-0.01924484923935732,0.0,0.0,0.0,0.03774897003422334,-0.020015229383303024,-0.020015229383303024,0.0,0.0,0.0,0.03924999999999991,-0.019625000000000014,-0.019625000000000014,0.0,0.0,0.0,0.03924999999999991,-0.019625000000000014,-0.019625000000000014,0.0,0.0,0.0,0.03693477873456418,-5.684341886080802e-14,152487.68836419584,160471.80573711442,75399.41828019428,164555.0295888499,163652.17017746915,72689.9749191721
158,0.395,0.03950000000000001,578.5987889033702,385.73252593558544,-192.86626296778468,-192.86626296778468,0.0,0.0,0.0,385.73252593558544,-192.86626296778468,-192.86626296778468,0.0,0.0,0.0,0.04110216103515729,-0.019365023004700888,-0.019365023004700888,0.0,0.0,0.0,0.037980037777456566,-0.020145249442478974,-0.020145249442478974,0.0,0.0,0.0,0.03949999999999994,-0.019749999999999993,-0.019749999999999993,0.0,0.0,0.0,0.03949999999999994,-0.019749999999999993,-0.019749999999999993,0.0,0.0,0.0,0.03718280745994527,-1.1368683772161603e-13,152407.02377433013,160453.89875403568,75425.40240508561,164549.80731651772,163654.36381580555,72697.0393626268
159,0.3975,0.03975000000000001,579.2225731171759,386.1483820780862,-193.07419103908967,-193.07419103908967,0.0,0.0,0.0,386.14838207808606,-193.0741910390896,-193.0741910390896,0.0,0.0,0.0,0.041372779764719425,-0.019485166730358328,-0.019485166730358328,0.0,0.0,0.0,0.03821099001569672,-0.020275302010733354,-0.020275302010733354,0.0,0.0,0.0,0.03974999999999999,-0.01987500000000007,-0.01987500000000007,0.0,0.0,0.0,0.03974999999999999,-0.01987500000000007,-0.01987500000000007,0.0,0.0,0.0,0.03743084707170845,0.0,152326.41969074437,160435.98501083266,75451.3524131539,164544.60613709304,163656.54854937526,72704.06224059034
160,0.4,0.04000000000000001,579.8439047974423,386.56260319828743,-193.28130159915492,-193.28130159915492,0.0,0.0,0.0,386.5626031982874,-193.2813015991549,-193.2813015991549,0.0,0.0,0.0,0.04164353383747921,-0.019605280423838467,-0.019605280423838467,0.0,0.0,0.0,0.03844182680668212,-0.020405387096194105,-0.020405387096194105,0.0,0.0,0.0,0.03999999999999994,-0.020000000000000073,-0.020000000000000073,0.0,0.0,0.0,0.03999999999999994,-0.020000000000000073,-0.020000000000000073,0.0,0.0,0.0,0.03767889752574082,0.0,152245.8759941402,160418.0645444554,75477.26860039322,164539.42596809924,163658.72441275202,72711.04386892021
161,0.4025,0.04025000000000001,580.4627939025552,386.9751959350475,-193.48759796750764,-193.48759796750764,0.0,0.0,0.0,386.9751959350475,-193.48759796750764,-193.48759796750764,0.0,0.0,0.0,0.041914423321125494,-0.019725364092648412,-0.019725364092648412,0.0,0.0,0.0,0.038672548208121715,-0.020535504706991836,-0.020535504706991836,0.0,0.0,0.0,0.04025000000000009,-0.020125000000000014,-0.020125000000000014,0.0,0.0,0.0,0.04025000000000009,-0.020125000000000014,-0.020125000000000014,0.0,0.0,0.0,0.037926958778100976,5.684341886080802e-14,152165.3925656492,160400.13739171502,75503.15125994962,164534.26672735787,163660.89144038604,72717.98456042749
162,0.405,0.04050000000000001,581.0792503522132,387.3861669014464,-193.69308345076672,-193.69308345076672,0.0,0.0,0.0,387.38616690144636,-193.6930834507667,-193.6930834507667,0.0,0.0,0.0,0.04218544828338011,-0.019845417744293492,-0.019845417744293492,0.0,0.0,0.0,0.03890315427769597,-0.020665654851258708,-0.020665654851258708,0.0,0.0,0.0,0.040499999999999946,-0.02024999999999999,-0.02024999999999999,0.0,0.0,0.0,0.040499999999999946,-0.02024999999999999,-0.02024999999999999,0.0,0.0,0.0,0.038175030785018604,0.0,152084.96928682897,160382.20358928564,75529.00068213274,164529.1283329855,163663.04966660572,72724.88462489164
163,0.40750000000000003,0.04075000000000001,581.6932840275667,387.7955226850499,-193.89776134251687,-193.89776134251687,0.0,0.0,0.0,387.7955226850499,-193.89776134251687,-193.89776134251687,0.0,0.0,0.0,0.04245660879199975,-0.01996544138627704,-0.01996544138627704,0.0,0.0,0.0,0.03913364507305633,-0.020795837537129214,-0.020795837537129214,0.0,0.0,0.0,0.04074999999999992,-0.02037499999999998,-0.02037499999999998,0.0,0.0,0.0,0.04074999999999992,-0.02037499999999998,-0.02037499999999998,0.0,0.0,0.0,0.038423113502894256,0.0,152004.60603964317,160364.2631737152,75554.81715444726,164524.01070337248,163665.19912562871,72731.7443690938
164,0.41000000000000003,0.04100000000000001,582.3049047713524,388.2032698475629,-194.10163492378953,-194.10163492378953,0.0,0.0,0.0,388.2032698475629,-194.10163492378953,-194.10163492378953,0.0,0.0,0.0,0.042727904914774406,-0.020085435026100495,-0.020085435026100495,0.0,0.0,0.0,0.03936402065182559,-0.020926052772739734,-0.020926052772739734,0.0,0.0,0.0,0.040999999999999884,-0.02049999999999995,-0.02049999999999995,0.0,0.0,0.0,0.040999999999999884,-0.02049999999999995,-0.02049999999999995,0.0,0.0,0.0,0.03867120688829842,2.8421709430404007e-13,151924.30270650572,160346.31618140065,75580.60096164512,164518.91375723213,163667.3398515364,72738.56409687141
165,0.41250000000000003,0.04125000000000001,582.9141223880267,388.6094149253383,-194.30470746268838,-194.30470746268838,0.0,0.0,0.0,388.6094149253382,-194.30470746268836,-194.30470746268836,0.0,0.0,0.0,0.04299933671952827,-0.020205398671263586,-0.020205398671263586,0.0,0.0,0.0,0.03959428107159768,-0.02105630056622876,-0.02105630056622876,0.0,0.0,0.0,0.041249999999999995,-0.020625000000000025,-0.020625000000000025,0.0,0.0,0.0,0.041249999999999995,-0.020625000000000025,-0.020625000000000025,0.0,0.0,0.0,0.038919310897970766,1.1368683772161603e-13,151844.05917022467,160328.36264861783,75606.352385754,164513.8374135403,163669.4718783045,72745.3441091483
166,0.41500000000000004,0.04150000000000001,583.5209466439024,389.0139644292844,-194.50698221461803,-194.50698221461803,0.0,0.0,0.0,389.0139644292844,-194.50698221461803,-194.50698221461803,0.0,0.0,0.0,0.04327090427411917,-0.020325332329263868,-0.020325332329263868,0.0,0.0,0.0,0.03982442638993772,-0.021186580925736886,-0.021186580925736886,0.0,0.0,0.0,0.04150000000000013,-0.02075000000000003,-0.02075000000000003,0.0,0.0,0.0,0.04150000000000013,-0.02075000000000003,-0.02075000000000003,0.0,0.0,0.0,0.03916742548881964,1.1368683772161603e-13,151763.8753140433,160310.40261149968,75632.0717061035,164508.7815915807,163671.5952397804,72752.08470396357
167,0.4175,0.04175,584.1253872672814,389.41692484489073,-194.70846242239068,-194.70846242239068,0.0,0.0,0.0,389.41692484489084,-194.70846242239074,-194.70846242239074,0.0,0.0,0.0,0.04354260764643869,-0.02044523600759718,-0.02044523600759718,0.0,0.0,0.0,0.04005445666438179,-0.02131689385940616,-0.02131689385940616,0.0,0.0,0.0,0.04175000000000001,-0.020874999999999942,-0.020874999999999942,0.0,0.0,0.0,0.04175000000000001,-0.020874999999999942,-0.020874999999999942,0.0,0.0,0.0,0.039415550617921125,0.0,151683.75102162347,160292.43610604396,75657.75919936971,164503.74621092784,163673.70996969132,72758.78617651794
168,0.42,0.042,584.7274539485934,389.81830263239016,-194.90915131620318,-194.90915131620318,0.0,0.0,0.0,389.81830263239016,-194.90915131620318,-194.90915131620318,0.0,0.0,0.0,0.04381444690441305,-0.020565109713757745,-0.020565109713757745,0.0,0.0,0.0,0.040284371952437725,-0.021447239375381733,-0.021447239375381733,0.0,0.0,0.0,0.041999999999999975,-0.021000000000000022,-0.021000000000000022,0.0,0.0,0.0,0.041999999999999975,-0.021000000000000022,-0.021000000000000022,0.0,0.0,0.0,0.03966368624251989,-5.684341886080802e-14,151603.68617702764,160274.46316812222,75683.41513955548,164498.73119142864,163675.8161016533,72765.44881915803
169,0.4225,0.04225,585.327156340523,390.21810422704635,-195.1090521134766,-195.1090521134766,0.0,0.0,0.0,390.21810422704647,-195.10905211347665,-195.10905211347665,0.0,0.0,0.0,0.04408642211600211,-0.02068495345523741,-0.02068495345523741,0.0,0.0,0.0,0.04051417231158427,-0.02157761748180964,-0.02157761748180964,0.0,0.0,0.0,0.04225000000000007,-0.021124999999999994,-0.021124999999999994,0.0,0.0,0.0,0.04225000000000007,-0.021124999999999994,-0.021124999999999994,0.0,0.0,0.0,0.03991183232002674,5.684341886080802e-14,151523.68066474333,160256.4838334679,75709.03979811622,164493.7364532286,163677.91366915873,72772.0729215002
170,0.425,0.0425,585.9245040581485,390.61633603876027,-195.3081680193882,-195.3081680193882,0.0,0.0,0.0,390.61633603876027,-195.3081680193882,-195.3081680193882,0.0,0.0,0.0,0.04435853334919926,-0.02080476723952651,-0.02080476723952651,0.0,0.0,0.0,0.040743857799271255,-0.021708028186839035,-0.021708028186839035,0.0,0.0,0.0,0.04249999999999992,-0.021249999999999974,-0.021249999999999974,0.0,0.0,0.0,0.04249999999999992,-0.021249999999999974,-0.021249999999999974,0.0,0.0,0.0,0.040159988808019305,5.684341886080802e-14,151443.7343696704,160238.49813768073,75734.63344390258,164488.76191676024,163680.00270558117,72778.65877037946
171,0.4275,0.04275,586.5195066790716,391.01300445271977,-195.50650222635178,-195.50650222635178,0.0,0.0,0.0,391.01300445271977,-195.50650222635178,-195.50650222635178,0.0,0.0,0.0,0.044630780672032855,-0.020924551074113507,-0.020924551074113507,0.0,0.0,0.0,0.040973428472920626,-0.021838471498620393,-0.021838471498620393,0.0,0.0,0.0,0.04275000000000002,-0.02137500000000005,-0.02137500000000005,0.0,0.0,0.0,0.04275000000000002,-0.02137500000000005,-0.02137500000000005,0.0,0.0,0.0,0.04040815566424077,-1.7053025658242404e-13,151363.84717711672,160220.50611623007,75760.19634324369,164483.807502738,163682.08324417827,72785.20664993189
172,0.43,0.043000000000000003,587.112173743551,391.40811582904485,-195.70405791450622,-195.70405791450622,0.0,0.0,0.0,391.40811582904485,-195.70405791450622,-195.70405791450622,0.0,0.0,0.0,0.044903164152564345,-0.021044304966484628,-0.021044304966484628,0.0,0.0,0.0,0.04120288438992453,-0.021968947425306196,-0.021968947425306196,0.0,0.0,0.0,0.04300000000000002,-0.02149999999999996,-0.02149999999999996,0.0,0.0,0.0,0.04300000000000002,-0.02149999999999996,-0.02149999999999996,0.0,0.0,0.0,0.04065633284659912,-5.684341886080802e-14,151284.0189728065,160202.50780444968,75785.7287599659,164478.8731321686,163684.15531808662,72791.71684161638
173,0.4325,0.043250000000000004,587.7025147546366,391.8016765030911,-195.90083825154554,-195.90083825154554,0.0,0.0,0.0,391.8016765030911,-195.90083825154554,-195.90083825154554,0.0,0.0,0.0,0.045175683858889704,-0.021164028924124723,-0.021164028924124723,0.0,0.0,0.0,0.0414322256076472,-0.022099455975051696,-0.022099455975051696,0.0,0.0,0.0,0.043250000000000004,-0.021624999999999943,-0.021624999999999943,0.0,0.0,0.0,0.043250000000000004,-0.021624999999999943,-0.021624999999999943,0.0,0.0,0.0,0.040904520313167665,-5.684341886080802e-14,151204.24964287112,160184.503237542,75811.23095538477,164473.95872634195,163686.21896032593,72798.18962420979
174,0.435,0.043500000000000004,588.2905391782975,392.1936927854899,-196.09684639280766,-196.09684639280766,0.0,0.0,0.0,392.19369278548976,-196.0968463928076,-196.0968463928076,0.0,0.0,0.0,0.045448339859138764,-0.021283722954516582,-0.021283722954516582,0.0,0.0,0.0,0.04166145218342371,-0.022229997156013037,-0.022229997156013037,0.0,0.0,0.0,0.0434999999999999,-0.021750000000000044,-0.021750000000000044,0.0,0.0,0.0,0.0434999999999999,-0.021750000000000044,-0.021750000000000044,0.0,0.0,0.0,0.041152718022182816,-5.684341886080802e-14,151124.53907384168,160166.4924505816,75836.70318841113,164469.0642068235,163688.2742038026,72804.62527391188
175,0.4375,0.043750000000000004,588.8762564435581,392.58417096238287,-196.29208548117523,-196.29208548117523,0.0,0.0,0.0,392.58417096238287,-196.29208548117523,-196.29208548117523,0.0,0.0,0.0,0.04572113222147589,-0.021403387065140833,-0.021403387065140833,0.0,0.0,0.0,0.04189056417456122,-0.02236057097634947,-0.02236057097634947,0.0,0.0,0.0,0.04375000000000003,-0.021875,-0.021875,0.0,0.0,0.0,0.04375000000000003,-0.021875,-0.021875,0.0,0.0,0.0,0.0414009259320455,0.0,151044.88715265642,160148.47547851191,75862.14571547863,164464.18949546304,163690.32108130612,72811.0240642788
176,0.44,0.044000000000000004,589.4596759426261,392.9731172950786,-196.48655864754738,-196.48655864754738,0.0,0.0,0.0,392.9731172950786,-196.48655864754738,-196.48655864754738,0.0,0.0,0.0,0.04599406101409875,-0.02152302126347666,-0.02152302126347666,0.0,0.0,0.0,0.04211956163833719,-0.0224911774442218,-0.0224911774442218,0.0,0.0,0.0,0.04400000000000002,-0.022,-0.022,0.0,0.0,0.0,0.04400000000000002,-0.022,-0.022,0.0,0.0,0.0,0.04164914400131858,-5.684341886080802e-14,150965.29376667345,160130.45235613637,75887.55879068444,164459.33451440983,163692.35962550007,72817.38626636151
177,0.4425,0.044250000000000005,590.040807031024,393.36053802068267,-196.6802690103413,-196.6802690103413,0.0,0.0,0.0,393.36053802068267,-196.6802690103413,-196.6802690103413,0.0,0.0,0.0,0.04626712630523966,-0.02164262555700114,-0.02164262555700114,0.0,0.0,0.0,0.04234844463200116,-0.02262181656779283,-0.02262181656779283,0.0,0.0,0.0,0.044249999999999956,-0.022124999999999975,-0.022124999999999975,0.0,0.0,0.0,0.044249999999999956,-0.022124999999999975,-0.022124999999999975,0.0,0.0,0.0,0.04189737218872737,-5.684341886080802e-14,150885.75880362932,160112.4231181415,75912.94266572932,164454.49918606752,163694.38986894552,72823.71214865071
178,0.445,0.044500000000000005,590.6196590277214,393.7464393518251,-196.87321967589634,-196.87321967589634,0.0,0.0,0.0,393.7464393518251,-196.87321967589634,-196.87321967589634,0.0,0.0,0.0,0.04654032816316511,-0.02176219995318962,-0.02176219995318962,0.0,0.0,0.0,0.04257721321277402,-0.022752488355227918,-0.022752488355227918,0.0,0.0,0.0,0.04450000000000001,-0.022250000000000016,-0.022250000000000016,0.0,0.0,0.0,0.04450000000000001,-0.022250000000000016,-0.022250000000000016,0.0,0.0,0.0,0.042145610453159184,5.684341886080802e-14,150806.28215167794,160094.3877990754,75938.2975899733,164449.68343313807,163696.4118440792,72830.00197713356
179,0.4475,0.044750000000000005,591.1962412152618,394.1308274768358,-197.06541373842597,-197.06541373842597,0.0,0.0,0.0,394.1308274768358,-197.06541373842597,-197.06541373842597,0.0,0.0,0.0,0.04681366665617548,-0.021881744459515406,-0.021881744459515406,0.0,0.0,0.0,0.042805867437847755,-0.02288319281469331,-0.02288319281469331,0.0,0.0,0.0,0.04475000000000009,-0.022375000000000016,-0.022375000000000016,0.0,0.0,0.0,0.04475000000000009,-0.022375000000000016,-0.022375000000000016,0.0,0.0,0.0,0.04239385875366176,-5.684341886080802e-14,150726.86369937647,160076.34643335443,75963.62381049427,164444.88717860644,163698.42558321994,72836.25601535272
180,0.45,0.045000000000000005,591.770562839896,394.5137085599253,-197.25685427997075,-197.25685427997075,0.0,0.0,0.0,394.5137085599253,-197.25685427997075,-197.25685427997075,0.0,0.0,0.0,0.04708714185260521,-0.022001259083450075,-0.022001259083450075,0.0,0.0,0.0,0.04303440736438585,-0.02301392995435858,-0.02301392995435858,0.0,0.0,0.0,0.045000000000000026,-0.02250000000000003,-0.02250000000000003,0.0,0.0,0.0,0.045000000000000026,-0.02250000000000003,-0.02250000000000003,0.0,0.0,0.0,0.042642117049443914,1.7053025658242404e-13,150647.50333566385,160058.299055275,75988.92157205153,164440.11034571836,163700.4311185809,72842.47452437415
181,0.4525,0.045250000000000005,592.3426331117093,394.89508874117064,-197.44754437053876,-197.44754437053876,0.0,0.0,0.0,394.89508874117075,-197.44754437053882,-197.44754437053882,0.0,0.0,0.0,0.04736075382082339,-0.022120743832463208,-0.022120743832463208,0.0,0.0,0.0,0.04326283304952372,-0.02314469978239453,-0.02314469978239453,0.0,0.0,0.0,0.04525000000000009,-0.022624999999999965,-0.022624999999999965,0.0,0.0,0.0,0.04525000000000009,-0.022624999999999965,-0.022624999999999965,0.0,0.0,0.0,0.04289038529987444,-2.2737367544323206e-13,150568.20094988926,160040.2456989976,76014.19111716331,164435.35285801202,163702.42848225296,72848.65776286452
182,0.455,0.045500000000000006,592.912461204753,395.27497413646756,-197.63748706828537,-197.63748706828537,0.0,0.0,0.0,395.2749741364675,-197.63748706828534,-197.63748706828534,0.0,0.0,0.0,0.047634502629232744,-0.02224019871402283,-0.02224019871402283,0.0,0.0,0.0,0.04349114455036712,-0.023275502306974505,-0.023275502306974505,0.0,0.0,0.0,0.04550000000000004,-0.022750000000000062,-0.022750000000000062,0.0,0.0,0.0,0.04550000000000004,-0.022750000000000062,-0.022750000000000062,0.0,0.0,0.0,0.043138663464481156,0.0,150488.95643179608,160022.18639855456,76039.43268612666,164430.61463930144,163704.41770621284,72854.80598711292
183,0.4575,0.045750000000000006,593.4800562571679,395.65337083807003,-197.82668541909783,-197.82668541909783,0.0,0.0,0.0,395.6533708380699,-197.82668541909777,-197.82668541909777,0.0,0.0,0.0,0.047908388346270536,-0.02235962373559458,-0.02235962373559458,0.0,0.0,0.0,0.04371934192399435,-0.023406337536273525,-0.023406337536273525,0.0,0.0,0.0,0.04574999999999992,-0.02287500000000002,-0.02287500000000002,0.0,0.0,0.0,0.04574999999999992,-0.02287500000000002,-0.02287500000000002,0.0,0.0,0.0,0.04338695150295077,5.684341886080802e-14,150409.76967151265,160004.12118785587,76064.64651702113,164425.89561366645,163706.39882232857,72860.91945103704
184,0.46,0.046000000000000006,594.0454273713184,396.03028491422305,-198.01514245709532,-198.01514245709532,0.0,0.0,0.0,396.03028491422305,-198.01514245709532,-198.01514245709532,0.0,0.0,0.0,0.048182411040408546,-0.02247901890464271,-0.02247901890464271,0.0,0.0,0.0,0.04394742522745487,-0.023537205478468715,-0.023537205478468715,0.0,0.0,0.0,0.046000000000000055,-0.02300000000000003,-0.02300000000000003,0.0,0.0,0.0,0.046000000000000055,-0.02300000000000003,-0.02300000000000003,0.0,0.0,0.0,0.043635249375128284,0.0,150330.6405595707,159986.05010067788,76089.83284574769,164421.19570547473,163708.37186234843,72866.99840622346
185,0.4625,0.046250000000000006,594.6085836139177,396.40572240925485,-198.2028612046629,-198.2028612046629,0.0,0.0,0.0,396.4057224092548,-198.20286120466287,-198.20286120466287,0.0,0.0,0.0,0.048456570780151864,-0.022598384228629365,-0.022598384228629365,0.0,0.0,0.0,0.044175394517769084,-0.02366810614173931,-0.02366810614173931,0.0,0.0,0.0,0.04624999999999991,-0.023125000000000038,-0.023125000000000038,0.0,0.0,0.0,0.04624999999999991,-0.023125000000000038,-0.023125000000000038,0.0,0.0,0.0,0.0438835570410161,-5.684341886080802e-14,150251.56898689806,159967.97317066672,76114.99190606114,164416.51483937382,163710.3368579038,72873.04310196145
186,0.465,0.04650000000000001,595.1695341130522,396.7796894086833,-198.38984470436895,-198.38984470436895,0.0,0.0,0.0,396.7796894086832,-198.38984470436893,-198.38984470436893,0.0,0.0,0.0,0.048730867634041,-0.02271771971501485,-0.02271771971501485,0.0,0.0,0.0,0.04440324985192967,-0.023799039534266764,-0.023799039534266764,0.0,0.0,0.0,0.0465,-0.023250000000000017,-0.023250000000000017,0.0,0.0,0.0,0.0465,-0.023250000000000017,-0.023250000000000017,0.0,0.0,0.0,0.04413187446037153,7.985596539583639e-08,150172.55484473906,159949.89043134995,76140.12394195907,164411.85294013988,163712.29384052134,72879.05379710361
187,0.4675,0.04675000000000001,595.728287669568,397.152191779743,-198.57609588982493,-198.57609588982493,0.0,0.0,0.0,397.15219177974313,-198.57609588982498,-198.57609588982498,0.0,0.0,0.0,0.04900530167064987,-0.02283702537125759,-0.02283702537125759,0.0,0.0,0.0,0.04463099128690046,-0.023930005664234644,-0.023930005664234644,0.0,0.0,0.0,0.04675000000000007,-0.02337499999999992,-0.02337499999999992,0.0,0.0,0.0,0.04675000000000007,-0.02337499999999992,-0.02337499999999992,0.0,0.0,0.0,0.04438020159432093,7.889923381299013e-08,150093.59802490615,159931.80191612747,76165.22914673164,164407.20993321395,163714.24284161348,72885.03070175833
188,0.47000000000000003,0.04700000000000001,596.2848533420572,397.5232355614025,-198.7616177806547,-198.7616177806547,0.0,0.0,0.0,397.5232355614026,-198.76161778065475,-198.76161778065475,0.0,0.0,0.0,0.049279872958586934,-0.0229563012048144,-0.0229563012048144,0.0,0.0,0.0,0.04485861887961656,-0.024061004539827846,-0.024061004539827846,0.0,0.0,0.0,0.04700000000000006,-0.02349999999999997,-0.02349999999999997,0.0,0.0,0.0,0.04700000000000006,-0.02349999999999997,-0.02349999999999997,0.0,0.0,0.0,0.04462853840292844,7.795415513101034e-08,150014.69841942616,159913.70765826944,76190.30778308856,164402.58574392486,163716.18389247629,72890.97409215703
189,0.47250000000000003,0.04725000000000001,596.8392400559032,397.89282670397733,-198.94641335192588,-198.94641335192588,0.0,0.0,0.0,397.89282670397745,-198.94641335192594,-198.94641335192594,0.0,0.0,0.0,0.04955458156649517,-0.023075547223139814,-0.023075547223139814,0.0,0.0,0.0,0.045086132686985136,-0.024192036169234044,-0.024192036169234044,0.0,0.0,0.0,0.04725000000000012,-0.023624999999999948,-0.023624999999999948,0.0,0.0,0.0,0.04725000000000012,-0.023624999999999948,-0.023624999999999948,0.0,0.0,0.0,0.04487688484682183,7.702050197622157e-08,149935.8559207692,159895.60769092222,76215.3600649532,164397.98029800123,163718.11702429553,72896.88419769026
190,0.47500000000000003,0.04750000000000001,597.3914567014734,398.260971134292,-199.13048556718144,-199.13048556718144,0.0,0.0,0.0,398.26097113429194,-199.1304855671814,-199.1304855671814,0.0,0.0,0.0,0.04982942756305142,-0.02319476343368687,-0.02319476343368687,0.0,0.0,0.0,0.045313532765884235,-0.024323100560642685,-0.024323100560642685,0.0,0.0,0.0,0.04749999999999995,-0.02375000000000003,-0.02375000000000003,0.0,0.0,0.0,0.04749999999999995,-0.02375000000000003,-0.02375000000000003,0.0,0.0,0.0,0.04512524088678323,7.609799013152951e-08,149857.0704217975,159877.50204710214,76240.3862156747,164393.39352145133,163720.04226814,72902.7612565109
191,0.47750000000000004,0.04775000000000001,597.9415121342458,398.6276747561639,-199.31383737808198,-199.31383737808198,0.0,0.0,0.0,398.6276747561639,-199.31383737808198,-199.31383737808198,0.0,0.0,0.0,0.05010441101696772,-0.02331394984390639,-0.02331394984390639,0.0,0.0,0.0,0.04554081917316449,-0.02445419772224522,-0.02445419772224522,0.0,0.0,0.0,0.04775000000000006,-0.02387500000000001,-0.02387500000000001,0.0,0.0,0.0,0.04775000000000006,-0.02387500000000001,-0.02387500000000001,0.0,0.0,0.0,0.04537360648374973,7.518684697060962e-08,149778.34181574083,159859.3907597093,76265.38645655956,164388.8253405362,163721.95965497574,72908.6055045889
192,0.48,0.048,598.489415174932,398.9929434499547,-199.49647172497734,-199.49647172497734,0.0,0.0,0.0,398.9929434499547,-199.49647172497734,-199.49647172497734,0.0,0.0,0.0,0.050379531996989524,-0.023433106461247633,-0.023433106461247633,0.0,0.0,0.0,0.045767991965647015,-0.0245853276622352,-0.0245853276622352,0.0,0.0,0.0,0.04800000000000006,-0.024000000000000004,-0.024000000000000004,0.0,0.0,0.0,0.04800000000000006,-0.024000000000000004,-0.024000000000000004,0.0,0.0,0.0,0.045621981598811076,7.428639037243556e-08,149699.66999622362,159841.27386151164,76290.3610069737,164384.27568180076,163723.86921564967,72914.41717581182
193,0.4825,0.04825,599.035174609606,399.35678307308143,-199.67839153652454,-199.67839153652454,0.0,0.0,0.0,399.35678307308143,-199.67839153652454,-199.67839153652454,0.0,0.0,0.0,0.050654790571897146,-0.023552233293157865,-0.023552233293157865,0.0,0.0,0.0,0.04599505120012515,-0.02471649038880852,-0.02471649038880852,0.0,0.0,0.0,0.04825000000000002,-0.02412499999999999,-0.02412499999999999,0.0,0.0,0.0,0.04825000000000002,-0.02412499999999999,-0.02412499999999999,0.0,0.0,0.0,0.04587036619321091,7.339701824093936e-08,149621.05485724204,159823.1513851578,76315.31008426525,164379.7444720488,163725.77098090254,72920.19650191316
194,0.485,0.0485,599.5787991898259,399.7191994598839,-199.85959972994195,-199.85959972994195,0.0,0.0,0.0,399.7191994598839,-199.85959972994195,-199.85959972994195,0.0,0.0,0.0,0.05093018681050521,-0.02367133034708252,-0.02367133034708252,0.0,0.0,0.0,0.046221996933363596,-0.02484768591016251,-0.02484768591016251,0.0,0.0,0.0,0.04849999999999991,-0.02424999999999997,-0.02424999999999997,0.0,0.0,0.0,0.04849999999999991,-0.02424999999999997,-0.02424999999999997,0.0,0.0,0.0,0.046118760228345164,7.251827582877013e-08,149542.49629318164,159805.02336316655,76340.23390386804,164375.2316383638,163727.66498135822,72925.94371257396
195,0.4875,0.04875,600.1202976327611,400.0801984218117,-200.04009921094936,-200.04009921094936,0.0,0.0,0.0,400.08019842181164,-200.04009921094934,-200.04009921094934,0.0,0.0,0.0,0.05120572078166308,-0.023790397630465254,-0.023790397630465254,0.0,0.0,0.0,0.046448829222099086,-0.024978914234497163,-0.024978914234497163,0.0,0.0,0.0,0.04875000000000002,-0.024375000000000046,-0.024375000000000046,0.0,0.0,0.0,0.04875000000000002,-0.024375000000000046,-0.024375000000000046,0.0,0.0,0.0,0.0463671636657623,7.165016313592787e-08,149463.99419879352,159786.88982793968,76365.13267927099,164370.73710808283,163729.55124753673,72931.65903539577
196,0.49,0.049,600.6596786213129,400.4397857475419,-200.21989287377096,-200.21989287377096,0.0,0.0,0.0,400.4397857475419,-200.21989287377096,-200.21989287377096,0.0,0.0,0.0,0.05148139255425377,-0.02390943515074756,-0.02390943515074756,0.0,0.0,0.0,0.046675548123039534,-0.02511017537001392,-0.02511017537001392,0.0,0.0,0.0,0.048999999999999905,-0.024499999999999987,-0.024499999999999987,0.0,0.0,0.0,0.048999999999999905,-0.024499999999999987,-0.024499999999999987,0.0,0.0,0.0,0.04661557646716152,7.079256647557486e-08,149385.54846920495,159768.75081175618,76390.00662209599,164366.26080880867,163731.42980984805,72937.34269597741
197,0.4925,0.04925,601.1969508042426,400.7979672028048,-200.39898360143783,-200.39898360143783,0.0,0.0,0.0,400.7979672028047,-200.3989836014378,-200.3989836014378,0.0,0.0,0.0,0.051757202197195706,-0.02402844291536954,-0.02402844291536954,0.0,0.0,0.0,0.046902153692864657,-0.02524146932491722,-0.02524146932491722,0.0,0.0,0.0,0.04925000000000001,-0.024625000000000067,-0.024625000000000067,0.0,0.0,0.0,0.04925000000000001,-0.024625000000000067,-0.024625000000000067,0.0,0.0,0.0,0.046863998594393615,6.994537216087338e-08,149307.15899993054,159750.60634676492,76414.85594204518,164361.8026684243,163733.300698585,72942.9949178674
198,0.495,0.0495,601.7321227962896,401.1547485308543,-200.5773742654352,-200.5773742654352,0.0,0.0,0.0,401.1547485308543,-200.5773742654352,-200.5773742654352,0.0,0.0,0.0,0.05203314977944096,-0.02414742093176886,-0.02414742093176886,0.0,0.0,0.0,0.04712864598822575,-0.025372796107412054,-0.025372796107412054,0.0,0.0,0.0,0.0495,-0.02474999999999995,-0.02474999999999995,0.0,0.0,0.0,0.0495,-0.02474999999999995,-0.02474999999999995,0.0,0.0,0.0,0.04711243000945903,6.910835281814798e-08,149228.82568684558,159732.45646499973,76439.68084700173,164357.3626150622,163735.163943938,72948.61592266192
199,0.4975,0.04975,602.2652031782998,401.5101354521945,-200.75506772610532,-200.75506772610532,0.0,0.0,0.0,401.5101354521945,-200.75506772610532,-200.75506772610532,0.0,0.0,0.0,0.05230923536997667,-0.02426636920738201,-0.02426636920738201,0.0,0.0,0.0,0.04735502506574607,-0.02550415572570708,-0.02550415572570708,0.0,0.0,0.0,0.049750000000000134,-0.02487500000000002,-0.02487500000000002,0.0,0.0,0.0,0.049750000000000134,-0.02487500000000002,-0.02487500000000002,0.0,0.0,0.0,0.04736087067450898,6.828133791714208e-08,149150.5484262027,159714.30119836933,76464.48154296244,164352.94057712518,163737.0195759852,72954.2059299434
200,0.5,0.05,602.7962004973444,401.8641336649017,-200.93206683244276,-200.93206683244276,0.0,0.0,0.0,401.8641336649017,-200.93206683244276,-200.93206683244276,0.0,0.0,0.0,0.052585459037823856,-0.024385287749643048,-0.024385287749643048,0.0,0.0,0.0,0.0475812909820203,-0.02563554818801206,-0.02563554818801206,0.0,0.0,0.0,0.05000000000000004,-0.025000000000000053,-0.025000000000000053,0.0,0.0,0.0,0.05000000000000004,-0.025000000000000053,-0.025000000000000053,0.0,0.0,0.0,0.04760932055184324,6.746427061443683e-08,149072.32711462182,159696.14057866263,76489.25823415413,164348.53648327495,163738.8676246976,72959.76515739335
201,0.5025000000000001,0.05025000000000001,603.3251232668445,402.21674884456297,-201.10837442228146,-201.10837442228146,0.0,0.0,0.0,402.21674884456297,-201.10837442228146,-201.10837442228146,0.0,0.0,0.0,0.05286182085203883,-0.02450417656598436,-0.02450417656598436,0.0,0.0,0.0,0.047807443793614846,-0.02576697350253876,-0.02576697350253876,0.0,0.0,0.0,0.050250000000000086,-0.025125000000000033,-0.025125000000000033,0.0,0.0,0.0,0.050250000000000086,-0.025125000000000033,-0.025125000000000033,0.0,0.0,0.0,0.047857779603910446,6.665737828370766e-08,148994.16164910002,159677.97463754314,76514.01112298064,164344.15026244437,163740.70811993323,72965.29382074448
202,0.505,0.0505,603.8519799666913,402.56798664445546,-201.28399332223583,-201.28399332223583,0.0,0.0,0.0,402.56798664445546,-201.28399332223583,-201.28399332223583,0.0,0.0,0.0,0.053138320881711665,-0.0246230356638365,-0.0246230356638365,0.0,0.0,0.0,0.04803348355706788,-0.02589843167750161,-0.02589843167750161,0.0,0.0,0.0,0.05049999999999991,-0.025249999999999957,-0.025249999999999957,0.0,0.0,0.0,0.05049999999999991,-0.025249999999999957,-0.025249999999999957,0.0,0.0,0.0,0.04810624779330795,6.585997880392824e-08,148916.05192699307,159659.80340655855,76538.74041005681,164339.781843817,163742.54109144703,72970.79213381512
203,0.5075000000000001,0.05075000000000001,604.3767790433694,402.9178526955796,-201.45892634778983,-201.45892634778983,0.0,0.0,0.0,402.9178526955796,-201.45892634778983,-201.45892634778983,0.0,0.0,0.0,0.05341495919596784,-0.02474186505062831,-0.02474186505062831,0.0,0.0,0.0,0.04825941032888964,-0.026029922721116705,-0.026029922721116705,0.0,0.0,0.0,0.05074999999999996,-0.025374999999999974,-0.025374999999999974,0.0,0.0,0.0,0.05074999999999996,-0.025374999999999974,-0.025374999999999974,0.0,0.0,0.0,0.04835472508278032,6.507229954877403e-08,148837.997846024,159641.62691713555,76563.44629426715,164335.43115683825,163744.36656888534,72976.26030856738
204,0.51,0.051000000000000004,604.8995289100762,403.2663526066993,-201.63317630337698,-201.63317630337698,0.0,0.0,0.0,403.26635260669923,-201.63317630337696,-201.63317630337696,0.0,0.0,0.0,0.05369173586396658,-0.02486066473378651,-0.02486066473378651,0.0,0.0,0.0,0.04848522416556156,-0.026161446641601915,-0.026161446641601915,0.0,0.0,0.0,0.050999999999999907,-0.025499999999999974,-0.025499999999999974,0.0,0.0,0.0,0.050999999999999907,-0.025499999999999974,-0.025499999999999974,0.0,0.0,0.0,0.04860321143521926,6.429394261431298e-08,148759.99930428708,159623.44520057744,76588.12897274198,164331.09813121968,163746.1845817834,72981.69855508668
205,0.5125,0.05125,605.4202379468453,403.6134919645689,-201.8067459822764,-201.8067459822764,0.0,0.0,0.0,403.6134919645689,-201.8067459822764,-201.8067459822764,0.0,0.0,0.0,0.05396865095490244,-0.024979434720736104,-0.024979434720736104,0.0,0.0,0.0,0.04871092512353731,-0.026293003447177887,-0.026293003447177887,0.0,0.0,0.0,0.051250000000000094,-0.02562499999999998,-0.02562499999999998,0.0,0.0,0.0,0.051250000000000094,-0.02562499999999998,-0.02562499999999998,0.0,0.0,0.0,0.04885170681366343,6.352513537422055e-08,148682.05620023445,159605.25828807143,76612.78864088301,164326.78269692513,163747.99515957286,72987.10708160831
206,0.515,0.051500000000000004,605.9389145006639,403.95927633381785,-201.97963816684614,-201.97963816684614,0.0,0.0,0.0,403.95927633381797,-201.9796381668462,-201.9796381668462,0.0,0.0,0.0,0.0542457045380037,-0.025098175018900215,-0.025098175018900215,0.0,0.0,0.0,0.048936513259241865,-0.0264245931460666,-0.0264245931460666,0.0,0.0,0.0,0.05150000000000008,-0.025749999999999985,-0.025749999999999985,0.0,0.0,0.0,0.05150000000000008,-0.025749999999999985,-0.025749999999999985,0.0,0.0,0.0,0.04910021118129718,6.27656504548213e-08,148604.1684326852,159587.06621068265,76637.42549241098,164322.48478418172,163749.7983315755,72992.4860945649
207,0.5175,0.05175,606.455566885596,404.3037112570694,-202.1518556285266,-202.1518556285266,0.0,0.0,0.0,404.3037112570694,-202.1518556285266,-202.1518556285266,0.0,0.0,0.0,0.05452289668253396,-0.025216885635700126,-0.025216885635700126,0.0,0.0,0.0,0.049161988629072284,-0.026556215746492695,-0.026556215746492695,0.0,0.0,0.0,0.051750000000000046,-0.025875000000000006,-0.025875000000000006,0.0,0.0,0.0,0.051750000000000046,-0.025875000000000006,-0.025875000000000006,0.0,0.0,0.0,0.04934872450145049,6.201526048243977e-08,148526.335900816,159568.8689993589,76662.03971935016,164318.20432346995,163751.59412700793,72997.83579857399
208,0.52,0.052000000000000005,606.9702033828993,404.6468022552716,-202.3234011276277,-202.3234011276277,0.0,0.0,0.0,404.6468022552716,-202.3234011276277,-202.3234011276277,0.0,0.0,0.0,0.05480022745779123,-0.02533556657855518,-0.02533556657855518,0.0,0.0,0.0,0.04938735128939753,-0.02668787125668226,-0.02668787125668226,0.0,0.0,0.0,0.05199999999999996,-0.02599999999999997,-0.02599999999999997,0.0,0.0,0.0,0.05199999999999996,-0.02599999999999997,-0.02599999999999997,0.0,0.0,0.0,0.049597246737598244,6.127402230049483e-08,148448.55850416466,159550.66668492954,76686.63151206552,164313.94124552832,163753.3825749806,73003.15639647502
209,0.5225,0.05225,607.482832241148,404.988554827432,-202.494277413716,-202.494277413716,0.0,0.0,0.0,404.988554827432,-202.494277413716,-202.494277413716,0.0,0.0,0.0,0.05507769693310827,-0.025454217854883,-0.025454217854883,0.0,0.0,0.0,0.04961260129655831,-0.026819559684864158,-0.026819559684864158,0.0,0.0,0.0,0.052249999999999894,-0.026124999999999943,-0.026124999999999943,0.0,0.0,0.0,0.052249999999999894,-0.026124999999999943,-0.026124999999999943,0.0,0.0,0.0,0.04984577785336027,6.05414811616356e-08,148370.8361426282,159532.45929810466,76711.20105926093,164309.69548135187,163755.1637044967,73008.44808933031
210,0.525,0.052500000000000005,607.9934616763492,405.3289744509048,-202.6644872254443,-202.6644872254443,0.0,0.0,0.0,405.3289744509048,-202.6644872254443,-202.6644872254443,0.0,0.0,0.0,0.0553553051778527,-0.02557283947209943,-0.02557283947209943,0.0,0.0,0.0,0.049837738706867196,-0.026951281039268804,-0.026951281039268804,0.0,0.0,0.0,0.052500000000000074,-0.026250000000000072,-0.026250000000000072,0.0,0.0,0.0,0.052500000000000074,-0.026250000000000072,-0.026250000000000072,0.0,0.0,0.0,0.05009431781249985,5.981780759611866e-08,148293.1687164561,159514.24686947916,76735.74854803745,164305.46696218566,163756.93754445628,73013.71107648218
211,0.5275,0.05275,608.5020998720619,405.6680665813854,-202.8340332906765,-202.8340332906765,0.0,0.0,0.0,405.6680665813854,-202.8340332906765,-202.8340332906765,0.0,0.0,0.0,0.05563305226142612,-0.02569143143761793,-0.02569143143761793,0.0,0.0,0.0,0.05006276357660833,-0.02708303532812839,-0.02708303532812839,0.0,0.0,0.0,0.052750000000000075,-0.026374999999999947,-0.026374999999999947,0.0,0.0,0.0,0.052750000000000075,-0.026374999999999947,-0.026374999999999947,0.0,0.0,0.0,0.05034286657892335,5.9103058447362855e-08,148215.55612625985,159496.0294295274,76760.27416388126,164301.25561953557,163758.70412365085,73018.9455555437
212,0.53,0.053000000000000005,609.0087549795182,406.0058366530175,-203.00291832650066,-203.00291832650066,0.0,0.0,0.0,406.0058366530175,-203.00291832650066,-203.00291832650066,0.0,0.0,0.0,0.05591093825326554,-0.025809993758850902,-0.025809993758850902,0.0,0.0,0.0,0.05028767596203809,-0.027214822559677998,-0.027214822559677998,0.0,0.0,0.0,0.05300000000000011,-0.026499999999999992,-0.026499999999999992,0.0,0.0,0.0,0.05300000000000011,-0.026499999999999992,-0.026499999999999992,0.0,0.0,0.0,0.05059142411668102,5.8396722124598455e-08,148137.99827300472,159477.80700860685,76784.77809064806,164297.06138516037,163760.46347076682,73024.15172238581
213,0.5325,0.05325,609.5134351177377,406.34229007849177,-203.17114503924589,-203.17114503924589,0.0,0.0,0.0,406.34229007849177,-203.17114503924589,-203.17114503924589,0.0,0.0,0.0,0.05618896322284228,-0.025928526443208366,-0.025928526443208366,0.0,0.0,0.0,0.05051247591938429,-0.027346642742154148,-0.027346642742154148,0.0,0.0,0.0,0.05325000000000002,-0.026625000000000076,-0.026625000000000076,0.0,0.0,0.0,0.05325000000000002,-0.026625000000000076,-0.026625000000000076,0.0,0.0,0.0,0.050839990389964555,5.769913968833862e-08,148060.49505800495,159459.57963696058,76809.26051067156,164292.88419106664,163762.21561438823,73029.32977124235
214,0.535,0.053500000000000006,610.0161483736474,406.6774322491037,-203.33871612454374,-203.33871612454374,0.0,0.0,0.0,406.6774322491037,-203.33871612454374,-203.33871612454374,0.0,0.0,0.0,0.05646712723966274,-0.026047029498098395,-0.026047029498098395,0.0,0.0,0.0,0.050737163504847194,-0.027478495883795584,-0.027478495883795584,0.0,0.0,0.0,0.05349999999999994,-0.026749999999999968,-0.026749999999999968,0.0,0.0,0.0,0.05349999999999994,-0.026749999999999968,-0.026749999999999968,0.0,0.0,0.0,0.05108856536310798,5.700985639123246e-08,147983.04638292623,159441.34734471556,76833.72160468528,164288.7239695123,163763.9605829947,73034.47989463797
215,0.5375,0.05375,610.5169028021988,407.0112685348046,-203.50563426739424,-203.50563426739424,0.0,0.0,0.0,407.0112685348046,-203.50563426739424,-203.50563426739424,0.0,0.0,0.0,0.05674543037326796,-0.02616550293092773,-0.02616550293092773,0.0,0.0,0.0,0.0509617387745987,-0.02761038199284338,-0.02761038199284338,0.0,0.0,0.0,0.053749999999999916,-0.026874999999999982,-0.026874999999999982,0.0,0.0,0.0,0.053749999999999916,-0.026874999999999982,-0.026874999999999982,0.0,0.0,0.0,0.05133714900058654,5.632875854644226e-08,147905.65214979067,159423.11016187965,76858.16155189706,164284.58065301334,163765.69840495856,73039.60228346071
216,0.54,0.054000000000000006,611.0157064264849,407.34380428431786,-203.67190214216703,-203.67190214216703,0.0,0.0,0.0,407.34380428431786,-203.67190214216703,-203.67190214216703,0.0,0.0,0.0,0.057023872693233835,-0.02628394674910084,-0.02628394674910084,0.0,0.0,0.0,0.05118620178478267,-0.027742301077540055,-0.027742301077540055,0.0,0.0,0.0,0.054000000000000034,-0.02699999999999999,-0.02699999999999999,0.0,0.0,0.0,0.054000000000000034,-0.02699999999999999,-0.02699999999999999,0.0,0.0,0.0,0.05158574126701632,5.565613037106232e-08,147828.31226096718,159404.86811834626,76882.58052998625,164280.45417433293,163767.4291085492,73044.69712696121
217,0.5425,0.05425,611.5125672378554,407.67504482520786,-203.8375224126475,-203.8375224126475,0.0,0.0,0.0,407.6750448252078,-203.83752241264747,-203.83752241264747,0.0,0.0,0.0,0.057302454269170466,-0.026402360960020466,-0.026402360960020466,0.0,0.0,0.0,0.05141055259151439,-0.02787425314613079,-0.02787425314613079,0.0,0.0,0.0,0.05424999999999987,-0.027124999999999996,-0.027124999999999996,0.0,0.0,0.0,0.05424999999999987,-0.027124999999999996,-0.027124999999999996,0.0,0.0,0.0,0.051834342127153404,5.499134658748517e-08,147751.02661916803,159386.62124389646,76906.97871512928,164276.34446647862,163769.15272193545,73049.76461277905
218,0.545,0.05450000000000001,612.0074931960357,408.0049954640292,-204.00249773200653,-204.00249773200653,0.0,0.0,0.0,408.0049954640292,-204.00249773200653,-204.00249773200653,0.0,0.0,0.0,0.05758117517072392,-0.026520745571087467,-0.026520745571087467,0.0,0.0,0.0,0.05163479125088233,-0.028006238206862544,-0.028006238206862544,0.0,0.0,0.0,0.054500000000000014,-0.027249999999999972,-0.027249999999999972,0.0,0.0,0.0,0.054500000000000014,-0.027249999999999972,-0.027249999999999972,0.0,0.0,0.0,0.05208295154589401,5.433491878648056e-08,147673.7951274519,159368.36956819627,76931.35628199157,164272.25146270666,163770.86927318264,73054.8049269368
219,0.5475,0.05475,612.5004922292401,408.33366148616005,-204.16683074308006,-204.16683074308006,0.0,0.0,0.0,408.33366148616005,-204.16683074308006,-204.16683074308006,0.0,0.0,0.0,0.05786003546757379,-0.026639100589700926,-0.026639100589700926,0.0,0.0,0.0,0.051858917818945416,-0.028138256267984274,-0.028138256267984274,0.0,0.0,0.0,0.05474999999999991,-0.027374999999999962,-0.027374999999999962,0.0,0.0,0.0,0.05474999999999991,-0.027374999999999962,-0.027374999999999962,0.0,0.0,0.0,0.05233156948827301,5.3686221690441016e-08,147596.61768923557,159350.11312079037,76955.71340378792,164268.17509653562,163772.57879024604,73059.8182538996
220,0.55,0.05500000000000001,612.9915722342902,408.66104815619343,-204.33052407809677,-204.33052407809677,0.0,0.0,0.0,408.66104815619343,-204.33052407809677,-204.33052407809677,0.0,0.0,0.0,0.05813903522943564,-0.026757426023258035,-0.026757426023258035,0.0,0.0,0.0,0.052082932351735944,-0.02827030733774727,-0.02827030733774727,0.0,0.0,0.0,0.055,-0.02749999999999997,-0.02749999999999997,0.0,0.0,0.0,0.055,-0.02749999999999997,-0.02749999999999997,0.0,0.0,0.0,0.05258019591946488,5.3045255299366545e-08,147519.49420826463,159331.85193111756,76980.05025222948,164264.11530171408,163774.28130098677,73064.80477652614
221,0.5525,0.05525,613.4807410767277,408.9871607178184,-204.49358035890924,-204.49358035890924,0.0,0.0,0.0,408.9871607178184,-204.49358035890924,-204.49358035890924,0.0,0.0,0.0,0.05841817452605913,-0.026875721879154102,-0.026875721879154102,0.0,0.0,0.0,0.052306834905257005,-0.028402391424404483,-0.028402391424404483,0.0,0.0,0.0,0.055250000000000014,-0.02762499999999996,-0.02762499999999996,0.0,0.0,0.0,0.055250000000000014,-0.02762499999999996,-0.02762499999999996,0.0,0.0,0.0,0.052828830804781436,5.241196276983828e-08,147442.42458863455,159313.5860284992,77004.36699763066,164260.07201224504,163775.97683315966,73069.7646761723
222,0.555,0.05550000000000001,613.9680065909316,409.312004393949,-204.6560021969826,-204.6560021969826,0.0,0.0,0.0,409.312004393949,-204.6560021969826,-204.6560021969826,0.0,0.0,0.0,0.058697453427229096,-0.026993988164782656,-0.026993988164782656,0.0,0.0,0.0,0.05253062553548449,-0.028534508536211423,-0.028534508536211423,0.0,0.0,0.0,0.05549999999999997,-0.02774999999999998,-0.02774999999999998,0.0,0.0,0.0,0.05549999999999997,-0.02774999999999998,-0.02774999999999998,0.0,0.0,0.0,0.05307747410967308,5.1786628318950534e-08,147365.4087347818,159295.31544214342,77028.66380882445,164256.04516237671,163777.6654144177,73074.69813261255
223,0.5575,0.05575,614.4533765802299,409.63558438680917,-204.8177921934208,-204.8177921934208,0.0,0.0,0.0,409.63558438680917,-204.8177921934208,-204.8177921934208,0.0,0.0,0.0,0.05897687200276547,-0.02711222488753534,-0.02711222488753534,0.0,0.0,0.0,0.052754304298366084,-0.028666658681425372,-0.028666658681425372,0.0,0.0,0.0,0.055750000000000056,-0.02787500000000002,-0.02787500000000002,0.0,0.0,0.0,0.055750000000000056,-0.02787500000000002,-0.02787500000000002,0.0,0.0,0.0,0.05332612579972672,5.116851298225811e-08,147288.44655148094,159277.04020114636,77052.9408532722,164252.0346865998,163779.34707231322,73079.60532414587
224,0.56,0.05600000000000001,614.9368588170172,409.95790587799326,-204.97895293902397,-204.97895293902397,0.0,0.0,0.0,409.9579058779932,-204.97895293902394,-204.97895293902394,0.0,0.0,0.0,0.05925643032252259,-0.027230432054801912,-0.027230432054801912,0.0,0.0,0.0,0.05297787124982134,-0.028798841868305614,-0.028798841868305614,0.0,0.0,0.0,0.055999999999999994,-0.02800000000000005,-0.02800000000000005,0.0,0.0,0.0,0.055999999999999994,-0.02800000000000005,-0.02800000000000005,0.0,0.0,0.0,0.05357478584066621,5.055795782027417e-08,147211.53794384317,159258.76033449298,77077.19829700627,164248.04051964663,163781.02183429865,73084.48642754306
225,0.5625,0.05625,615.4184610428656,410.2789740285643,-205.13948701430138,-205.13948701430138,0.0,0.0,0.0,410.2789740285642,-205.13948701430135,-205.13948701430135,0.0,0.0,0.0,0.059536128456390225,-0.027348609673970292,-0.027348609673970292,0.0,0.0,0.0,0.0532013264457421,-0.02893105810511376,-0.02893105810511376,0.0,0.0,0.0,0.056249999999999946,-0.028125000000000032,-0.028125000000000032,0.0,0.0,0.0,0.056249999999999946,-0.028125000000000032,-0.028125000000000032,0.0,0.0,0.0,0.053823454198351564,4.9954905989579856e-08,147134.68281732503,159240.4758710517,77101.43630468189,164244.06259650152,163782.68972772066,73089.34161809775
226,0.5650000000000001,0.05650000000000001,615.8981909686399,410.59879397905684,-205.29939698958307,-205.29939698958307,0.0,0.0,0.0,410.5987939790567,-205.29939698958302,-205.29939698958302,0.0,0.0,0.0,0.05981596647429288,-0.02746675775242663,-0.02746675775242663,0.0,0.0,0.0,0.05342466994199219,-0.02906330740011298,-0.02906330740011298,0.0,0.0,0.0,0.0564999999999999,-0.02825000000000002,-0.02825000000000002,0.0,0.0,0.0,0.0564999999999999,-0.02825000000000002,-0.02825000000000002,0.0,0.0,0.0,0.054072130838778425,4.9358959586243145e-08,147057.881077716,159222.18683958068,77125.65503958166,164240.10085238743,163784.3507798271,73094.17106963243
227,0.5675,0.05675,616.3760562746111,410.91737084969884,-205.45868542491223,-205.45868542491223,0.0,0.0,0.0,410.9173708496987,-205.45868542491218,-205.45868542491218,0.0,0.0,0.0,0.06009594444619015,-0.02758487629755524,-0.02758487629755524,0.0,0.0,0.0,0.05364790179440743,-0.02919558976156922,-0.02919558976156922,0.0,0.0,0.0,0.05674999999999992,-0.028375000000000084,-0.028375000000000084,0.0,0.0,0.0,0.05674999999999992,-0.028375000000000084,-0.028375000000000084,0.0,0.0,0.0,0.054320815728077794,4.877028914052062e-08,146981.13263113715,159203.8932687288,77149.85466362438,164236.15522276534,163786.00501776746,73098.97495450843
228,0.5700000000000001,0.05700000000000001,616.8520646105669,411.23470974040896,-205.61735487015793,-205.61735487015793,0.0,0.0,0.0,411.2347097404091,-205.61735487015798,-205.61735487015798,0.0,0.0,0.0,0.060376062442076606,-0.02770296531673827,-0.02770296531673827,0.0,0.0,0.0,0.05387102205879596,-0.02932790519775008,-0.02932790519775008,0.0,0.0,0.0,0.05700000000000008,-0.028499999999999942,-0.028499999999999942,0.0,0.0,0.0,0.05700000000000008,-0.028499999999999942,-0.028499999999999942,0.0,0.0,0.0,0.05456950883251509,4.818855359189911e-08,146904.43738404475,159185.5951870331,77174.03533739719,164232.22564333878,163787.65246859036,73103.75344365805
229,0.5725,0.05725,617.3262235959284,411.55081573060806,-205.77540786532026,-205.77540786532026,0.0,0.0,0.0,411.55081573060806,-205.77540786532026,-205.77540786532026,0.0,0.0,0.0,0.060656320531981334,-0.027821024817356654,-0.027821024817356654,0.0,0.0,0.0,0.054094030790937386,-0.029460253716925067,-0.029460253716925067,0.0,0.0,0.0,0.05725000000000001,-0.028624999999999984,-0.028624999999999984,0.0,0.0,0.0,0.05725000000000001,-0.028624999999999984,-0.028624999999999984,0.0,0.0,0.0,0.054818210118489925,4.761398031405406e-08,146827.7952432302,159167.29262291736,77198.19722015012,164228.3120500546,163789.2931592421,73108.50670658145
230,0.5750000000000001,0.05750000000000001,617.7985408198576,411.86569387989425,-205.93284693996335,-205.93284693996335,0.0,0.0,0.0,411.86569387989425,-205.93284693996335,-205.93284693996335,0.0,0.0,0.0,0.06093671878596918,-0.027939054806788877,-0.027939054806788877,0.0,0.0,0.0,0.054316928046584334,-0.029592635327366,-0.029592635327366,0.0,0.0,0.0,0.0575,-0.028749999999999963,-0.028749999999999963,0.0,0.0,0.0,0.0575,-0.028749999999999963,-0.028749999999999963,0.0,0.0,0.0,0.055066919552536064,4.704622824647231e-08,146751.20611581247,159148.98560469822,77222.34046980512,164224.4143790947,163790.9271165727,73113.23491135631
231,0.5775,0.05775,618.2690238413732,412.17934922758207,-206.08967461379103,-206.08967461379103,0.0,0.0,0.0,412.17934922758207,-206.08967461379103,-206.08967461379103,0.0,0.0,0.0,0.061217257274139625,-0.02805705529241187,-0.02805705529241187,0.0,0.0,0.0,0.05453971388146095,-0.029725050037346934,-0.029725050037346934,0.0,0.0,0.0,0.057749999999999975,-0.02887499999999994,-0.02887499999999994,0.0,0.0,0.0,0.057749999999999975,-0.02887499999999994,-0.02887499999999994,0.0,0.0,0.0,0.05531563710132005,4.648558160624816e-08,146674.66990924123,159130.67416058137,77246.4652430054,164220.53256688072,163792.5543673321,73117.93822468643
232,0.58,0.057999999999999996,618.7376801894582,412.4917867929775,-206.24589339648065,-206.24589339648065,0.0,0.0,0.0,412.4917867929775,-206.24589339648065,-206.24589339648065,0.0,0.0,0.0,0.06149793606662746,-0.02817502628160079,-0.02817502628160079,0.0,0.0,0.0,0.05476238835126379,-0.02985749785514369,-0.02985749785514369,0.0,0.0,0.0,0.05800000000000008,-0.02900000000000005,-0.02900000000000005,0.0,0.0,0.0,0.05800000000000008,-0.02900000000000005,-0.02900000000000005,0.0,0.0,0.0,0.05556436273164121,4.5931415115774143e-08,146598.18653129938,159112.35831866012,77270.57169509237,164216.66655007712,163794.1749381684,73122.61681188176
233,0.5825,0.05825,619.2045173631743,412.803011575486,-206.4015057876883,-206.4015057876883,0.0,0.0,0.0,412.8030115754861,-206.40150578768836,-206.40150578768836,0.0,0.0,0.0,0.0617787552336021,-0.028292967781728517,-0.028292967781728517,0.0,0.0,0.0,0.05498495151166127,-0.02998997878903431,-0.02998997878903431,0.0,0.0,0.0,0.058250000000000066,-0.029124999999999967,-0.029124999999999967,0.0,0.0,0.0,0.058250000000000066,-0.029124999999999967,-0.029124999999999967,0.0,0.0,0.0,0.055813096410430835,4.538401299214456e-08,146521.7558900954,159094.03810692014,77294.659980141,164212.81626558347,163795.7888556329,73127.27083689312
234,0.585,0.058499999999999996,619.6695428317721,413.11302855452016,-206.55651427725195,-206.55651427725195,0.0,0.0,0.0,413.11302855452016,-206.55651427725195,-206.55651427725195,0.0,0.0,0.0,0.0620597148452684,-0.02841087980016671,-0.02841087980016671,0.0,0.0,0.0,0.055207403418294276,-0.03012249284729862,-0.03012249284729862,0.0,0.0,0.0,0.05849999999999998,-0.029250000000000026,-0.029250000000000026,0.0,0.0,0.0,0.05849999999999998,-0.029250000000000026,-0.029250000000000026,0.0,0.0,0.0,0.05606183810475231,4.4843261548521696e-08,146445.37789405778,159075.71355324046,77318.73025094625,164208.98165052882,163797.39614618107,73131.9004623012
235,0.5875,0.058750000000000004,620.1327640347994,413.42184268986625,-206.71092134493313,-206.71092134493313,0.0,0.0,0.0,413.42184268986625,-206.71092134493313,-206.71092134493313,0.0,0.0,0.0,0.0623408149718665,-0.028528762344284586,-0.028528762344284586,0.0,0.0,0.0,0.055429744126775926,-0.030255040038218883,-0.030255040038218883,0.0,0.0,0.0,0.058750000000000045,-0.029374999999999925,-0.029374999999999925,0.0,0.0,0.0,0.058750000000000045,-0.029374999999999925,-0.029374999999999925,0.0,0.0,0.0,0.056310587781800106,4.430887656781124e-08,146369.05245194962,159057.3846853873,77342.78265906847,164205.16264228857,163798.99683616584,73136.50584936095
236,0.59,0.059,620.594188382214,413.72945892144696,-206.86472946076705,-206.86472946076705,0.0,0.0,0.0,413.7294589214469,-206.86472946076702,-206.86472946076702,0.0,0.0,0.0,0.06262205568367107,-0.02864661542145014,-0.02864661542145014,0.0,0.0,0.0,0.05565197369269126,-0.030387620370079582,-0.030387620370079582,0.0,0.0,0.0,0.05899999999999993,-0.029500000000000016,-0.029500000000000016,0.0,0.0,0.0,0.05899999999999993,-0.029500000000000016,-0.029500000000000016,0.0,0.0,0.0,0.05655934540889937,4.3781028580269776e-08,146292.7794728519,159039.05153102145,77366.81735483003,164201.35917846634,163800.59095184537,73141.08715800002
237,0.5925,0.059250000000000004,621.0538232544916,414.035882169632,-207.0179410848596,-207.0179410848596,0.0,0.0,0.0,414.0358821696319,-207.01794108485956,-207.01794108485956,0.0,0.0,0.0,0.06290343705099266,-0.028764439039028922,-0.028764439039028922,0.0,0.0,0.0,0.05587409217159772,-0.030520233851166534,-0.030520233851166534,0.0,0.0,0.0,0.059249999999999955,-0.029625000000000026,-0.029625000000000026,0.0,0.0,0.0,0.059249999999999955,-0.029625000000000026,-0.029625000000000026,0.0,0.0,0.0,0.05680811095350545,4.3259547055640724e-08,146216.5588661658,159020.71411769695,77390.83448732781,164197.57119689745,163802.1785193816,73145.64454683207
238,0.595,0.0595,621.5116760027361,414.34111733516283,-207.1705586675733,-207.1705586675733,0.0,0.0,0.0,414.34111733516283,-207.1705586675733,-207.1705586675733,0.0,0.0,0.0,0.06318495914417643,-0.028882233204384933,-0.028882233204384933,0.0,0.0,0.0,0.05609609961902501,-0.03065288048976811,-0.03065288048976811,0.0,0.0,0.0,0.059499999999999977,-0.02974999999999997,-0.02974999999999997,0.0,0.0,0.0,0.059499999999999977,-0.02974999999999997,-0.02974999999999997,0.0,0.0,0.0,0.05705688438320363,4.274420462024864e-08,146140.39054161633,159002.37247285908,77414.83420444233,164193.79863565325,163803.7595648382,73150.1781731669
239,0.5975,0.059750000000000004,621.9677539487886,414.6451692991742,-207.32258464961444,-207.32258464961444,0.0,0.0,0.0,414.64516929917414,-207.3225846496144,-207.3225846496144,0.0,0.0,0.0,0.06346662203360287,-0.02899999792488045,-0.02899999792488045,0.0,0.0,0.0,0.056317996090474665,-0.03078556029417523,-0.03078556029417523,0.0,0.0,0.0,0.05974999999999995,-0.029875000000000006,-0.029875000000000006,0.0,0.0,0.0,0.05974999999999995,-0.029875000000000006,-0.029875000000000006,0.0,0.0,0.0,0.057305665665708154,4.22351718043501e-08,146064.27440925752,158984.02662384097,77438.81665286835,164190.041433048,163805.3341141768,73154.68819304122
240,0.6,0.06,622.4220643853364,414.94804292355764,-207.47402146177882,-207.47402146177882,0.0,0.0,0.0,414.94804292355764,-207.47402146177882,-207.47402146177882,0.0,0.0,0.0,0.06374842578968787,-0.02911773320787564,-0.02911773320787564,0.0,0.0,0.0,0.056539781641421205,-0.03091827327267993,-0.03091827327267993,0.0,0.0,0.0,0.060000000000000026,-0.029999999999999995,-0.029999999999999995,0.0,0.0,0.0,0.060000000000000026,-0.029999999999999995,-0.029999999999999995,0.0,0.0,0.0,0.0575544547688625,4.1732448607945116e-08,145988.21037944852,158965.67659787653,77462.78197809328,164186.29952761217,163806.90219327033,73159.17476119913
241,0.6025,0.060250000000000005,622.8746145760199,415.2497430506509,-207.624871525369,-207.624871525369,0.0,0.0,0.0,415.24974305065086,-207.62487152536897,-207.62487152536897,0.0,0.0,0.0,0.06403037048288207,-0.029235439060729063,-0.029235439060729063,0.0,0.0,0.0,0.05676145632731083,-0.031051019433576688,-0.031051019433576688,0.0,0.0,0.0,0.06024999999999995,-0.030125000000000048,-0.030125000000000048,0.0,0.0,0.0,0.06024999999999995,-0.030125000000000048,-0.030125000000000048,0.0,0.0,0.0,0.05780325166063795,4.1235580283682793e-08,145912.1983628754,158947.32242208795,77486.73032445548,164182.57285811816,163808.4638278902,73163.63803114933
242,0.605,0.0605,623.3254117555432,415.55027450368465,-207.7751372518586,-207.7751372518586,0.0,0.0,0.0,415.55027450368465,-207.7751372518586,-207.7751372518586,0.0,0.0,0.0,0.0643124561836721,-0.02935311549079722,-0.02935311549079722,0.0,0.0,0.0,0.056983020203562273,-0.031183798785162642,-0.031183798785162642,0.0,0.0,0.0,0.0605000000000001,-0.030250000000000044,-0.030250000000000044,0.0,0.0,0.0,0.0605000000000001,-0.030250000000000044,-0.030250000000000044,0.0,0.0,0.0,0.05805205630913426,4.074479420523858e-08,145836.23827053283,158928.96412349588,77510.66183509931,164178.86136355952,163810.01904371654,73168.07815512356
243,0.6075,0.060750000000000005,623.774463129779,415.8496420865065,-207.9248210432725,-207.9248210432725,0.0,0.0,0.0,415.84964208650644,-207.92482104327246,-207.92482104327246,0.0,0.0,0.0,0.06459468296257875,-0.029470762505434955,-0.029470762505434955,0.0,0.0,0.0,0.05720447332556622,-0.03131661133573593,-0.03131661133573593,0.0,0.0,0.0,0.060749999999999936,-0.03037500000000005,-0.03037500000000005,0.0,0.0,0.0,0.060749999999999936,-0.03037500000000005,-0.03037500000000005,0.0,0.0,0.0,0.05830086868257761,4.025980615551816e-08,145760.330013734,158910.60172901305,77534.57665206127,164175.16498316353,163811.56786633172,73172.49528415987
244,0.61,0.061,624.2217758758785,416.1478505838953,-208.07392529198316,-208.07392529198316,0.0,0.0,0.0,416.14785058389526,-208.07392529198313,-208.07392529198313,0.0,0.0,0.0,0.06487705089015927,-0.02958838011199516,-0.02958838011199516,0.0,0.0,0.0,0.05742581574868638,-0.0314494570935977,-0.0314494570935977,0.0,0.0,0.0,0.060999999999999936,-0.030500000000000027,-0.030500000000000027,0.0,0.0,0.0,0.060999999999999936,-0.030500000000000027,-0.030500000000000027,0.0,0.0,0.0,0.05854968874932197,3.978072982135927e-08,145684.47350411603,158892.23526544165,77558.47491618802,164171.48365639735,163813.1103212174,73176.8895680264
245,0.6125,0.061250000000000006,624.6673571423769,416.44490476156636,-208.22245238081052,-208.22245238081052,0.0,0.0,0.0,416.4449047615663,-208.2224523808105,-208.2224523808105,0.0,0.0,0.0,0.06515956003700552,-0.029705968317829012,-0.029705968317829012,0.0,0.0,0.0,0.05764704752825822,-0.03158233606705063,-0.03158233606705063,0.0,0.0,0.0,0.06124999999999999,-0.030625000000000048,-0.030625000000000048,0.0,0.0,0.0,0.06124999999999999,-0.030625000000000048,-0.030625000000000048,0.0,0.0,0.0,0.05879851647784729,3.9307508359343046e-08,145608.6686536112,158873.86475948823,77582.35676723393,164167.81732293652,163814.6464337701,73181.26115531485
246,0.615,0.0615,625.1112140493008,416.74080936618964,-208.37040468311108,-208.37040468311108,0.0,0.0,0.0,416.74080936618964,-208.37040468311108,-208.37040468311108,0.0,0.0,0.0,0.06544221047374477,-0.029823527130285687,-0.029823527130285687,0.0,0.0,0.0,0.05786816871958961,-0.031715248264399754,-0.031715248264399754,0.0,0.0,0.0,0.06150000000000009,-0.03075000000000002,-0.03075000000000002,0.0,0.0,0.0,0.06150000000000009,-0.03075000000000002,-0.03075000000000002,0.0,0.0,0.0,0.059047351836759555,3.883985755237518e-08,145532.91537447908,158855.49023774645,77606.22234382361,164164.1659227016,163816.17622928304,73185.61019340671
247,0.6175,0.061750000000000006,625.5533536882735,417.0355691255211,-208.51778456275244,-208.51778456275244,0.0,0.0,0.0,417.0355691255211,-208.51778456275244,-208.51778456275244,0.0,0.0,0.0,0.06572500227103939,-0.029941056556712642,-0.029941056556712642,0.0,0.0,0.0,0.058089179377960876,-0.0318481936939522,-0.0318481936939522,0.0,0.0,0.0,0.06175000000000003,-0.03087499999999998,-0.03087499999999998,0.0,0.0,0.0,0.06175000000000003,-0.03087499999999998,-0.03087499999999998,0.0,0.0,0.0,0.059296194794789946,3.837777740045567e-08,145457.2135792738,158837.11172671372,77630.07178348553,164160.52939582197,163817.6997329635,73189.93682850628
248,0.62,0.062,625.9937831226233,417.32918874841016,-208.66459437421318,-208.66459437421318,0.0,0.0,0.0,417.32918874841016,-208.66459437421318,-208.66459437421318,0.0,0.0,0.0,0.06600793549958761,-0.030058556604455555,-0.030058556604455555,0.0,0.0,0.0,0.058310079558624606,-0.031981172364016874,-0.031981172364016874,0.0,0.0,0.0,0.06200000000000003,-0.03100000000000002,-0.03100000000000002,0.0,0.0,0.0,0.06200000000000003,-0.03100000000000002,-0.03100000000000002,0.0,0.0,0.0,0.059545045320794875,3.7921495277259964e-08,145381.5631808791,158818.72925277273,77653.90522263986,164156.90768267607,163819.2169699135,73194.24120563059
249,0.6225,0.06225000000000001,626.4325093874864,417.62167292499095,-208.8108364624955,-208.8108364624955,0.0,0.0,0.0,417.62167292499095,-208.8108364624955,-208.8108364624955,0.0,0.0,0.0,0.06629101023012263,-0.030176027280857998,-0.030176027280857998,0.0,0.0,0.0,0.0585308693168059,-0.03211418428290502,-0.03211418428290502,0.0,0.0,0.0,0.062250000000000014,-0.031124999999999948,-0.031124999999999948,0.0,0.0,0.0,0.062250000000000014,-0.031124999999999948,-0.031124999999999948,0.0,0.0,0.0,0.05979390338375529,3.7470499592018314e-08,145305.96409246657,158800.34284221352,77677.7227966303,164153.3007238446,163820.7279651527,73198.52346864073
250,0.625,0.0625,626.8695394899148,417.91302632660444,-208.95651316331035,-208.95651316331035,0.0,0.0,0.0,417.91302632660444,-208.95651316331035,-208.95651316331035,0.0,0.0,0.0,0.06657422653341305,-0.03029346859326204,-0.03029346859326204,0.0,0.0,0.0,0.05875154870770216,-0.03224722945892955,-0.03224722945892955,0.0,0.0,0.0,0.0624999999999999,-0.03124999999999993,-0.03124999999999993,0.0,0.0,0.0,0.0624999999999999,-0.03124999999999993,-0.03124999999999993,0.0,0.0,0.0,0.06004276895277606,3.702507456182502e-08,145230.4162275291,158781.9525212147,77701.52463973092,164149.7084601492,163822.23274359878,73202.7837602497
251,0.6275000000000001,0.06275000000000001,627.3048804089796,418.20325360598093,-209.1016268029986,-209.1016268029986,0.0,0.0,0.0,418.20325360598093,-209.1016268029986,-209.1016268029986,0.0,0.0,0.0,0.06685758448026324,-0.030410880549007757,-0.030410880549007757,0.0,0.0,0.0,0.05897211778648348,-0.03238030790040636,-0.03238030790040636,0.0,0.0,0.0,0.06274999999999996,-0.03137499999999995,-0.03137499999999995,0.0,0.0,0.0,0.06274999999999996,-0.03137499999999995,-0.03137499999999995,0.0,0.0,0.0,0.06029164199708602,3.65847654393292e-08,145154.91949985633,158763.55831585694,77725.31088514159,164146.13083262523,163823.7313300814,73207.02222201953
252,0.63,0.063,627.738539095876,418.49235939723246,-209.24617969864354,-209.24617969864354,0.0,0.0,0.0,418.4923593972324,-209.24617969864352,-209.24617969864352,0.0,0.0,0.0,0.06714108414151243,-0.03052826315543339,-0.03052826315543339,0.0,0.0,0.0,0.059192576608291914,-0.03251341961565268,-0.03251341961565268,0.0,0.0,0.0,0.06299999999999994,-0.03150000000000001,-0.03150000000000001,0.0,0.0,0.0,0.06299999999999994,-0.03150000000000001,-0.03150000000000001,0.0,0.0,0.0,0.060540522486036516,3.61497995982063e-08,145079.47382354588,158745.16025211636,77749.08166503531,164142.56778253475,163825.22374933536,73211.23899440702
253,0.6325000000000001,0.06325000000000001,628.1705224740291,418.78034831601394,-209.39017415801513,-209.39017415801513,0.0,0.0,0.0,418.78034831601394,-209.39017415801513,-209.39017415801513,0.0,0.0,0.0,0.0674247255880357,-0.030645616419875288,-0.030645616419875288,0.0,0.0,0.0,0.05941292522824232,-0.03264656461298787,-0.03264656461298787,0.0,0.0,0.0,0.06325000000000001,-0.03162500000000004,-0.03162500000000004,0.0,0.0,0.0,0.06325000000000001,-0.03162500000000004,-0.03162500000000004,0.0,0.0,0.0,0.06078941038910201,3.57206317858072e-08,145004.079113002,158726.75835586525,77772.83711051733,164139.01925136594,163826.71002600103,73215.43421672661
254,0.635,0.0635,628.6008374391947,419.06722495943205,-209.53361247976264,-209.53361247976264,0.0,0.0,0.0,419.06722495943194,-209.53361247976258,-209.53361247976258,0.0,0.0,0.0,0.06770850889074309,-0.030762940349668033,-0.030762940349668033,0.0,0.0,0.0,0.05963316370142152,-0.03277974290073349,-0.03277974290073349,0.0,0.0,0.0,0.06349999999999989,-0.03175000000000004,-0.03175000000000004,0.0,0.0,0.0,0.06349999999999989,-0.03175000000000004,-0.03175000000000004,0.0,0.0,0.0,0.06103830567587851,3.5296011446916964e-08,144928.73528292216,158708.3526528783,77796.5773516912,164135.48518081853,163828.19018463112,73219.60802721416
255,0.6375000000000001,0.06375000000000001,629.0294908595673,419.35299390638903,-209.67649695317826,-209.67649695317826,0.0,0.0,0.0,419.35299390638903,-209.67649695317826,-209.67649695317826,0.0,0.0,0.0,0.06799243412058087,-0.03088023495214437,-0.03088023495214437,0.0,0.0,0.0,0.059853292082889475,-0.03291295448721321,-0.03291295448721321,0.0,0.0,0.0,0.06374999999999993,-0.03187500000000001,-0.03187500000000001,0.0,0.0,0.0,0.06374999999999993,-0.03187500000000001,-0.03187500000000001,0.0,0.0,0.0,0.06128720831608477,3.4876734389399644e-08,144853.4422483151,158689.94316882393,77820.30251759457,164131.9655128246,163829.6642496813,73223.7605629672
256,0.64,0.064,629.4564895758801,419.6376597172534,-209.81882985862666,-209.81882985862666,0.0,0.0,0.0,419.6376597172534,-209.81882985862666,-209.81882985862666,0.0,0.0,0.0,0.06827650134853014,-0.030997500234635267,-0.030997500234635267,0.0,0.0,0.0,0.060073310427677995,-0.03304619938075248,-0.03304619938075248,0.0,0.0,0.0,0.06399999999999999,-0.032000000000000015,-0.032000000000000015,0.0,0.0,0.0,0.06399999999999999,-0.032000000000000015,-0.032000000000000015,0.0,0.0,0.0,0.061536118279560056,3.4462459552742075e-08,144778.19992448666,158671.5299292698,77844.0127363043,164128.46018953336,163831.13224551608,73227.89196004585
257,0.6425,0.06425,629.8818404015103,419.9212269343294,-209.96061346718093,-209.96061346718093,0.0,0.0,0.0,419.9212269343294,-209.96061346718093,-209.96061346718093,0.0,0.0,0.0,0.06856071064560765,-0.03111473620446975,-0.03111473620446975,0.0,0.0,0.0,0.060293218790792025,-0.03317947758967965,-0.03317947758967965,0.0,0.0,0.0,0.06424999999999999,-0.03212499999999999,-0.03212499999999999,0.0,0.0,0.0,0.06424999999999999,-0.03212499999999999,-0.03212499999999999,0.0,0.0,0.0,0.06178503553626515,3.405318693694426e-08,144703.00822703613,158653.11295968608,77867.70813485538,164124.96915330738,163832.59419641196,73232.00235339721
258,0.645,0.0645,630.3055501225791,420.20370008175047,-210.10185004082865,-210.10185004082865,0.0,0.0,0.0,420.2037000817506,-210.1018500408287,-210.1018500408287,0.0,0.0,0.0,0.0688450620828659,-0.03123194286897507,-0.03123194286897507,0.0,0.0,0.0,0.06051301722720853,-0.03331278912232438,-0.03331278912232438,0.0,0.0,0.0,0.06450000000000009,-0.03224999999999994,-0.03224999999999994,0.0,0.0,0.0,0.06450000000000009,-0.03224999999999994,-0.03224999999999994,0.0,0.0,0.0,0.062033960056280334,3.364891654200619e-08,144627.86707186053,158634.6922854424,77891.38883933594,164121.4923467282,163834.0501265543,73236.09187694624
259,0.6475,0.06475,630.7276254980569,420.48508366535845,-210.24254183269844,-210.24254183269844,0.0,0.0,0.0,420.4850836653584,-210.2425418326984,-210.2425418326984,0.0,0.0,0.0,0.06912955573139234,-0.03134912023547681,-0.03134912023547681,0.0,0.0,0.0,0.060732705791876784,-0.03344613398701857,-0.03344613398701857,0.0,0.0,0.0,0.06474999999999995,-0.032375000000000036,-0.032375000000000036,0.0,0.0,0.0,0.06474999999999995,-0.032375000000000036,-0.032375000000000036,0.0,0.0,0.0,0.062282891809806146,3.324907993373927e-08,144552.77637515825,158616.26793180482,77915.05497481879,164118.02971260092,163835.5000600341,73240.16066353275
260,0.65,0.065,631.1480732598638,420.765382173248,-210.38269108661584,-210.38269108661584,0.0,0.0,0.0,420.765382173248,-210.38269108661584,-210.38269108661584,0.0,0.0,0.0,0.06941419166231089,-0.031466268311298284,-0.031466268311298284,0.0,0.0,0.0,0.06095228453971935,-0.03357951219209632,-0.03357951219209632,0.0,0.0,0.0,0.06499999999999997,-0.0325,-0.0325,0.0,0.0,0.0,0.06499999999999997,-0.0325,-0.0325,0.0,0.0,0.0,0.06253183076716297,3.285447292000754e-08,144477.73605342457,158597.83992393964,77938.70666540507,164114.5811939497,163836.94402085192,73244.20884495327
261,0.6525,0.06525,631.5669001129714,421.0446000753089,-210.52230003766257,-210.52230003766257,0.0,0.0,0.0,421.0446000753089,-210.52230003766257,-210.52230003766257,0.0,0.0,0.0,0.06969896994678038,-0.03158338710376146,-0.03158338710376146,0.0,0.0,0.0,0.06117175352563081,-0.03371292374589363,-0.03371292374589363,0.0,0.0,0.0,0.06525000000000006,-0.03262500000000006,-0.03262500000000006,0.0,0.0,0.0,0.06525000000000006,-0.03262500000000006,-0.03262500000000006,0.0,0.0,0.0,0.06278077689878958,3.2464640753460117e-08,144402.74602344507,158579.40828691467,77962.34403426117,164111.1467340111,163838.3820329191,73248.23655199746
262,0.655,0.0655,631.9841127355049,421.32274182371185,-210.66137091179309,-210.66137091179309,0.0,0.0,0.0,421.32274182371197,-210.66137091179314,-210.66137091179314,0.0,0.0,0.0,0.0699838906559952,-0.03170047662018605,-0.03170047662018605,0.0,0.0,0.0,0.06139111280447829,-0.03384636865674906,-0.03384636865674906,0.0,0.0,0.0,0.06550000000000004,-0.032749999999999974,-0.032749999999999974,0.0,0.0,0.0,0.06550000000000004,-0.032749999999999974,-0.032749999999999974,0.0,0.0,0.0,0.06302973017524362,3.207935606042156e-08,144327.80620229212,158560.97304570288,77985.96720357607,164107.72627623013,163839.8141200614,73252.24391440874
263,0.6575,0.06575,632.3997177788438,421.59981185253883,-210.7999059263049,-210.7999059263049,0.0,0.0,0.0,421.5998118525388,-210.79990592630486,-210.79990592630486,0.0,0.0,0.0,0.07026895386118559,-0.031817536867890406,-0.031817536867890406,0.0,0.0,0.0,0.06161036243110157,-0.0339798469330026,-0.0339798469330026,0.0,0.0,0.0,0.06574999999999996,-0.032875000000000036,-0.032875000000000036,0.0,0.0,0.0,0.06574999999999996,-0.032875000000000036,-0.032875000000000036,0.0,0.0,0.0,0.06327869056720087,3.169861884089187e-08,144252.9165073447,158542.534225169,78009.57629460155,164104.31976428427,163841.24030600526,73256.23106092388
264,0.66,0.066,632.8137218677224,421.8758145784816,-210.9379072892408,-210.9379072892408,0.0,0.0,0.0,421.8758145784816,-210.9379072892408,-210.9379072892408,0.0,0.0,0.0,0.07055415963361755,-0.031934567854190576,-0.031934567854190576,0.0,0.0,0.0,0.061829502460313324,-0.0341133585829968,-0.0341133585829968,0.0,0.0,0.0,0.066,-0.033,-0.033,0.0,0.0,0.0,0.066,-0.033,-0.033,0.0,0.0,0.0,0.06352765804545495,3.1322770155384205e-08,144178.07685625664,158524.09185008943,78033.1714276532,164100.92714204677,163842.6606143982,73260.1981192743
265,0.6625,0.06625,633.2261316003301,422.1507544002255,-211.0753772001046,-211.0753772001046,0.0,0.0,0.0,422.1507544002255,-211.0753772001046,-211.0753772001046,0.0,0.0,0.0,0.07083950804459238,-0.032051569586401096,-0.032051569586401096,0.0,0.0,0.0,0.06204853294689838,-0.034246903615075874,-0.034246903615075874,0.0,0.0,0.0,0.06625000000000003,-0.033124999999999974,-0.033124999999999974,0.0,0.0,0.0,0.06625000000000003,-0.033124999999999974,-0.033124999999999974,0.0,0.0,0.0,0.06377663258091616,3.0951241569709964e-08,144103.28716698187,158505.64594513553,78056.75272213916,164097.54835361685,163844.07506879137,73264.145216215
266,0.665,0.0665,633.6369535484126,422.42463569893437,-211.21231784947827,-211.21231784947827,0.0,0.0,0.0,422.4246356989343,-211.21231784947824,-211.21231784947824,0.0,0.0,0.0,0.07112499916544701,-0.032168542071834616,-0.032168542071834616,0.0,0.0,0.0,0.06226745394561434,-0.03438048203758681,-0.03438048203758681,0.0,0.0,0.0,0.0664999999999999,-0.03325000000000001,-0.03325000000000001,0.0,0.0,0.0,0.0664999999999999,-0.03325000000000001,-0.03325000000000001,0.0,0.0,0.0,0.0640256141446121,3.0584033083869144e-08,144028.54735775938,158487.19653488306,78080.32029652405,164094.18334330284,163845.4836926496,73268.07247749143
267,0.6675,0.06675,634.0461942573702,422.6974628382833,-211.34873141908696,-211.34873141908696,0.0,0.0,0.0,422.6974628382834,-211.34873141908702,-211.34873141908702,0.0,0.0,0.0,0.0714106330675548,-0.03228548531780179,-0.03228548531780179,0.0,0.0,0.0,0.062486265511191685,-0.03451409385887794,-0.03451409385887794,0.0,0.0,0.0,0.06675000000000011,-0.03337499999999996,-0.03337499999999996,0.0,0.0,0.0,0.06675000000000011,-0.03337499999999996,-0.03337499999999996,0.0,0.0,0.0,0.06427460270768662,3.022159944521263e-08,143953.85734711913,158468.74364380853,78103.87426837925,164090.83205562932,163846.8865093472,73271.98002788794
268,0.67,0.067,634.4538602463585,422.96924016424987,-211.48462008210868,-211.48462008210868,0.0,0.0,0.0,422.96924016424987,-211.48462008210868,-211.48462008210868,0.0,0.0,0.0,0.0716964098223235,-0.032402399331611764,-0.032402399331611764,0.0,0.0,0.0,0.06270496769833306,-0.03464773908730023,-0.03464773908730023,0.0,0.0,0.0,0.06700000000000005,-0.033500000000000044,-0.033500000000000044,0.0,0.0,0.0,0.06700000000000005,-0.033500000000000044,-0.033500000000000044,0.0,0.0,0.0,0.06452359824139908,2.98632585327141e-08,143879.21705386587,158450.28729629674,78127.4147543888,164087.4944353196,163848.28354217598,73275.8679912346
269,0.6725,0.06725,634.8599580083855,423.2399720055904,-211.61998600279517,-211.61998600279517,0.0,0.0,0.0,423.2399720055904,-211.61998600279517,-211.61998600279517,0.0,0.0,0.0,0.07198232950119754,-0.03251928412057137,-0.03251928412057137,0.0,0.0,0.0,0.06292356056171383,-0.03478141773120613,-0.03478141773120613,0.0,0.0,0.0,0.0672499999999999,-0.03362499999999994,-0.03362499999999994,0.0,0.0,0.0,0.0672499999999999,-0.03362499999999994,-0.03362499999999994,0.0,0.0,0.0,0.06477260071712447,2.9509237720048986e-08,143804.6263971062,158431.82751662732,78150.94187032882,164084.17042732684,163849.67481433103,73279.73649038866
270,0.675,0.0675,635.2644940104141,423.5096626736513,-211.7548313367628,-211.7548313367628,0.0,0.0,0.0,423.5096626736514,-211.75483133676286,-211.75483133676286,0.0,0.0,0.0,0.07226839217565728,-0.0326361396919862,-0.0326361396919862,0.0,0.0,0.0,0.06314204415598285,-0.03491512979895106,-0.03491512979895106,0.0,0.0,0.0,0.06750000000000003,-0.03374999999999997,-0.03374999999999997,0.0,0.0,0.0,0.06750000000000003,-0.03374999999999997,-0.03374999999999997,0.0,0.0,0.0,0.06502161010635346,2.9159309633541852e-08,143730.08529621395,158413.36432899223,78174.45573108195,164080.85997679524,163851.06034892888,73283.58564724955
271,0.6775,0.06775,635.667474693457,423.77831646228645,-211.88915823117057,-211.88915823117057,0.0,0.0,0.0,423.7783164622864,-211.88915823117054,-211.88915823117054,0.0,0.0,0.0,0.07255459791721786,-0.03275296605315964,-0.03275296605315964,0.0,0.0,0.0,0.06336041853576041,-0.03504887529889167,-0.03504887529889167,0.0,0.0,0.0,0.06775,-0.03387500000000002,-0.03387500000000002,0.0,0.0,0.0,0.06775,-0.03387500000000002,-0.03387500000000002,0.0,0.0,0.0,0.06527062638069024,2.8814042707381304e-08,143655.59367085889,158394.89775747972,78197.95645070424,164077.5630290934,163852.440168991,73287.41558282268
272,0.68,0.068,636.0689064726753,424.04593764843736,-212.02296882423792,-212.02296882423792,0.0,0.0,0.0,424.0459376484373,-212.0229688242379,-212.0229688242379,0.0,0.0,0.0,0.0728409467974308,-0.03286976321139323,-0.03286976321139323,0.0,0.0,0.0,0.06357868375564035,-0.03518265423938716,-0.03518265423938716,0.0,0.0,0.0,0.06799999999999991,-0.034,-0.034,0.0,0.0,0.0,0.06799999999999991,-0.034,-0.034,0.0,0.0,0.0,0.06551964951185371,2.8472754820541013e-08,143581.15144098303,158376.42782608827,78221.4441423426,164074.27952978763,163853.8142974577,73291.2264171428
273,0.6825,0.06825,636.4687957374786,424.3125304916396,-212.15626524583897,-212.15626524583897,0.0,0.0,0.0,424.31253049163956,-212.15626524583894,-212.15626524583894,0.0,0.0,0.0,0.07312743888788353,-0.03298653117398692,-0.03298653117398692,0.0,0.0,0.0,0.06379683987018892,-0.035316466628798615,-0.035316466628798615,0.0,0.0,0.0,0.0682499999999999,-0.03412500000000003,-0.03412500000000003,0.0,0.0,0.0,0.0682499999999999,-0.03412500000000003,-0.03412500000000003,0.0,0.0,0.0,0.06576867947167644,2.8135445973020978e-08,143506.75852681638,158357.95455871613,78244.91891830432,164071.00942466085,163855.18275717788,73295.01826934074
274,0.685,0.0685,636.8671488516205,424.5780992344137,-212.28904961720684,-212.28904961720684,0.0,0.0,0.0,424.5780992344137,-212.28904961720684,-212.28904961720684,0.0,0.0,0.0,0.07341407426019908,-0.03310326994823859,-0.03310326994823859,0.0,0.0,0.0,0.06401488693394525,-0.035450312475489576,-0.035450312475489576,0.0,0.0,0.0,0.06849999999999999,-0.03424999999999999,-0.03424999999999999,0.0,0.0,0.0,0.06849999999999999,-0.03424999999999999,-0.03424999999999999,0.0,0.0,0.0,0.0660177162321044,2.7802229851658922e-08,143432.4148488653,158339.47797916844,78268.38089004415,164067.75265969944,163856.54557091583,73298.79125763196
275,0.6875,0.06875,637.2639721532963,424.84264810219753,-212.42132405109876,-212.42132405109876,0.0,0.0,0.0,424.84264810219753,-212.42132405109876,-212.42132405109876,0.0,0.0,0.0,0.07370085298603613,-0.03321997954144451,-0.03321997954144451,0.0,0.0,0.0,0.06423282500142113,-0.03558419178782535,-0.03558419178782535,0.0,0.0,0.0,0.06875000000000002,-0.03437499999999998,-0.03437499999999998,0.0,0.0,0.0,0.06875000000000002,-0.03437499999999998,-0.03437499999999998,0.0,0.0,0.0,0.06626675976519607,2.74728790827794e-08,143358.12032791218,158320.99811115666,78291.83016818808,164064.50918109386,163857.90276135085,73302.54549934025
276,0.6900000000000001,0.069,637.6592719552402,425.10618130348263,-212.5530906517576,-212.5530906517576,0.0,0.0,0.0,425.10618130348263,-212.5530906517576,-212.5530906517576,0.0,0.0,0.0,0.07398777513708943,-0.03333665996089907,-0.03333665996089907,0.0,0.0,0.0,0.06445065412710083,-0.035718104574173126,-0.035718104574173126,0.0,0.0,0.0,0.06900000000000008,-0.03450000000000006,-0.03450000000000006,0.0,0.0,0.0,0.06900000000000008,-0.03450000000000006,-0.03450000000000006,0.0,0.0,0.0,0.06651581004312244,2.7147734726895578e-08,143283.87488502264,158302.51497829467,78315.26686251849,164061.27893524693,163859.25435107303,73306.28111088453
277,0.6925,0.06925,638.053054544821,425.36870302985704,-212.68435151496396,-212.68435151496396,0.0,0.0,0.0,425.368703029857,-212.68435151496394,-212.68435151496394,0.0,0.0,0.0,0.07427484078508928,-0.033453311213894665,-0.033453311213894665,0.0,0.0,0.0,0.06466837436544176,-0.03585205084290255,-0.03585205084290255,0.0,0.0,0.0,0.06924999999999994,-0.03462500000000006,-0.03462500000000006,0.0,0.0,0.0,0.06924999999999994,-0.03462500000000006,-0.03462500000000006,0.0,0.0,0.0,0.06676486703816661,2.6826228349818848e-08,143209.67844152945,158284.02860410706,78338.69108199366,164058.06186875646,163860.60036259185,73309.99820779846
278,0.6950000000000001,0.0695,638.4453261841401,425.6302174560988,-212.81510872804128,-212.81510872804128,0.0,0.0,0.0,425.6302174560988,-212.81510872804128,-212.81510872804128,0.0,0.0,0.0,0.0745620500018026,-0.033569933307722066,-0.033569933307722066,0.0,0.0,0.0,0.06488598577087423,-0.03598603060238559,-0.03598603060238559,0.0,0.0,0.0,0.06950000000000005,-0.034750000000000066,-0.034750000000000066,0.0,0.0,0.0,0.06950000000000005,-0.034750000000000066,-0.034750000000000066,0.0,0.0,0.0,0.06701393072272352,2.6508928385737818e-08,143135.53091904827,158265.53901202057,78362.10293474869,164054.85792843346,163861.94081832716,73313.69690473199
279,0.6975,0.06975,638.8360931101244,425.8907287400883,-212.94536437003603,-212.94536437003603,0.0,0.0,0.0,425.8907287400883,-212.94536437003603,-212.94536437003603,0.0,0.0,0.0,0.0748494028590313,-0.03368652624967006,-0.03368652624967006,0.0,0.0,0.0,0.06510348839780078,-0.03612004386099543,-0.03612004386099543,0.0,0.0,0.0,0.06975000000000006,-0.03487499999999998,-0.03487499999999998,0.0,0.0,0.0,0.06975000000000006,-0.03487499999999998,-0.03487499999999998,0.0,0.0,0.0,0.06726300106929844,2.6195152713626157e-08,143061.43223947013,158247.0462253674,78385.5025281406,164051.66706129428,163863.27574061276,73317.37731549506
280,0.7000000000000001,0.07,639.2253615346256,426.1502410230837,-213.07512051154185,-213.07512051154185,0.0,0.0,0.0,426.1502410230837,-213.07512051154185,-213.07512051154185,0.0,0.0,0.0,0.07513689942861368,-0.03380309004702592,-0.03380309004702592,0.0,0.0,0.0,0.06532088230059713,-0.03625409062710827,-0.03625409062710827,0.0,0.0,0.0,0.07000000000000003,-0.03500000000000004,-0.03500000000000004,0.0,0.0,0.0,0.07000000000000003,-0.03500000000000004,-0.03500000000000004,0.0,0.0,0.0,0.06751207805050814,2.5885356080834754e-08,142987.3823249545,158228.55026738942,78408.88996868215,164048.4892145531,163864.60515170038,73321.0395529963
281,0.7025,0.07025,639.6131376445121,426.4087584296802,-213.204379214832,-213.204379214832,0.0,0.0,0.0,426.4087584296802,-213.204379214832,-213.204379214832,0.0,0.0,0.0,0.07542453978242392,-0.033919624707074714,-0.033919624707074714,0.0,0.0,0.0,0.06553816753361186,-0.03638817090910207,-0.03638817090910207,0.0,0.0,0.0,0.07025000000000002,-0.035125000000000045,-0.035125000000000045,0.0,0.0,0.0,0.07025000000000002,-0.035125000000000045,-0.035125000000000045,0.0,0.0,0.0,0.06776116163907936,2.557908374001272e-08,142913.38109793075,158210.0511612365,78432.26536212073,164045.32433562423,163865.92907375822,73324.6837293179
282,0.705,0.0705,639.9994276017667,426.6662850678553,-213.33314253391137,-213.33314253391137,0.0,0.0,0.0,426.6662850678553,-213.33314253391137,-213.33314253391137,0.0,0.0,0.0,0.07571232399237204,-0.03403613023709984,-0.03403613023709984,0.0,0.0,0.0,0.06575534415116602,-0.03652228471535646,-0.03652228471535646,0.0,0.0,0.0,0.07049999999999997,-0.03524999999999999,-0.03524999999999999,0.0,0.0,0.0,0.07049999999999997,-0.03524999999999999,-0.03524999999999999,0.0,0.0,0.0,0.06801025180784866,2.52765630648355e-08,142839.42848110446,158191.54892996312,78455.62881341075,164042.17237212986,163867.2475288672,73328.30995569103
283,0.7075,0.07075000000000001,640.3842375435793,426.92282502906374,-213.4614125145156,-213.4614125145156,0.0,0.0,0.0,426.92282502906374,-213.4614125145156,-213.4614125145156,0.0,0.0,0.0,0.07600025213040418,-0.034152606644382966,-0.034152606644382966,0.0,0.0,0.0,0.06597241220755401,-0.03665643205425384,-0.03665643205425384,0.0,0.0,0.0,0.07074999999999992,-0.03537499999999995,-0.03537499999999995,0.0,0.0,0.0,0.07074999999999992,-0.03537499999999995,-0.03537499999999995,0.0,0.0,0.0,0.06825934852976241,2.4977794055303093e-08,142765.52439745003,158173.0435965322,78478.98042671643,164039.0332718921,163868.56053902485,73331.91834249921
284,0.71,0.071,640.7675735824419,427.1783823883365,-213.5891911941054,-213.5891911941054,0.0,0.0,0.0,427.1783823883366,-213.58919119410547,-213.58919119410547,0.0,0.0,0.0,0.07628832426850263,-0.034269053936203886,-0.034269053936203886,0.0,0.0,0.0,0.06618937175704309,-0.03679061293417851,-0.03679061293417851,0.0,0.0,0.0,0.07100000000000012,-0.035499999999999934,-0.035499999999999934,0.0,0.0,0.0,0.07100000000000012,-0.035499999999999934,-0.035499999999999934,0.0,0.0,0.0,0.06850845177787573,2.4682321964064613e-08,142691.66877020942,158154.53518381537,78502.320305448,164035.9069829321,163869.86812614574,73335.508999313
285,0.7125,0.07125000000000001,641.1494418062434,427.4329612041441,-213.7164806020994,-213.7164806020994,0.0,0.0,0.0,427.432961204144,-213.71648060209938,-213.71648060209938,0.0,0.0,0.0,0.07657654047868478,-0.034385472119840665,-0.034385472119840665,0.0,0.0,0.0,0.06640622285387254,-0.03692482736351688,-0.03692482736351688,0.0,0.0,0.0,0.07125,-0.03562500000000007,-0.03562500000000007,0.0,0.0,0.0,0.07125,-0.03562500000000007,-0.03562500000000007,0.0,0.0,0.0,0.06875756152535233,2.4390601538470946e-08,142617.86152289127,158136.0237145929,78525.64855224319,164032.79345346944,163871.17031206103,73339.08203487415
286,0.715,0.0715,641.5298482783616,427.68656551891314,-213.84328275944844,-213.84328275944844,0.0,0.0,0.0,427.68656551891314,-213.84328275944844,-213.84328275944844,0.0,0.0,0.0,0.07686490083300512,-0.03450186120256904,-0.03450186120256904,0.0,0.0,0.0,0.06662296555225539,-0.03705907535065689,-0.03705907535065689,0.0,0.0,0.0,0.07149999999999992,-0.035749999999999935,-0.035749999999999935,0.0,0.0,0.0,0.07149999999999992,-0.035749999999999935,-0.035749999999999935,0.0,0.0,0.0,0.06900667774546386,2.4102632778522093e-08,142544.10257926988,158117.50921155536,78548.96526898793,164029.69263192156,163872.46711852035,73342.6375571153
287,0.7175,0.07175000000000001,641.9087990377575,427.9391993585104,-213.9695996792471,-213.9695996792471,0.0,0.0,0.0,427.9391993585104,-213.9695996792471,-213.9695996792471,0.0,0.0,0.0,0.07715340540355387,-0.0346182211916638,-0.0346182211916638,0.0,0.0,0.0,0.06683959990637767,-0.037193356903989505,-0.037193356903989505,0.0,0.0,0.0,0.07175000000000004,-0.03587500000000002,-0.03587500000000002,0.0,0.0,0.0,0.07175000000000004,-0.03587500000000002,-0.03587500000000002,0.0,0.0,0.0,0.0692558004115905,2.3817619876354e-08,142470.39186339028,158098.99169729828,78572.27055679212,164026.60446691044,163873.75856718628,73346.1756731388
288,0.72,0.072,642.2863000990698,428.1908667327132,-214.0954333663566,-214.0954333663566,0.0,0.0,0.0,428.1908667327132,-214.0954333663566,-214.0954333663566,0.0,0.0,0.0,0.07744205426245676,-0.034734552094397075,-0.034734552094397075,0.0,0.0,0.0,0.0670561259703975,-0.03732767203190679,-0.03732767203190679,0.0,0.0,0.0,0.07199999999999995,-0.035999999999999935,-0.035999999999999935,0.0,0.0,0.0,0.07199999999999995,-0.035999999999999935,-0.035999999999999935,0.0,0.0,0.0,0.06950492949721904,2.3536472326668445e-08,142396.72929955897,158080.47119432912,78595.56451606285,164023.52890725186,163875.04467964132,73349.69648928575
289,0.7225,0.07225000000000001,642.6623574527051,428.44157163513677,-214.22078581756836,-214.22078581756836,0.0,0.0,0.0,428.44157163513677,-214.22078581756836,-214.22078581756836,0.0,0.0,0.0,0.07773084748187642,-0.034850853918039826,-0.034850853918039826,0.0,0.0,0.0,0.06727254379844655,-0.037462020742803914,-0.037462020742803914,0.0,0.0,0.0,0.07225000000000004,-0.036124999999999984,-0.036124999999999984,0.0,0.0,0.0,0.07225000000000004,-0.036124999999999984,-0.036124999999999984,0.0,0.0,0.0,0.06975406497594394,2.3258508008439094e-08,142323.11481234376,158061.94772506604,78618.8472464279,164020.46590195637,163876.3254773867,73353.20011106557
290,0.725,0.0725,643.036977064932,428.691318043288,-214.345659021644,-214.345659021644,0.0,0.0,0.0,428.691318043288,-214.345659021644,-214.345659021644,0.0,0.0,0.0,0.07801978513401087,-0.03496712666986074,-0.03496712666986074,0.0,0.0,0.0,0.0674888534446294,-0.0375964030450775,-0.0375964030450775,0.0,0.0,0.0,0.07250000000000005,-0.03624999999999997,-0.03624999999999997,0.0,0.0,0.0,0.07250000000000005,-0.03624999999999997,-0.03624999999999997,0.0,0.0,0.0,0.07000320682146567,2.298384060850367e-08,142249.54832657793,158043.42131183547,78642.11884682282,164017.41540023405,163877.60098183967,73356.68664323827
291,0.7275,0.07275000000000001,643.4101648779724,428.9401099186793,-214.4700549592931,-214.4700549592931,0.0,0.0,0.0,428.9401099186794,-214.47005495929315,-214.47005495929315,0.0,0.0,0.0,0.07830886729109465,-0.035083370357126886,-0.035083370357126886,0.0,0.0,0.0,0.06770505496302331,-0.037730818947126266,-0.037730818947126266,0.0,0.0,0.0,0.07275000000000009,-0.03637499999999992,-0.03637499999999992,0.0,0.0,0.0,0.07275000000000009,-0.03637499999999992,-0.03637499999999992,0.0,0.0,0.0,0.07025235500759097,2.271235644002445e-08,142176.02976735667,158024.89197687426,78665.37941543896,164014.3773514913,163878.8712143358,73360.15618976674
292,0.73,0.073,643.7819268100955,429.18795120673576,-214.59397560335972,-214.59397560335972,0.0,0.0,0.0,429.18795120673576,-214.59397560335972,-214.59397560335972,0.0,0.0,0.0,0.07859809402539808,-0.03519958498710363,-0.03519958498710363,0.0,0.0,0.0,0.0679211484076786,-0.03786526845735172,-0.03786526845735172,0.0,0.0,0.0,0.07299999999999998,-0.036499999999999984,-0.036499999999999984,0.0,0.0,0.0,0.07299999999999998,-0.036499999999999984,-0.036499999999999984,0.0,0.0,0.0,0.0705015095082327,2.244428287667688e-08,142102.55906002963,158006.35974233254,78688.62904974591,164011.35170532265,163880.13619613193,73363.60885383887
293,0.7325,0.07325000000000001,644.1522687557049,429.43484583713115,-214.7174229185737,-214.7174229185737,0.0,0.0,0.0,429.43484583713115,-214.7174229185737,-214.7174229185737,0.0,0.0,0.0,0.0788874654092282,-0.035315770567054205,-0.035315770567054205,0.0,0.0,0.0,0.06813713383261877,-0.03799975158415658,-0.03799975158415658,0.0,0.0,0.0,0.07325,-0.03662499999999996,-0.03662499999999996,0.0,0.0,0.0,0.07325,-0.03662499999999996,-0.03662499999999996,0.0,0.0,0.0,0.07075067029740822,2.2179506231623236e-08,142029.13613021793,157987.82463026544,78711.86784653367,164008.33841153103,163881.39594839734,73367.04473790729
294,0.735,0.0735,644.5211965854346,429.680797723623,-214.84039886181154,-214.84039886181154,0.0,0.0,0.0,429.680797723623,-214.84039886181154,-214.84039886181154,0.0,0.0,0.0,0.07917698151492769,-0.03543192710424031,-0.03543192710424031,0.0,0.0,0.0,0.06835301129184035,-0.03813426833594602,-0.03813426833594602,0.0,0.0,0.0,0.07350000000000004,-0.03674999999999996,-0.03674999999999996,0.0,0.0,0.0,0.07350000000000004,-0.03674999999999996,-0.03674999999999996,0.0,0.0,0.0,0.07099983734924079,2.1917799131188076e-08,141955.76090378582,157969.2866626475,78735.09590184406,164005.33742009525,163882.6504922288,73370.46394362686
295,0.7375,0.07375000000000001,644.8887161462369,429.92581076418355,-214.96290538205338,-214.96290538205338,0.0,0.0,0.0,429.92581076418367,-214.96290538205344,-214.96290538205344,0.0,0.0,0.0,0.07946664241487567,-0.0355480546059217,-0.0355480546059217,0.0,0.0,0.0,0.0685687808393124,-0.038268818721127196,-0.038268818721127196,0.0,0.0,0.0,0.07375000000000015,-0.03687499999999995,-0.03687499999999995,0.0,0.0,0.0,0.07375000000000015,-0.03687499999999995,-0.03687499999999995,0.0,0.0,0.0,0.0712490106379576,2.165927526220912e-08,141882.43330686897,157950.74586135696,78758.31331105913,164002.34868120356,163883.89984863414,73373.86657193751
296,0.74,0.074,645.2548332614751,430.16988884098885,-215.08494442048624,-215.08494442048624,0.0,0.0,0.0,430.16988884098885,-215.08494442048624,-215.08494442048624,0.0,0.0,0.0,0.07975644818148697,-0.03566415307935639,-0.03566415307935639,0.0,0.0,0.0,0.06878444252897725,-0.03840340274810983,-0.03840340274810983,0.0,0.0,0.0,0.07400000000000001,-0.03699999999999998,-0.03699999999999998,0.0,0.0,0.0,0.07400000000000001,-0.03699999999999998,-0.03699999999999998,0.0,0.0,0.0,0.07149819013789024,2.1403593564173207e-08,141809.1532658441,157932.20224819245,78781.52016885171,163999.3721452188,163885.14403854962,73377.25272301954
297,0.7425,0.07425000000000001,645.6195537310116,430.4130358207217,-215.20651791028985,-215.20651791028985,0.0,0.0,0.0,430.4130358207218,-215.2065179102899,-215.2065179102899,0.0,0.0,0.0,0.08004639888721354,-0.035780222531800465,-0.035780222531800465,0.0,0.0,0.0,0.06899999641475069,-0.0385380204253053,-0.0385380204253053,0.0,0.0,0.0,0.07425000000000004,-0.03712499999999998,-0.03712499999999998,0.0,0.0,0.0,0.07425000000000004,-0.03712499999999998,-0.03712499999999998,0.0,0.0,0.0,0.07174737582347396,2.115120878443122e-08,141735.9207073595,157913.65584485623,78804.716569215,163996.4077627143,163886.38308282229,73380.62249632133
298,0.745,0.0745,645.9828833312994,430.655255554205,-215.3276277770944,-215.3276277770944,0.0,0.0,0.0,430.655255554205,-215.3276277770944,-215.3276277770944,0.0,0.0,0.0,0.08033649460454262,-0.0358962629705083,-0.0358962629705083,0.0,0.0,0.0,0.06921544255052081,-0.03867267176112754,-0.03867267176112754,0.0,0.0,0.0,0.07449999999999986,-0.03724999999999998,-0.03724999999999998,0.0,0.0,0.0,0.07449999999999986,-0.03724999999999998,-0.03724999999999998,0.0,0.0,0.0,0.07199656766924722,2.0901779862469994e-08,141662.73555830988,157895.10667296662,78827.90260546783,163993.45548444553,163887.61700222307,73383.97599056594
299,0.7475,0.07475000000000001,646.3448278154714,430.89655187693904,-215.44827593853236,-215.44827593853236,0.0,0.0,0.0,430.89655187693893,-215.4482759385323,-215.4482759385323,0.0,0.0,0.0,0.08062673540599863,-0.03601227440273247,-0.03601227440273247,0.0,0.0,0.0,0.06943078099014943,-0.03880735676399183,-0.03880735676399183,0.0,0.0,0.0,0.07474999999999991,-0.03737500000000003,-0.03737500000000003,0.0,0.0,0.0,0.07474999999999991,-0.03737500000000003,-0.03737500000000003,0.0,0.0,0.0,0.07224576564985156,2.0655534171964973e-08,141589.5977458423,157876.55475405595,78851.07837024993,163990.51526135704,163888.8458174444,73387.3133037469
300,0.75,0.07500000000000001,646.7053929134289,431.1369286089526,-215.56846430447635,-215.56846430447635,0.0,0.0,0.0,431.1369286089526,-215.56846430447635,-215.56846430447635,0.0,0.0,0.0,0.08091712136414153,-0.036128256835723516,-0.036128256835723516,0.0,0.0,0.0,0.06964601178747115,-0.03894207544231576,-0.03894207544231576,0.0,0.0,0.0,0.07499999999999997,-0.03749999999999996,-0.03749999999999996,0.0,0.0,0.0,0.07499999999999997,-0.03749999999999996,-0.03749999999999996,0.0,0.0,0.0,0.07249496974003085,2.041190327872755e-08,141516.5071973531,157858.00010957164,78874.24395554302,163987.5870445794,163890.06954910135,73390.63453314874
301,0.7525000000000001,0.07525000000000001,647.0645843319337,431.37638955461705,-215.68819477731668,-215.68819477731668,0.0,0.0,0.0,431.37638955461705,-215.68819477731668,-215.68819477731668,0.0,0.0,0.0,0.08120765255156781,-0.03624421027673058,-0.03624421027673058,0.0,0.0,0.0,0.06986113499629343,-0.03907682780451982,-0.03907682780451982,0.0,0.0,0.0,0.07525000000000005,-0.03762500000000001,-0.03762500000000001,0.0,0.0,0.0,0.07525000000000005,-0.03762500000000001,-0.03762500000000001,0.0,0.0,0.0,0.07274417991463147,2.017134193010861e-08,141443.46384049894,157839.4427608687,78897.3994526542,163984.67078544325,163891.2882177238,73393.9397753331
302,0.755,0.07550000000000001,647.4224077546933,431.6149385031288,-215.8074692515644,-215.8074692515644,0.0,0.0,0.0,431.6149385031288,-215.8074692515644,-215.8074692515644,0.0,0.0,0.0,0.08149832904091014,-0.03636013473300059,-0.03636013473300059,0.0,0.0,0.0,0.0700761506703973,-0.03921161385902572,-0.03921161385902572,0.0,0.0,0.0,0.07550000000000003,-0.03775000000000001,-0.03775000000000001,0.0,0.0,0.0,0.07550000000000003,-0.03775000000000001,-0.03775000000000001,0.0,0.0,0.0,0.07299339614860134,1.9933963812945876e-08,141370.46760317744,157820.8827292215,78920.54495225244,163981.76643545646,163892.5018437686,73397.22912617255
303,0.7575000000000001,0.07575000000000001,647.7788688424506,431.85257922828407,-215.9262896141665,-215.9262896141665,0.0,0.0,0.0,431.85257922828407,-215.9262896141665,-215.9262896141665,0.0,0.0,0.0,0.08178915090483785,-0.036476030211778865,-0.036476030211778865,0.0,0.0,0.0,0.07029105886353654,-0.039346433614257825,-0.039346433614257825,0.0,0.0,0.0,0.07575000000000007,-0.037875,-0.037875,0.0,0.0,0.0,0.07575000000000007,-0.037875,-0.037875,0.0,0.0,0.0,0.07324261841698967,1.969920049305074e-08,141297.518413546,157802.3200358129,78943.68054435383,163978.87394632693,163893.71044760832,73400.50268083827
304,0.76,0.07600000000000001,648.133973233073,432.0893154887154,-216.04465774435766,-216.04465774435766,0.0,0.0,0.0,432.0893154887154,-216.04465774435766,-216.04465774435766,0.0,0.0,0.0,0.08208011821605621,-0.03659189672030888,-0.03659189672030888,0.0,0.0,0.0,0.07050585962943828,-0.03948128707864185,-0.03948128707864185,0.0,0.0,0.0,0.07600000000000004,-0.038,-0.038,0.0,0.0,0.0,0.07600000000000004,-0.038,-0.038,0.0,0.0,0.0,0.07349184669494668,1.9467393030936364e-08,141224.61619999332,157783.75470174913,78966.80631833004,163975.99326992987,163894.91404954635,73403.76053380845
305,0.7625000000000001,0.07625000000000001,648.4877265416395,432.325151027736,-216.16257551390353,-216.16257551390353,0.0,0.0,0.0,432.32515102773596,-216.1625755139035,-216.1625755139035,0.0,0.0,0.0,0.08237123104730715,-0.03670773426583235,-0.03670773426583235,0.0,0.0,0.0,0.07072055302180269,-0.03961617426060693,-0.03961617426060693,0.0,0.0,0.0,0.07624999999999998,-0.03812500000000006,-0.03812500000000006,0.0,0.0,0.0,0.07624999999999998,-0.03812500000000006,-0.03812500000000006,0.0,0.0,0.0,0.07374108095772335,1.923785930557642e-08,141151.76089117647,157765.18674803976,78989.92236291221,163973.12435835143,163896.1126697965,73407.00277887312
306,0.765,0.07650000000000001,648.8401343605285,432.5600895736803,-216.28004478684826,-216.28004478684826,0.0,0.0,0.0,432.5600895736803,-216.28004478684826,-216.28004478684826,0.0,0.0,0.0,0.082662489471369,-0.036823542855588975,-0.036823542855588975,0.0,0.0,0.0,0.07093513909430316,-0.039751095168582884,-0.039751095168582884,0.0,0.0,0.0,0.07650000000000005,-0.038250000000000034,-0.038250000000000034,0.0,0.0,0.0,0.07650000000000005,-0.038250000000000034,-0.038250000000000034,0.0,0.0,0.0,0.07399032118067048,1.9011395124834962e-08,141078.9524159828,157746.61619561823,79013.02876621447,163970.26716384504,163897.30632850382,73410.22950915615
307,0.7675000000000001,0.07675000000000001,649.1912022595048,432.7941348396571,-216.39706741984776,-216.39706741984776,0.0,0.0,0.0,432.79413483965703,-216.39706741984773,-216.39706741984773,0.0,0.0,0.0,0.08295389356105609,-0.03693932249681692,-0.03693932249681692,0.0,0.0,0.0,0.07114961790058605,-0.0398860498110023,-0.0398860498110023,0.0,0.0,0.0,0.07674999999999997,-0.03837500000000005,-0.03837500000000005,0.0,0.0,0.0,0.07674999999999997,-0.03837500000000005,-0.03837500000000005,0.0,0.0,0.0,0.07423956733923887,1.87875457413611e-08,141006.19070354945,157728.04306533048,79036.12561571224,163967.42163885423,163898.49504573314,73413.44081709665
308,0.77,0.07700000000000001,649.540935785807,433.0272905239133,-216.51364526189377,-216.51364526189377,0.0,0.0,0.0,433.0272905239134,-216.51364526189383,-216.51364526189383,0.0,0.0,0.0,0.08324544338921991,-0.037055073196752275,-0.037055073196752275,0.0,0.0,0.0,0.07136398949427131,-0.040021038196300096,-0.040021038196300096,0.0,0.0,0.0,0.07700000000000014,-0.03849999999999996,-0.03849999999999996,0.0,0.0,0.0,0.07700000000000014,-0.03849999999999996,-0.03849999999999996,0.0,0.0,0.0,0.07448881940897903,1.856653852883028e-08,140933.47568326312,157709.4673779359,79059.21299825699,163964.58773601332,163899.6788414696,73416.6367944628
309,0.7725,0.07725,649.8893404642344,433.25956030951517,-216.62978015471916,-216.62978015471916,0.0,0.0,0.0,433.2595603095153,-216.6297801547192,-216.6297801547192,0.0,0.0,0.0,0.08353713902874726,-0.03717079496262965,-0.03717079496262965,0.0,0.0,0.0,0.07157825392895167,-0.04015606033291297,-0.04015606033291297,0.0,0.0,0.0,0.07725000000000001,-0.03862499999999998,-0.03862499999999998,0.0,0.0,0.0,0.07725000000000001,-0.03862499999999998,-0.03862499999999998,0.0,0.0,0.0,0.07473807736554004,1.8348146113567054e-08,140860.80728475007,157690.88915411077,79082.29100010812,163961.765408136,163900.8577356226,73419.81753238279
310,0.775,0.07750000000000001,650.2364217972322,433.490947864816,-216.74547393241613,-216.74547393241613,0.0,0.0,0.0,433.490947864816,-216.74547393241613,-216.74547393241613,0.0,0.0,0.0,0.0838289805525626,-0.03728648780168159,-0.03728648780168159,0.0,0.0,0.0,0.0717924112581933,-0.04029111622927983,-0.04029111622927983,0.0,0.0,0.0,0.07750000000000005,-0.03875000000000003,-0.03875000000000003,0.0,0.0,0.0,0.07750000000000005,-0.03875000000000003,-0.03875000000000003,0.0,0.0,0.0,0.07498734118466999,1.8132254808733705e-08,140788.18543787123,157672.30841445277,79105.35970689343,163958.95460821016,163902.03174803004,73422.98312130841
311,0.7775,0.07775,650.582185264979,433.72145684330104,-216.8607284216779,-216.8607284216779,0.0,0.0,0.0,433.721456843301,-216.86072842167786,-216.86072842167786,0.0,0.0,0.0,0.08412096803362601,-0.03740215172113881,-0.03740215172113881,0.0,0.0,0.0,0.07200646153553547,-0.040426205893841716,-0.040426205893841716,0.0,0.0,0.0,0.07775,-0.038875000000000014,-0.038875000000000014,0.0,0.0,0.0,0.07775,-0.038875000000000014,-0.038875000000000014,0.0,0.0,0.0,0.07523661084221496,1.7919205674843397e-08,140715.6100727402,157653.72517946985,79128.41920365301,163956.15528941923,163903.20089844704,73426.13365105691
312,0.78,0.07800000000000001,650.9266363254711,433.95109088363114,-216.97554544184,-216.97554544184,0.0,0.0,0.0,433.95109088363114,-216.97554544184,-216.97554544184,0.0,0.0,0.0,0.08441310154493442,-0.03751778672823036,-0.03751778672823036,0.0,0.0,0.0,0.07222040481449066,-0.04056132933504153,-0.04056132933504153,0.0,0.0,0.0,0.0779999999999999,-0.039,-0.039,0.0,0.0,0.0,0.0779999999999999,-0.039,-0.039,0.0,0.0,0.0,0.07548588631411905,1.7708543964545242e-08,140643.081119711,157635.13946958655,79151.46957482051,163953.36740512858,163904.3652065521,73429.2692107941
313,0.7825,0.07825,651.2697804146109,434.179853609706,-217.08992680490482,-217.08992680490482,0.0,0.0,0.0,434.17985360970596,-217.0899268049048,-217.0899268049048,0.0,0.0,0.0,0.08470538115952142,-0.037633392830183465,-0.037633392830183465,0.0,0.0,0.0,0.07243424114854502,-0.04069648656132474,-0.04069648656132474,0.0,0.0,0.0,0.07824999999999993,-0.03912500000000002,-0.03912500000000002,0.0,0.0,0.0,0.07824999999999993,-0.03912500000000002,-0.03912500000000002,0.0,0.0,0.0,0.0757351675764242,1.7500383364676964e-08,140570.59850936529,157616.55130515088,79174.51090423093,163950.59090887127,163905.5246919546,73432.38988904272
314,0.785,0.07850000000000001,651.6116229462875,434.40774863085295,-217.20387431543463,-217.20387431543463,0.0,0.0,0.0,434.40774863085295,-217.20387431543463,-217.20387431543463,0.0,0.0,0.0,0.08499780695045678,-0.03774897003422345,-0.03774897003422345,0.0,0.0,0.0,0.07264797059115752,-0.04083167758113826,-0.04083167758113826,0.0,0.0,0.0,0.07849999999999999,-0.03925000000000002,-0.03925000000000002,0.0,0.0,0.0,0.07849999999999999,-0.03925000000000002,-0.03925000000000002,0.0,0.0,0.0,0.07598445460526879,1.7294837562076282e-08,140498.16217253206,157597.96070642394,79197.54327515824,163947.82575437092,163906.67937418362,73435.49577371753
315,0.7875,0.07875,651.9521693124661,434.634779541686,-217.31738977078018,-217.31738977078018,0.0,0.0,0.0,434.6347795416861,-217.31738977078024,-217.31738977078024,0.0,0.0,0.0,0.0852903789908469,-0.03786451834757382,-0.03786451834757382,0.0,0.0,0.0,0.07286159319576035,-0.040966902402932104,-0.040966902402932104,0.0,0.0,0.0,0.07875000000000004,-0.039374999999999924,-0.039374999999999924,0.0,0.0,0.0,0.07875000000000004,-0.039374999999999924,-0.039374999999999924,0.0,0.0,0.0,0.07623374737688834,1.709145180939231e-08,140425.77204027883,157579.36769358392,79220.56677026546,163945.0718955324,163907.82927269227,73438.58695208041
316,0.79,0.07900000000000001,652.2914248832712,434.86094992218085,-217.43047496109043,-217.43047496109043,0.0,0.0,0.0,434.86094992218085,-217.43047496109043,-217.43047496109043,0.0,0.0,0.0,0.08558309735383485,-0.037980037777456566,-0.037980037777456566,0.0,0.0,0.0,0.0730751090157592,-0.04110216103515729,-0.04110216103515729,0.0,0.0,0.0,0.0790000000000001,-0.039499999999999966,-0.039499999999999966,0.0,0.0,0.0,0.0790000000000001,-0.039499999999999966,-0.039499999999999966,0.0,0.0,0.0,0.07648304586761503,1.689079454081366e-08,140353.42804391024,157560.77228672593,79243.5814716435,163942.32928644092,163908.9744068574,73441.66351077663
317,0.7925,0.07925,652.6293950070685,435.08626333801465,-217.54313166905385,-217.54313166905385,0.0,0.0,0.0,435.08626333801453,-217.5431316690538,-217.5431316690538,0.0,0.0,0.0,0.08587596211259985,-0.03809552833109153,-0.03809552833109153,0.0,0.0,0.0,0.07328851810453296,-0.04123745348626784,-0.04123745348626784,0.0,0.0,0.0,0.07924999999999988,-0.03962500000000002,-0.03962500000000002,0.0,0.0,0.0,0.07924999999999988,-0.03962500000000002,-0.03962500000000002,0.0,0.0,0.0,0.07673235005387648,1.6692297322151717e-08,140281.13011495877,157542.1745058689,79266.58746083078,163939.59788135058,163910.11479598656,73444.7255358538
318,0.795,0.07950000000000002,652.9660850105527,435.31072334036116,-217.65536167019155,-217.65536167019155,0.0,0.0,0.0,435.3107233403611,-217.65536167019152,-217.65536167019152,0.0,0.0,0.0,0.08616897334035878,-0.03821099001569683,-0.03821099001569683,0.0,0.0,0.0,0.07350182051543419,-0.041372779764719425,-0.041372779764719425,0.0,0.0,0.0,0.07949999999999996,-0.039750000000000035,-0.039750000000000035,0.0,0.0,0.0,0.07949999999999996,-0.039750000000000035,-0.039750000000000035,0.0,0.0,0.0,0.07698165991219665,1.649630121391965e-08,140208.87818519873,157523.57437094607,79289.58481876602,163936.8776347024,163911.25045930836,73447.77311271899
319,0.7975,0.07975,653.3015001988288,435.5343334659168,-217.76716673291193,-217.76716673291193,0.0,0.0,0.0,435.5343334659169,-217.767166732912,-217.767166732912,0.0,0.0,0.0,0.08646213111036416,-0.038326422838488805,-0.038326422838488805,0.0,0.0,0.0,0.07371501630178845,-0.04150813987896995,-0.04150813987896995,0.0,0.0,0.0,0.07975000000000008,-0.03987499999999999,-0.03987499999999999,0.0,0.0,0.0,0.07975000000000008,-0.03987499999999999,-0.03987499999999999,0.0,0.0,0.0,0.07723097541919406,1.630269252927974e-08,140136.67218664024,157504.97190180834,79312.57362586352,163934.16850111712,163912.38141597566,73450.80632620917
320,0.8,0.08000000000000002,653.6356458554967,435.7570972370032,-217.87854861849343,-217.87854861849343,0.0,0.0,0.0,435.7570972370032,-217.87854861849343,-217.87854861849343,0.0,0.0,0.0,0.08675543549590525,-0.03844182680668212,-0.03844182680668212,0.0,0.0,0.0,0.07392810551689438,-0.04164353383747921,-0.04164353383747921,0.0,0.0,0.0,0.08000000000000011,-0.040000000000000015,-0.040000000000000015,0.0,0.0,0.0,0.08000000000000011,-0.040000000000000015,-0.040000000000000015,0.0,0.0,0.0,0.07748029655158235,1.611135758139426e-08,140064.51205151243,157486.3671182331,79335.55396195615,163931.47043537628,163913.50768507487,73453.82526053923
321,0.8025,0.08025,653.9685272427334,435.97901816183315,-217.9895090809003,-217.9895090809003,0.0,0.0,0.0,435.97901816183315,-217.9895090809003,-217.9895090809003,0.0,0.0,0.0,0.08704888657030796,-0.038557201927489404,-0.038557201927489404,0.0,0.0,0.0,0.07414108821402443,-0.041778961648709534,-0.041778961648709534,0.0,0.0,0.0,0.08024999999999988,-0.04012499999999998,-0.04012499999999998,0.0,0.0,0.0,0.08024999999999988,-0.04012499999999998,-0.04012499999999998,0.0,0.0,0.0,0.0777296232861699,1.5922410057100933e-08,139992.39771229247,157467.76003990913,79358.52590632324,163928.78339245621,163914.62928561005,73456.82999932813
322,0.805,0.08050000000000002,654.3001496013776,436.20009973422805,-218.10004986714952,-218.10004986714952,0.0,0.0,0.0,436.200099734228,-218.1000498671495,-218.1000498671495,0.0,0.0,0.0,0.08734248440693582,-0.038672548208121715,-0.038672548208121715,0.0,0.0,0.0,0.07435396444642445,-0.041914423321125494,-0.041914423321125494,0.0,0.0,0.0,0.08050000000000002,-0.04025,-0.04025,0.0,0.0,0.0,0.08050000000000002,-0.04025,-0.04025,0.0,0.0,0.0,0.07797895559985943,1.573573626956204e-08,139920.32910168482,157449.15068644637,79381.48953769912,163926.10732750507,163915.74623651317,73459.82062560793
323,0.8075,0.08075,654.6305181510096,436.42034543400644,-218.2101727170032,-218.2101727170032,0.0,0.0,0.0,436.42034543400644,-218.2101727170032,-218.2101727170032,0.0,0.0,0.0,0.08763622907918767,-0.03878786565578812,-0.03878786565578812,0.0,0.0,0.0,0.0745667342673133,-0.04204991886319276,-0.04204991886319276,0.0,0.0,0.0,0.08075000000000002,-0.040375000000000015,-0.040375000000000015,0.0,0.0,0.0,0.08075000000000002,-0.040375000000000015,-0.040375000000000015,0.0,0.0,0.0,0.07822829346964684,1.5551222531939857e-08,139848.3061526129,157430.53907738163,79404.44493429457,163923.44219583244,163916.85855664976,73462.7972218439
324,0.81,0.08100000000000002,654.9596380900366,436.6397587267275,-218.31987936330907,-218.31987936330907,0.0,0.0,0.0,436.6397587267276,-218.31987936330913,-218.31987936330913,0.0,0.0,0.0,0.08793012066049999,-0.03890315427769597,-0.03890315427769597,0.0,0.0,0.0,0.07477939772988362,-0.04218544828338011,-0.04218544828338011,0.0,0.0,0.0,0.08100000000000014,-0.04050000000000001,-0.04050000000000001,0.0,0.0,0.0,0.08100000000000014,-0.04050000000000001,-0.04050000000000001,0.0,0.0,0.0,0.07847763687262198,1.5368755157396663e-08,139776.32879824255,157411.9252321642,79427.39217375436,163920.78795293812,163917.9662648043,73465.75986989641
325,0.8125,0.08125,655.2875145957726,436.85834306389575,-218.42917153187688,-218.42917153187688,0.0,0.0,0.0,436.85834306389586,-218.42917153187693,-218.42917153187693,0.0,0.0,0.0,0.08822415922434534,-0.03901841408105078,-0.03901841408105078,0.0,0.0,0.0,0.07499195488730098,-0.04232101159015822,-0.04232101159015822,0.0,0.0,0.0,0.0812500000000001,-0.04062499999999997,-0.04062499999999997,0.0,0.0,0.0,0.0812500000000001,-0.04062499999999997,-0.04062499999999997,0.0,0.0,0.0,0.07872698578596744,1.518844783277018e-08,139704.3969719594,157393.30917016885,79450.33133320985,163918.14455448603,163919.06937969325,73468.70865106999
326,0.8150000000000001,0.08150000000000002,655.6141528245214,437.07610188304534,-218.53805094147611,-218.53805094147611,0.0,0.0,0.0,437.07610188304545,-218.53805094147617,-218.53805094147617,0.0,0.0,0.0,0.0885183448442336,-0.03913364507305633,-0.03913364507305633,0.0,0.0,0.0,0.07520440579270488,-0.04245660879199975,-0.04245660879199975,0.0,0.0,0.0,0.08150000000000007,-0.040749999999999946,-0.040749999999999946,0.0,0.0,0.0,0.08150000000000007,-0.040749999999999946,-0.040749999999999946,0.0,0.0,0.0,0.07897634018695887,1.5010641618573572e-08,139632.5106073867,157374.69091068546,79473.26248924802,163915.51195632518,163920.16791995452,73471.64364608534
327,0.8175,0.08175,655.9395579116572,437.29303860777696,-218.64651930388027,-218.64651930388027,0.0,0.0,0.0,437.29303860777696,-218.64651930388027,-218.64651930388027,0.0,0.0,0.0,0.08881267759371103,-0.039248847260914654,-0.039248847260914654,0.0,0.0,0.0,0.07541675049920799,-0.04259223989737948,-0.04259223989737948,0.0,0.0,0.0,0.08174999999999998,-0.04087500000000003,-0.04087500000000003,0.0,0.0,0.0,0.08174999999999998,-0.04087500000000003,-0.04087500000000003,0.0,0.0,0.0,0.07922570005296399,1.4834768080618232e-08,139560.66963835666,157356.07047293504,79496.18571794603,163912.8901144565,163921.26190416398,73474.56493511198
328,0.8200000000000001,0.08200000000000002,656.2637349717061,437.50915664780945,-218.75457832389657,-218.75457832389657,0.0,0.0,0.0,437.50915664780945,-218.75457832389657,-218.75457832389657,0.0,0.0,0.0,0.089107157546361,-0.039364020651825704,-0.039364020651825704,0.0,0.0,0.0,0.07562898905989657,-0.042727904914774406,-0.042727904914774406,0.0,0.0,0.0,0.08199999999999993,-0.041000000000000036,-0.041000000000000036,0.0,0.0,0.0,0.08199999999999993,-0.041000000000000036,-0.041000000000000036,0.0,0.0,0.0,0.07947506536144279,1.4660940905741882e-08,139488.87399894433,157337.44787605063,79519.10109484788,163910.27898507335,163922.35135081547,73477.47259774733
329,0.8225,0.08225,656.5866890984267,437.7244593989512,-218.86222969947556,-218.86222969947556,0.0,0.0,0.0,437.7244593989512,-218.86222969947556,-218.86222969947556,0.0,0.0,0.0,0.08940178477580363,-0.03947916525298789,-0.03947916525298789,0.0,0.0,0.0,0.07584112152783035,-0.042863603852663745,-0.042863603852663745,0.0,0.0,0.0,0.08225000000000006,-0.041125000000000037,-0.041125000000000037,0.0,0.0,0.0,0.08225000000000006,-0.041125000000000037,-0.041125000000000037,0.0,0.0,0.0,0.07972443608994648,1.4489387467619963e-08,139417.12362344092,157318.8231390914,79542.00869500013,163907.67852453093,163923.4362783356,73480.3667130506
330,0.8250000000000001,0.08250000000000002,656.9084253648915,437.93895024323734,-218.96947512165417,-218.96947512165417,0.0,0.0,0.0,437.9389502432373,-218.96947512165414,-218.96947512165414,0.0,0.0,0.0,0.08969655935569532,-0.03959428107159779,-0.03959428107159779,0.0,0.0,0.0,0.07605314795604212,-0.04299933671952827,-0.04299933671952827,0.0,0.0,0.0,0.08250000000000002,-0.04125000000000007,-0.04125000000000007,0.0,0.0,0.0,0.08250000000000002,-0.04125000000000007,-0.04125000000000007,0.0,0.0,0.0,0.07997381221611775,1.4319425645226147e-08,139345.41844636144,157300.19628103866,79564.90859292125,163905.08868935474,163924.51670507935,73483.2473595147
331,0.8275,0.08275,657.2289488235667,438.1526325490864,-219.07631627448035,-219.07631627448035,0.0,0.0,0.0,438.1526325490865,-219.0763162744804,-219.0763162744804,0.0,0.0,0.0,0.08999148135973012,-0.039709368114849986,-0.039709368114849986,0.0,0.0,0.0,0.07626506839753877,-0.04313510352385164,-0.04313510352385164,0.0,0.0,0.0,0.08275000000000014,-0.041374999999999974,-0.041374999999999974,0.0,0.0,0.0,0.08275000000000014,-0.041374999999999974,-0.041374999999999974,0.0,0.0,0.0,0.08022319371769049,1.4151851246424485e-08,139273.7584024414,157281.56732079774,79587.80086262336,163902.50943623798,163925.5926493321,73486.11461508727
332,0.8300000000000001,0.08300000000000002,657.5482645063928,438.3655096709231,-219.1827548354697,-219.1827548354697,0.0,0.0,0.0,438.3655096709231,-219.1827548354697,-219.1827548354697,0.0,0.0,0.0,0.09028655086163806,-0.03982442638993772,-0.03982442638993772,0.0,0.0,0.0,0.07647688290530019,-0.04327090427411917,-0.04327090427411917,0.0,0.0,0.0,0.08300000000000005,-0.04150000000000008,-0.04150000000000008,0.0,0.0,0.0,0.08300000000000005,-0.04150000000000008,-0.04150000000000008,0.0,0.0,0.0,0.08047258057248868,1.398620952386409e-08,139202.14342664834,157262.93627718996,79610.68557763418,163899.94072205567,163926.6641293013,73488.9685571917
333,0.8325,0.08325,657.8663774248624,438.5775849499192,-219.28879247494328,-219.28879247494328,0.0,0.0,0.0,438.5775849499192,-219.28879247494328,-219.28879247494328,0.0,0.0,0.0,0.09058176793518691,-0.03993945590405179,-0.03993945590405179,0.0,0.0,0.0,0.07668859153228019,-0.04340673897881819,-0.04340673897881819,0.0,0.0,0.0,0.08325000000000005,-0.041625,-0.041625,0.0,0.0,0.0,0.08325000000000005,-0.041625,-0.041625,0.0,0.0,0.0,0.08072197275842681,1.3822727851220407e-08,139130.57345415442,157244.3031689699,79633.56281096436,163897.3825038319,163927.7311631342,73491.80926269719
334,0.835,0.0835,658.1832925701027,438.7888617134018,-219.3944308567009,-219.3944308567009,0.0,0.0,0.0,438.7888617134018,-219.3944308567009,-219.3944308567009,0.0,0.0,0.0,0.09087713265418074,-0.04005445666438179,-0.04005445666438179,0.0,0.0,0.0,0.07690019433140588,-0.04354260764643869,-0.04354260764643869,0.0,0.0,0.0,0.08349999999999998,-0.041750000000000016,-0.041750000000000016,0.0,0.0,0.0,0.08349999999999998,-0.041750000000000016,-0.041750000000000016,0.0,0.0,0.0,0.08097137025350926,1.366117885481799e-08,139059.0484203712,157225.66801480384,79656.43263513708,163894.83473878223,163928.79376889547,73494.63680794711
335,0.8375,0.08375,658.4990149129517,438.99934327529024,-219.49967163766144,-219.49967163766144,0.0,0.0,0.0,438.99934327529024,-219.49967163766144,-219.49967163766144,0.0,0.0,0.0,0.09117264509246081,-0.04016942867811513,-0.04016942867811513,0.0,0.0,0.0,0.07711169135557788,-0.043678510285472205,-0.043678510285472205,0.0,0.0,0.0,0.08374999999999991,-0.04187499999999998,-0.04187499999999998,0.0,0.0,0.0,0.08374999999999991,-0.04187499999999998,-0.04187499999999998,0.0,0.0,0.0,0.08122077303582961,1.3501107787305955e-08,138987.5682609142,157207.03083329045,79679.2951221956,163892.29738427195,163929.85196458868,73497.45126876622
336,0.84,0.084,658.8135494040406,439.20903293600884,-219.60451646803176,-219.60451646803176,0.0,0.0,0.0,439.2090329360088,-219.60451646803173,-219.60451646803173,0.0,0.0,0.0,0.09146830532390537,-0.040284371952437725,-0.040284371952437725,0.0,0.0,0.0,0.07732308265767052,-0.04381444690441305,-0.04381444690441305,0.0,0.0,0.0,0.08399999999999996,-0.042000000000000065,-0.042000000000000065,0.0,0.0,0.0,0.08399999999999996,-0.042000000000000065,-0.042000000000000065,0.0,0.0,0.0,0.08147018108357122,1.334319676971063e-08,138916.13291161778,157188.39164295176,79702.15034367406,163889.77039783393,163930.90576814703,73500.25272043476
337,0.8425,0.08425,659.1269009738686,439.41793398257363,-219.708966991295,-219.708966991295,0.0,0.0,0.0,439.41793398257363,-219.708966991295,-219.708966991295,0.0,0.0,0.0,0.0917641134224293,-0.040399286494533226,-0.040399286494533226,0.0,0.0,0.0,0.07753436829053173,-0.04395041751175688,-0.04395041751175688,0.0,0.0,0.0,0.08424999999999996,-0.04212499999999994,-0.04212499999999994,0.0,0.0,0.0,0.08424999999999996,-0.04212499999999994,-0.04212499999999994,0.0,0.0,0.0,0.08171959437500563,1.3187332115194295e-08,138844.7423085453,157169.75046222733,79724.99837065645,163887.25373718137,163931.95519742672,73503.04123774305
338,0.845,0.0845,659.4390745328842,439.62604968860035,-219.81302484428386,-219.81302484428386,0.0,0.0,0.0,439.62604968860035,-219.81302484428386,-219.81302484428386,0.0,0.0,0.0,0.09206006946198464,-0.04051417231158416,-0.04051417231158416,0.0,0.0,0.0,0.07774554830698277,-0.04408642211600211,-0.04408642211600211,0.0,0.0,0.0,0.08449999999999996,-0.04225000000000001,-0.04225000000000001,0.0,0.0,0.0,0.08449999999999996,-0.04225000000000001,-0.04225000000000001,0.0,0.0,0.0,0.08196901288849343,1.3033286450081505e-08,138773.3963879621,157151.1073094894,79747.83927371954,163884.74736017612,163933.0002702234,73505.81689493984
339,0.8475,0.08475,659.7500749715612,439.8333833143687,-219.91669165719253,-219.91669165719253,0.0,0.0,0.0,439.8333833143687,-219.91669165719253,-219.91669165719253,0.0,0.0,0.0,0.09235617351656056,-0.04062902941077062,-0.04062902941077062,0.0,0.0,0.0,0.0779566227598188,-0.04422246072564873,-0.04422246072564873,0.0,0.0,0.0,0.08475000000000006,-0.04237499999999998,-0.04237499999999998,0.0,0.0,0.0,0.08475000000000006,-0.04237499999999998,-0.04237499999999998,0.0,0.0,0.0,0.08221843660248257,1.2880718713859096e-08,138702.09508636652,157132.46220302483,79770.6731230007,163882.25122486605,163934.04100425262,73508.57976579516
340,0.85,0.085,660.0599071604784,440.0399381070111,-220.0199690534672,-220.0199690534672,0.0,0.0,0.0,440.0399381070112,-220.01996905346726,-220.01996905346726,0.0,0.0,0.0,0.09265242566018284,-0.040743857799271255,-0.040743857799271255,0.0,0.0,0.0,0.07816759170180826,-0.04435853334919926,-0.04435853334919926,0.0,0.0,0.0,0.08500000000000006,-0.04249999999999993,-0.04249999999999993,0.0,0.0,0.0,0.08500000000000006,-0.04249999999999993,-0.04249999999999993,0.0,0.0,0.0,0.08246786549550919,1.2730311027553398e-08,138630.83834045328,157113.8151610563,79793.49998813869,163879.76528944157,163935.07741717235,73511.3299235464
341,0.8525,0.08525,660.3685759503967,440.2457173002353,-220.12285865016133,-220.12285865016133,0.0,0.0,0.0,440.24571730023524,-220.1228586501613,-220.1228586501613,0.0,0.0,0.0,0.09294882596691445,-0.040858657484262983,-0.040858657484262983,0.0,0.0,0.0,0.07837845518569325,-0.04449463999515868,-0.04449463999515868,0.0,0.0,0.0,0.08524999999999994,-0.04262500000000002,-0.04262500000000002,0.0,0.0,0.0,0.08524999999999994,-0.04262500000000002,-0.04262500000000002,0.0,0.0,0.0,0.08271729954619714,1.2581836017488968e-08,138559.62608713988,157095.16620172578,79816.31993830987,163877.2895122683,163936.10952656556,73514.06744093253
342,0.855,0.0855,660.6760861723345,440.4507241148842,-220.22536205745027,-220.22536205745027,0.0,0.0,0.0,440.4507241148842,-220.22536205745027,-220.22536205745027,0.0,0.0,0.0,0.0932453745108559,-0.040973428472920514,-0.040973428472920514,0.0,0.0,0.0,0.07858921326419005,-0.044630780672032855,-0.044630780672032855,0.0,0.0,0.0,0.08550000000000002,-0.04274999999999996,-0.04274999999999996,0.0,0.0,0.0,0.08550000000000002,-0.04274999999999996,-0.04274999999999996,0.0,0.0,0.0,0.08296673873325718,1.243495262315264e-08,138488.45826355627,157076.51534310222,79839.1330422414,163874.82385187407,163937.1373499481,73516.79239020632
343,0.8575,0.08575,660.9824426376473,440.65496175846795,-220.32748087917932,-220.32748087917932,0.0,0.0,0.0,440.65496175846806,-220.32748087917938,-220.32748087917938,0.0,0.0,0.0,0.09354207136614412,-0.04108817077241722,-0.04108817077241722,0.0,0.0,0.0,0.078799865989988,-0.0447669553883312,-0.0447669553883312,0.0,0.0,0.0,0.08575000000000015,-0.04287499999999995,-0.04287499999999995,0.0,0.0,0.0,0.08575000000000015,-0.04287499999999995,-0.04287499999999995,0.0,0.0,0.0,0.08321618303548659,1.2289774531382136e-08,138417.33480704518,157057.86260317915,79861.93936820437,163872.36826695083,163938.16090476624,73519.50484312912
344,0.86,0.08600000000000001,661.2876501381035,440.85843342540227,-220.42921671270116,-220.42921671270116,0.0,0.0,0.0,440.85843342540227,-220.42921671270116,-220.42921671270116,0.0,0.0,0.0,0.09383891660695298,-0.04120288438992453,-0.04120288438992453,0.0,0.0,0.0,0.0790104134157501,-0.044903164152564345,-0.044903164152564345,0.0,0.0,0.0,0.08600000000000003,-0.043000000000000024,-0.043000000000000024,0.0,0.0,0.0,0.08600000000000003,-0.043000000000000024,-0.043000000000000024,0.0,0.0,0.0,0.08346563243176923,1.2146301742177457e-08,138346.25565516052,157039.2079998762,79884.73898400633,163869.9227163527,163939.18020839823,73522.20487096442
345,0.8625,0.08625000000000001,661.5917134459597,441.0611422972956,-220.5305711486641,-220.5305711486641,0.0,0.0,0.0,441.0611422972956,-220.5305711486641,-220.5305711486641,0.0,0.0,0.0,0.09413591030749424,-0.041317569332611936,-0.041317569332611936,0.0,0.0,0.0,0.0792208555941134,-0.0450394069732456,-0.0450394069732456,0.0,0.0,0.0,0.08625000000000005,-0.043125000000000066,-0.043125000000000066,0.0,0.0,0.0,0.08625000000000005,-0.043125000000000066,-0.043125000000000066,0.0,0.0,0.0,0.08371508690107524,1.2004647942376323e-08,138275.22074566688,157020.55155103968,79907.53195700322,163867.48715909573,163940.19527815483,73524.8925444891
346,0.865,0.08650000000000001,661.8946373140387,441.2630915426816,-220.63154577135714,-220.63154577135714,0.0,0.0,0.0,441.2630915426816,-220.63154577135714,-220.63154577135714,0.0,0.0,0.0,0.09443305254201606,-0.0414322256076472,-0.0414322256076472,0.0,0.0,0.0,0.07943119257768844,-0.045175683858889704,-0.045175683858889704,0.0,0.0,0.0,0.08649999999999997,-0.043250000000000025,-0.043250000000000025,0.0,0.0,0.0,0.08649999999999997,-0.043250000000000025,-0.043250000000000025,0.0,0.0,0.0,0.08396454642246003,1.1864699445141014e-08,138204.23001653329,157001.89327444514,79930.31835412294,163865.06155435092,163941.20613128186,73527.56793401612
347,0.8675,0.08675000000000001,662.1964264758041,441.46428431725,-220.73214215855407,-220.73214215855407,0.0,0.0,0.0,441.46428431725013,-220.73214215855413,-220.73214215855413,0.0,0.0,0.0,0.09473034338480435,-0.04154685322219637,-0.04154685322219637,0.0,0.0,0.0,0.07964142441905947,-0.0453119948180144,-0.0453119948180144,0.0,0.0,0.0,0.08675000000000009,-0.043374999999999934,-0.043374999999999934,0.0,0.0,0.0,0.08675000000000009,-0.043374999999999934,-0.043374999999999934,0.0,0.0,0.0,0.084214010975065,1.1726228876796085e-08,138133.2834059393,156983.233187794,79953.09824182281,163862.6458614522,163942.21278495676,73530.23110935563
348,0.87,0.08700000000000001,662.4970856454368,441.6647237636245,-220.83236188181226,-220.83236188181226,0.0,0.0,0.0,441.6647237636245,-220.83236188181226,-220.83236188181226,0.0,0.0,0.0,0.09502778291018132,-0.04166145218342382,-0.04166145218342382,0.0,0.0,0.0,0.0798515511707843,-0.045448339859138764,-0.045448339859138764,0.0,0.0,0.0,0.087,-0.04349999999999996,-0.04349999999999996,0.0,0.0,0.0,0.087,-0.04349999999999996,-0.04349999999999996,0.0,0.0,0.0,0.08446348053811603,1.1589463611016981e-08,138062.38085228446,156964.5713087075,79975.87168615441,163860.24003990815,163943.21525628227,73532.88213987551
349,0.8725,0.08725000000000001,662.7966195179101,441.8644130119219,-220.93220650598826,-220.93220650598826,0.0,0.0,0.0,441.86441301192184,-220.93220650598823,-220.93220650598823,0.0,0.0,0.0,0.09532537119250717,-0.04177602249849188,-0.04177602249849188,0.0,0.0,0.0,0.08006157288539467,-0.045584718990784756,-0.045584718990784756,0.0,0.0,0.0,0.08724999999999994,-0.04362499999999999,-0.04362499999999999,0.0,0.0,0.0,0.08724999999999994,-0.04362499999999999,-0.04362499999999999,0.0,0.0,0.0,0.08471295509092427,1.1454403647803701e-08,137991.5222941574,156945.90765474533,79998.63875270117,163857.84404936485,163944.21356230558,73535.52109444405
350,0.875,0.08750000000000001,663.095032769064,442.0633551793706,-221.03167758969343,-221.03167758969343,0.0,0.0,0.0,442.0633551793706,-221.03167758969343,-221.03167758969343,0.0,0.0,0.0,0.09562310830617915,-0.04189056417456122,-0.04189056417456122,0.0,0.0,0.0,0.08027148961539637,-0.04572113222147589,-0.04572113222147589,0.0,0.0,0.0,0.08750000000000008,-0.04375000000000003,-0.04375000000000003,0.0,0.0,0.0,0.08750000000000008,-0.04375000000000003,-0.04375000000000003,0.0,0.0,0.0,0.08496243461288505,1.1321048987156246e-08,137920.70767036377,156927.2422433882,80021.39950663896,163855.45784964052,163945.20772000038,73538.14804148654
351,0.8775000000000001,0.08775000000000001,663.3923300556811,442.2615533704595,-221.13077668522158,-221.13077668522158,0.0,0.0,0.0,442.2615533704595,-221.13077668522158,-221.13077668522158,0.0,0.0,0.0,0.09592099432563095,-0.04200507721879054,-0.04200507721879054,0.0,0.0,0.0,0.08048130141326798,-0.04585757955973779,-0.04585757955973779,0.0,0.0,0.0,0.08774999999999991,-0.04387499999999994,-0.04387499999999994,0.0,0.0,0.0,0.08774999999999991,-0.04387499999999994,-0.04387499999999994,0.0,0.0,0.0,0.08521191908347733,1.1189285942236893e-08,137849.9369199075,156908.57509204876,80044.15401271821,163853.08140070311,163946.197746278,73540.76304896946
352,0.88,0.08800000000000001,663.6885160155615,442.4590106770465,-221.22950533851505,-221.22950533851505,0.0,0.0,0.0,442.4590106770465,-221.22950533851505,-221.22950533851505,0.0,0.0,0.0,0.09621902932533477,-0.04211956163833719,-0.04211956163833719,0.0,0.0,0.0,0.08069100833146303,-0.04599406101409875,-0.04599406101409875,0.0,0.0,0.0,0.08800000000000004,-0.044000000000000004,-0.044000000000000004,0.0,0.0,0.0,0.08800000000000004,-0.044000000000000004,-0.044000000000000004,0.0,0.0,0.0,0.08546140848226487,1.1059000826207921e-08,137779.2099820061,156889.90621806277,80066.90233522748,163850.71466268925,163947.18365797834,73543.36618436732
353,0.8825000000000001,0.08825000000000001,663.9835952675955,442.65573017839705,-221.3278650891985,-221.3278650891985,0.0,0.0,0.0,442.65573017839705,-221.3278650891985,-221.3278650891985,0.0,0.0,0.0,0.0965172133797989,-0.04223401744035621,-0.04223401744035621,0.0,0.0,0.0,0.08090061042240781,-0.0461305765930885,-0.0461305765930885,0.0,0.0,0.0,0.08825000000000005,-0.044124999999999984,-0.044124999999999984,0.0,0.0,0.0,0.08825000000000005,-0.044124999999999984,-0.044124999999999984,0.0,0.0,0.0,0.08571090278889362,1.093019363906933e-08,137708.5267960748,156871.23563869798,80089.64453809403,163848.35759588538,163948.1654718789,73545.95751475565
354,0.885,0.08850000000000001,664.2775724118391,442.85171494121516,-221.4258574706239,-221.4258574706239,0.0,0.0,0.0,442.85171494121516,-221.4258574706239,-221.4258574706239,0.0,0.0,0.0,0.09681554656356928,-0.04234844463200116,-0.04234844463200116,0.0,0.0,0.0,0.08111010773850297,-0.04626712630523966,-0.04626712630523966,0.0,0.0,0.0,0.08849999999999988,-0.04424999999999995,-0.04424999999999995,0.0,0.0,0.0,0.08849999999999988,-0.04424999999999995,-0.04424999999999995,0.0,0.0,0.0,0.08596040198309338,1.0802978067658842e-08,137637.8873017325,156852.5633711504,80112.38068477614,163846.01016073566,163949.14320469098,73548.53710671268
355,0.8875000000000001,0.08875000000000001,664.5704520295872,443.04696801973023,-221.52348400985693,-221.52348400985693,0.0,0.0,0.0,443.04696801973023,-221.52348400985693,-221.52348400985693,0.0,0.0,0.0,0.09711402895122978,-0.042462843220423874,-0.042462843220423874,0.0,0.0,0.0,0.08131950033212315,-0.04640371015908629,-0.04640371015908629,0.0,0.0,0.0,0.08875000000000004,-0.04437500000000005,-0.04437500000000005,0.0,0.0,0.0,0.08875000000000004,-0.04437500000000005,-0.04437500000000005,0.0,0.0,0.0,0.08620990604467686,1.0677013051463291e-08,137567.29143879397,156833.8894325483,80135.11083833186,163843.67231783282,163950.1168730638,73551.105026383
356,0.89,0.08900000000000001,664.8622386834475,443.2414924556316,-221.6207462278158,-221.6207462278158,0.0,0.0,0.0,443.2414924556316,-221.6207462278158,-221.6207462278158,0.0,0.0,0.0,0.09741266061740039,-0.04257721321277402,-0.04257721321277402,0.0,0.0,0.0,0.08152878825561599,-0.04654032816316511,-0.04654032816316511,0.0,0.0,0.0,0.089,-0.044500000000000026,-0.044500000000000026,0.0,0.0,0.0,0.089,-0.044500000000000026,-0.044500000000000026,0.0,0.0,0.0,0.08645941495353833,1.0552867024671286e-08,137496.73914729056,156815.21383994102,80157.83506143957,163841.3440279434,163951.08649357266,73553.66133949683
357,0.8925000000000001,0.08925000000000001,665.1529369174128,443.4352912782752,-221.71764563913763,-221.71764563913763,0.0,0.0,0.0,443.4352912782752,-221.71764563913763,-221.71764563913763,0.0,0.0,0.0,0.0977114416367394,-0.042691554616199834,-0.042691554616199834,0.0,0.0,0.0,0.08173797156130375,-0.04667698032601464,-0.04667698032601464,0.0,0.0,0.0,0.08925000000000005,-0.044624999999999984,-0.044624999999999984,0.0,0.0,0.0,0.08925000000000005,-0.044624999999999984,-0.044624999999999984,0.0,0.0,0.0,0.08670892868965507,1.0430312613607384e-08,137426.23036743977,156796.5366103151,80180.55341631973,163839.02525197185,163952.05208273587,73556.20611129898
358,0.895,0.08950000000000001,665.4425512569352,443.6283675045998,-221.81418375233542,-221.81418375233542,0.0,0.0,0.0,443.62836750459974,-221.8141837523354,-221.8141837523354,0.0,0.0,0.0,0.0980103720839417,-0.042805867437847755,-0.042805867437847755,0.0,0.0,0.0,0.0819470503014822,-0.04681366665617548,-0.04681366665617548,0.0,0.0,0.0,0.08949999999999993,-0.04475000000000005,-0.04475000000000005,0.0,0.0,0.0,0.08949999999999993,-0.04475000000000005,-0.04475000000000005,0.0,0.0,0.0,0.08695844723308575,1.0309122444596142e-08,137355.76503966528,156777.85776058293,80203.26596482606,163836.7159509848,163953.0136570029,73558.73940663284
359,0.8975,0.08975,665.7310862089978,443.82072413934276,-221.91036206965506,-221.91036206965506,0.0,0.0,0.0,443.82072413934276,-221.91036206965506,-221.91036206965506,0.0,0.0,0.0,0.09830945203374031,-0.04292015168486207,-0.04292015168486207,0.0,0.0,0.0,0.08215602452842113,-0.04695038716219058,-0.04695038716219058,0.0,0.0,0.0,0.08974999999999995,-0.04487499999999992,-0.04487499999999992,0.0,0.0,0.0,0.08974999999999995,-0.04487499999999992,-0.04487499999999992,0.0,0.0,0.0,0.0872079705639706,1.0188955457124393e-08,137285.3431045831,156759.1773075915,80225.97276839692,163834.41608619495,163953.9712327632,73561.26128989617
360,0.9,0.09000000000000001,666.018546262189,444.01236417476906,-222.00618208741997,-222.00618208741997,0.0,0.0,0.0,444.012364174769,-222.00618208741994,-222.00618208741994,0.0,0.0,0.0,0.09860868156090519,-0.04303440736438596,-0.04303440736438596,0.0,0.0,0.0,0.082364894294364,-0.04708714185260521,-0.04708714185260521,0.0,0.0,0.0,0.0900000000000001,-0.04500000000000006,-0.04500000000000006,0.0,0.0,0.0,0.0900000000000001,-0.04500000000000006,-0.04500000000000006,0.0,0.0,0.0,0.0874574986625311,1.0070721145893913e-08,137214.96450302168,156740.49526810893,80248.67388807466,163832.12561898565,163954.9248263324,73563.77182505975
361,0.9025,0.09025,666.3049358867714,444.2032905911755,-222.10164529559594,-222.10164529559594,0.0,0.0,0.0,444.2032905911755,-222.10164529559594,-222.10164529559594,0.0,0.0,0.0,0.09890806074024328,-0.04314863448355999,-0.04314863448355999,0.0,0.0,0.0,0.08257365965152824,-0.04722393073596631,-0.04722393073596631,0.0,0.0,0.0,0.09024999999999998,-0.04512500000000001,-0.04512500000000001,0.0,0.0,0.0,0.09024999999999998,-0.04512500000000001,-0.04512500000000001,0.0,0.0,0.0,0.0877070315090692,9.95373738987837e-09,137144.62917598776,156721.81165884528,80271.36938451737,163829.84451087005,163955.87445397378,73566.27107567825
362,0.905,0.09050000000000001,666.590259534757,444.39350635648645,-222.19675317827057,-222.19675317827057,0.0,0.0,0.0,444.3935063564864,-222.19675317827054,-222.19675317827054,0.0,0.0,0.0,0.09920758964659981,-0.04326283304952361,-0.04326283304952361,0.0,0.0,0.0,0.08278232065210522,-0.04736075382082339,-0.04736075382082339,0.0,0.0,0.0,0.09049999999999998,-0.045250000000000054,-0.045250000000000054,0.0,0.0,0.0,0.09049999999999998,-0.045250000000000054,-0.045250000000000054,0.0,0.0,0.0,0.08795656908396764,9.838231562753208e-09,137074.3370646953,156703.12649643485,80294.05931797807,163827.57272352683,163956.82013188003,73568.75910487189
363,0.9075,0.09075,666.8745216399769,444.58301442665675,-222.2915072133202,-222.2915072133202,0.0,0.0,0.0,444.58301442665675,-222.2915072133202,-222.2915072133202,0.0,0.0,0.0,0.0995072683548569,-0.04337700306941411,-0.04337700306941411,0.0,0.0,0.0,0.08299087734826027,-0.04749761111572748,-0.04749761111572748,0.0,0.0,0.0,0.09075000000000001,-0.045375000000000054,-0.045375000000000054,0.0,0.0,0.0,0.09075000000000001,-0.045375000000000054,-0.045375000000000054,0.0,0.0,0.0,0.08820611136768927,9.723862604005262e-09,137004.08811055293,156684.439797444,80316.74374833022,163825.3102187848,163957.76187618088,73571.23597535021
364,0.91,0.09100000000000001,667.1577266181545,444.77181774543635,-222.38590887271815,-222.38590887271815,0.0,0.0,0.0,444.77181774543635,-222.38590887271815,-222.38590887271815,0.0,0.0,0.0,0.09980709693993428,-0.04349114455036712,-0.04349114455036712,0.0,0.0,0.0,0.0831993297921324,-0.047634502629232744,-0.047634502629232744,0.0,0.0,0.0,0.09100000000000011,-0.04550000000000003,-0.04550000000000003,0.0,0.0,0.0,0.09100000000000011,-0.04550000000000003,-0.04550000000000003,0.0,0.0,0.0,0.08845565834077687,9.610971574147698e-09,136933.88225516467,156665.75157836976,80339.42273505947,163823.05695862477,163958.6997029422,73573.70174940515
365,0.9125,0.09125,667.4398788669746,444.9599192446551,-222.47995962231943,-222.47995962231943,0.0,0.0,0.0,444.9599192446551,-222.47995962231943,-222.47995962231943,0.0,0.0,0.0,0.10010707547678876,-0.04360525749951655,-0.04360525749951655,0.0,0.0,0.0,0.08340767803583482,-0.047771428369894564,-0.047771428369894564,0.0,0.0,0.0,0.09124999999999998,-0.04562500000000003,-0.04562500000000003,0.0,0.0,0.0,0.09124999999999998,-0.04562500000000003,-0.04562500000000003,0.0,0.0,0.0,0.08870520998385271,9.499444786342792e-09,136863.71944032263,156647.06185564407,80362.0963372724,163820.81290517084,163959.63362816995,73576.1564889193
366,0.915,0.09150000000000001,667.7209827661555,445.1473218441146,-222.573660922041,-222.573660922041,0.0,0.0,0.0,445.1473218441146,-222.573660922041,-222.573660922041,0.0,0.0,0.0,0.10040720404041548,-0.04371934192399446,-0.04371934192399446,0.0,0.0,0.0,0.08361592213145452,-0.04790838834627076,-0.04790838834627076,0.0,0.0,0.0,0.09150000000000005,-0.04575000000000007,-0.04575000000000007,0.0,0.0,0.0,0.09150000000000005,-0.04575000000000007,-0.04575000000000007,0.0,0.0,0.0,0.08895476627761835,9.389282240590546e-09,136793.5996080179,156628.37064562767,80384.76461369573,163818.57802070407,163960.56366780386,73578.60025536583
367,0.9175,0.09175,668.0010426775201,445.3340284516746,-222.6670142258455,-222.6670142258455,0.0,0.0,0.0,445.3340284516746,-222.6670142258455,-222.6670142258455,0.0,0.0,0.0,0.10070748270584617,-0.04383339783093093,-0.04383339783093093,0.0,0.0,0.0,0.08382406213105265,-0.04804538256692137,-0.04804538256692137,0.0,0.0,0.0,0.09175000000000001,-0.04587499999999994,-0.04587499999999994,0.0,0.0,0.0,0.09175000000000001,-0.04587499999999994,-0.04587499999999994,0.0,0.0,0.0,0.08920432720285432,9.280370250053238e-09,136723.52270043603,156609.67796461208,80407.42762267939,163816.35226765738,163961.4898377196,73581.03310981186
368,0.92,0.09200000000000001,668.2800629450653,445.52004196337685,-222.76002098168843,-222.76002098168843,0.0,0.0,0.0,445.52004196337685,-222.76002098168843,-222.76002098168843,0.0,0.0,0.0,0.10100791154815081,-0.04394742522745487,-0.04394742522745487,0.0,0.0,0.0,0.08403209808666429,-0.048182411040408546,-0.048182411040408546,0.0,0.0,0.0,0.09200000000000007,-0.04600000000000008,-0.04600000000000008,0.0,0.0,0.0,0.09200000000000007,-0.04600000000000008,-0.04600000000000008,0.0,0.0,0.0,0.0894538927404201,9.172595127893146e-09,136653.48865994194,156590.98382882826,80430.08542219449,163814.1356085979,163962.41215373765,73583.45511291678
369,0.9225,0.09225,668.5580478950326,445.7053652633496,-222.85268263168297,-222.85268263168297,0.0,0.0,0.0,445.7053652633496,-222.85268263168297,-222.85268263168297,0.0,0.0,0.0,0.10130849064243619,-0.04406142412069247,-0.04406142412069247,0.0,0.0,0.0,0.08424003005029795,-0.04831947377529644,-0.04831947377529644,0.0,0.0,0.0,0.0922499999999999,-0.04612499999999993,-0.04612499999999993,0.0,0.0,0.0,0.0922499999999999,-0.04612499999999993,-0.04612499999999993,0.0,0.0,0.0,0.08970346287125258,9.066411621461157e-09,136583.4974291055,156572.28825443186,80452.7380698747,163811.9280062577,163963.33063160782,73585.86632497094
370,0.925,0.09250000000000001,668.835001835978,445.89000122398534,-222.94500061199264,-222.94500061199264,0.0,0.0,0.0,445.89000122398534,-222.94500061199264,-222.94500061199264,0.0,0.0,0.0,0.10160922006384776,-0.044175394517769084,-0.044175394517769084,0.0,0.0,0.0,0.08444785807393718,-0.048456570780151864,-0.048456570780151864,0.0,0.0,0.0,0.09250000000000005,-0.046249999999999944,-0.046249999999999944,0.0,0.0,0.0,0.09250000000000005,-0.046249999999999944,-0.046249999999999944,0.0,0.0,0.0,0.08995303757636754,8.961364983406384e-09,136513.54895067614,156553.59125751702,80475.38562294129,163809.72942350432,163964.2452870238,73588.26680582722
371,0.9275,0.09275,669.1109290588417,446.07395270589996,-223.03697635294182,-223.03697635294182,0.0,0.0,0.0,446.07395270589996,-223.03697635294182,-223.03697635294182,0.0,0.0,0.0,0.10191009988756716,-0.04428933642580768,-0.04428933642580768,0.0,0.0,0.0,0.08465558220953873,-0.04859370206354319,-0.04859370206354319,0.0,0.0,0.0,0.09274999999999996,-0.04637499999999994,-0.04637499999999994,0.0,0.0,0.0,0.09274999999999996,-0.04637499999999994,-0.04637499999999994,0.0,0.0,0.0,0.09020261683685804,8.857455213728826e-09,136443.6431675989,156534.8928541078,80498.02813828352,163807.53982336016,163965.156135614,73590.65661497533
372,0.93,0.09300000000000001,669.3858338370176,446.2572225580044,-223.12861127901323,-223.12861127901323,0.0,0.0,0.0,446.25722255800434,-223.1286112790132,-223.1286112790132,0.0,0.0,0.0,0.10221113018881489,-0.04440324985192973,-0.04440324985192973,0.0,0.0,0.0,0.08486320250903368,-0.048730867634041,-0.048730867634041,0.0,0.0,0.0,0.09300000000000004,-0.04650000000000001,-0.04650000000000001,0.0,0.0,0.0,0.09300000000000004,-0.04650000000000001,-0.04650000000000001,0.0,0.0,0.0,0.09045220063389467,8.754795999266207e-09,136373.78002300492,156516.19306016277,80520.6656724183,163805.35916899124,163966.0631929463,73593.03581150513
373,0.9325,0.09325,669.6597204264218,446.4398136176091,-223.21990680881274,-223.21990680881274,0.0,0.0,0.0,446.4398136176091,-223.21990680881274,-223.21990680881274,0.0,0.0,0.0,0.10251231104284819,-0.04451713480325464,-0.04451713480325464,0.0,0.0,0.0,0.08507071902432711,-0.048868067500218326,-0.048868067500218326,0.0,0.0,0.0,0.09325000000000003,-0.046624999999999965,-0.046624999999999965,0.0,0.0,0.0,0.09325000000000003,-0.046624999999999965,-0.046624999999999965,0.0,0.0,0.0,0.09070178894872502,8.653614713693969e-09,136303.9594602172,156497.491891572,80543.29828150939,163803.18742371467,163966.96647452505,73595.40445412479
374,0.935,0.09350000000000001,669.932593065562,446.62172871037467,-223.31086435518728,-223.31086435518728,0.0,0.0,0.0,446.62172871037467,-223.31086435518728,-223.31086435518728,0.0,0.0,0.0,0.10281364252496228,-0.044630991286900346,-0.044630991286900346,0.0,0.0,0.0,0.08527813180729793,-0.04900530167064965,-0.04900530167064965,0.0,0.0,0.0,0.09349999999999993,-0.04674999999999994,-0.04674999999999994,0.0,0.0,0.0,0.09349999999999993,-0.04674999999999994,-0.04674999999999994,0.0,0.0,0.0,0.09095138176267323,8.553342922823504e-09,136234.18142273338,156478.7893641662,80565.9260213702,163801.02455097853,163967.86599580036,73597.7626011637
375,0.9375,0.09375,670.2044559756068,446.8029706503991,-223.40148532520772,-223.40148532520772,0.0,0.0,0.0,446.8029706503991,-223.40148532520772,-223.40148532520772,0.0,0.0,0.0,0.10311512471049022,-0.04474481930998292,-0.04474481930998292,0.0,0.0,0.0,0.08548544090979981,-0.04914257015391299,-0.04914257015391299,0.0,0.0,0.0,0.09374999999999989,-0.04687499999999998,-0.04687499999999998,0.0,0.0,0.0,0.09374999999999989,-0.04687499999999998,-0.04687499999999998,0.0,0.0,0.0,0.09120097905714071,8.454321687167976e-09,136164.4458542512,156460.0854937025,80588.54894743378,163798.87051439265,163968.7617721533,73600.11031054573
376,0.9400000000000001,0.09400000000000001,670.4753133604531,446.9835422402602,-223.491771120193,-223.491771120193,0.0,0.0,0.0,446.9835422402601,-223.49177112019294,-223.49177112019294,0.0,0.0,0.0,0.10341675767480252,-0.04485861887961656,-0.04485861887961656,0.0,0.0,0.0,0.08569264638365964,-0.049279872958586934,-0.049279872958586934,0.0,0.0,0.0,0.09399999999999989,-0.047000000000000035,-0.047000000000000035,0.0,0.0,0.0,0.09399999999999989,-0.047000000000000035,-0.047000000000000035,0.0,0.0,0.0,0.09145058081360415,8.356437319889665e-09,136094.75269864488,156441.38029587726,80611.16711483015,163796.7252777005,163969.6538189093,73602.44763985988
377,0.9425,0.09425,670.7451694067943,447.1634462711725,-223.5817231356218,-223.5817231356218,0.0,0.0,0.0,447.16344627117246,-223.58172313562176,-223.58172313562176,0.0,0.0,0.0,0.1037185414933075,-0.0449723900029137,-0.0449723900029137,0.0,0.0,0.0,0.08589974828067898,-0.04941721009325317,-0.04941721009325317,0.0,0.0,0.0,0.09424999999999999,-0.04712500000000005,-0.04712500000000005,0.0,0.0,0.0,0.09424999999999999,-0.04712500000000005,-0.04712500000000005,0.0,0.0,0.0,0.09170018701361653,8.259917194664013e-09,136025.10189997725,156422.67378631982,80633.78057830698,163794.58880479448,163970.54215133158,73604.77464628864
378,0.9450000000000001,0.09450000000000001,671.0140282841883,447.3426855227922,-223.6713427613961,-223.6713427613961,0.0,0.0,0.0,447.3426855227922,-223.6713427613961,-223.6713427613961,0.0,0.0,0.0,0.10402047624145094,-0.045086132686985025,-0.045086132686985025,0.0,0.0,0.0,0.08610674665263324,-0.04955458156649517,-0.04955458156649517,0.0,0.0,0.0,0.09450000000000003,-0.04725000000000002,-0.04725000000000002,0.0,0.0,0.0,0.09450000000000003,-0.04725000000000002,-0.04725000000000002,0.0,0.0,0.0,0.09194979763880647,8.164533937815577e-09,135955.49340249272,156403.9659805951,80656.38939227832,163792.46105970736,163971.4267846235,73607.09138665292
379,0.9475,0.09475,671.2818941451262,447.5212627634229,-223.76063138170332,-223.76063138170332,0.0,0.0,0.0,447.5212627634229,-223.76063138170332,-223.76063138170332,0.0,0.0,0.0,0.10432256199471657,-0.045199846938939525,-0.045199846938939525,0.0,0.0,0.0,0.08631364155127191,-0.04969198738689873,-0.04969198738689873,0.0,0.0,0.0,0.09475000000000006,-0.04737500000000002,-0.04737500000000002,0.0,0.0,0.0,0.09475000000000006,-0.04737500000000002,-0.04737500000000002,0.0,0.0,0.0,0.09219941267087783,8.070173862506635e-09,135885.92715062088,156385.25689420226,80678.9936108191,163790.34200661784,163972.30773392774,73609.39791740739
380,0.9500000000000001,0.09500000000000001,671.5487711250981,447.6991807500654,-223.8495903750327,-223.8495903750327,0.0,0.0,0.0,447.6991807500654,-223.8495903750327,-223.8495903750327,0.0,0.0,0.0,0.10462479882862585,-0.045313532765884346,-0.045313532765884346,0.0,0.0,0.0,0.08652043302831897,-0.04982942756305164,-0.04982942756305164,0.0,0.0,0.0,0.0950000000000001,-0.04750000000000006,-0.04750000000000006,0.0,0.0,0.0,0.0950000000000001,-0.04750000000000006,-0.04750000000000006,0.0,0.0,0.0,0.09244903209160926,7.97695065557491e-09,135816.40308897445,156366.54654257532,80701.59328767042,163788.2316098474,163973.18501432624,73611.6942946456
381,0.9525,0.09525,671.8146633426608,447.87644222844057,-223.93822111422023,-223.93822111422023,0.0,0.0,0.0,447.87644222844057,-223.93822111422023,-223.93822111422023,0.0,0.0,0.0,0.10492718681873792,-0.04542719017492469,-0.04542719017492469,0.0,0.0,0.0,0.08672712113547193,-0.04996690210354371,-0.04996690210354371,0.0,0.0,0.0,0.09525000000000008,-0.047624999999999966,-0.047624999999999966,0.0,0.0,0.0,0.09525000000000008,-0.047624999999999966,-0.047624999999999966,0.0,0.0,0.0,0.09269865588285402,7.884523256507237e-09,135746.92116234312,156347.83494108677,80724.18847623465,163786.129833854,163974.05864084454,73613.98057409612
382,0.9550000000000001,0.09550000000000002,672.0795748995058,448.05304993299654,-224.0265249665093,-224.0265249665093,0.0,0.0,0.0,448.0530499329965,-224.02652496650927,-224.02652496650927,0.0,0.0,0.0,0.10522972604064962,-0.04554081917316444,-0.04554081917316444,0.0,0.0,0.0,0.08693370592440303,-0.05010441101696772,-0.05010441101696772,0.0,0.0,0.0,0.09549999999999988,-0.04775000000000005,-0.04775000000000005,0.0,0.0,0.0,0.09549999999999988,-0.04775000000000005,-0.04775000000000005,0.0,0.0,0.0,0.09294828402654029,7.793460099492222e-09,135677.48131569897,156329.12210504405,80746.77922956413,163784.03664323874,163974.92862844758,73616.25681111263
383,0.9575,0.09575,672.3435098805246,448.22900658701093,-224.11450329351365,-224.11450329351365,0.0,0.0,0.0,448.22900658701093,-224.11450329351365,-224.11450329351365,0.0,0.0,0.0,0.10553241656999635,-0.04565441976770507,-0.04565441976770507,0.0,0.0,0.0,0.0871401874467585,-0.05024195431191736,-0.05024195431191736,0.0,0.0,0.0,0.09574999999999997,-0.047874999999999945,-0.047874999999999945,0.0,0.0,0.0,0.09574999999999997,-0.047874999999999945,-0.047874999999999945,0.0,0.0,0.0,0.09319791650466974,7.703533810854424e-09,135608.08349420223,156310.40804968623,80769.36560041245,163781.9520027532,163975.79499203642,73618.52306072101
384,0.96,0.096,672.6064723538756,448.40431490256003,-224.20215745131557,-224.20215745131557,0.0,0.0,0.0,448.40431490256,-224.20215745131554,-224.20215745131554,0.0,0.0,0.0,0.10583525848245023,-0.04576799196564696,-0.04576799196564696,0.0,0.0,0.0,0.08734656575415878,-0.050379531996989524,-0.050379531996989524,0.0,0.0,0.0,0.09599999999999996,-0.048000000000000036,-0.048000000000000036,0.0,0.0,0.0,0.09599999999999996,-0.048000000000000036,-0.048000000000000036,0.0,0.0,0.0,0.09344755329931843,7.61463070375612e-09,135538.72764317758,156291.692790197,80791.94764117245,163779.87587727132,163976.65774646183,73620.77937756348
385,0.9625,0.09625,672.8684663710499,448.5789775807054,-224.2894887903445,-224.2894887903445,0.0,0.0,0.0,448.5789775807054,-224.2894887903445,-224.2894887903445,0.0,0.0,0.0,0.10613825185372194,-0.0458815357740881,-0.0458815357740881,0.0,0.0,0.0,0.08755284089819837,-0.05051714408078234,-0.05051714408078234,0.0,0.0,0.0,0.09624999999999999,-0.048125000000000015,-0.048125000000000015,0.0,0.0,0.0,0.09624999999999999,-0.048125000000000015,-0.048125000000000015,0.0,0.0,0.0,0.09369719439263538,7.526750778197311e-09,135469.4137081371,156272.97634169194,80814.52540394223,163777.80823181698,163977.51690651075,73623.02581595871
386,0.965,0.0965,673.1294959669384,448.75299731128683,-224.37649865565157,-224.37649865565157,0.0,0.0,0.0,448.75299731128683,-224.37649865565157,-224.37649865565157,0.0,0.0,0.0,0.10644139675955977,-0.04599505120012504,-0.04599505120012504,0.0,0.0,0.0,0.08775901293044591,-0.050654790571897146,-0.050654790571897146,0.0,0.0,0.0,0.0965,-0.04824999999999995,-0.04824999999999995,0.0,0.0,0.0,0.0965,-0.04824999999999995,-0.04824999999999995,0.0,0.0,0.0,0.09394683976684291,7.440007721015718e-09,135400.1416347759,156254.2587192206,80837.09894048002,163775.74903156015,163978.37248690866,73625.26242986176
387,0.9675,0.09675,673.3895651598962,448.9263767732641,-224.46318838663203,-224.46318838663203,0.0,0.0,0.0,448.9263767732641,-224.46318838663203,-224.46318838663203,0.0,0.0,0.0,0.10674469327574998,-0.04610853825085259,-0.04610853825085259,0.0,0.0,0.0,0.08796508190244462,-0.050792471478936285,-0.050792471478936285,0.0,0.0,0.0,0.09675000000000006,-0.04837499999999996,-0.04837499999999996,0.0,0.0,0.0,0.09675000000000006,-0.04837499999999996,-0.04837499999999996,0.0,0.0,0.0,0.09419648940423654,7.354174158535898e-09,135330.91136895315,156235.53993777698,80859.66830221981,163773.69824179308,163979.22450233018,73627.48927287813
388,0.97,0.097,673.6486779518086,449.0991186345154,-224.5495593172932,-224.5495593172932,0.0,0.0,0.0,449.0991186345153,-224.54955931729316,-224.54955931729316,0.0,0.0,0.0,0.10704814147811659,-0.04622199693336371,-0.04622199693336371,0.0,0.0,0.0,0.08817104786571167,-0.05093018681050543,-0.05093018681050543,0.0,0.0,0.0,0.09700000000000003,-0.048500000000000036,-0.048500000000000036,0.0,0.0,0.0,0.09700000000000003,-0.048500000000000036,-0.048500000000000036,0.0,0.0,0.0,0.09444614328718413,7.269363777595572e-09,135261.72285671617,156216.82001228567,80882.2335402919,163771.65582796076,163980.07296738503,73629.70639828325
389,0.9725,0.09725,673.9068383281565,449.27122555210434,-224.63561277605217,-224.63561277605217,0.0,0.0,0.0,449.27122555210434,-224.63561277605217,-224.63561277605217,0.0,0.0,0.0,0.10735174144252158,-0.04633542725474932,-0.04633542725474932,0.0,0.0,0.0,0.08837691087173832,-0.05106793657521114,-0.05106793657521114,0.0,0.0,0.0,0.09724999999999989,-0.04862499999999993,-0.04862499999999993,0.0,0.0,0.0,0.09724999999999989,-0.04862499999999993,-0.04862499999999993,0.0,0.0,0.0,0.09469580139812592,7.185690265032463e-09,135192.57604427947,156198.09895761422,80904.79470550315,163769.6217556352,163980.9178966303,73631.91385900468
390,0.975,0.0975,674.1640502580818,449.4427001720655,-224.72135008601634,-224.72135008601634,0.0,0.0,0.0,449.4427001720655,-224.72135008601634,-224.72135008601634,0.0,0.0,0.0,0.10765549324486545,-0.046448829222099086,-0.046448829222099086,0.0,0.0,0.0,0.0885826709719908,-0.05120572078166308,-0.05120572078166308,0.0,0.0,0.0,0.09750000000000006,-0.048749999999999946,-0.048749999999999946,0.0,0.0,0.0,0.09750000000000006,-0.048749999999999946,-0.048749999999999946,0.0,0.0,0.0,0.09494546371957475,7.102926247171126e-09,135123.47087803684,156179.37678856475,80927.35184833294,163767.5959905313,163981.7593045623,73634.11170761907
391,0.9775,0.09775,674.4203176944505,449.6135451296282,-224.8067725648223,-224.8067725648223,0.0,0.0,0.0,449.6135451296282,-224.8067725648223,-224.8067725648223,0.0,0.0,0.0,0.10795939696108559,-0.046562202842500566,-0.046562202842500566,0.0,0.0,0.0,0.08878832821790889,-0.051343539438472696,-0.051343539438472696,0.0,0.0,0.0,0.09775000000000003,-0.048874999999999995,-0.048874999999999995,0.0,0.0,0.0,0.09775000000000003,-0.048874999999999995,-0.048874999999999995,0.0,0.0,0.0,0.09519513023411451,7.021071724011563e-09,135054.4073045616,156160.65351987505,80949.9050189867,163765.57849850663,163982.59720561706,73636.2999964011
392,0.98,0.098,674.6756445739188,449.78376304927923,-224.8918815246396,-224.8918815246396,0.0,0.0,0.0,449.78376304927923,-224.8918815246396,-224.8918815246396,0.0,0.0,0.0,0.10826345266715809,-0.046675548123039534,-0.046675548123039534,0.0,0.0,0.0,0.08899388266090669,-0.05148139255425377,-0.05148139255425377,0.0,0.0,0.0,0.09799999999999998,-0.048999999999999995,-0.048999999999999995,0.0,0.0,0.0,0.09799999999999998,-0.048999999999999995,-0.048999999999999995,0.0,0.0,0.0,0.09544480092440087,6.940240382391494e-09,134985.3852705859,156141.9291662296,80972.4542673311,163763.56924553696,163983.43161418228,73638.47877726489
393,0.9825,0.09825,674.930034816997,449.953356544641,-224.976678272356,-224.976678272356,0.0,0.0,0.0,449.95335654464094,-224.97667827235597,-224.97667827235597,0.0,0.0,0.0,0.10856766043909705,-0.046788865070800156,-0.046788865070800156,0.0,0.0,0.0,0.08919933435237315,-0.05161928013762218,-0.05161928013762218,0.0,0.0,0.0,0.09825000000000003,-0.049125000000000044,-0.049125000000000044,0.0,0.0,0.0,0.09825000000000003,-0.049125000000000044,-0.049125000000000044,0.0,0.0,0.0,0.09569447577316068,6.860204848635476e-09,134916.40472302889,156123.20374224288,80994.99964293878,163761.56819775142,163984.26254457963,73640.64810180521
394,0.985,0.0985,675.1834923281131,450.1223282187475,-225.06116410936554,-225.06116410936554,0.0,0.0,0.0,450.1223282187475,-225.06116410936554,-225.06116410936554,0.0,0.0,0.0,0.10887202035295418,-0.046902153692864657,-0.046902153692864657,0.0,0.0,0.0,0.08940468334367102,-0.051757202197195706,-0.051757202197195706,0.0,0.0,0.0,0.09849999999999999,-0.049250000000000044,-0.049250000000000044,0.0,0.0,0.0,0.09849999999999999,-0.049250000000000044,-0.049250000000000044,0.0,0.0,0.0,0.09594415476319182,6.781419870094396e-09,134847.46560897143,156104.4772624747,81017.54119507322,163759.57532140112,163985.09001108067,73642.80802128394
395,0.9875,0.09875,675.4360209956767,450.2906806637844,-225.14534033189224,-225.14534033189224,0.0,0.0,0.0,450.2906806637844,-225.14534033189224,-225.14534033189224,0.0,0.0,0.0,0.10917653248481973,-0.04701541399631354,-0.04701541399631354,0.0,0.0,0.0,0.08960992968613768,-0.05189515874159467,-0.05189515874159467,0.0,0.0,0.0,0.09875000000000007,-0.04937499999999997,-0.04937499999999997,0.0,0.0,0.0,0.09875000000000007,-0.04937499999999997,-0.04937499999999997,0.0,0.0,0.0,0.09619383787736263,6.703317012579646e-09,134778.56787567653,156085.74974141733,81040.07897270606,163757.5905828853,163985.9140278936,73644.95858664652
396,0.99,0.099,675.6876246921427,450.45841646142304,-225.22920823071968,-225.22920823071968,0.0,0.0,0.0,450.45841646142304,-225.22920823071968,-225.22920823071968,0.0,0.0,0.0,0.10948119691082137,-0.04712864598822575,-0.04712864598822575,0.0,0.0,0.0,0.08981507343108447,-0.05203314977944096,-0.05203314977944096,0.0,0.0,0.0,0.09899999999999999,-0.049499999999999995,-0.049499999999999995,0.0,0.0,0.0,0.09899999999999999,-0.049499999999999995,-0.049499999999999995,0.0,0.0,0.0,0.09644352509861172,6.62623733660439e-09,134709.71147056873,156067.0211935076,81062.61302450766,163755.61394872586,163986.73460917568,73647.09984851324
397,0.9925,0.09925,675.9383072740756,450.6255381827116,-225.31276909136395,-225.31276909136395,0.0,0.0,0.0,450.6255381827116,-225.31276909136395,-225.31276909136395,0.0,0.0,0.0,0.1097860137071256,-0.04724184967567818,-0.04724184967567818,0.0,0.0,0.0,0.09002011462979764,-0.05217117531935933,-0.05217117531935933,0.0,0.0,0.0,0.09925000000000007,-0.04962500000000002,-0.04962500000000002,0.0,0.0,0.0,0.09925000000000007,-0.04962500000000002,-0.04962500000000002,0.0,0.0,0.0,0.09669321640994812,6.5500671553309076e-09,134640.89634124472,156048.29163312062,81085.14339883988,163753.6453855811,163987.5517690267,73649.23185717365
398,0.995,0.0995,676.1880725822107,450.79204838814593,-225.39602419406475,-225.39602419406475,0.0,0.0,0.0,450.79204838814593,-225.39602419406475,-225.39602419406475,0.0,0.0,0.0,0.11009098294993636,-0.04735502506574607,-0.04735502506574607,0.0,0.0,0.0,0.09022505333353725,-0.05230923536997667,-0.05230923536997667,0.0,0.0,0.0,0.09950000000000009,-0.049750000000000044,-0.049750000000000044,0.0,0.0,0.0,0.09950000000000009,-0.049750000000000044,-0.049750000000000044,0.0,0.0,0.0,0.09694291179445057,6.474920155596919e-09,134572.12243547034,156029.56107457145,81107.67014378196,163751.68486024239,163988.36552149066,73651.35466260991
399,0.9975,0.09975,676.4369244415179,450.9579496276841,-225.47897481383387,-225.47897481383387,0.0,0.0,0.0,450.9579496276841,-225.47897481383387,-225.47897481383387,0.0,0.0,0.0,0.11039610471549599,-0.047468172165502864,-0.047468172165502864,0.0,0.0,0.0,0.0904298895935381,-0.05244732993992107,-0.05244732993992107,0.0,0.0,0.0,0.09975000000000007,-0.04987500000000006,-0.04987500000000006,0.0,0.0,0.0,0.09975000000000007,-0.04987500000000006,-0.04987500000000006,0.0,0.0,0.0,0.09719261123526712,6.400455276889261e-09,134503.38970118485,156010.82953211205,81130.19330712591,163749.73233963954,163989.17588055253,73653.4683144934
400,1.0,0.1,676.6848666612649,451.1232444408433,-225.56162222042164,-225.56162222042164,0.0,0.0,0.0,451.1232444408433,-225.56162222042164,-225.56162222042164,0.0,0.0,0.0,0.11070137908008504,-0.047581290982020186,-0.047581290982020186,0.0,0.0,0.0,0.09063462346100915,-0.052585459037823856,-0.052585459037823856,0.0,0.0,0.0,0.1000000000000001,-0.04999999999999997,-0.04999999999999997,0.0,0.0,0.0,0.1000000000000001,-0.04999999999999997,-0.04999999999999997,0.0,0.0,0.0,0.09744231471561511,6.326899892883375e-09,134434.69808649048,155992.09701993765,81152.71293636608,163747.78779082838,163989.98286014498,73655.57286217531
